run_id,time,actual_elapsed_ms,schedule_lag_ms,target_x,target_y,target_z,sim_x,sim_y,sim_z,nominal_theta1,nominal_theta2,nominal_theta3,predicted_error_x,predicted_error_y,predicted_error_z,requested_correction_x,requested_correction_y,requested_correction_z,applied_correction_x,applied_correction_y,applied_correction_z,corrected_target_x,corrected_target_y,corrected_target_z,corrected_theta1,corrected_theta2,corrected_theta3,correction_gain,max_xy_correction_mm,correction_clamped,fallback_used,command_sent,correction_status
2026-06-06_run02_reverse_grid_3x3_pm40_off_r01,0,0,0,0.0,0.0,-263.27731514697575,,,,0.0,0.0,0.0,0.0,0.0,0.0,0.0,0.0,0.0,0.0,0.0,0.0,0.0,0.0,-263.27731514697575,0.0,0.0,0.0,0.25,2.0,False,False,True,disabled
2026-06-06_run02_reverse_grid_3x3_pm40_off_r01,100,110,10,0.0,0.0,-263.27731514697575,,,,0.0,0.0,0.0,0.0,0.0,0.0,0.0,0.0,0.0,0.0,0.0,0.0,0.0,0.0,-263.27731514697575,0.0,0.0,0.0,0.25,2.0,False,False,False,disabled
2026-06-06_run02_reverse_grid_3x3_pm40_off_r01,200,203,3,0.0,0.0,-263.27731514697575,,,,0.0,0.0,0.0,0.0,0.0,0.0,0.0,0.0,0.0,0.0,0.0,0.0,0.0,0.0,-263.27731514697575,0.0,0.0,0.0,0.25,2.0,False,False,False,disabled
2026-06-06_run02_reverse_grid_3x3_pm40_off_r01,300,313,13,0.0,0.0,-263.27731514697575,,,,0.0,0.0,0.0,0.0,0.0,0.0,0.0,0.0,0.0,0.0,0.0,0.0,0.0,0.0,-263.27731514697575,0.0,0.0,0.0,0.25,2.0,False,False,False,disabled
2026-06-06_run02_reverse_grid_3x3_pm40_off_r01,400,422,22,0.0,0.0,-263.27731514697575,,,,0.0,0.0,0.0,0.0,0.0,0.0,0.0,0.0,0.0,0.0,0.0,0.0,0.0,0.0,-263.27731514697575,0.0,0.0,0.0,0.25,2.0,False,False,False,disabled
2026-06-06_run02_reverse_grid_3x3_pm40_off_r01,500,500,0,0.0,0.0,-263.27731514697575,,,,0.0,0.0,0.0,0.0,0.0,0.0,0.0,0.0,0.0,0.0,0.0,0.0,0.0,0.0,-263.27731514697575,0.0,0.0,0.0,0.25,2.0,False,False,True,disabled
2026-06-06_run02_reverse_grid_3x3_pm40_off_r01,600,610,10,0.0,0.0,-263.27731514697575,,,,0.0,0.0,0.0,0.0,0.0,0.0,0.0,0.0,0.0,0.0,0.0,0.0,0.0,0.0,-263.27731514697575,0.0,0.0,0.0,0.25,2.0,False,False,False,disabled
2026-06-06_run02_reverse_grid_3x3_pm40_off_r01,700,703,3,0.0,0.0,-263.27731514697575,,,,0.0,0.0,0.0,0.0,0.0,0.0,0.0,0.0,0.0,0.0,0.0,0.0,0.0,0.0,-263.27731514697575,0.0,0.0,0.0,0.25,2.0,False,False,False,disabled
2026-06-06_run02_reverse_grid_3x3_pm40_off_r01,800,828,28,0.0,0.0,-263.27731514697575,,,,0.0,0.0,0.0,0.0,0.0,0.0,0.0,0.0,0.0,0.0,0.0,0.0,0.0,0.0,-263.27731514697575,0.0,0.0,0.0,0.25,2.0,False,False,False,disabled
2026-06-06_run02_reverse_grid_3x3_pm40_off_r01,900,906,6,0.0,0.0,-263.27731514697575,,,,0.0,0.0,0.0,0.0,0.0,0.0,0.0,0.0,0.0,0.0,0.0,0.0,0.0,0.0,-263.27731514697575,0.0,0.0,0.0,0.25,2.0,False,False,False,disabled
2026-06-06_run02_reverse_grid_3x3_pm40_off_r01,1000,1000,0,0.0,0.0,-263.27731514697575,,,,0.0,0.0,0.0,0.0,0.0,0.0,0.0,0.0,0.0,0.0,0.0,0.0,0.0,0.0,-263.27731514697575,0.0,0.0,0.0,0.25,2.0,False,False,True,disabled
2026-06-06_run02_reverse_grid_3x3_pm40_off_r01,1100,1110,10,0.0,0.0,-263.27731514697575,,,,0.0,0.0,0.0,0.0,0.0,0.0,0.0,0.0,0.0,0.0,0.0,0.0,0.0,0.0,-263.27731514697575,0.0,0.0,0.0,0.25,2.0,False,False,False,disabled
2026-06-06_run02_reverse_grid_3x3_pm40_off_r01,1200,1203,3,0.0,0.0,-263.27731514697575,,,,0.0,0.0,0.0,0.0,0.0,0.0,0.0,0.0,0.0,0.0,0.0,0.0,0.0,0.0,-263.27731514697575,0.0,0.0,0.0,0.25,2.0,False,False,False,disabled
2026-06-06_run02_reverse_grid_3x3_pm40_off_r01,1300,1313,13,0.0,0.0,-263.27731514697575,,,,0.0,0.0,0.0,0.0,0.0,0.0,0.0,0.0,0.0,0.0,0.0,0.0,0.0,0.0,-263.27731514697575,0.0,0.0,0.0,0.25,2.0,False,False,False,disabled
2026-06-06_run02_reverse_grid_3x3_pm40_off_r01,1400,1406,6,0.0,0.0,-263.27731514697575,,,,0.0,0.0,0.0,0.0,0.0,0.0,0.0,0.0,0.0,0.0,0.0,0.0,0.0,0.0,-263.27731514697575,0.0,0.0,0.0,0.25,2.0,False,False,False,disabled
2026-06-06_run02_reverse_grid_3x3_pm40_off_r01,1500,1500,0,0.0,0.0,-263.27731514697575,,,,0.0,0.0,0.0,0.0,0.0,0.0,0.0,0.0,0.0,0.0,0.0,0.0,0.0,0.0,-263.27731514697575,0.0,0.0,0.0,0.25,2.0,False,False,True,disabled
2026-06-06_run02_reverse_grid_3x3_pm40_off_r01,1600,1610,10,0.0,0.0,-263.27731514697575,,,,0.0,0.0,0.0,0.0,0.0,0.0,0.0,0.0,0.0,0.0,0.0,0.0,0.0,0.0,-263.27731514697575,0.0,0.0,0.0,0.25,2.0,False,False,False,disabled
2026-06-06_run02_reverse_grid_3x3_pm40_off_r01,1700,1703,3,0.0,0.0,-263.27731514697575,,,,0.0,0.0,0.0,0.0,0.0,0.0,0.0,0.0,0.0,0.0,0.0,0.0,0.0,0.0,-263.27731514697575,0.0,0.0,0.0,0.25,2.0,False,False,False,disabled
2026-06-06_run02_reverse_grid_3x3_pm40_off_r01,1800,1813,13,0.0,0.0,-263.27731514697575,,,,0.0,0.0,0.0,0.0,0.0,0.0,0.0,0.0,0.0,0.0,0.0,0.0,0.0,0.0,-263.27731514697575,0.0,0.0,0.0,0.25,2.0,False,False,False,disabled
2026-06-06_run02_reverse_grid_3x3_pm40_off_r01,1900,1906,6,0.0,0.0,-263.27731514697575,,,,0.0,0.0,0.0,0.0,0.0,0.0,0.0,0.0,0.0,0.0,0.0,0.0,0.0,0.0,-263.27731514697575,0.0,0.0,0.0,0.25,2.0,False,False,False,disabled
2026-06-06_run02_reverse_grid_3x3_pm40_off_r01,2000,2000,0,0.0,0.0,-263.27731514697575,,,,0.0,0.0,0.0,0.0,0.0,0.0,0.0,0.0,0.0,0.0,0.0,0.0,0.0,0.0,-263.27731514697575,0.0,0.0,0.0,0.25,2.0,False,False,True,disabled
2026-06-06_run02_reverse_grid_3x3_pm40_off_r01,2100,2110,10,0.0,0.0,-263.27731514697575,,,,0.0,0.0,0.0,0.0,0.0,0.0,0.0,0.0,0.0,0.0,0.0,0.0,0.0,0.0,-263.27731514697575,0.0,0.0,0.0,0.25,2.0,False,False,False,disabled
2026-06-06_run02_reverse_grid_3x3_pm40_off_r01,2200,2219,19,0.0,0.0,-263.27731514697575,,,,0.0,0.0,0.0,0.0,0.0,0.0,0.0,0.0,0.0,0.0,0.0,0.0,0.0,0.0,-263.27731514697575,0.0,0.0,0.0,0.25,2.0,False,False,False,disabled
2026-06-06_run02_reverse_grid_3x3_pm40_off_r01,2300,2313,13,0.0,0.0,-263.27731514697575,,,,0.0,0.0,0.0,0.0,0.0,0.0,0.0,0.0,0.0,0.0,0.0,0.0,0.0,0.0,-263.27731514697575,0.0,0.0,0.0,0.25,2.0,False,False,False,disabled
2026-06-06_run02_reverse_grid_3x3_pm40_off_r01,2400,2406,6,0.0,0.0,-263.27731514697575,,,,0.0,0.0,0.0,0.0,0.0,0.0,0.0,0.0,0.0,0.0,0.0,0.0,0.0,0.0,-263.27731514697575,0.0,0.0,0.0,0.25,2.0,False,False,False,disabled
2026-06-06_run02_reverse_grid_3x3_pm40_off_r01,2500,2500,0,0.0,0.0,-263.27731514697575,,,,0.0,0.0,0.0,0.0,0.0,0.0,0.0,0.0,0.0,0.0,0.0,0.0,0.0,0.0,-263.27731514697575,0.0,0.0,0.0,0.25,2.0,False,False,True,disabled
2026-06-06_run02_reverse_grid_3x3_pm40_off_r01,2600,2610,10,0.0,0.0,-263.27731514697575,,,,0.0,0.0,0.0,0.0,0.0,0.0,0.0,0.0,0.0,0.0,0.0,0.0,0.0,0.0,-263.27731514697575,0.0,0.0,0.0,0.25,2.0,False,False,False,disabled
2026-06-06_run02_reverse_grid_3x3_pm40_off_r01,2700,2703,3,0.0,0.0,-263.27731514697575,,,,0.0,0.0,0.0,0.0,0.0,0.0,0.0,0.0,0.0,0.0,0.0,0.0,0.0,0.0,-263.27731514697575,0.0,0.0,0.0,0.25,2.0,False,False,False,disabled
2026-06-06_run02_reverse_grid_3x3_pm40_off_r01,2800,2813,13,0.0,0.0,-263.27731514697575,,,,0.0,0.0,0.0,0.0,0.0,0.0,0.0,0.0,0.0,0.0,0.0,0.0,0.0,0.0,-263.27731514697575,0.0,0.0,0.0,0.25,2.0,False,False,False,disabled
2026-06-06_run02_reverse_grid_3x3_pm40_off_r01,2900,2906,6,0.0,0.0,-263.27731514697575,,,,0.0,0.0,0.0,0.0,0.0,0.0,0.0,0.0,0.0,0.0,0.0,0.0,0.0,0.0,-263.27731514697575,0.0,0.0,0.0,0.25,2.0,False,False,False,disabled
2026-06-06_run02_reverse_grid_3x3_pm40_off_r01,3000,3000,0,0.0,0.0,-263.27731514697575,,,,0.0,0.0,0.0,0.0,0.0,0.0,0.0,0.0,0.0,0.0,0.0,0.0,0.0,0.0,-263.27731514697575,0.0,0.0,0.0,0.25,2.0,False,False,True,disabled
2026-06-06_run02_reverse_grid_3x3_pm40_off_r01,3100,3110,10,0.0,0.0,-263.27731514697575,,,,0.0,0.0,0.0,0.0,0.0,0.0,0.0,0.0,0.0,0.0,0.0,0.0,0.0,0.0,-263.27731514697575,0.0,0.0,0.0,0.25,2.0,False,False,False,disabled
2026-06-06_run02_reverse_grid_3x3_pm40_off_r01,3200,3203,3,0.0,0.0,-263.27731514697575,,,,0.0,0.0,0.0,0.0,0.0,0.0,0.0,0.0,0.0,0.0,0.0,0.0,0.0,0.0,-263.27731514697575,0.0,0.0,0.0,0.25,2.0,False,False,False,disabled
2026-06-06_run02_reverse_grid_3x3_pm40_off_r01,3300,3313,13,0.0,0.0,-263.27731514697575,,,,0.0,0.0,0.0,0.0,0.0,0.0,0.0,0.0,0.0,0.0,0.0,0.0,0.0,0.0,-263.27731514697575,0.0,0.0,0.0,0.25,2.0,False,False,False,disabled
2026-06-06_run02_reverse_grid_3x3_pm40_off_r01,3400,3406,6,0.0,0.0,-263.27731514697575,,,,0.0,0.0,0.0,0.0,0.0,0.0,0.0,0.0,0.0,0.0,0.0,0.0,0.0,0.0,-263.27731514697575,0.0,0.0,0.0,0.25,2.0,False,False,False,disabled
2026-06-06_run02_reverse_grid_3x3_pm40_off_r01,3500,3500,0,0.0,0.0,-263.27731514697575,,,,0.0,0.0,0.0,0.0,0.0,0.0,0.0,0.0,0.0,0.0,0.0,0.0,0.0,0.0,-263.27731514697575,0.0,0.0,0.0,0.25,2.0,False,False,True,disabled
2026-06-06_run02_reverse_grid_3x3_pm40_off_r01,3600,3610,10,0.0,0.0,-263.27731514697575,,,,0.0,0.0,0.0,0.0,0.0,0.0,0.0,0.0,0.0,0.0,0.0,0.0,0.0,0.0,-263.27731514697575,0.0,0.0,0.0,0.25,2.0,False,False,False,disabled
2026-06-06_run02_reverse_grid_3x3_pm40_off_r01,3700,3703,3,0.0,0.0,-263.27731514697575,,,,0.0,0.0,0.0,0.0,0.0,0.0,0.0,0.0,0.0,0.0,0.0,0.0,0.0,0.0,-263.27731514697575,0.0,0.0,0.0,0.25,2.0,False,False,False,disabled
2026-06-06_run02_reverse_grid_3x3_pm40_off_r01,3800,3813,13,0.0,0.0,-263.27731514697575,,,,0.0,0.0,0.0,0.0,0.0,0.0,0.0,0.0,0.0,0.0,0.0,0.0,0.0,0.0,-263.27731514697575,0.0,0.0,0.0,0.25,2.0,False,False,False,disabled
2026-06-06_run02_reverse_grid_3x3_pm40_off_r01,3900,3906,6,0.0,0.0,-263.27731514697575,,,,0.0,0.0,0.0,0.0,0.0,0.0,0.0,0.0,0.0,0.0,0.0,0.0,0.0,0.0,-263.27731514697575,0.0,0.0,0.0,0.25,2.0,False,False,False,disabled
2026-06-06_run02_reverse_grid_3x3_pm40_off_r01,4000,4000,0,0.0,0.0,-263.27731514697575,,,,0.0,0.0,0.0,0.0,0.0,0.0,0.0,0.0,0.0,0.0,0.0,0.0,0.0,0.0,-263.27731514697575,0.0,0.0,0.0,0.25,2.0,False,False,True,disabled
2026-06-06_run02_reverse_grid_3x3_pm40_off_r01,4100,4110,10,0.0,0.0,-263.27731514697575,,,,0.0,0.0,0.0,0.0,0.0,0.0,0.0,0.0,0.0,0.0,0.0,0.0,0.0,0.0,-263.27731514697575,0.0,0.0,0.0,0.25,2.0,False,False,False,disabled
2026-06-06_run02_reverse_grid_3x3_pm40_off_r01,4200,4203,3,0.0,0.0,-263.27731514697575,,,,0.0,0.0,0.0,0.0,0.0,0.0,0.0,0.0,0.0,0.0,0.0,0.0,0.0,0.0,-263.27731514697575,0.0,0.0,0.0,0.25,2.0,False,False,False,disabled
2026-06-06_run02_reverse_grid_3x3_pm40_off_r01,4300,4313,13,0.0,0.0,-263.27731514697575,,,,0.0,0.0,0.0,0.0,0.0,0.0,0.0,0.0,0.0,0.0,0.0,0.0,0.0,0.0,-263.27731514697575,0.0,0.0,0.0,0.25,2.0,False,False,False,disabled
2026-06-06_run02_reverse_grid_3x3_pm40_off_r01,4400,4406,6,0.0,0.0,-263.27731514697575,,,,0.0,0.0,0.0,0.0,0.0,0.0,0.0,0.0,0.0,0.0,0.0,0.0,0.0,0.0,-263.27731514697575,0.0,0.0,0.0,0.25,2.0,False,False,False,disabled
2026-06-06_run02_reverse_grid_3x3_pm40_off_r01,4500,4500,0,0.0,0.0,-263.27731514697575,,,,0.0,0.0,0.0,0.0,0.0,0.0,0.0,0.0,0.0,0.0,0.0,0.0,0.0,0.0,-263.27731514697575,0.0,0.0,0.0,0.25,2.0,False,False,True,disabled
2026-06-06_run02_reverse_grid_3x3_pm40_off_r01,4600,4610,10,0.0,0.0,-263.27731514697575,,,,0.0,0.0,0.0,0.0,0.0,0.0,0.0,0.0,0.0,0.0,0.0,0.0,0.0,0.0,-263.27731514697575,0.0,0.0,0.0,0.25,2.0,False,False,False,disabled
2026-06-06_run02_reverse_grid_3x3_pm40_off_r01,4700,4703,3,0.0,0.0,-263.27731514697575,,,,0.0,0.0,0.0,0.0,0.0,0.0,0.0,0.0,0.0,0.0,0.0,0.0,0.0,0.0,-263.27731514697575,0.0,0.0,0.0,0.25,2.0,False,False,False,disabled
2026-06-06_run02_reverse_grid_3x3_pm40_off_r01,4800,4813,13,0.0,0.0,-263.27731514697575,,,,0.0,0.0,0.0,0.0,0.0,0.0,0.0,0.0,0.0,0.0,0.0,0.0,0.0,0.0,-263.27731514697575,0.0,0.0,0.0,0.25,2.0,False,False,False,disabled
2026-06-06_run02_reverse_grid_3x3_pm40_off_r01,4900,4906,6,0.0,0.0,-263.27731514697575,,,,0.0,0.0,0.0,0.0,0.0,0.0,0.0,0.0,0.0,0.0,0.0,0.0,0.0,0.0,-263.27731514697575,0.0,0.0,0.0,0.25,2.0,False,False,False,disabled
2026-06-06_run02_reverse_grid_3x3_pm40_off_r01,5000,5000,0,40.0,40.0,-263.27731514697575,,,,13.0,-11.0,6.0,0.0,0.0,0.0,0.0,0.0,0.0,0.0,0.0,0.0,40.0,40.0,-263.27731514697575,13.0,-11.0,6.0,0.25,2.0,False,False,True,disabled
2026-06-06_run02_reverse_grid_3x3_pm40_off_r01,5100,5110,10,40.0,40.0,-263.27731514697575,,,,13.0,-11.0,6.0,0.0,0.0,0.0,0.0,0.0,0.0,0.0,0.0,0.0,40.0,40.0,-263.27731514697575,13.0,-11.0,6.0,0.25,2.0,False,False,False,disabled
2026-06-06_run02_reverse_grid_3x3_pm40_off_r01,5200,5203,3,40.0,40.0,-263.27731514697575,,,,13.0,-11.0,6.0,0.0,0.0,0.0,0.0,0.0,0.0,0.0,0.0,0.0,40.0,40.0,-263.27731514697575,13.0,-11.0,6.0,0.25,2.0,False,False,False,disabled
2026-06-06_run02_reverse_grid_3x3_pm40_off_r01,5300,5313,13,40.0,40.0,-263.27731514697575,,,,13.0,-11.0,6.0,0.0,0.0,0.0,0.0,0.0,0.0,0.0,0.0,0.0,40.0,40.0,-263.27731514697575,13.0,-11.0,6.0,0.25,2.0,False,False,False,disabled
2026-06-06_run02_reverse_grid_3x3_pm40_off_r01,5400,5406,6,40.0,40.0,-263.27731514697575,,,,13.0,-11.0,6.0,0.0,0.0,0.0,0.0,0.0,0.0,0.0,0.0,0.0,40.0,40.0,-263.27731514697575,13.0,-11.0,6.0,0.25,2.0,False,False,False,disabled
2026-06-06_run02_reverse_grid_3x3_pm40_off_r01,5500,5500,0,40.0,40.0,-263.27731514697575,,,,13.0,-11.0,6.0,0.0,0.0,0.0,0.0,0.0,0.0,0.0,0.0,0.0,40.0,40.0,-263.27731514697575,13.0,-11.0,6.0,0.25,2.0,False,False,True,disabled
2026-06-06_run02_reverse_grid_3x3_pm40_off_r01,5600,5610,10,40.0,40.0,-263.27731514697575,,,,13.0,-11.0,6.0,0.0,0.0,0.0,0.0,0.0,0.0,0.0,0.0,0.0,40.0,40.0,-263.27731514697575,13.0,-11.0,6.0,0.25,2.0,False,False,False,disabled
2026-06-06_run02_reverse_grid_3x3_pm40_off_r01,5700,5703,3,40.0,40.0,-263.27731514697575,,,,13.0,-11.0,6.0,0.0,0.0,0.0,0.0,0.0,0.0,0.0,0.0,0.0,40.0,40.0,-263.27731514697575,13.0,-11.0,6.0,0.25,2.0,False,False,False,disabled
2026-06-06_run02_reverse_grid_3x3_pm40_off_r01,5800,5813,13,40.0,40.0,-263.27731514697575,,,,13.0,-11.0,6.0,0.0,0.0,0.0,0.0,0.0,0.0,0.0,0.0,0.0,40.0,40.0,-263.27731514697575,13.0,-11.0,6.0,0.25,2.0,False,False,False,disabled
2026-06-06_run02_reverse_grid_3x3_pm40_off_r01,5900,5906,6,40.0,40.0,-263.27731514697575,,,,13.0,-11.0,6.0,0.0,0.0,0.0,0.0,0.0,0.0,0.0,0.0,0.0,40.0,40.0,-263.27731514697575,13.0,-11.0,6.0,0.25,2.0,False,False,False,disabled
2026-06-06_run02_reverse_grid_3x3_pm40_off_r01,6000,6016,16,40.0,40.0,-263.27731514697575,,,,13.0,-11.0,6.0,0.0,0.0,0.0,0.0,0.0,0.0,0.0,0.0,0.0,40.0,40.0,-263.27731514697575,13.0,-11.0,6.0,0.25,2.0,False,False,True,disabled
2026-06-06_run02_reverse_grid_3x3_pm40_off_r01,6100,6110,10,40.0,40.0,-263.27731514697575,,,,13.0,-11.0,6.0,0.0,0.0,0.0,0.0,0.0,0.0,0.0,0.0,0.0,40.0,40.0,-263.27731514697575,13.0,-11.0,6.0,0.25,2.0,False,False,False,disabled
2026-06-06_run02_reverse_grid_3x3_pm40_off_r01,6200,6203,3,40.0,40.0,-263.27731514697575,,,,13.0,-11.0,6.0,0.0,0.0,0.0,0.0,0.0,0.0,0.0,0.0,0.0,40.0,40.0,-263.27731514697575,13.0,-11.0,6.0,0.25,2.0,False,False,False,disabled
2026-06-06_run02_reverse_grid_3x3_pm40_off_r01,6300,6313,13,40.0,40.0,-263.27731514697575,,,,13.0,-11.0,6.0,0.0,0.0,0.0,0.0,0.0,0.0,0.0,0.0,0.0,40.0,40.0,-263.27731514697575,13.0,-11.0,6.0,0.25,2.0,False,False,False,disabled
2026-06-06_run02_reverse_grid_3x3_pm40_off_r01,6400,6406,6,40.0,40.0,-263.27731514697575,,,,13.0,-11.0,6.0,0.0,0.0,0.0,0.0,0.0,0.0,0.0,0.0,0.0,40.0,40.0,-263.27731514697575,13.0,-11.0,6.0,0.25,2.0,False,False,False,disabled
2026-06-06_run02_reverse_grid_3x3_pm40_off_r01,6500,6500,0,40.0,40.0,-263.27731514697575,,,,13.0,-11.0,6.0,0.0,0.0,0.0,0.0,0.0,0.0,0.0,0.0,0.0,40.0,40.0,-263.27731514697575,13.0,-11.0,6.0,0.25,2.0,False,False,True,disabled
2026-06-06_run02_reverse_grid_3x3_pm40_off_r01,6600,6610,10,40.0,40.0,-263.27731514697575,,,,13.0,-11.0,6.0,0.0,0.0,0.0,0.0,0.0,0.0,0.0,0.0,0.0,40.0,40.0,-263.27731514697575,13.0,-11.0,6.0,0.25,2.0,False,False,False,disabled
2026-06-06_run02_reverse_grid_3x3_pm40_off_r01,6700,6703,3,40.0,40.0,-263.27731514697575,,,,13.0,-11.0,6.0,0.0,0.0,0.0,0.0,0.0,0.0,0.0,0.0,0.0,40.0,40.0,-263.27731514697575,13.0,-11.0,6.0,0.25,2.0,False,False,False,disabled
2026-06-06_run02_reverse_grid_3x3_pm40_off_r01,6800,6813,13,40.0,40.0,-263.27731514697575,,,,13.0,-11.0,6.0,0.0,0.0,0.0,0.0,0.0,0.0,0.0,0.0,0.0,40.0,40.0,-263.27731514697575,13.0,-11.0,6.0,0.25,2.0,False,False,False,disabled
2026-06-06_run02_reverse_grid_3x3_pm40_off_r01,6900,6906,6,40.0,40.0,-263.27731514697575,,,,13.0,-11.0,6.0,0.0,0.0,0.0,0.0,0.0,0.0,0.0,0.0,0.0,40.0,40.0,-263.27731514697575,13.0,-11.0,6.0,0.25,2.0,False,False,False,disabled
2026-06-06_run02_reverse_grid_3x3_pm40_off_r01,7000,7000,0,40.0,40.0,-263.27731514697575,,,,13.0,-11.0,6.0,0.0,0.0,0.0,0.0,0.0,0.0,0.0,0.0,0.0,40.0,40.0,-263.27731514697575,13.0,-11.0,6.0,0.25,2.0,False,False,True,disabled
2026-06-06_run02_reverse_grid_3x3_pm40_off_r01,7100,7110,10,40.0,40.0,-263.27731514697575,,,,13.0,-11.0,6.0,0.0,0.0,0.0,0.0,0.0,0.0,0.0,0.0,0.0,40.0,40.0,-263.27731514697575,13.0,-11.0,6.0,0.25,2.0,False,False,False,disabled
2026-06-06_run02_reverse_grid_3x3_pm40_off_r01,7200,7203,3,40.0,40.0,-263.27731514697575,,,,13.0,-11.0,6.0,0.0,0.0,0.0,0.0,0.0,0.0,0.0,0.0,0.0,40.0,40.0,-263.27731514697575,13.0,-11.0,6.0,0.25,2.0,False,False,False,disabled
2026-06-06_run02_reverse_grid_3x3_pm40_off_r01,7300,7313,13,40.0,40.0,-263.27731514697575,,,,13.0,-11.0,6.0,0.0,0.0,0.0,0.0,0.0,0.0,0.0,0.0,0.0,40.0,40.0,-263.27731514697575,13.0,-11.0,6.0,0.25,2.0,False,False,False,disabled
2026-06-06_run02_reverse_grid_3x3_pm40_off_r01,7400,7406,6,40.0,40.0,-263.27731514697575,,,,13.0,-11.0,6.0,0.0,0.0,0.0,0.0,0.0,0.0,0.0,0.0,0.0,40.0,40.0,-263.27731514697575,13.0,-11.0,6.0,0.25,2.0,False,False,False,disabled
2026-06-06_run02_reverse_grid_3x3_pm40_off_r01,7500,7500,0,40.0,40.0,-263.27731514697575,,,,13.0,-11.0,6.0,0.0,0.0,0.0,0.0,0.0,0.0,0.0,0.0,0.0,40.0,40.0,-263.27731514697575,13.0,-11.0,6.0,0.25,2.0,False,False,True,disabled
2026-06-06_run02_reverse_grid_3x3_pm40_off_r01,7600,7610,10,40.0,40.0,-263.27731514697575,,,,13.0,-11.0,6.0,0.0,0.0,0.0,0.0,0.0,0.0,0.0,0.0,0.0,40.0,40.0,-263.27731514697575,13.0,-11.0,6.0,0.25,2.0,False,False,False,disabled
2026-06-06_run02_reverse_grid_3x3_pm40_off_r01,7700,7703,3,40.0,40.0,-263.27731514697575,,,,13.0,-11.0,6.0,0.0,0.0,0.0,0.0,0.0,0.0,0.0,0.0,0.0,40.0,40.0,-263.27731514697575,13.0,-11.0,6.0,0.25,2.0,False,False,False,disabled
2026-06-06_run02_reverse_grid_3x3_pm40_off_r01,7800,7828,28,40.0,40.0,-263.27731514697575,,,,13.0,-11.0,6.0,0.0,0.0,0.0,0.0,0.0,0.0,0.0,0.0,0.0,40.0,40.0,-263.27731514697575,13.0,-11.0,6.0,0.25,2.0,False,False,False,disabled
2026-06-06_run02_reverse_grid_3x3_pm40_off_r01,7900,7906,6,40.0,40.0,-263.27731514697575,,,,13.0,-11.0,6.0,0.0,0.0,0.0,0.0,0.0,0.0,0.0,0.0,0.0,40.0,40.0,-263.27731514697575,13.0,-11.0,6.0,0.25,2.0,False,False,False,disabled
2026-06-06_run02_reverse_grid_3x3_pm40_off_r01,8000,8000,0,40.0,40.0,-263.27731514697575,,,,13.0,-11.0,6.0,0.0,0.0,0.0,0.0,0.0,0.0,0.0,0.0,0.0,40.0,40.0,-263.27731514697575,13.0,-11.0,6.0,0.25,2.0,False,False,True,disabled
2026-06-06_run02_reverse_grid_3x3_pm40_off_r01,8100,8110,10,40.0,40.0,-263.27731514697575,,,,13.0,-11.0,6.0,0.0,0.0,0.0,0.0,0.0,0.0,0.0,0.0,0.0,40.0,40.0,-263.27731514697575,13.0,-11.0,6.0,0.25,2.0,False,False,False,disabled
2026-06-06_run02_reverse_grid_3x3_pm40_off_r01,8200,8203,3,40.0,40.0,-263.27731514697575,,,,13.0,-11.0,6.0,0.0,0.0,0.0,0.0,0.0,0.0,0.0,0.0,0.0,40.0,40.0,-263.27731514697575,13.0,-11.0,6.0,0.25,2.0,False,False,False,disabled
2026-06-06_run02_reverse_grid_3x3_pm40_off_r01,8300,8313,13,40.0,40.0,-263.27731514697575,,,,13.0,-11.0,6.0,0.0,0.0,0.0,0.0,0.0,0.0,0.0,0.0,0.0,40.0,40.0,-263.27731514697575,13.0,-11.0,6.0,0.25,2.0,False,False,False,disabled
2026-06-06_run02_reverse_grid_3x3_pm40_off_r01,8400,8406,6,40.0,40.0,-263.27731514697575,,,,13.0,-11.0,6.0,0.0,0.0,0.0,0.0,0.0,0.0,0.0,0.0,0.0,40.0,40.0,-263.27731514697575,13.0,-11.0,6.0,0.25,2.0,False,False,False,disabled
2026-06-06_run02_reverse_grid_3x3_pm40_off_r01,8500,8500,0,40.0,40.0,-263.27731514697575,,,,13.0,-11.0,6.0,0.0,0.0,0.0,0.0,0.0,0.0,0.0,0.0,0.0,40.0,40.0,-263.27731514697575,13.0,-11.0,6.0,0.25,2.0,False,False,True,disabled
2026-06-06_run02_reverse_grid_3x3_pm40_off_r01,8600,8610,10,40.0,40.0,-263.27731514697575,,,,13.0,-11.0,6.0,0.0,0.0,0.0,0.0,0.0,0.0,0.0,0.0,0.0,40.0,40.0,-263.27731514697575,13.0,-11.0,6.0,0.25,2.0,False,False,False,disabled
2026-06-06_run02_reverse_grid_3x3_pm40_off_r01,8700,8703,3,40.0,40.0,-263.27731514697575,,,,13.0,-11.0,6.0,0.0,0.0,0.0,0.0,0.0,0.0,0.0,0.0,0.0,40.0,40.0,-263.27731514697575,13.0,-11.0,6.0,0.25,2.0,False,False,False,disabled
2026-06-06_run02_reverse_grid_3x3_pm40_off_r01,8800,8813,13,40.0,40.0,-263.27731514697575,,,,13.0,-11.0,6.0,0.0,0.0,0.0,0.0,0.0,0.0,0.0,0.0,0.0,40.0,40.0,-263.27731514697575,13.0,-11.0,6.0,0.25,2.0,False,False,False,disabled
2026-06-06_run02_reverse_grid_3x3_pm40_off_r01,8900,8906,6,40.0,40.0,-263.27731514697575,,,,13.0,-11.0,6.0,0.0,0.0,0.0,0.0,0.0,0.0,0.0,0.0,0.0,40.0,40.0,-263.27731514697575,13.0,-11.0,6.0,0.25,2.0,False,False,False,disabled
2026-06-06_run02_reverse_grid_3x3_pm40_off_r01,9000,9000,0,40.0,40.0,-263.27731514697575,,,,13.0,-11.0,6.0,0.0,0.0,0.0,0.0,0.0,0.0,0.0,0.0,0.0,40.0,40.0,-263.27731514697575,13.0,-11.0,6.0,0.25,2.0,False,False,True,disabled
2026-06-06_run02_reverse_grid_3x3_pm40_off_r01,9100,9110,10,40.0,40.0,-263.27731514697575,,,,13.0,-11.0,6.0,0.0,0.0,0.0,0.0,0.0,0.0,0.0,0.0,0.0,40.0,40.0,-263.27731514697575,13.0,-11.0,6.0,0.25,2.0,False,False,False,disabled
2026-06-06_run02_reverse_grid_3x3_pm40_off_r01,9200,9203,3,40.0,40.0,-263.27731514697575,,,,13.0,-11.0,6.0,0.0,0.0,0.0,0.0,0.0,0.0,0.0,0.0,0.0,40.0,40.0,-263.27731514697575,13.0,-11.0,6.0,0.25,2.0,False,False,False,disabled
2026-06-06_run02_reverse_grid_3x3_pm40_off_r01,9300,9313,13,40.0,40.0,-263.27731514697575,,,,13.0,-11.0,6.0,0.0,0.0,0.0,0.0,0.0,0.0,0.0,0.0,0.0,40.0,40.0,-263.27731514697575,13.0,-11.0,6.0,0.25,2.0,False,False,False,disabled
2026-06-06_run02_reverse_grid_3x3_pm40_off_r01,9400,9406,6,40.0,40.0,-263.27731514697575,,,,13.0,-11.0,6.0,0.0,0.0,0.0,0.0,0.0,0.0,0.0,0.0,0.0,40.0,40.0,-263.27731514697575,13.0,-11.0,6.0,0.25,2.0,False,False,False,disabled
2026-06-06_run02_reverse_grid_3x3_pm40_off_r01,9500,9500,0,40.0,40.0,-263.27731514697575,,,,13.0,-11.0,6.0,0.0,0.0,0.0,0.0,0.0,0.0,0.0,0.0,0.0,40.0,40.0,-263.27731514697575,13.0,-11.0,6.0,0.25,2.0,False,False,True,disabled
2026-06-06_run02_reverse_grid_3x3_pm40_off_r01,9600,9610,10,40.0,40.0,-263.27731514697575,,,,13.0,-11.0,6.0,0.0,0.0,0.0,0.0,0.0,0.0,0.0,0.0,0.0,40.0,40.0,-263.27731514697575,13.0,-11.0,6.0,0.25,2.0,False,False,False,disabled
2026-06-06_run02_reverse_grid_3x3_pm40_off_r01,9700,9703,3,40.0,40.0,-263.27731514697575,,,,13.0,-11.0,6.0,0.0,0.0,0.0,0.0,0.0,0.0,0.0,0.0,0.0,40.0,40.0,-263.27731514697575,13.0,-11.0,6.0,0.25,2.0,False,False,False,disabled
2026-06-06_run02_reverse_grid_3x3_pm40_off_r01,9800,9813,13,40.0,40.0,-263.27731514697575,,,,13.0,-11.0,6.0,0.0,0.0,0.0,0.0,0.0,0.0,0.0,0.0,0.0,40.0,40.0,-263.27731514697575,13.0,-11.0,6.0,0.25,2.0,False,False,False,disabled
2026-06-06_run02_reverse_grid_3x3_pm40_off_r01,9900,9906,6,40.0,40.0,-263.27731514697575,,,,13.0,-11.0,6.0,0.0,0.0,0.0,0.0,0.0,0.0,0.0,0.0,0.0,40.0,40.0,-263.27731514697575,13.0,-11.0,6.0,0.25,2.0,False,False,False,disabled
2026-06-06_run02_reverse_grid_3x3_pm40_off_r01,10000,10000,0,0.0,40.0,-263.27731514697575,,,,11.0,-4.0,-4.0,0.0,0.0,0.0,0.0,0.0,0.0,0.0,0.0,0.0,0.0,40.0,-263.27731514697575,11.0,-4.0,-4.0,0.25,2.0,False,False,True,disabled
2026-06-06_run02_reverse_grid_3x3_pm40_off_r01,10100,10110,10,0.0,40.0,-263.27731514697575,,,,11.0,-4.0,-4.0,0.0,0.0,0.0,0.0,0.0,0.0,0.0,0.0,0.0,0.0,40.0,-263.27731514697575,11.0,-4.0,-4.0,0.25,2.0,False,False,False,disabled
2026-06-06_run02_reverse_grid_3x3_pm40_off_r01,10200,10219,19,0.0,40.0,-263.27731514697575,,,,11.0,-4.0,-4.0,0.0,0.0,0.0,0.0,0.0,0.0,0.0,0.0,0.0,0.0,40.0,-263.27731514697575,11.0,-4.0,-4.0,0.25,2.0,False,False,False,disabled
2026-06-06_run02_reverse_grid_3x3_pm40_off_r01,10300,10328,28,0.0,40.0,-263.27731514697575,,,,11.0,-4.0,-4.0,0.0,0.0,0.0,0.0,0.0,0.0,0.0,0.0,0.0,0.0,40.0,-263.27731514697575,11.0,-4.0,-4.0,0.25,2.0,False,False,False,disabled
2026-06-06_run02_reverse_grid_3x3_pm40_off_r01,10400,10406,6,0.0,40.0,-263.27731514697575,,,,11.0,-4.0,-4.0,0.0,0.0,0.0,0.0,0.0,0.0,0.0,0.0,0.0,0.0,40.0,-263.27731514697575,11.0,-4.0,-4.0,0.25,2.0,False,False,False,disabled
2026-06-06_run02_reverse_grid_3x3_pm40_off_r01,10500,10500,0,0.0,40.0,-263.27731514697575,,,,11.0,-4.0,-4.0,0.0,0.0,0.0,0.0,0.0,0.0,0.0,0.0,0.0,0.0,40.0,-263.27731514697575,11.0,-4.0,-4.0,0.25,2.0,False,False,True,disabled
2026-06-06_run02_reverse_grid_3x3_pm40_off_r01,10600,10610,10,0.0,40.0,-263.27731514697575,,,,11.0,-4.0,-4.0,0.0,0.0,0.0,0.0,0.0,0.0,0.0,0.0,0.0,0.0,40.0,-263.27731514697575,11.0,-4.0,-4.0,0.25,2.0,False,False,False,disabled
2026-06-06_run02_reverse_grid_3x3_pm40_off_r01,10700,10703,3,0.0,40.0,-263.27731514697575,,,,11.0,-4.0,-4.0,0.0,0.0,0.0,0.0,0.0,0.0,0.0,0.0,0.0,0.0,40.0,-263.27731514697575,11.0,-4.0,-4.0,0.25,2.0,False,False,False,disabled
2026-06-06_run02_reverse_grid_3x3_pm40_off_r01,10800,10813,13,0.0,40.0,-263.27731514697575,,,,11.0,-4.0,-4.0,0.0,0.0,0.0,0.0,0.0,0.0,0.0,0.0,0.0,0.0,40.0,-263.27731514697575,11.0,-4.0,-4.0,0.25,2.0,False,False,False,disabled
2026-06-06_run02_reverse_grid_3x3_pm40_off_r01,10900,10906,6,0.0,40.0,-263.27731514697575,,,,11.0,-4.0,-4.0,0.0,0.0,0.0,0.0,0.0,0.0,0.0,0.0,0.0,0.0,40.0,-263.27731514697575,11.0,-4.0,-4.0,0.25,2.0,False,False,False,disabled
2026-06-06_run02_reverse_grid_3x3_pm40_off_r01,11000,11000,0,0.0,40.0,-263.27731514697575,,,,11.0,-4.0,-4.0,0.0,0.0,0.0,0.0,0.0,0.0,0.0,0.0,0.0,0.0,40.0,-263.27731514697575,11.0,-4.0,-4.0,0.25,2.0,False,False,True,disabled
2026-06-06_run02_reverse_grid_3x3_pm40_off_r01,11100,11110,10,0.0,40.0,-263.27731514697575,,,,11.0,-4.0,-4.0,0.0,0.0,0.0,0.0,0.0,0.0,0.0,0.0,0.0,0.0,40.0,-263.27731514697575,11.0,-4.0,-4.0,0.25,2.0,False,False,False,disabled
2026-06-06_run02_reverse_grid_3x3_pm40_off_r01,11200,11203,3,0.0,40.0,-263.27731514697575,,,,11.0,-4.0,-4.0,0.0,0.0,0.0,0.0,0.0,0.0,0.0,0.0,0.0,0.0,40.0,-263.27731514697575,11.0,-4.0,-4.0,0.25,2.0,False,False,False,disabled
2026-06-06_run02_reverse_grid_3x3_pm40_off_r01,11300,11313,13,0.0,40.0,-263.27731514697575,,,,11.0,-4.0,-4.0,0.0,0.0,0.0,0.0,0.0,0.0,0.0,0.0,0.0,0.0,40.0,-263.27731514697575,11.0,-4.0,-4.0,0.25,2.0,False,False,False,disabled
2026-06-06_run02_reverse_grid_3x3_pm40_off_r01,11400,11406,6,0.0,40.0,-263.27731514697575,,,,11.0,-4.0,-4.0,0.0,0.0,0.0,0.0,0.0,0.0,0.0,0.0,0.0,0.0,40.0,-263.27731514697575,11.0,-4.0,-4.0,0.25,2.0,False,False,False,disabled
2026-06-06_run02_reverse_grid_3x3_pm40_off_r01,11500,11500,0,0.0,40.0,-263.27731514697575,,,,11.0,-4.0,-4.0,0.0,0.0,0.0,0.0,0.0,0.0,0.0,0.0,0.0,0.0,40.0,-263.27731514697575,11.0,-4.0,-4.0,0.25,2.0,False,False,True,disabled
2026-06-06_run02_reverse_grid_3x3_pm40_off_r01,11600,11610,10,0.0,40.0,-263.27731514697575,,,,11.0,-4.0,-4.0,0.0,0.0,0.0,0.0,0.0,0.0,0.0,0.0,0.0,0.0,40.0,-263.27731514697575,11.0,-4.0,-4.0,0.25,2.0,False,False,False,disabled
2026-06-06_run02_reverse_grid_3x3_pm40_off_r01,11700,11703,3,0.0,40.0,-263.27731514697575,,,,11.0,-4.0,-4.0,0.0,0.0,0.0,0.0,0.0,0.0,0.0,0.0,0.0,0.0,40.0,-263.27731514697575,11.0,-4.0,-4.0,0.25,2.0,False,False,False,disabled
2026-06-06_run02_reverse_grid_3x3_pm40_off_r01,11800,11813,13,0.0,40.0,-263.27731514697575,,,,11.0,-4.0,-4.0,0.0,0.0,0.0,0.0,0.0,0.0,0.0,0.0,0.0,0.0,40.0,-263.27731514697575,11.0,-4.0,-4.0,0.25,2.0,False,False,False,disabled
2026-06-06_run02_reverse_grid_3x3_pm40_off_r01,11900,11906,6,0.0,40.0,-263.27731514697575,,,,11.0,-4.0,-4.0,0.0,0.0,0.0,0.0,0.0,0.0,0.0,0.0,0.0,0.0,40.0,-263.27731514697575,11.0,-4.0,-4.0,0.25,2.0,False,False,False,disabled
2026-06-06_run02_reverse_grid_3x3_pm40_off_r01,12000,12000,0,0.0,40.0,-263.27731514697575,,,,11.0,-4.0,-4.0,0.0,0.0,0.0,0.0,0.0,0.0,0.0,0.0,0.0,0.0,40.0,-263.27731514697575,11.0,-4.0,-4.0,0.25,2.0,False,False,True,disabled
2026-06-06_run02_reverse_grid_3x3_pm40_off_r01,12100,12110,10,0.0,40.0,-263.27731514697575,,,,11.0,-4.0,-4.0,0.0,0.0,0.0,0.0,0.0,0.0,0.0,0.0,0.0,0.0,40.0,-263.27731514697575,11.0,-4.0,-4.0,0.25,2.0,False,False,False,disabled
2026-06-06_run02_reverse_grid_3x3_pm40_off_r01,12200,12203,3,0.0,40.0,-263.27731514697575,,,,11.0,-4.0,-4.0,0.0,0.0,0.0,0.0,0.0,0.0,0.0,0.0,0.0,0.0,40.0,-263.27731514697575,11.0,-4.0,-4.0,0.25,2.0,False,False,False,disabled
2026-06-06_run02_reverse_grid_3x3_pm40_off_r01,12300,12313,13,0.0,40.0,-263.27731514697575,,,,11.0,-4.0,-4.0,0.0,0.0,0.0,0.0,0.0,0.0,0.0,0.0,0.0,0.0,40.0,-263.27731514697575,11.0,-4.0,-4.0,0.25,2.0,False,False,False,disabled
2026-06-06_run02_reverse_grid_3x3_pm40_off_r01,12400,12406,6,0.0,40.0,-263.27731514697575,,,,11.0,-4.0,-4.0,0.0,0.0,0.0,0.0,0.0,0.0,0.0,0.0,0.0,0.0,40.0,-263.27731514697575,11.0,-4.0,-4.0,0.25,2.0,False,False,False,disabled
2026-06-06_run02_reverse_grid_3x3_pm40_off_r01,12500,12500,0,0.0,40.0,-263.27731514697575,,,,11.0,-4.0,-4.0,0.0,0.0,0.0,0.0,0.0,0.0,0.0,0.0,0.0,0.0,40.0,-263.27731514697575,11.0,-4.0,-4.0,0.25,2.0,False,False,True,disabled
2026-06-06_run02_reverse_grid_3x3_pm40_off_r01,12600,12610,10,0.0,40.0,-263.27731514697575,,,,11.0,-4.0,-4.0,0.0,0.0,0.0,0.0,0.0,0.0,0.0,0.0,0.0,0.0,40.0,-263.27731514697575,11.0,-4.0,-4.0,0.25,2.0,False,False,False,disabled
2026-06-06_run02_reverse_grid_3x3_pm40_off_r01,12700,12703,3,0.0,40.0,-263.27731514697575,,,,11.0,-4.0,-4.0,0.0,0.0,0.0,0.0,0.0,0.0,0.0,0.0,0.0,0.0,40.0,-263.27731514697575,11.0,-4.0,-4.0,0.25,2.0,False,False,False,disabled
2026-06-06_run02_reverse_grid_3x3_pm40_off_r01,12800,12813,13,0.0,40.0,-263.27731514697575,,,,11.0,-4.0,-4.0,0.0,0.0,0.0,0.0,0.0,0.0,0.0,0.0,0.0,0.0,40.0,-263.27731514697575,11.0,-4.0,-4.0,0.25,2.0,False,False,False,disabled
2026-06-06_run02_reverse_grid_3x3_pm40_off_r01,12900,12906,6,0.0,40.0,-263.27731514697575,,,,11.0,-4.0,-4.0,0.0,0.0,0.0,0.0,0.0,0.0,0.0,0.0,0.0,0.0,40.0,-263.27731514697575,11.0,-4.0,-4.0,0.25,2.0,False,False,False,disabled
2026-06-06_run02_reverse_grid_3x3_pm40_off_r01,13000,13000,0,0.0,40.0,-263.27731514697575,,,,11.0,-4.0,-4.0,0.0,0.0,0.0,0.0,0.0,0.0,0.0,0.0,0.0,0.0,40.0,-263.27731514697575,11.0,-4.0,-4.0,0.25,2.0,False,False,True,disabled
2026-06-06_run02_reverse_grid_3x3_pm40_off_r01,13100,13110,10,0.0,40.0,-263.27731514697575,,,,11.0,-4.0,-4.0,0.0,0.0,0.0,0.0,0.0,0.0,0.0,0.0,0.0,0.0,40.0,-263.27731514697575,11.0,-4.0,-4.0,0.25,2.0,False,False,False,disabled
2026-06-06_run02_reverse_grid_3x3_pm40_off_r01,13200,13203,3,0.0,40.0,-263.27731514697575,,,,11.0,-4.0,-4.0,0.0,0.0,0.0,0.0,0.0,0.0,0.0,0.0,0.0,0.0,40.0,-263.27731514697575,11.0,-4.0,-4.0,0.25,2.0,False,False,False,disabled
2026-06-06_run02_reverse_grid_3x3_pm40_off_r01,13300,13313,13,0.0,40.0,-263.27731514697575,,,,11.0,-4.0,-4.0,0.0,0.0,0.0,0.0,0.0,0.0,0.0,0.0,0.0,0.0,40.0,-263.27731514697575,11.0,-4.0,-4.0,0.25,2.0,False,False,False,disabled
2026-06-06_run02_reverse_grid_3x3_pm40_off_r01,13400,13406,6,0.0,40.0,-263.27731514697575,,,,11.0,-4.0,-4.0,0.0,0.0,0.0,0.0,0.0,0.0,0.0,0.0,0.0,0.0,40.0,-263.27731514697575,11.0,-4.0,-4.0,0.25,2.0,False,False,False,disabled
2026-06-06_run02_reverse_grid_3x3_pm40_off_r01,13500,13500,0,0.0,40.0,-263.27731514697575,,,,11.0,-4.0,-4.0,0.0,0.0,0.0,0.0,0.0,0.0,0.0,0.0,0.0,0.0,40.0,-263.27731514697575,11.0,-4.0,-4.0,0.25,2.0,False,False,True,disabled
2026-06-06_run02_reverse_grid_3x3_pm40_off_r01,13600,13625,25,0.0,40.0,-263.27731514697575,,,,11.0,-4.0,-4.0,0.0,0.0,0.0,0.0,0.0,0.0,0.0,0.0,0.0,0.0,40.0,-263.27731514697575,11.0,-4.0,-4.0,0.25,2.0,False,False,False,disabled
2026-06-06_run02_reverse_grid_3x3_pm40_off_r01,13700,13703,3,0.0,40.0,-263.27731514697575,,,,11.0,-4.0,-4.0,0.0,0.0,0.0,0.0,0.0,0.0,0.0,0.0,0.0,0.0,40.0,-263.27731514697575,11.0,-4.0,-4.0,0.25,2.0,False,False,False,disabled
2026-06-06_run02_reverse_grid_3x3_pm40_off_r01,13800,13813,13,0.0,40.0,-263.27731514697575,,,,11.0,-4.0,-4.0,0.0,0.0,0.0,0.0,0.0,0.0,0.0,0.0,0.0,0.0,40.0,-263.27731514697575,11.0,-4.0,-4.0,0.25,2.0,False,False,False,disabled
2026-06-06_run02_reverse_grid_3x3_pm40_off_r01,13900,13906,6,0.0,40.0,-263.27731514697575,,,,11.0,-4.0,-4.0,0.0,0.0,0.0,0.0,0.0,0.0,0.0,0.0,0.0,0.0,40.0,-263.27731514697575,11.0,-4.0,-4.0,0.25,2.0,False,False,False,disabled
2026-06-06_run02_reverse_grid_3x3_pm40_off_r01,14000,14000,0,0.0,40.0,-263.27731514697575,,,,11.0,-4.0,-4.0,0.0,0.0,0.0,0.0,0.0,0.0,0.0,0.0,0.0,0.0,40.0,-263.27731514697575,11.0,-4.0,-4.0,0.25,2.0,False,False,True,disabled
2026-06-06_run02_reverse_grid_3x3_pm40_off_r01,14100,14110,10,0.0,40.0,-263.27731514697575,,,,11.0,-4.0,-4.0,0.0,0.0,0.0,0.0,0.0,0.0,0.0,0.0,0.0,0.0,40.0,-263.27731514697575,11.0,-4.0,-4.0,0.25,2.0,False,False,False,disabled
2026-06-06_run02_reverse_grid_3x3_pm40_off_r01,14200,14203,3,0.0,40.0,-263.27731514697575,,,,11.0,-4.0,-4.0,0.0,0.0,0.0,0.0,0.0,0.0,0.0,0.0,0.0,0.0,40.0,-263.27731514697575,11.0,-4.0,-4.0,0.25,2.0,False,False,False,disabled
2026-06-06_run02_reverse_grid_3x3_pm40_off_r01,14300,14313,13,0.0,40.0,-263.27731514697575,,,,11.0,-4.0,-4.0,0.0,0.0,0.0,0.0,0.0,0.0,0.0,0.0,0.0,0.0,40.0,-263.27731514697575,11.0,-4.0,-4.0,0.25,2.0,False,False,False,disabled
2026-06-06_run02_reverse_grid_3x3_pm40_off_r01,14400,14406,6,0.0,40.0,-263.27731514697575,,,,11.0,-4.0,-4.0,0.0,0.0,0.0,0.0,0.0,0.0,0.0,0.0,0.0,0.0,40.0,-263.27731514697575,11.0,-4.0,-4.0,0.25,2.0,False,False,False,disabled
2026-06-06_run02_reverse_grid_3x3_pm40_off_r01,14500,14500,0,0.0,40.0,-263.27731514697575,,,,11.0,-4.0,-4.0,0.0,0.0,0.0,0.0,0.0,0.0,0.0,0.0,0.0,0.0,40.0,-263.27731514697575,11.0,-4.0,-4.0,0.25,2.0,False,False,True,disabled
2026-06-06_run02_reverse_grid_3x3_pm40_off_r01,14600,14610,10,0.0,40.0,-263.27731514697575,,,,11.0,-4.0,-4.0,0.0,0.0,0.0,0.0,0.0,0.0,0.0,0.0,0.0,0.0,40.0,-263.27731514697575,11.0,-4.0,-4.0,0.25,2.0,False,False,False,disabled
2026-06-06_run02_reverse_grid_3x3_pm40_off_r01,14700,14703,3,0.0,40.0,-263.27731514697575,,,,11.0,-4.0,-4.0,0.0,0.0,0.0,0.0,0.0,0.0,0.0,0.0,0.0,0.0,40.0,-263.27731514697575,11.0,-4.0,-4.0,0.25,2.0,False,False,False,disabled
2026-06-06_run02_reverse_grid_3x3_pm40_off_r01,14800,14813,13,0.0,40.0,-263.27731514697575,,,,11.0,-4.0,-4.0,0.0,0.0,0.0,0.0,0.0,0.0,0.0,0.0,0.0,0.0,40.0,-263.27731514697575,11.0,-4.0,-4.0,0.25,2.0,False,False,False,disabled
2026-06-06_run02_reverse_grid_3x3_pm40_off_r01,14900,14906,6,0.0,40.0,-263.27731514697575,,,,11.0,-4.0,-4.0,0.0,0.0,0.0,0.0,0.0,0.0,0.0,0.0,0.0,0.0,40.0,-263.27731514697575,11.0,-4.0,-4.0,0.25,2.0,False,False,False,disabled
2026-06-06_run02_reverse_grid_3x3_pm40_off_r01,15000,15000,0,-40.0,40.0,-263.27731514697575,,,,13.0,6.0,-11.0,0.0,0.0,0.0,0.0,0.0,0.0,0.0,0.0,0.0,-40.0,40.0,-263.27731514697575,13.0,6.0,-11.0,0.25,2.0,False,False,True,disabled
2026-06-06_run02_reverse_grid_3x3_pm40_off_r01,15100,15110,10,-40.0,40.0,-263.27731514697575,,,,13.0,6.0,-11.0,0.0,0.0,0.0,0.0,0.0,0.0,0.0,0.0,0.0,-40.0,40.0,-263.27731514697575,13.0,6.0,-11.0,0.25,2.0,False,False,False,disabled
2026-06-06_run02_reverse_grid_3x3_pm40_off_r01,15200,15203,3,-40.0,40.0,-263.27731514697575,,,,13.0,6.0,-11.0,0.0,0.0,0.0,0.0,0.0,0.0,0.0,0.0,0.0,-40.0,40.0,-263.27731514697575,13.0,6.0,-11.0,0.25,2.0,False,False,False,disabled
2026-06-06_run02_reverse_grid_3x3_pm40_off_r01,15300,15313,13,-40.0,40.0,-263.27731514697575,,,,13.0,6.0,-11.0,0.0,0.0,0.0,0.0,0.0,0.0,0.0,0.0,0.0,-40.0,40.0,-263.27731514697575,13.0,6.0,-11.0,0.25,2.0,False,False,False,disabled
2026-06-06_run02_reverse_grid_3x3_pm40_off_r01,15400,15422,22,-40.0,40.0,-263.27731514697575,,,,13.0,6.0,-11.0,0.0,0.0,0.0,0.0,0.0,0.0,0.0,0.0,0.0,-40.0,40.0,-263.27731514697575,13.0,6.0,-11.0,0.25,2.0,False,False,False,disabled
2026-06-06_run02_reverse_grid_3x3_pm40_off_r01,15500,15500,0,-40.0,40.0,-263.27731514697575,,,,13.0,6.0,-11.0,0.0,0.0,0.0,0.0,0.0,0.0,0.0,0.0,0.0,-40.0,40.0,-263.27731514697575,13.0,6.0,-11.0,0.25,2.0,False,False,True,disabled
2026-06-06_run02_reverse_grid_3x3_pm40_off_r01,15600,15610,10,-40.0,40.0,-263.27731514697575,,,,13.0,6.0,-11.0,0.0,0.0,0.0,0.0,0.0,0.0,0.0,0.0,0.0,-40.0,40.0,-263.27731514697575,13.0,6.0,-11.0,0.25,2.0,False,False,False,disabled
2026-06-06_run02_reverse_grid_3x3_pm40_off_r01,15700,15703,3,-40.0,40.0,-263.27731514697575,,,,13.0,6.0,-11.0,0.0,0.0,0.0,0.0,0.0,0.0,0.0,0.0,0.0,-40.0,40.0,-263.27731514697575,13.0,6.0,-11.0,0.25,2.0,False,False,False,disabled
2026-06-06_run02_reverse_grid_3x3_pm40_off_r01,15800,15813,13,-40.0,40.0,-263.27731514697575,,,,13.0,6.0,-11.0,0.0,0.0,0.0,0.0,0.0,0.0,0.0,0.0,0.0,-40.0,40.0,-263.27731514697575,13.0,6.0,-11.0,0.25,2.0,False,False,False,disabled
2026-06-06_run02_reverse_grid_3x3_pm40_off_r01,15900,15906,6,-40.0,40.0,-263.27731514697575,,,,13.0,6.0,-11.0,0.0,0.0,0.0,0.0,0.0,0.0,0.0,0.0,0.0,-40.0,40.0,-263.27731514697575,13.0,6.0,-11.0,0.25,2.0,False,False,False,disabled
2026-06-06_run02_reverse_grid_3x3_pm40_off_r01,16000,16000,0,-40.0,40.0,-263.27731514697575,,,,13.0,6.0,-11.0,0.0,0.0,0.0,0.0,0.0,0.0,0.0,0.0,0.0,-40.0,40.0,-263.27731514697575,13.0,6.0,-11.0,0.25,2.0,False,False,True,disabled
2026-06-06_run02_reverse_grid_3x3_pm40_off_r01,16100,16110,10,-40.0,40.0,-263.27731514697575,,,,13.0,6.0,-11.0,0.0,0.0,0.0,0.0,0.0,0.0,0.0,0.0,0.0,-40.0,40.0,-263.27731514697575,13.0,6.0,-11.0,0.25,2.0,False,False,False,disabled
2026-06-06_run02_reverse_grid_3x3_pm40_off_r01,16200,16203,3,-40.0,40.0,-263.27731514697575,,,,13.0,6.0,-11.0,0.0,0.0,0.0,0.0,0.0,0.0,0.0,0.0,0.0,-40.0,40.0,-263.27731514697575,13.0,6.0,-11.0,0.25,2.0,False,False,False,disabled
2026-06-06_run02_reverse_grid_3x3_pm40_off_r01,16300,16313,13,-40.0,40.0,-263.27731514697575,,,,13.0,6.0,-11.0,0.0,0.0,0.0,0.0,0.0,0.0,0.0,0.0,0.0,-40.0,40.0,-263.27731514697575,13.0,6.0,-11.0,0.25,2.0,False,False,False,disabled
2026-06-06_run02_reverse_grid_3x3_pm40_off_r01,16400,16406,6,-40.0,40.0,-263.27731514697575,,,,13.0,6.0,-11.0,0.0,0.0,0.0,0.0,0.0,0.0,0.0,0.0,0.0,-40.0,40.0,-263.27731514697575,13.0,6.0,-11.0,0.25,2.0,False,False,False,disabled
2026-06-06_run02_reverse_grid_3x3_pm40_off_r01,16500,16500,0,-40.0,40.0,-263.27731514697575,,,,13.0,6.0,-11.0,0.0,0.0,0.0,0.0,0.0,0.0,0.0,0.0,0.0,-40.0,40.0,-263.27731514697575,13.0,6.0,-11.0,0.25,2.0,False,False,True,disabled
2026-06-06_run02_reverse_grid_3x3_pm40_off_r01,16600,16610,10,-40.0,40.0,-263.27731514697575,,,,13.0,6.0,-11.0,0.0,0.0,0.0,0.0,0.0,0.0,0.0,0.0,0.0,-40.0,40.0,-263.27731514697575,13.0,6.0,-11.0,0.25,2.0,False,False,False,disabled
2026-06-06_run02_reverse_grid_3x3_pm40_off_r01,16700,16703,3,-40.0,40.0,-263.27731514697575,,,,13.0,6.0,-11.0,0.0,0.0,0.0,0.0,0.0,0.0,0.0,0.0,0.0,-40.0,40.0,-263.27731514697575,13.0,6.0,-11.0,0.25,2.0,False,False,False,disabled
2026-06-06_run02_reverse_grid_3x3_pm40_off_r01,16800,16813,13,-40.0,40.0,-263.27731514697575,,,,13.0,6.0,-11.0,0.0,0.0,0.0,0.0,0.0,0.0,0.0,0.0,0.0,-40.0,40.0,-263.27731514697575,13.0,6.0,-11.0,0.25,2.0,False,False,False,disabled
2026-06-06_run02_reverse_grid_3x3_pm40_off_r01,16900,16906,6,-40.0,40.0,-263.27731514697575,,,,13.0,6.0,-11.0,0.0,0.0,0.0,0.0,0.0,0.0,0.0,0.0,0.0,-40.0,40.0,-263.27731514697575,13.0,6.0,-11.0,0.25,2.0,False,False,False,disabled
2026-06-06_run02_reverse_grid_3x3_pm40_off_r01,17000,17000,0,-40.0,40.0,-263.27731514697575,,,,13.0,6.0,-11.0,0.0,0.0,0.0,0.0,0.0,0.0,0.0,0.0,0.0,-40.0,40.0,-263.27731514697575,13.0,6.0,-11.0,0.25,2.0,False,False,True,disabled
2026-06-06_run02_reverse_grid_3x3_pm40_off_r01,17100,17110,10,-40.0,40.0,-263.27731514697575,,,,13.0,6.0,-11.0,0.0,0.0,0.0,0.0,0.0,0.0,0.0,0.0,0.0,-40.0,40.0,-263.27731514697575,13.0,6.0,-11.0,0.25,2.0,False,False,False,disabled
2026-06-06_run02_reverse_grid_3x3_pm40_off_r01,17200,17203,3,-40.0,40.0,-263.27731514697575,,,,13.0,6.0,-11.0,0.0,0.0,0.0,0.0,0.0,0.0,0.0,0.0,0.0,-40.0,40.0,-263.27731514697575,13.0,6.0,-11.0,0.25,2.0,False,False,False,disabled
2026-06-06_run02_reverse_grid_3x3_pm40_off_r01,17300,17313,13,-40.0,40.0,-263.27731514697575,,,,13.0,6.0,-11.0,0.0,0.0,0.0,0.0,0.0,0.0,0.0,0.0,0.0,-40.0,40.0,-263.27731514697575,13.0,6.0,-11.0,0.25,2.0,False,False,False,disabled
2026-06-06_run02_reverse_grid_3x3_pm40_off_r01,17400,17406,6,-40.0,40.0,-263.27731514697575,,,,13.0,6.0,-11.0,0.0,0.0,0.0,0.0,0.0,0.0,0.0,0.0,0.0,-40.0,40.0,-263.27731514697575,13.0,6.0,-11.0,0.25,2.0,False,False,False,disabled
2026-06-06_run02_reverse_grid_3x3_pm40_off_r01,17500,17500,0,-40.0,40.0,-263.27731514697575,,,,13.0,6.0,-11.0,0.0,0.0,0.0,0.0,0.0,0.0,0.0,0.0,0.0,-40.0,40.0,-263.27731514697575,13.0,6.0,-11.0,0.25,2.0,False,False,True,disabled
2026-06-06_run02_reverse_grid_3x3_pm40_off_r01,17600,17610,10,-40.0,40.0,-263.27731514697575,,,,13.0,6.0,-11.0,0.0,0.0,0.0,0.0,0.0,0.0,0.0,0.0,0.0,-40.0,40.0,-263.27731514697575,13.0,6.0,-11.0,0.25,2.0,False,False,False,disabled
2026-06-06_run02_reverse_grid_3x3_pm40_off_r01,17700,17703,3,-40.0,40.0,-263.27731514697575,,,,13.0,6.0,-11.0,0.0,0.0,0.0,0.0,0.0,0.0,0.0,0.0,0.0,-40.0,40.0,-263.27731514697575,13.0,6.0,-11.0,0.25,2.0,False,False,False,disabled
2026-06-06_run02_reverse_grid_3x3_pm40_off_r01,17800,17813,13,-40.0,40.0,-263.27731514697575,,,,13.0,6.0,-11.0,0.0,0.0,0.0,0.0,0.0,0.0,0.0,0.0,0.0,-40.0,40.0,-263.27731514697575,13.0,6.0,-11.0,0.25,2.0,False,False,False,disabled
2026-06-06_run02_reverse_grid_3x3_pm40_off_r01,17900,17906,6,-40.0,40.0,-263.27731514697575,,,,13.0,6.0,-11.0,0.0,0.0,0.0,0.0,0.0,0.0,0.0,0.0,0.0,-40.0,40.0,-263.27731514697575,13.0,6.0,-11.0,0.25,2.0,False,False,False,disabled
2026-06-06_run02_reverse_grid_3x3_pm40_off_r01,18000,18000,0,-40.0,40.0,-263.27731514697575,,,,13.0,6.0,-11.0,0.0,0.0,0.0,0.0,0.0,0.0,0.0,0.0,0.0,-40.0,40.0,-263.27731514697575,13.0,6.0,-11.0,0.25,2.0,False,False,True,disabled
2026-06-06_run02_reverse_grid_3x3_pm40_off_r01,18100,18110,10,-40.0,40.0,-263.27731514697575,,,,13.0,6.0,-11.0,0.0,0.0,0.0,0.0,0.0,0.0,0.0,0.0,0.0,-40.0,40.0,-263.27731514697575,13.0,6.0,-11.0,0.25,2.0,False,False,False,disabled
2026-06-06_run02_reverse_grid_3x3_pm40_off_r01,18200,18203,3,-40.0,40.0,-263.27731514697575,,,,13.0,6.0,-11.0,0.0,0.0,0.0,0.0,0.0,0.0,0.0,0.0,0.0,-40.0,40.0,-263.27731514697575,13.0,6.0,-11.0,0.25,2.0,False,False,False,disabled
2026-06-06_run02_reverse_grid_3x3_pm40_off_r01,18300,18313,13,-40.0,40.0,-263.27731514697575,,,,13.0,6.0,-11.0,0.0,0.0,0.0,0.0,0.0,0.0,0.0,0.0,0.0,-40.0,40.0,-263.27731514697575,13.0,6.0,-11.0,0.25,2.0,False,False,False,disabled
2026-06-06_run02_reverse_grid_3x3_pm40_off_r01,18400,18406,6,-40.0,40.0,-263.27731514697575,,,,13.0,6.0,-11.0,0.0,0.0,0.0,0.0,0.0,0.0,0.0,0.0,0.0,-40.0,40.0,-263.27731514697575,13.0,6.0,-11.0,0.25,2.0,False,False,False,disabled
2026-06-06_run02_reverse_grid_3x3_pm40_off_r01,18500,18500,0,-40.0,40.0,-263.27731514697575,,,,13.0,6.0,-11.0,0.0,0.0,0.0,0.0,0.0,0.0,0.0,0.0,0.0,-40.0,40.0,-263.27731514697575,13.0,6.0,-11.0,0.25,2.0,False,False,True,disabled
2026-06-06_run02_reverse_grid_3x3_pm40_off_r01,18600,18610,10,-40.0,40.0,-263.27731514697575,,,,13.0,6.0,-11.0,0.0,0.0,0.0,0.0,0.0,0.0,0.0,0.0,0.0,-40.0,40.0,-263.27731514697575,13.0,6.0,-11.0,0.25,2.0,False,False,False,disabled
2026-06-06_run02_reverse_grid_3x3_pm40_off_r01,18700,18703,3,-40.0,40.0,-263.27731514697575,,,,13.0,6.0,-11.0,0.0,0.0,0.0,0.0,0.0,0.0,0.0,0.0,0.0,-40.0,40.0,-263.27731514697575,13.0,6.0,-11.0,0.25,2.0,False,False,False,disabled
2026-06-06_run02_reverse_grid_3x3_pm40_off_r01,18800,18813,13,-40.0,40.0,-263.27731514697575,,,,13.0,6.0,-11.0,0.0,0.0,0.0,0.0,0.0,0.0,0.0,0.0,0.0,-40.0,40.0,-263.27731514697575,13.0,6.0,-11.0,0.25,2.0,False,False,False,disabled
2026-06-06_run02_reverse_grid_3x3_pm40_off_r01,18900,18906,6,-40.0,40.0,-263.27731514697575,,,,13.0,6.0,-11.0,0.0,0.0,0.0,0.0,0.0,0.0,0.0,0.0,0.0,-40.0,40.0,-263.27731514697575,13.0,6.0,-11.0,0.25,2.0,False,False,False,disabled
2026-06-06_run02_reverse_grid_3x3_pm40_off_r01,19000,19000,0,-40.0,40.0,-263.27731514697575,,,,13.0,6.0,-11.0,0.0,0.0,0.0,0.0,0.0,0.0,0.0,0.0,0.0,-40.0,40.0,-263.27731514697575,13.0,6.0,-11.0,0.25,2.0,False,False,True,disabled
2026-06-06_run02_reverse_grid_3x3_pm40_off_r01,19100,19110,10,-40.0,40.0,-263.27731514697575,,,,13.0,6.0,-11.0,0.0,0.0,0.0,0.0,0.0,0.0,0.0,0.0,0.0,-40.0,40.0,-263.27731514697575,13.0,6.0,-11.0,0.25,2.0,False,False,False,disabled
2026-06-06_run02_reverse_grid_3x3_pm40_off_r01,19200,19203,3,-40.0,40.0,-263.27731514697575,,,,13.0,6.0,-11.0,0.0,0.0,0.0,0.0,0.0,0.0,0.0,0.0,0.0,-40.0,40.0,-263.27731514697575,13.0,6.0,-11.0,0.25,2.0,False,False,False,disabled
2026-06-06_run02_reverse_grid_3x3_pm40_off_r01,19300,19328,28,-40.0,40.0,-263.27731514697575,,,,13.0,6.0,-11.0,0.0,0.0,0.0,0.0,0.0,0.0,0.0,0.0,0.0,-40.0,40.0,-263.27731514697575,13.0,6.0,-11.0,0.25,2.0,False,False,False,disabled
2026-06-06_run02_reverse_grid_3x3_pm40_off_r01,19400,19406,6,-40.0,40.0,-263.27731514697575,,,,13.0,6.0,-11.0,0.0,0.0,0.0,0.0,0.0,0.0,0.0,0.0,0.0,-40.0,40.0,-263.27731514697575,13.0,6.0,-11.0,0.25,2.0,False,False,False,disabled
2026-06-06_run02_reverse_grid_3x3_pm40_off_r01,19500,19500,0,-40.0,40.0,-263.27731514697575,,,,13.0,6.0,-11.0,0.0,0.0,0.0,0.0,0.0,0.0,0.0,0.0,0.0,-40.0,40.0,-263.27731514697575,13.0,6.0,-11.0,0.25,2.0,False,False,True,disabled
2026-06-06_run02_reverse_grid_3x3_pm40_off_r01,19600,19610,10,-40.0,40.0,-263.27731514697575,,,,13.0,6.0,-11.0,0.0,0.0,0.0,0.0,0.0,0.0,0.0,0.0,0.0,-40.0,40.0,-263.27731514697575,13.0,6.0,-11.0,0.25,2.0,False,False,False,disabled
2026-06-06_run02_reverse_grid_3x3_pm40_off_r01,19700,19703,3,-40.0,40.0,-263.27731514697575,,,,13.0,6.0,-11.0,0.0,0.0,0.0,0.0,0.0,0.0,0.0,0.0,0.0,-40.0,40.0,-263.27731514697575,13.0,6.0,-11.0,0.25,2.0,False,False,False,disabled
2026-06-06_run02_reverse_grid_3x3_pm40_off_r01,19800,19813,13,-40.0,40.0,-263.27731514697575,,,,13.0,6.0,-11.0,0.0,0.0,0.0,0.0,0.0,0.0,0.0,0.0,0.0,-40.0,40.0,-263.27731514697575,13.0,6.0,-11.0,0.25,2.0,False,False,False,disabled
2026-06-06_run02_reverse_grid_3x3_pm40_off_r01,19900,19906,6,-40.0,40.0,-263.27731514697575,,,,13.0,6.0,-11.0,0.0,0.0,0.0,0.0,0.0,0.0,0.0,0.0,0.0,-40.0,40.0,-263.27731514697575,13.0,6.0,-11.0,0.25,2.0,False,False,False,disabled
2026-06-06_run02_reverse_grid_3x3_pm40_off_r01,20000,20000,0,40.0,0.0,-263.27731514697575,,,,1.0,-7.0,10.0,0.0,0.0,0.0,0.0,0.0,0.0,0.0,0.0,0.0,40.0,0.0,-263.27731514697575,1.0,-7.0,10.0,0.25,2.0,False,False,True,disabled
2026-06-06_run02_reverse_grid_3x3_pm40_off_r01,20100,20110,10,40.0,0.0,-263.27731514697575,,,,1.0,-7.0,10.0,0.0,0.0,0.0,0.0,0.0,0.0,0.0,0.0,0.0,40.0,0.0,-263.27731514697575,1.0,-7.0,10.0,0.25,2.0,False,False,False,disabled
2026-06-06_run02_reverse_grid_3x3_pm40_off_r01,20200,20203,3,40.0,0.0,-263.27731514697575,,,,1.0,-7.0,10.0,0.0,0.0,0.0,0.0,0.0,0.0,0.0,0.0,0.0,40.0,0.0,-263.27731514697575,1.0,-7.0,10.0,0.25,2.0,False,False,False,disabled
2026-06-06_run02_reverse_grid_3x3_pm40_off_r01,20300,20313,13,40.0,0.0,-263.27731514697575,,,,1.0,-7.0,10.0,0.0,0.0,0.0,0.0,0.0,0.0,0.0,0.0,0.0,40.0,0.0,-263.27731514697575,1.0,-7.0,10.0,0.25,2.0,False,False,False,disabled
2026-06-06_run02_reverse_grid_3x3_pm40_off_r01,20400,20406,6,40.0,0.0,-263.27731514697575,,,,1.0,-7.0,10.0,0.0,0.0,0.0,0.0,0.0,0.0,0.0,0.0,0.0,40.0,0.0,-263.27731514697575,1.0,-7.0,10.0,0.25,2.0,False,False,False,disabled
2026-06-06_run02_reverse_grid_3x3_pm40_off_r01,20500,20500,0,40.0,0.0,-263.27731514697575,,,,1.0,-7.0,10.0,0.0,0.0,0.0,0.0,0.0,0.0,0.0,0.0,0.0,40.0,0.0,-263.27731514697575,1.0,-7.0,10.0,0.25,2.0,False,False,True,disabled
2026-06-06_run02_reverse_grid_3x3_pm40_off_r01,20600,20610,10,40.0,0.0,-263.27731514697575,,,,1.0,-7.0,10.0,0.0,0.0,0.0,0.0,0.0,0.0,0.0,0.0,0.0,40.0,0.0,-263.27731514697575,1.0,-7.0,10.0,0.25,2.0,False,False,False,disabled
2026-06-06_run02_reverse_grid_3x3_pm40_off_r01,20700,20703,3,40.0,0.0,-263.27731514697575,,,,1.0,-7.0,10.0,0.0,0.0,0.0,0.0,0.0,0.0,0.0,0.0,0.0,40.0,0.0,-263.27731514697575,1.0,-7.0,10.0,0.25,2.0,False,False,False,disabled
2026-06-06_run02_reverse_grid_3x3_pm40_off_r01,20800,20813,13,40.0,0.0,-263.27731514697575,,,,1.0,-7.0,10.0,0.0,0.0,0.0,0.0,0.0,0.0,0.0,0.0,0.0,40.0,0.0,-263.27731514697575,1.0,-7.0,10.0,0.25,2.0,False,False,False,disabled
2026-06-06_run02_reverse_grid_3x3_pm40_off_r01,20900,20906,6,40.0,0.0,-263.27731514697575,,,,1.0,-7.0,10.0,0.0,0.0,0.0,0.0,0.0,0.0,0.0,0.0,0.0,40.0,0.0,-263.27731514697575,1.0,-7.0,10.0,0.25,2.0,False,False,False,disabled
2026-06-06_run02_reverse_grid_3x3_pm40_off_r01,21000,21000,0,40.0,0.0,-263.27731514697575,,,,1.0,-7.0,10.0,0.0,0.0,0.0,0.0,0.0,0.0,0.0,0.0,0.0,40.0,0.0,-263.27731514697575,1.0,-7.0,10.0,0.25,2.0,False,False,True,disabled
2026-06-06_run02_reverse_grid_3x3_pm40_off_r01,21100,21110,10,40.0,0.0,-263.27731514697575,,,,1.0,-7.0,10.0,0.0,0.0,0.0,0.0,0.0,0.0,0.0,0.0,0.0,40.0,0.0,-263.27731514697575,1.0,-7.0,10.0,0.25,2.0,False,False,False,disabled
2026-06-06_run02_reverse_grid_3x3_pm40_off_r01,21200,21203,3,40.0,0.0,-263.27731514697575,,,,1.0,-7.0,10.0,0.0,0.0,0.0,0.0,0.0,0.0,0.0,0.0,0.0,40.0,0.0,-263.27731514697575,1.0,-7.0,10.0,0.25,2.0,False,False,False,disabled
2026-06-06_run02_reverse_grid_3x3_pm40_off_r01,21300,21313,13,40.0,0.0,-263.27731514697575,,,,1.0,-7.0,10.0,0.0,0.0,0.0,0.0,0.0,0.0,0.0,0.0,0.0,40.0,0.0,-263.27731514697575,1.0,-7.0,10.0,0.25,2.0,False,False,False,disabled
2026-06-06_run02_reverse_grid_3x3_pm40_off_r01,21400,21406,6,40.0,0.0,-263.27731514697575,,,,1.0,-7.0,10.0,0.0,0.0,0.0,0.0,0.0,0.0,0.0,0.0,0.0,40.0,0.0,-263.27731514697575,1.0,-7.0,10.0,0.25,2.0,False,False,False,disabled
2026-06-06_run02_reverse_grid_3x3_pm40_off_r01,21500,21500,0,40.0,0.0,-263.27731514697575,,,,1.0,-7.0,10.0,0.0,0.0,0.0,0.0,0.0,0.0,0.0,0.0,0.0,40.0,0.0,-263.27731514697575,1.0,-7.0,10.0,0.25,2.0,False,False,True,disabled
2026-06-06_run02_reverse_grid_3x3_pm40_off_r01,21600,21610,10,40.0,0.0,-263.27731514697575,,,,1.0,-7.0,10.0,0.0,0.0,0.0,0.0,0.0,0.0,0.0,0.0,0.0,40.0,0.0,-263.27731514697575,1.0,-7.0,10.0,0.25,2.0,False,False,False,disabled
2026-06-06_run02_reverse_grid_3x3_pm40_off_r01,21700,21703,3,40.0,0.0,-263.27731514697575,,,,1.0,-7.0,10.0,0.0,0.0,0.0,0.0,0.0,0.0,0.0,0.0,0.0,40.0,0.0,-263.27731514697575,1.0,-7.0,10.0,0.25,2.0,False,False,False,disabled
2026-06-06_run02_reverse_grid_3x3_pm40_off_r01,21800,21813,13,40.0,0.0,-263.27731514697575,,,,1.0,-7.0,10.0,0.0,0.0,0.0,0.0,0.0,0.0,0.0,0.0,0.0,40.0,0.0,-263.27731514697575,1.0,-7.0,10.0,0.25,2.0,False,False,False,disabled
2026-06-06_run02_reverse_grid_3x3_pm40_off_r01,21900,21906,6,40.0,0.0,-263.27731514697575,,,,1.0,-7.0,10.0,0.0,0.0,0.0,0.0,0.0,0.0,0.0,0.0,0.0,40.0,0.0,-263.27731514697575,1.0,-7.0,10.0,0.25,2.0,False,False,False,disabled
2026-06-06_run02_reverse_grid_3x3_pm40_off_r01,22000,22000,0,40.0,0.0,-263.27731514697575,,,,1.0,-7.0,10.0,0.0,0.0,0.0,0.0,0.0,0.0,0.0,0.0,0.0,40.0,0.0,-263.27731514697575,1.0,-7.0,10.0,0.25,2.0,False,False,True,disabled
2026-06-06_run02_reverse_grid_3x3_pm40_off_r01,22100,22110,10,40.0,0.0,-263.27731514697575,,,,1.0,-7.0,10.0,0.0,0.0,0.0,0.0,0.0,0.0,0.0,0.0,0.0,40.0,0.0,-263.27731514697575,1.0,-7.0,10.0,0.25,2.0,False,False,False,disabled
2026-06-06_run02_reverse_grid_3x3_pm40_off_r01,22200,22203,3,40.0,0.0,-263.27731514697575,,,,1.0,-7.0,10.0,0.0,0.0,0.0,0.0,0.0,0.0,0.0,0.0,0.0,40.0,0.0,-263.27731514697575,1.0,-7.0,10.0,0.25,2.0,False,False,False,disabled
2026-06-06_run02_reverse_grid_3x3_pm40_off_r01,22300,22313,13,40.0,0.0,-263.27731514697575,,,,1.0,-7.0,10.0,0.0,0.0,0.0,0.0,0.0,0.0,0.0,0.0,0.0,40.0,0.0,-263.27731514697575,1.0,-7.0,10.0,0.25,2.0,False,False,False,disabled
2026-06-06_run02_reverse_grid_3x3_pm40_off_r01,22400,22406,6,40.0,0.0,-263.27731514697575,,,,1.0,-7.0,10.0,0.0,0.0,0.0,0.0,0.0,0.0,0.0,0.0,0.0,40.0,0.0,-263.27731514697575,1.0,-7.0,10.0,0.25,2.0,False,False,False,disabled
2026-06-06_run02_reverse_grid_3x3_pm40_off_r01,22500,22500,0,40.0,0.0,-263.27731514697575,,,,1.0,-7.0,10.0,0.0,0.0,0.0,0.0,0.0,0.0,0.0,0.0,0.0,40.0,0.0,-263.27731514697575,1.0,-7.0,10.0,0.25,2.0,False,False,True,disabled
2026-06-06_run02_reverse_grid_3x3_pm40_off_r01,22600,22610,10,40.0,0.0,-263.27731514697575,,,,1.0,-7.0,10.0,0.0,0.0,0.0,0.0,0.0,0.0,0.0,0.0,0.0,40.0,0.0,-263.27731514697575,1.0,-7.0,10.0,0.25,2.0,False,False,False,disabled
2026-06-06_run02_reverse_grid_3x3_pm40_off_r01,22700,22703,3,40.0,0.0,-263.27731514697575,,,,1.0,-7.0,10.0,0.0,0.0,0.0,0.0,0.0,0.0,0.0,0.0,0.0,40.0,0.0,-263.27731514697575,1.0,-7.0,10.0,0.25,2.0,False,False,False,disabled
2026-06-06_run02_reverse_grid_3x3_pm40_off_r01,22800,22813,13,40.0,0.0,-263.27731514697575,,,,1.0,-7.0,10.0,0.0,0.0,0.0,0.0,0.0,0.0,0.0,0.0,0.0,40.0,0.0,-263.27731514697575,1.0,-7.0,10.0,0.25,2.0,False,False,False,disabled
2026-06-06_run02_reverse_grid_3x3_pm40_off_r01,22900,22906,6,40.0,0.0,-263.27731514697575,,,,1.0,-7.0,10.0,0.0,0.0,0.0,0.0,0.0,0.0,0.0,0.0,0.0,40.0,0.0,-263.27731514697575,1.0,-7.0,10.0,0.25,2.0,False,False,False,disabled
2026-06-06_run02_reverse_grid_3x3_pm40_off_r01,23000,23000,0,40.0,0.0,-263.27731514697575,,,,1.0,-7.0,10.0,0.0,0.0,0.0,0.0,0.0,0.0,0.0,0.0,0.0,40.0,0.0,-263.27731514697575,1.0,-7.0,10.0,0.25,2.0,False,False,True,disabled
2026-06-06_run02_reverse_grid_3x3_pm40_off_r01,23100,23110,10,40.0,0.0,-263.27731514697575,,,,1.0,-7.0,10.0,0.0,0.0,0.0,0.0,0.0,0.0,0.0,0.0,0.0,40.0,0.0,-263.27731514697575,1.0,-7.0,10.0,0.25,2.0,False,False,False,disabled
2026-06-06_run02_reverse_grid_3x3_pm40_off_r01,23200,23203,3,40.0,0.0,-263.27731514697575,,,,1.0,-7.0,10.0,0.0,0.0,0.0,0.0,0.0,0.0,0.0,0.0,0.0,40.0,0.0,-263.27731514697575,1.0,-7.0,10.0,0.25,2.0,False,False,False,disabled
2026-06-06_run02_reverse_grid_3x3_pm40_off_r01,23300,23313,13,40.0,0.0,-263.27731514697575,,,,1.0,-7.0,10.0,0.0,0.0,0.0,0.0,0.0,0.0,0.0,0.0,0.0,40.0,0.0,-263.27731514697575,1.0,-7.0,10.0,0.25,2.0,False,False,False,disabled
2026-06-06_run02_reverse_grid_3x3_pm40_off_r01,23400,23406,6,40.0,0.0,-263.27731514697575,,,,1.0,-7.0,10.0,0.0,0.0,0.0,0.0,0.0,0.0,0.0,0.0,0.0,40.0,0.0,-263.27731514697575,1.0,-7.0,10.0,0.25,2.0,False,False,False,disabled
2026-06-06_run02_reverse_grid_3x3_pm40_off_r01,23500,23500,0,40.0,0.0,-263.27731514697575,,,,1.0,-7.0,10.0,0.0,0.0,0.0,0.0,0.0,0.0,0.0,0.0,0.0,40.0,0.0,-263.27731514697575,1.0,-7.0,10.0,0.25,2.0,False,False,True,disabled
2026-06-06_run02_reverse_grid_3x3_pm40_off_r01,23600,23610,10,40.0,0.0,-263.27731514697575,,,,1.0,-7.0,10.0,0.0,0.0,0.0,0.0,0.0,0.0,0.0,0.0,0.0,40.0,0.0,-263.27731514697575,1.0,-7.0,10.0,0.25,2.0,False,False,False,disabled
2026-06-06_run02_reverse_grid_3x3_pm40_off_r01,23700,23703,3,40.0,0.0,-263.27731514697575,,,,1.0,-7.0,10.0,0.0,0.0,0.0,0.0,0.0,0.0,0.0,0.0,0.0,40.0,0.0,-263.27731514697575,1.0,-7.0,10.0,0.25,2.0,False,False,False,disabled
2026-06-06_run02_reverse_grid_3x3_pm40_off_r01,23800,23813,13,40.0,0.0,-263.27731514697575,,,,1.0,-7.0,10.0,0.0,0.0,0.0,0.0,0.0,0.0,0.0,0.0,0.0,40.0,0.0,-263.27731514697575,1.0,-7.0,10.0,0.25,2.0,False,False,False,disabled
2026-06-06_run02_reverse_grid_3x3_pm40_off_r01,23900,23922,22,40.0,0.0,-263.27731514697575,,,,1.0,-7.0,10.0,0.0,0.0,0.0,0.0,0.0,0.0,0.0,0.0,0.0,40.0,0.0,-263.27731514697575,1.0,-7.0,10.0,0.25,2.0,False,False,False,disabled
2026-06-06_run02_reverse_grid_3x3_pm40_off_r01,24000,24000,0,40.0,0.0,-263.27731514697575,,,,1.0,-7.0,10.0,0.0,0.0,0.0,0.0,0.0,0.0,0.0,0.0,0.0,40.0,0.0,-263.27731514697575,1.0,-7.0,10.0,0.25,2.0,False,False,True,disabled
2026-06-06_run02_reverse_grid_3x3_pm40_off_r01,24100,24110,10,40.0,0.0,-263.27731514697575,,,,1.0,-7.0,10.0,0.0,0.0,0.0,0.0,0.0,0.0,0.0,0.0,0.0,40.0,0.0,-263.27731514697575,1.0,-7.0,10.0,0.25,2.0,False,False,False,disabled
2026-06-06_run02_reverse_grid_3x3_pm40_off_r01,24200,24203,3,40.0,0.0,-263.27731514697575,,,,1.0,-7.0,10.0,0.0,0.0,0.0,0.0,0.0,0.0,0.0,0.0,0.0,40.0,0.0,-263.27731514697575,1.0,-7.0,10.0,0.25,2.0,False,False,False,disabled
2026-06-06_run02_reverse_grid_3x3_pm40_off_r01,24300,24313,13,40.0,0.0,-263.27731514697575,,,,1.0,-7.0,10.0,0.0,0.0,0.0,0.0,0.0,0.0,0.0,0.0,0.0,40.0,0.0,-263.27731514697575,1.0,-7.0,10.0,0.25,2.0,False,False,False,disabled
2026-06-06_run02_reverse_grid_3x3_pm40_off_r01,24400,24406,6,40.0,0.0,-263.27731514697575,,,,1.0,-7.0,10.0,0.0,0.0,0.0,0.0,0.0,0.0,0.0,0.0,0.0,40.0,0.0,-263.27731514697575,1.0,-7.0,10.0,0.25,2.0,False,False,False,disabled
2026-06-06_run02_reverse_grid_3x3_pm40_off_r01,24500,24500,0,40.0,0.0,-263.27731514697575,,,,1.0,-7.0,10.0,0.0,0.0,0.0,0.0,0.0,0.0,0.0,0.0,0.0,40.0,0.0,-263.27731514697575,1.0,-7.0,10.0,0.25,2.0,False,False,True,disabled
2026-06-06_run02_reverse_grid_3x3_pm40_off_r01,24600,24610,10,40.0,0.0,-263.27731514697575,,,,1.0,-7.0,10.0,0.0,0.0,0.0,0.0,0.0,0.0,0.0,0.0,0.0,40.0,0.0,-263.27731514697575,1.0,-7.0,10.0,0.25,2.0,False,False,False,disabled
2026-06-06_run02_reverse_grid_3x3_pm40_off_r01,24700,24703,3,40.0,0.0,-263.27731514697575,,,,1.0,-7.0,10.0,0.0,0.0,0.0,0.0,0.0,0.0,0.0,0.0,0.0,40.0,0.0,-263.27731514697575,1.0,-7.0,10.0,0.25,2.0,False,False,False,disabled
2026-06-06_run02_reverse_grid_3x3_pm40_off_r01,24800,24813,13,40.0,0.0,-263.27731514697575,,,,1.0,-7.0,10.0,0.0,0.0,0.0,0.0,0.0,0.0,0.0,0.0,0.0,40.0,0.0,-263.27731514697575,1.0,-7.0,10.0,0.25,2.0,False,False,False,disabled
2026-06-06_run02_reverse_grid_3x3_pm40_off_r01,24900,24906,6,40.0,0.0,-263.27731514697575,,,,1.0,-7.0,10.0,0.0,0.0,0.0,0.0,0.0,0.0,0.0,0.0,0.0,40.0,0.0,-263.27731514697575,1.0,-7.0,10.0,0.25,2.0,False,False,False,disabled
2026-06-06_run02_reverse_grid_3x3_pm40_off_r01,25000,25000,0,0.0,0.0,-263.27731514697575,,,,0.0,0.0,0.0,0.0,0.0,0.0,0.0,0.0,0.0,0.0,0.0,0.0,0.0,0.0,-263.27731514697575,0.0,0.0,0.0,0.25,2.0,False,False,True,disabled
2026-06-06_run02_reverse_grid_3x3_pm40_off_r01,25100,25110,10,0.0,0.0,-263.27731514697575,,,,0.0,0.0,0.0,0.0,0.0,0.0,0.0,0.0,0.0,0.0,0.0,0.0,0.0,0.0,-263.27731514697575,0.0,0.0,0.0,0.25,2.0,False,False,False,disabled
2026-06-06_run02_reverse_grid_3x3_pm40_off_r01,25200,25203,3,0.0,0.0,-263.27731514697575,,,,0.0,0.0,0.0,0.0,0.0,0.0,0.0,0.0,0.0,0.0,0.0,0.0,0.0,0.0,-263.27731514697575,0.0,0.0,0.0,0.25,2.0,False,False,False,disabled
2026-06-06_run02_reverse_grid_3x3_pm40_off_r01,25300,25313,13,0.0,0.0,-263.27731514697575,,,,0.0,0.0,0.0,0.0,0.0,0.0,0.0,0.0,0.0,0.0,0.0,0.0,0.0,0.0,-263.27731514697575,0.0,0.0,0.0,0.25,2.0,False,False,False,disabled
2026-06-06_run02_reverse_grid_3x3_pm40_off_r01,25400,25406,6,0.0,0.0,-263.27731514697575,,,,0.0,0.0,0.0,0.0,0.0,0.0,0.0,0.0,0.0,0.0,0.0,0.0,0.0,0.0,-263.27731514697575,0.0,0.0,0.0,0.25,2.0,False,False,False,disabled
2026-06-06_run02_reverse_grid_3x3_pm40_off_r01,25500,25500,0,0.0,0.0,-263.27731514697575,,,,0.0,0.0,0.0,0.0,0.0,0.0,0.0,0.0,0.0,0.0,0.0,0.0,0.0,0.0,-263.27731514697575,0.0,0.0,0.0,0.25,2.0,False,False,True,disabled
2026-06-06_run02_reverse_grid_3x3_pm40_off_r01,25600,25610,10,0.0,0.0,-263.27731514697575,,,,0.0,0.0,0.0,0.0,0.0,0.0,0.0,0.0,0.0,0.0,0.0,0.0,0.0,0.0,-263.27731514697575,0.0,0.0,0.0,0.25,2.0,False,False,False,disabled
2026-06-06_run02_reverse_grid_3x3_pm40_off_r01,25700,25703,3,0.0,0.0,-263.27731514697575,,,,0.0,0.0,0.0,0.0,0.0,0.0,0.0,0.0,0.0,0.0,0.0,0.0,0.0,0.0,-263.27731514697575,0.0,0.0,0.0,0.25,2.0,False,False,False,disabled
2026-06-06_run02_reverse_grid_3x3_pm40_off_r01,25800,25813,13,0.0,0.0,-263.27731514697575,,,,0.0,0.0,0.0,0.0,0.0,0.0,0.0,0.0,0.0,0.0,0.0,0.0,0.0,0.0,-263.27731514697575,0.0,0.0,0.0,0.25,2.0,False,False,False,disabled
2026-06-06_run02_reverse_grid_3x3_pm40_off_r01,25900,25906,6,0.0,0.0,-263.27731514697575,,,,0.0,0.0,0.0,0.0,0.0,0.0,0.0,0.0,0.0,0.0,0.0,0.0,0.0,0.0,-263.27731514697575,0.0,0.0,0.0,0.25,2.0,False,False,False,disabled
2026-06-06_run02_reverse_grid_3x3_pm40_off_r01,26000,26000,0,0.0,0.0,-263.27731514697575,,,,0.0,0.0,0.0,0.0,0.0,0.0,0.0,0.0,0.0,0.0,0.0,0.0,0.0,0.0,-263.27731514697575,0.0,0.0,0.0,0.25,2.0,False,False,True,disabled
2026-06-06_run02_reverse_grid_3x3_pm40_off_r01,26100,26110,10,0.0,0.0,-263.27731514697575,,,,0.0,0.0,0.0,0.0,0.0,0.0,0.0,0.0,0.0,0.0,0.0,0.0,0.0,0.0,-263.27731514697575,0.0,0.0,0.0,0.25,2.0,False,False,False,disabled
2026-06-06_run02_reverse_grid_3x3_pm40_off_r01,26200,26203,3,0.0,0.0,-263.27731514697575,,,,0.0,0.0,0.0,0.0,0.0,0.0,0.0,0.0,0.0,0.0,0.0,0.0,0.0,0.0,-263.27731514697575,0.0,0.0,0.0,0.25,2.0,False,False,False,disabled
2026-06-06_run02_reverse_grid_3x3_pm40_off_r01,26300,26313,13,0.0,0.0,-263.27731514697575,,,,0.0,0.0,0.0,0.0,0.0,0.0,0.0,0.0,0.0,0.0,0.0,0.0,0.0,0.0,-263.27731514697575,0.0,0.0,0.0,0.25,2.0,False,False,False,disabled
2026-06-06_run02_reverse_grid_3x3_pm40_off_r01,26400,26406,6,0.0,0.0,-263.27731514697575,,,,0.0,0.0,0.0,0.0,0.0,0.0,0.0,0.0,0.0,0.0,0.0,0.0,0.0,0.0,-263.27731514697575,0.0,0.0,0.0,0.25,2.0,False,False,False,disabled
2026-06-06_run02_reverse_grid_3x3_pm40_off_r01,26500,26500,0,0.0,0.0,-263.27731514697575,,,,0.0,0.0,0.0,0.0,0.0,0.0,0.0,0.0,0.0,0.0,0.0,0.0,0.0,0.0,-263.27731514697575,0.0,0.0,0.0,0.25,2.0,False,False,True,disabled
2026-06-06_run02_reverse_grid_3x3_pm40_off_r01,26600,26610,10,0.0,0.0,-263.27731514697575,,,,0.0,0.0,0.0,0.0,0.0,0.0,0.0,0.0,0.0,0.0,0.0,0.0,0.0,0.0,-263.27731514697575,0.0,0.0,0.0,0.25,2.0,False,False,False,disabled
2026-06-06_run02_reverse_grid_3x3_pm40_off_r01,26700,26703,3,0.0,0.0,-263.27731514697575,,,,0.0,0.0,0.0,0.0,0.0,0.0,0.0,0.0,0.0,0.0,0.0,0.0,0.0,0.0,-263.27731514697575,0.0,0.0,0.0,0.25,2.0,False,False,False,disabled
2026-06-06_run02_reverse_grid_3x3_pm40_off_r01,26800,26813,13,0.0,0.0,-263.27731514697575,,,,0.0,0.0,0.0,0.0,0.0,0.0,0.0,0.0,0.0,0.0,0.0,0.0,0.0,0.0,-263.27731514697575,0.0,0.0,0.0,0.25,2.0,False,False,False,disabled
2026-06-06_run02_reverse_grid_3x3_pm40_off_r01,26900,26906,6,0.0,0.0,-263.27731514697575,,,,0.0,0.0,0.0,0.0,0.0,0.0,0.0,0.0,0.0,0.0,0.0,0.0,0.0,0.0,-263.27731514697575,0.0,0.0,0.0,0.25,2.0,False,False,False,disabled
2026-06-06_run02_reverse_grid_3x3_pm40_off_r01,27000,27000,0,0.0,0.0,-263.27731514697575,,,,0.0,0.0,0.0,0.0,0.0,0.0,0.0,0.0,0.0,0.0,0.0,0.0,0.0,0.0,-263.27731514697575,0.0,0.0,0.0,0.25,2.0,False,False,True,disabled
2026-06-06_run02_reverse_grid_3x3_pm40_off_r01,27100,27110,10,0.0,0.0,-263.27731514697575,,,,0.0,0.0,0.0,0.0,0.0,0.0,0.0,0.0,0.0,0.0,0.0,0.0,0.0,0.0,-263.27731514697575,0.0,0.0,0.0,0.25,2.0,False,False,False,disabled
2026-06-06_run02_reverse_grid_3x3_pm40_off_r01,27200,27203,3,0.0,0.0,-263.27731514697575,,,,0.0,0.0,0.0,0.0,0.0,0.0,0.0,0.0,0.0,0.0,0.0,0.0,0.0,0.0,-263.27731514697575,0.0,0.0,0.0,0.25,2.0,False,False,False,disabled
2026-06-06_run02_reverse_grid_3x3_pm40_off_r01,27300,27313,13,0.0,0.0,-263.27731514697575,,,,0.0,0.0,0.0,0.0,0.0,0.0,0.0,0.0,0.0,0.0,0.0,0.0,0.0,0.0,-263.27731514697575,0.0,0.0,0.0,0.25,2.0,False,False,False,disabled
2026-06-06_run02_reverse_grid_3x3_pm40_off_r01,27400,27406,6,0.0,0.0,-263.27731514697575,,,,0.0,0.0,0.0,0.0,0.0,0.0,0.0,0.0,0.0,0.0,0.0,0.0,0.0,0.0,-263.27731514697575,0.0,0.0,0.0,0.25,2.0,False,False,False,disabled
2026-06-06_run02_reverse_grid_3x3_pm40_off_r01,27500,27500,0,0.0,0.0,-263.27731514697575,,,,0.0,0.0,0.0,0.0,0.0,0.0,0.0,0.0,0.0,0.0,0.0,0.0,0.0,0.0,-263.27731514697575,0.0,0.0,0.0,0.25,2.0,False,False,True,disabled
2026-06-06_run02_reverse_grid_3x3_pm40_off_r01,27600,27610,10,0.0,0.0,-263.27731514697575,,,,0.0,0.0,0.0,0.0,0.0,0.0,0.0,0.0,0.0,0.0,0.0,0.0,0.0,0.0,-263.27731514697575,0.0,0.0,0.0,0.25,2.0,False,False,False,disabled
2026-06-06_run02_reverse_grid_3x3_pm40_off_r01,27700,27703,3,0.0,0.0,-263.27731514697575,,,,0.0,0.0,0.0,0.0,0.0,0.0,0.0,0.0,0.0,0.0,0.0,0.0,0.0,0.0,-263.27731514697575,0.0,0.0,0.0,0.25,2.0,False,False,False,disabled
2026-06-06_run02_reverse_grid_3x3_pm40_off_r01,27800,27813,13,0.0,0.0,-263.27731514697575,,,,0.0,0.0,0.0,0.0,0.0,0.0,0.0,0.0,0.0,0.0,0.0,0.0,0.0,0.0,-263.27731514697575,0.0,0.0,0.0,0.25,2.0,False,False,False,disabled
2026-06-06_run02_reverse_grid_3x3_pm40_off_r01,27900,27906,6,0.0,0.0,-263.27731514697575,,,,0.0,0.0,0.0,0.0,0.0,0.0,0.0,0.0,0.0,0.0,0.0,0.0,0.0,0.0,-263.27731514697575,0.0,0.0,0.0,0.25,2.0,False,False,False,disabled
2026-06-06_run02_reverse_grid_3x3_pm40_off_r01,28000,28000,0,0.0,0.0,-263.27731514697575,,,,0.0,0.0,0.0,0.0,0.0,0.0,0.0,0.0,0.0,0.0,0.0,0.0,0.0,0.0,-263.27731514697575,0.0,0.0,0.0,0.25,2.0,False,False,True,disabled
2026-06-06_run02_reverse_grid_3x3_pm40_off_r01,28100,28110,10,0.0,0.0,-263.27731514697575,,,,0.0,0.0,0.0,0.0,0.0,0.0,0.0,0.0,0.0,0.0,0.0,0.0,0.0,0.0,-263.27731514697575,0.0,0.0,0.0,0.25,2.0,False,False,False,disabled
2026-06-06_run02_reverse_grid_3x3_pm40_off_r01,28200,28203,3,0.0,0.0,-263.27731514697575,,,,0.0,0.0,0.0,0.0,0.0,0.0,0.0,0.0,0.0,0.0,0.0,0.0,0.0,0.0,-263.27731514697575,0.0,0.0,0.0,0.25,2.0,False,False,False,disabled
2026-06-06_run02_reverse_grid_3x3_pm40_off_r01,28300,28313,13,0.0,0.0,-263.27731514697575,,,,0.0,0.0,0.0,0.0,0.0,0.0,0.0,0.0,0.0,0.0,0.0,0.0,0.0,0.0,-263.27731514697575,0.0,0.0,0.0,0.25,2.0,False,False,False,disabled
2026-06-06_run02_reverse_grid_3x3_pm40_off_r01,28400,28406,6,0.0,0.0,-263.27731514697575,,,,0.0,0.0,0.0,0.0,0.0,0.0,0.0,0.0,0.0,0.0,0.0,0.0,0.0,0.0,-263.27731514697575,0.0,0.0,0.0,0.25,2.0,False,False,False,disabled
2026-06-06_run02_reverse_grid_3x3_pm40_off_r01,28500,28500,0,0.0,0.0,-263.27731514697575,,,,0.0,0.0,0.0,0.0,0.0,0.0,0.0,0.0,0.0,0.0,0.0,0.0,0.0,0.0,-263.27731514697575,0.0,0.0,0.0,0.25,2.0,False,False,True,disabled
2026-06-06_run02_reverse_grid_3x3_pm40_off_r01,28600,28610,10,0.0,0.0,-263.27731514697575,,,,0.0,0.0,0.0,0.0,0.0,0.0,0.0,0.0,0.0,0.0,0.0,0.0,0.0,0.0,-263.27731514697575,0.0,0.0,0.0,0.25,2.0,False,False,False,disabled
2026-06-06_run02_reverse_grid_3x3_pm40_off_r01,28700,28703,3,0.0,0.0,-263.27731514697575,,,,0.0,0.0,0.0,0.0,0.0,0.0,0.0,0.0,0.0,0.0,0.0,0.0,0.0,0.0,-263.27731514697575,0.0,0.0,0.0,0.25,2.0,False,False,False,disabled
2026-06-06_run02_reverse_grid_3x3_pm40_off_r01,28800,28813,13,0.0,0.0,-263.27731514697575,,,,0.0,0.0,0.0,0.0,0.0,0.0,0.0,0.0,0.0,0.0,0.0,0.0,0.0,0.0,-263.27731514697575,0.0,0.0,0.0,0.25,2.0,False,False,False,disabled
2026-06-06_run02_reverse_grid_3x3_pm40_off_r01,28900,28906,6,0.0,0.0,-263.27731514697575,,,,0.0,0.0,0.0,0.0,0.0,0.0,0.0,0.0,0.0,0.0,0.0,0.0,0.0,0.0,-263.27731514697575,0.0,0.0,0.0,0.25,2.0,False,False,False,disabled
2026-06-06_run02_reverse_grid_3x3_pm40_off_r01,29000,29000,0,0.0,0.0,-263.27731514697575,,,,0.0,0.0,0.0,0.0,0.0,0.0,0.0,0.0,0.0,0.0,0.0,0.0,0.0,0.0,-263.27731514697575,0.0,0.0,0.0,0.25,2.0,False,False,True,disabled
2026-06-06_run02_reverse_grid_3x3_pm40_off_r01,29100,29110,10,0.0,0.0,-263.27731514697575,,,,0.0,0.0,0.0,0.0,0.0,0.0,0.0,0.0,0.0,0.0,0.0,0.0,0.0,0.0,-263.27731514697575,0.0,0.0,0.0,0.25,2.0,False,False,False,disabled
2026-06-06_run02_reverse_grid_3x3_pm40_off_r01,29200,29203,3,0.0,0.0,-263.27731514697575,,,,0.0,0.0,0.0,0.0,0.0,0.0,0.0,0.0,0.0,0.0,0.0,0.0,0.0,0.0,-263.27731514697575,0.0,0.0,0.0,0.25,2.0,False,False,False,disabled
2026-06-06_run02_reverse_grid_3x3_pm40_off_r01,29300,29313,13,0.0,0.0,-263.27731514697575,,,,0.0,0.0,0.0,0.0,0.0,0.0,0.0,0.0,0.0,0.0,0.0,0.0,0.0,0.0,-263.27731514697575,0.0,0.0,0.0,0.25,2.0,False,False,False,disabled
2026-06-06_run02_reverse_grid_3x3_pm40_off_r01,29400,29406,6,0.0,0.0,-263.27731514697575,,,,0.0,0.0,0.0,0.0,0.0,0.0,0.0,0.0,0.0,0.0,0.0,0.0,0.0,0.0,-263.27731514697575,0.0,0.0,0.0,0.25,2.0,False,False,False,disabled
2026-06-06_run02_reverse_grid_3x3_pm40_off_r01,29500,29516,16,0.0,0.0,-263.27731514697575,,,,0.0,0.0,0.0,0.0,0.0,0.0,0.0,0.0,0.0,0.0,0.0,0.0,0.0,0.0,-263.27731514697575,0.0,0.0,0.0,0.25,2.0,False,False,True,disabled
2026-06-06_run02_reverse_grid_3x3_pm40_off_r01,29600,29610,10,0.0,0.0,-263.27731514697575,,,,0.0,0.0,0.0,0.0,0.0,0.0,0.0,0.0,0.0,0.0,0.0,0.0,0.0,0.0,-263.27731514697575,0.0,0.0,0.0,0.25,2.0,False,False,False,disabled
2026-06-06_run02_reverse_grid_3x3_pm40_off_r01,29700,29703,3,0.0,0.0,-263.27731514697575,,,,0.0,0.0,0.0,0.0,0.0,0.0,0.0,0.0,0.0,0.0,0.0,0.0,0.0,0.0,-263.27731514697575,0.0,0.0,0.0,0.25,2.0,False,False,False,disabled
2026-06-06_run02_reverse_grid_3x3_pm40_off_r01,29800,29813,13,0.0,0.0,-263.27731514697575,,,,0.0,0.0,0.0,0.0,0.0,0.0,0.0,0.0,0.0,0.0,0.0,0.0,0.0,0.0,-263.27731514697575,0.0,0.0,0.0,0.25,2.0,False,False,False,disabled
2026-06-06_run02_reverse_grid_3x3_pm40_off_r01,29900,29906,6,0.0,0.0,-263.27731514697575,,,,0.0,0.0,0.0,0.0,0.0,0.0,0.0,0.0,0.0,0.0,0.0,0.0,0.0,0.0,-263.27731514697575,0.0,0.0,0.0,0.25,2.0,False,False,False,disabled
2026-06-06_run02_reverse_grid_3x3_pm40_off_r01,30000,30000,0,-40.0,0.0,-263.27731514697575,,,,1.0,10.0,-7.0,0.0,0.0,0.0,0.0,0.0,0.0,0.0,0.0,0.0,-40.0,0.0,-263.27731514697575,1.0,10.0,-7.0,0.25,2.0,False,False,True,disabled
2026-06-06_run02_reverse_grid_3x3_pm40_off_r01,30100,30110,10,-40.0,0.0,-263.27731514697575,,,,1.0,10.0,-7.0,0.0,0.0,0.0,0.0,0.0,0.0,0.0,0.0,0.0,-40.0,0.0,-263.27731514697575,1.0,10.0,-7.0,0.25,2.0,False,False,False,disabled
2026-06-06_run02_reverse_grid_3x3_pm40_off_r01,30200,30203,3,-40.0,0.0,-263.27731514697575,,,,1.0,10.0,-7.0,0.0,0.0,0.0,0.0,0.0,0.0,0.0,0.0,0.0,-40.0,0.0,-263.27731514697575,1.0,10.0,-7.0,0.25,2.0,False,False,False,disabled
2026-06-06_run02_reverse_grid_3x3_pm40_off_r01,30300,30313,13,-40.0,0.0,-263.27731514697575,,,,1.0,10.0,-7.0,0.0,0.0,0.0,0.0,0.0,0.0,0.0,0.0,0.0,-40.0,0.0,-263.27731514697575,1.0,10.0,-7.0,0.25,2.0,False,False,False,disabled
2026-06-06_run02_reverse_grid_3x3_pm40_off_r01,30400,30406,6,-40.0,0.0,-263.27731514697575,,,,1.0,10.0,-7.0,0.0,0.0,0.0,0.0,0.0,0.0,0.0,0.0,0.0,-40.0,0.0,-263.27731514697575,1.0,10.0,-7.0,0.25,2.0,False,False,False,disabled
2026-06-06_run02_reverse_grid_3x3_pm40_off_r01,30500,30500,0,-40.0,0.0,-263.27731514697575,,,,1.0,10.0,-7.0,0.0,0.0,0.0,0.0,0.0,0.0,0.0,0.0,0.0,-40.0,0.0,-263.27731514697575,1.0,10.0,-7.0,0.25,2.0,False,False,True,disabled
2026-06-06_run02_reverse_grid_3x3_pm40_off_r01,30600,30610,10,-40.0,0.0,-263.27731514697575,,,,1.0,10.0,-7.0,0.0,0.0,0.0,0.0,0.0,0.0,0.0,0.0,0.0,-40.0,0.0,-263.27731514697575,1.0,10.0,-7.0,0.25,2.0,False,False,False,disabled
2026-06-06_run02_reverse_grid_3x3_pm40_off_r01,30700,30703,3,-40.0,0.0,-263.27731514697575,,,,1.0,10.0,-7.0,0.0,0.0,0.0,0.0,0.0,0.0,0.0,0.0,0.0,-40.0,0.0,-263.27731514697575,1.0,10.0,-7.0,0.25,2.0,False,False,False,disabled
2026-06-06_run02_reverse_grid_3x3_pm40_off_r01,30800,30813,13,-40.0,0.0,-263.27731514697575,,,,1.0,10.0,-7.0,0.0,0.0,0.0,0.0,0.0,0.0,0.0,0.0,0.0,-40.0,0.0,-263.27731514697575,1.0,10.0,-7.0,0.25,2.0,False,False,False,disabled
2026-06-06_run02_reverse_grid_3x3_pm40_off_r01,30900,30906,6,-40.0,0.0,-263.27731514697575,,,,1.0,10.0,-7.0,0.0,0.0,0.0,0.0,0.0,0.0,0.0,0.0,0.0,-40.0,0.0,-263.27731514697575,1.0,10.0,-7.0,0.25,2.0,False,False,False,disabled
2026-06-06_run02_reverse_grid_3x3_pm40_off_r01,31000,31000,0,-40.0,0.0,-263.27731514697575,,,,1.0,10.0,-7.0,0.0,0.0,0.0,0.0,0.0,0.0,0.0,0.0,0.0,-40.0,0.0,-263.27731514697575,1.0,10.0,-7.0,0.25,2.0,False,False,True,disabled
2026-06-06_run02_reverse_grid_3x3_pm40_off_r01,31100,31110,10,-40.0,0.0,-263.27731514697575,,,,1.0,10.0,-7.0,0.0,0.0,0.0,0.0,0.0,0.0,0.0,0.0,0.0,-40.0,0.0,-263.27731514697575,1.0,10.0,-7.0,0.25,2.0,False,False,False,disabled
2026-06-06_run02_reverse_grid_3x3_pm40_off_r01,31200,31203,3,-40.0,0.0,-263.27731514697575,,,,1.0,10.0,-7.0,0.0,0.0,0.0,0.0,0.0,0.0,0.0,0.0,0.0,-40.0,0.0,-263.27731514697575,1.0,10.0,-7.0,0.25,2.0,False,False,False,disabled
2026-06-06_run02_reverse_grid_3x3_pm40_off_r01,31300,31313,13,-40.0,0.0,-263.27731514697575,,,,1.0,10.0,-7.0,0.0,0.0,0.0,0.0,0.0,0.0,0.0,0.0,0.0,-40.0,0.0,-263.27731514697575,1.0,10.0,-7.0,0.25,2.0,False,False,False,disabled
2026-06-06_run02_reverse_grid_3x3_pm40_off_r01,31400,31406,6,-40.0,0.0,-263.27731514697575,,,,1.0,10.0,-7.0,0.0,0.0,0.0,0.0,0.0,0.0,0.0,0.0,0.0,-40.0,0.0,-263.27731514697575,1.0,10.0,-7.0,0.25,2.0,False,False,False,disabled
2026-06-06_run02_reverse_grid_3x3_pm40_off_r01,31500,31500,0,-40.0,0.0,-263.27731514697575,,,,1.0,10.0,-7.0,0.0,0.0,0.0,0.0,0.0,0.0,0.0,0.0,0.0,-40.0,0.0,-263.27731514697575,1.0,10.0,-7.0,0.25,2.0,False,False,True,disabled
2026-06-06_run02_reverse_grid_3x3_pm40_off_r01,31600,31610,10,-40.0,0.0,-263.27731514697575,,,,1.0,10.0,-7.0,0.0,0.0,0.0,0.0,0.0,0.0,0.0,0.0,0.0,-40.0,0.0,-263.27731514697575,1.0,10.0,-7.0,0.25,2.0,False,False,False,disabled
2026-06-06_run02_reverse_grid_3x3_pm40_off_r01,31700,31703,3,-40.0,0.0,-263.27731514697575,,,,1.0,10.0,-7.0,0.0,0.0,0.0,0.0,0.0,0.0,0.0,0.0,0.0,-40.0,0.0,-263.27731514697575,1.0,10.0,-7.0,0.25,2.0,False,False,False,disabled
2026-06-06_run02_reverse_grid_3x3_pm40_off_r01,31800,31813,13,-40.0,0.0,-263.27731514697575,,,,1.0,10.0,-7.0,0.0,0.0,0.0,0.0,0.0,0.0,0.0,0.0,0.0,-40.0,0.0,-263.27731514697575,1.0,10.0,-7.0,0.25,2.0,False,False,False,disabled
2026-06-06_run02_reverse_grid_3x3_pm40_off_r01,31900,31906,6,-40.0,0.0,-263.27731514697575,,,,1.0,10.0,-7.0,0.0,0.0,0.0,0.0,0.0,0.0,0.0,0.0,0.0,-40.0,0.0,-263.27731514697575,1.0,10.0,-7.0,0.25,2.0,False,False,False,disabled
2026-06-06_run02_reverse_grid_3x3_pm40_off_r01,32000,32000,0,-40.0,0.0,-263.27731514697575,,,,1.0,10.0,-7.0,0.0,0.0,0.0,0.0,0.0,0.0,0.0,0.0,0.0,-40.0,0.0,-263.27731514697575,1.0,10.0,-7.0,0.25,2.0,False,False,True,disabled
2026-06-06_run02_reverse_grid_3x3_pm40_off_r01,32100,32110,10,-40.0,0.0,-263.27731514697575,,,,1.0,10.0,-7.0,0.0,0.0,0.0,0.0,0.0,0.0,0.0,0.0,0.0,-40.0,0.0,-263.27731514697575,1.0,10.0,-7.0,0.25,2.0,False,False,False,disabled
2026-06-06_run02_reverse_grid_3x3_pm40_off_r01,32200,32203,3,-40.0,0.0,-263.27731514697575,,,,1.0,10.0,-7.0,0.0,0.0,0.0,0.0,0.0,0.0,0.0,0.0,0.0,-40.0,0.0,-263.27731514697575,1.0,10.0,-7.0,0.25,2.0,False,False,False,disabled
2026-06-06_run02_reverse_grid_3x3_pm40_off_r01,32300,32313,13,-40.0,0.0,-263.27731514697575,,,,1.0,10.0,-7.0,0.0,0.0,0.0,0.0,0.0,0.0,0.0,0.0,0.0,-40.0,0.0,-263.27731514697575,1.0,10.0,-7.0,0.25,2.0,False,False,False,disabled
2026-06-06_run02_reverse_grid_3x3_pm40_off_r01,32400,32406,6,-40.0,0.0,-263.27731514697575,,,,1.0,10.0,-7.0,0.0,0.0,0.0,0.0,0.0,0.0,0.0,0.0,0.0,-40.0,0.0,-263.27731514697575,1.0,10.0,-7.0,0.25,2.0,False,False,False,disabled
2026-06-06_run02_reverse_grid_3x3_pm40_off_r01,32500,32500,0,-40.0,0.0,-263.27731514697575,,,,1.0,10.0,-7.0,0.0,0.0,0.0,0.0,0.0,0.0,0.0,0.0,0.0,-40.0,0.0,-263.27731514697575,1.0,10.0,-7.0,0.25,2.0,False,False,True,disabled
2026-06-06_run02_reverse_grid_3x3_pm40_off_r01,32600,32610,10,-40.0,0.0,-263.27731514697575,,,,1.0,10.0,-7.0,0.0,0.0,0.0,0.0,0.0,0.0,0.0,0.0,0.0,-40.0,0.0,-263.27731514697575,1.0,10.0,-7.0,0.25,2.0,False,False,False,disabled
2026-06-06_run02_reverse_grid_3x3_pm40_off_r01,32700,32703,3,-40.0,0.0,-263.27731514697575,,,,1.0,10.0,-7.0,0.0,0.0,0.0,0.0,0.0,0.0,0.0,0.0,0.0,-40.0,0.0,-263.27731514697575,1.0,10.0,-7.0,0.25,2.0,False,False,False,disabled
2026-06-06_run02_reverse_grid_3x3_pm40_off_r01,32800,32813,13,-40.0,0.0,-263.27731514697575,,,,1.0,10.0,-7.0,0.0,0.0,0.0,0.0,0.0,0.0,0.0,0.0,0.0,-40.0,0.0,-263.27731514697575,1.0,10.0,-7.0,0.25,2.0,False,False,False,disabled
2026-06-06_run02_reverse_grid_3x3_pm40_off_r01,32900,32906,6,-40.0,0.0,-263.27731514697575,,,,1.0,10.0,-7.0,0.0,0.0,0.0,0.0,0.0,0.0,0.0,0.0,0.0,-40.0,0.0,-263.27731514697575,1.0,10.0,-7.0,0.25,2.0,False,False,False,disabled
2026-06-06_run02_reverse_grid_3x3_pm40_off_r01,33000,33000,0,-40.0,0.0,-263.27731514697575,,,,1.0,10.0,-7.0,0.0,0.0,0.0,0.0,0.0,0.0,0.0,0.0,0.0,-40.0,0.0,-263.27731514697575,1.0,10.0,-7.0,0.25,2.0,False,False,True,disabled
2026-06-06_run02_reverse_grid_3x3_pm40_off_r01,33100,33110,10,-40.0,0.0,-263.27731514697575,,,,1.0,10.0,-7.0,0.0,0.0,0.0,0.0,0.0,0.0,0.0,0.0,0.0,-40.0,0.0,-263.27731514697575,1.0,10.0,-7.0,0.25,2.0,False,False,False,disabled
2026-06-06_run02_reverse_grid_3x3_pm40_off_r01,33200,33203,3,-40.0,0.0,-263.27731514697575,,,,1.0,10.0,-7.0,0.0,0.0,0.0,0.0,0.0,0.0,0.0,0.0,0.0,-40.0,0.0,-263.27731514697575,1.0,10.0,-7.0,0.25,2.0,False,False,False,disabled
2026-06-06_run02_reverse_grid_3x3_pm40_off_r01,33300,33313,13,-40.0,0.0,-263.27731514697575,,,,1.0,10.0,-7.0,0.0,0.0,0.0,0.0,0.0,0.0,0.0,0.0,0.0,-40.0,0.0,-263.27731514697575,1.0,10.0,-7.0,0.25,2.0,False,False,False,disabled
2026-06-06_run02_reverse_grid_3x3_pm40_off_r01,33400,33406,6,-40.0,0.0,-263.27731514697575,,,,1.0,10.0,-7.0,0.0,0.0,0.0,0.0,0.0,0.0,0.0,0.0,0.0,-40.0,0.0,-263.27731514697575,1.0,10.0,-7.0,0.25,2.0,False,False,False,disabled
2026-06-06_run02_reverse_grid_3x3_pm40_off_r01,33500,33500,0,-40.0,0.0,-263.27731514697575,,,,1.0,10.0,-7.0,0.0,0.0,0.0,0.0,0.0,0.0,0.0,0.0,0.0,-40.0,0.0,-263.27731514697575,1.0,10.0,-7.0,0.25,2.0,False,False,True,disabled
2026-06-06_run02_reverse_grid_3x3_pm40_off_r01,33600,33610,10,-40.0,0.0,-263.27731514697575,,,,1.0,10.0,-7.0,0.0,0.0,0.0,0.0,0.0,0.0,0.0,0.0,0.0,-40.0,0.0,-263.27731514697575,1.0,10.0,-7.0,0.25,2.0,False,False,False,disabled
2026-06-06_run02_reverse_grid_3x3_pm40_off_r01,33700,33703,3,-40.0,0.0,-263.27731514697575,,,,1.0,10.0,-7.0,0.0,0.0,0.0,0.0,0.0,0.0,0.0,0.0,0.0,-40.0,0.0,-263.27731514697575,1.0,10.0,-7.0,0.25,2.0,False,False,False,disabled
2026-06-06_run02_reverse_grid_3x3_pm40_off_r01,33800,33813,13,-40.0,0.0,-263.27731514697575,,,,1.0,10.0,-7.0,0.0,0.0,0.0,0.0,0.0,0.0,0.0,0.0,0.0,-40.0,0.0,-263.27731514697575,1.0,10.0,-7.0,0.25,2.0,False,False,False,disabled
2026-06-06_run02_reverse_grid_3x3_pm40_off_r01,33900,33906,6,-40.0,0.0,-263.27731514697575,,,,1.0,10.0,-7.0,0.0,0.0,0.0,0.0,0.0,0.0,0.0,0.0,0.0,-40.0,0.0,-263.27731514697575,1.0,10.0,-7.0,0.25,2.0,False,False,False,disabled
2026-06-06_run02_reverse_grid_3x3_pm40_off_r01,34000,34000,0,-40.0,0.0,-263.27731514697575,,,,1.0,10.0,-7.0,0.0,0.0,0.0,0.0,0.0,0.0,0.0,0.0,0.0,-40.0,0.0,-263.27731514697575,1.0,10.0,-7.0,0.25,2.0,False,False,True,disabled
2026-06-06_run02_reverse_grid_3x3_pm40_off_r01,34100,34110,10,-40.0,0.0,-263.27731514697575,,,,1.0,10.0,-7.0,0.0,0.0,0.0,0.0,0.0,0.0,0.0,0.0,0.0,-40.0,0.0,-263.27731514697575,1.0,10.0,-7.0,0.25,2.0,False,False,False,disabled
2026-06-06_run02_reverse_grid_3x3_pm40_off_r01,34200,34203,3,-40.0,0.0,-263.27731514697575,,,,1.0,10.0,-7.0,0.0,0.0,0.0,0.0,0.0,0.0,0.0,0.0,0.0,-40.0,0.0,-263.27731514697575,1.0,10.0,-7.0,0.25,2.0,False,False,False,disabled
2026-06-06_run02_reverse_grid_3x3_pm40_off_r01,34300,34313,13,-40.0,0.0,-263.27731514697575,,,,1.0,10.0,-7.0,0.0,0.0,0.0,0.0,0.0,0.0,0.0,0.0,0.0,-40.0,0.0,-263.27731514697575,1.0,10.0,-7.0,0.25,2.0,False,False,False,disabled
2026-06-06_run02_reverse_grid_3x3_pm40_off_r01,34400,34406,6,-40.0,0.0,-263.27731514697575,,,,1.0,10.0,-7.0,0.0,0.0,0.0,0.0,0.0,0.0,0.0,0.0,0.0,-40.0,0.0,-263.27731514697575,1.0,10.0,-7.0,0.25,2.0,False,False,False,disabled
2026-06-06_run02_reverse_grid_3x3_pm40_off_r01,34500,34500,0,-40.0,0.0,-263.27731514697575,,,,1.0,10.0,-7.0,0.0,0.0,0.0,0.0,0.0,0.0,0.0,0.0,0.0,-40.0,0.0,-263.27731514697575,1.0,10.0,-7.0,0.25,2.0,False,False,True,disabled
2026-06-06_run02_reverse_grid_3x3_pm40_off_r01,34600,34610,10,-40.0,0.0,-263.27731514697575,,,,1.0,10.0,-7.0,0.0,0.0,0.0,0.0,0.0,0.0,0.0,0.0,0.0,-40.0,0.0,-263.27731514697575,1.0,10.0,-7.0,0.25,2.0,False,False,False,disabled
2026-06-06_run02_reverse_grid_3x3_pm40_off_r01,34700,34703,3,-40.0,0.0,-263.27731514697575,,,,1.0,10.0,-7.0,0.0,0.0,0.0,0.0,0.0,0.0,0.0,0.0,0.0,-40.0,0.0,-263.27731514697575,1.0,10.0,-7.0,0.25,2.0,False,False,False,disabled
2026-06-06_run02_reverse_grid_3x3_pm40_off_r01,34800,34813,13,-40.0,0.0,-263.27731514697575,,,,1.0,10.0,-7.0,0.0,0.0,0.0,0.0,0.0,0.0,0.0,0.0,0.0,-40.0,0.0,-263.27731514697575,1.0,10.0,-7.0,0.25,2.0,False,False,False,disabled
2026-06-06_run02_reverse_grid_3x3_pm40_off_r01,34900,34906,6,-40.0,0.0,-263.27731514697575,,,,1.0,10.0,-7.0,0.0,0.0,0.0,0.0,0.0,0.0,0.0,0.0,0.0,-40.0,0.0,-263.27731514697575,1.0,10.0,-7.0,0.25,2.0,False,False,False,disabled
2026-06-06_run02_reverse_grid_3x3_pm40_off_r01,35000,35000,0,40.0,-40.0,-263.27731514697575,,,,-7.0,-1.0,16.0,0.0,0.0,0.0,0.0,0.0,0.0,0.0,0.0,0.0,40.0,-40.0,-263.27731514697575,-7.0,-1.0,16.0,0.25,2.0,False,False,True,disabled
2026-06-06_run02_reverse_grid_3x3_pm40_off_r01,35100,35110,10,40.0,-40.0,-263.27731514697575,,,,-7.0,-1.0,16.0,0.0,0.0,0.0,0.0,0.0,0.0,0.0,0.0,0.0,40.0,-40.0,-263.27731514697575,-7.0,-1.0,16.0,0.25,2.0,False,False,False,disabled
2026-06-06_run02_reverse_grid_3x3_pm40_off_r01,35200,35203,3,40.0,-40.0,-263.27731514697575,,,,-7.0,-1.0,16.0,0.0,0.0,0.0,0.0,0.0,0.0,0.0,0.0,0.0,40.0,-40.0,-263.27731514697575,-7.0,-1.0,16.0,0.25,2.0,False,False,False,disabled
2026-06-06_run02_reverse_grid_3x3_pm40_off_r01,35300,35313,13,40.0,-40.0,-263.27731514697575,,,,-7.0,-1.0,16.0,0.0,0.0,0.0,0.0,0.0,0.0,0.0,0.0,0.0,40.0,-40.0,-263.27731514697575,-7.0,-1.0,16.0,0.25,2.0,False,False,False,disabled
2026-06-06_run02_reverse_grid_3x3_pm40_off_r01,35400,35406,6,40.0,-40.0,-263.27731514697575,,,,-7.0,-1.0,16.0,0.0,0.0,0.0,0.0,0.0,0.0,0.0,0.0,0.0,40.0,-40.0,-263.27731514697575,-7.0,-1.0,16.0,0.25,2.0,False,False,False,disabled
2026-06-06_run02_reverse_grid_3x3_pm40_off_r01,35500,35500,0,40.0,-40.0,-263.27731514697575,,,,-7.0,-1.0,16.0,0.0,0.0,0.0,0.0,0.0,0.0,0.0,0.0,0.0,40.0,-40.0,-263.27731514697575,-7.0,-1.0,16.0,0.25,2.0,False,False,True,disabled
2026-06-06_run02_reverse_grid_3x3_pm40_off_r01,35600,35610,10,40.0,-40.0,-263.27731514697575,,,,-7.0,-1.0,16.0,0.0,0.0,0.0,0.0,0.0,0.0,0.0,0.0,0.0,40.0,-40.0,-263.27731514697575,-7.0,-1.0,16.0,0.25,2.0,False,False,False,disabled
2026-06-06_run02_reverse_grid_3x3_pm40_off_r01,35700,35719,19,40.0,-40.0,-263.27731514697575,,,,-7.0,-1.0,16.0,0.0,0.0,0.0,0.0,0.0,0.0,0.0,0.0,0.0,40.0,-40.0,-263.27731514697575,-7.0,-1.0,16.0,0.25,2.0,False,False,False,disabled
2026-06-06_run02_reverse_grid_3x3_pm40_off_r01,35800,35813,13,40.0,-40.0,-263.27731514697575,,,,-7.0,-1.0,16.0,0.0,0.0,0.0,0.0,0.0,0.0,0.0,0.0,0.0,40.0,-40.0,-263.27731514697575,-7.0,-1.0,16.0,0.25,2.0,False,False,False,disabled
2026-06-06_run02_reverse_grid_3x3_pm40_off_r01,35900,35906,6,40.0,-40.0,-263.27731514697575,,,,-7.0,-1.0,16.0,0.0,0.0,0.0,0.0,0.0,0.0,0.0,0.0,0.0,40.0,-40.0,-263.27731514697575,-7.0,-1.0,16.0,0.25,2.0,False,False,False,disabled
2026-06-06_run02_reverse_grid_3x3_pm40_off_r01,36000,36000,0,40.0,-40.0,-263.27731514697575,,,,-7.0,-1.0,16.0,0.0,0.0,0.0,0.0,0.0,0.0,0.0,0.0,0.0,40.0,-40.0,-263.27731514697575,-7.0,-1.0,16.0,0.25,2.0,False,False,True,disabled
2026-06-06_run02_reverse_grid_3x3_pm40_off_r01,36100,36110,10,40.0,-40.0,-263.27731514697575,,,,-7.0,-1.0,16.0,0.0,0.0,0.0,0.0,0.0,0.0,0.0,0.0,0.0,40.0,-40.0,-263.27731514697575,-7.0,-1.0,16.0,0.25,2.0,False,False,False,disabled
2026-06-06_run02_reverse_grid_3x3_pm40_off_r01,36200,36203,3,40.0,-40.0,-263.27731514697575,,,,-7.0,-1.0,16.0,0.0,0.0,0.0,0.0,0.0,0.0,0.0,0.0,0.0,40.0,-40.0,-263.27731514697575,-7.0,-1.0,16.0,0.25,2.0,False,False,False,disabled
2026-06-06_run02_reverse_grid_3x3_pm40_off_r01,36300,36313,13,40.0,-40.0,-263.27731514697575,,,,-7.0,-1.0,16.0,0.0,0.0,0.0,0.0,0.0,0.0,0.0,0.0,0.0,40.0,-40.0,-263.27731514697575,-7.0,-1.0,16.0,0.25,2.0,False,False,False,disabled
2026-06-06_run02_reverse_grid_3x3_pm40_off_r01,36400,36406,6,40.0,-40.0,-263.27731514697575,,,,-7.0,-1.0,16.0,0.0,0.0,0.0,0.0,0.0,0.0,0.0,0.0,0.0,40.0,-40.0,-263.27731514697575,-7.0,-1.0,16.0,0.25,2.0,False,False,False,disabled
2026-06-06_run02_reverse_grid_3x3_pm40_off_r01,36500,36500,0,40.0,-40.0,-263.27731514697575,,,,-7.0,-1.0,16.0,0.0,0.0,0.0,0.0,0.0,0.0,0.0,0.0,0.0,40.0,-40.0,-263.27731514697575,-7.0,-1.0,16.0,0.25,2.0,False,False,True,disabled
2026-06-06_run02_reverse_grid_3x3_pm40_off_r01,36600,36610,10,40.0,-40.0,-263.27731514697575,,,,-7.0,-1.0,16.0,0.0,0.0,0.0,0.0,0.0,0.0,0.0,0.0,0.0,40.0,-40.0,-263.27731514697575,-7.0,-1.0,16.0,0.25,2.0,False,False,False,disabled
2026-06-06_run02_reverse_grid_3x3_pm40_off_r01,36700,36703,3,40.0,-40.0,-263.27731514697575,,,,-7.0,-1.0,16.0,0.0,0.0,0.0,0.0,0.0,0.0,0.0,0.0,0.0,40.0,-40.0,-263.27731514697575,-7.0,-1.0,16.0,0.25,2.0,False,False,False,disabled
2026-06-06_run02_reverse_grid_3x3_pm40_off_r01,36800,36813,13,40.0,-40.0,-263.27731514697575,,,,-7.0,-1.0,16.0,0.0,0.0,0.0,0.0,0.0,0.0,0.0,0.0,0.0,40.0,-40.0,-263.27731514697575,-7.0,-1.0,16.0,0.25,2.0,False,False,False,disabled
2026-06-06_run02_reverse_grid_3x3_pm40_off_r01,36900,36906,6,40.0,-40.0,-263.27731514697575,,,,-7.0,-1.0,16.0,0.0,0.0,0.0,0.0,0.0,0.0,0.0,0.0,0.0,40.0,-40.0,-263.27731514697575,-7.0,-1.0,16.0,0.25,2.0,False,False,False,disabled
2026-06-06_run02_reverse_grid_3x3_pm40_off_r01,37000,37000,0,40.0,-40.0,-263.27731514697575,,,,-7.0,-1.0,16.0,0.0,0.0,0.0,0.0,0.0,0.0,0.0,0.0,0.0,40.0,-40.0,-263.27731514697575,-7.0,-1.0,16.0,0.25,2.0,False,False,True,disabled
2026-06-06_run02_reverse_grid_3x3_pm40_off_r01,37100,37110,10,40.0,-40.0,-263.27731514697575,,,,-7.0,-1.0,16.0,0.0,0.0,0.0,0.0,0.0,0.0,0.0,0.0,0.0,40.0,-40.0,-263.27731514697575,-7.0,-1.0,16.0,0.25,2.0,False,False,False,disabled
2026-06-06_run02_reverse_grid_3x3_pm40_off_r01,37200,37203,3,40.0,-40.0,-263.27731514697575,,,,-7.0,-1.0,16.0,0.0,0.0,0.0,0.0,0.0,0.0,0.0,0.0,0.0,40.0,-40.0,-263.27731514697575,-7.0,-1.0,16.0,0.25,2.0,False,False,False,disabled
2026-06-06_run02_reverse_grid_3x3_pm40_off_r01,37300,37313,13,40.0,-40.0,-263.27731514697575,,,,-7.0,-1.0,16.0,0.0,0.0,0.0,0.0,0.0,0.0,0.0,0.0,0.0,40.0,-40.0,-263.27731514697575,-7.0,-1.0,16.0,0.25,2.0,False,False,False,disabled
2026-06-06_run02_reverse_grid_3x3_pm40_off_r01,37400,37406,6,40.0,-40.0,-263.27731514697575,,,,-7.0,-1.0,16.0,0.0,0.0,0.0,0.0,0.0,0.0,0.0,0.0,0.0,40.0,-40.0,-263.27731514697575,-7.0,-1.0,16.0,0.25,2.0,False,False,False,disabled
2026-06-06_run02_reverse_grid_3x3_pm40_off_r01,37500,37500,0,40.0,-40.0,-263.27731514697575,,,,-7.0,-1.0,16.0,0.0,0.0,0.0,0.0,0.0,0.0,0.0,0.0,0.0,40.0,-40.0,-263.27731514697575,-7.0,-1.0,16.0,0.25,2.0,False,False,True,disabled
2026-06-06_run02_reverse_grid_3x3_pm40_off_r01,37600,37610,10,40.0,-40.0,-263.27731514697575,,,,-7.0,-1.0,16.0,0.0,0.0,0.0,0.0,0.0,0.0,0.0,0.0,0.0,40.0,-40.0,-263.27731514697575,-7.0,-1.0,16.0,0.25,2.0,False,False,False,disabled
2026-06-06_run02_reverse_grid_3x3_pm40_off_r01,37700,37703,3,40.0,-40.0,-263.27731514697575,,,,-7.0,-1.0,16.0,0.0,0.0,0.0,0.0,0.0,0.0,0.0,0.0,0.0,40.0,-40.0,-263.27731514697575,-7.0,-1.0,16.0,0.25,2.0,False,False,False,disabled
2026-06-06_run02_reverse_grid_3x3_pm40_off_r01,37800,37813,13,40.0,-40.0,-263.27731514697575,,,,-7.0,-1.0,16.0,0.0,0.0,0.0,0.0,0.0,0.0,0.0,0.0,0.0,40.0,-40.0,-263.27731514697575,-7.0,-1.0,16.0,0.25,2.0,False,False,False,disabled
2026-06-06_run02_reverse_grid_3x3_pm40_off_r01,37900,37906,6,40.0,-40.0,-263.27731514697575,,,,-7.0,-1.0,16.0,0.0,0.0,0.0,0.0,0.0,0.0,0.0,0.0,0.0,40.0,-40.0,-263.27731514697575,-7.0,-1.0,16.0,0.25,2.0,False,False,False,disabled
2026-06-06_run02_reverse_grid_3x3_pm40_off_r01,38000,38000,0,40.0,-40.0,-263.27731514697575,,,,-7.0,-1.0,16.0,0.0,0.0,0.0,0.0,0.0,0.0,0.0,0.0,0.0,40.0,-40.0,-263.27731514697575,-7.0,-1.0,16.0,0.25,2.0,False,False,True,disabled
2026-06-06_run02_reverse_grid_3x3_pm40_off_r01,38100,38110,10,40.0,-40.0,-263.27731514697575,,,,-7.0,-1.0,16.0,0.0,0.0,0.0,0.0,0.0,0.0,0.0,0.0,0.0,40.0,-40.0,-263.27731514697575,-7.0,-1.0,16.0,0.25,2.0,False,False,False,disabled
2026-06-06_run02_reverse_grid_3x3_pm40_off_r01,38200,38203,3,40.0,-40.0,-263.27731514697575,,,,-7.0,-1.0,16.0,0.0,0.0,0.0,0.0,0.0,0.0,0.0,0.0,0.0,40.0,-40.0,-263.27731514697575,-7.0,-1.0,16.0,0.25,2.0,False,False,False,disabled
2026-06-06_run02_reverse_grid_3x3_pm40_off_r01,38300,38313,13,40.0,-40.0,-263.27731514697575,,,,-7.0,-1.0,16.0,0.0,0.0,0.0,0.0,0.0,0.0,0.0,0.0,0.0,40.0,-40.0,-263.27731514697575,-7.0,-1.0,16.0,0.25,2.0,False,False,False,disabled
2026-06-06_run02_reverse_grid_3x3_pm40_off_r01,38400,38406,6,40.0,-40.0,-263.27731514697575,,,,-7.0,-1.0,16.0,0.0,0.0,0.0,0.0,0.0,0.0,0.0,0.0,0.0,40.0,-40.0,-263.27731514697575,-7.0,-1.0,16.0,0.25,2.0,False,False,False,disabled
2026-06-06_run02_reverse_grid_3x3_pm40_off_r01,38500,38500,0,40.0,-40.0,-263.27731514697575,,,,-7.0,-1.0,16.0,0.0,0.0,0.0,0.0,0.0,0.0,0.0,0.0,0.0,40.0,-40.0,-263.27731514697575,-7.0,-1.0,16.0,0.25,2.0,False,False,True,disabled
2026-06-06_run02_reverse_grid_3x3_pm40_off_r01,38600,38625,25,40.0,-40.0,-263.27731514697575,,,,-7.0,-1.0,16.0,0.0,0.0,0.0,0.0,0.0,0.0,0.0,0.0,0.0,40.0,-40.0,-263.27731514697575,-7.0,-1.0,16.0,0.25,2.0,False,False,False,disabled
2026-06-06_run02_reverse_grid_3x3_pm40_off_r01,38700,38703,3,40.0,-40.0,-263.27731514697575,,,,-7.0,-1.0,16.0,0.0,0.0,0.0,0.0,0.0,0.0,0.0,0.0,0.0,40.0,-40.0,-263.27731514697575,-7.0,-1.0,16.0,0.25,2.0,False,False,False,disabled
2026-06-06_run02_reverse_grid_3x3_pm40_off_r01,38800,38813,13,40.0,-40.0,-263.27731514697575,,,,-7.0,-1.0,16.0,0.0,0.0,0.0,0.0,0.0,0.0,0.0,0.0,0.0,40.0,-40.0,-263.27731514697575,-7.0,-1.0,16.0,0.25,2.0,False,False,False,disabled
2026-06-06_run02_reverse_grid_3x3_pm40_off_r01,38900,38906,6,40.0,-40.0,-263.27731514697575,,,,-7.0,-1.0,16.0,0.0,0.0,0.0,0.0,0.0,0.0,0.0,0.0,0.0,40.0,-40.0,-263.27731514697575,-7.0,-1.0,16.0,0.25,2.0,False,False,False,disabled
2026-06-06_run02_reverse_grid_3x3_pm40_off_r01,39000,39000,0,40.0,-40.0,-263.27731514697575,,,,-7.0,-1.0,16.0,0.0,0.0,0.0,0.0,0.0,0.0,0.0,0.0,0.0,40.0,-40.0,-263.27731514697575,-7.0,-1.0,16.0,0.25,2.0,False,False,True,disabled
2026-06-06_run02_reverse_grid_3x3_pm40_off_r01,39100,39110,10,40.0,-40.0,-263.27731514697575,,,,-7.0,-1.0,16.0,0.0,0.0,0.0,0.0,0.0,0.0,0.0,0.0,0.0,40.0,-40.0,-263.27731514697575,-7.0,-1.0,16.0,0.25,2.0,False,False,False,disabled
2026-06-06_run02_reverse_grid_3x3_pm40_off_r01,39200,39203,3,40.0,-40.0,-263.27731514697575,,,,-7.0,-1.0,16.0,0.0,0.0,0.0,0.0,0.0,0.0,0.0,0.0,0.0,40.0,-40.0,-263.27731514697575,-7.0,-1.0,16.0,0.25,2.0,False,False,False,disabled
2026-06-06_run02_reverse_grid_3x3_pm40_off_r01,39300,39313,13,40.0,-40.0,-263.27731514697575,,,,-7.0,-1.0,16.0,0.0,0.0,0.0,0.0,0.0,0.0,0.0,0.0,0.0,40.0,-40.0,-263.27731514697575,-7.0,-1.0,16.0,0.25,2.0,False,False,False,disabled
2026-06-06_run02_reverse_grid_3x3_pm40_off_r01,39400,39422,22,40.0,-40.0,-263.27731514697575,,,,-7.0,-1.0,16.0,0.0,0.0,0.0,0.0,0.0,0.0,0.0,0.0,0.0,40.0,-40.0,-263.27731514697575,-7.0,-1.0,16.0,0.25,2.0,False,False,False,disabled
2026-06-06_run02_reverse_grid_3x3_pm40_off_r01,39500,39500,0,40.0,-40.0,-263.27731514697575,,,,-7.0,-1.0,16.0,0.0,0.0,0.0,0.0,0.0,0.0,0.0,0.0,0.0,40.0,-40.0,-263.27731514697575,-7.0,-1.0,16.0,0.25,2.0,False,False,True,disabled
2026-06-06_run02_reverse_grid_3x3_pm40_off_r01,39600,39610,10,40.0,-40.0,-263.27731514697575,,,,-7.0,-1.0,16.0,0.0,0.0,0.0,0.0,0.0,0.0,0.0,0.0,0.0,40.0,-40.0,-263.27731514697575,-7.0,-1.0,16.0,0.25,2.0,False,False,False,disabled
2026-06-06_run02_reverse_grid_3x3_pm40_off_r01,39700,39703,3,40.0,-40.0,-263.27731514697575,,,,-7.0,-1.0,16.0,0.0,0.0,0.0,0.0,0.0,0.0,0.0,0.0,0.0,40.0,-40.0,-263.27731514697575,-7.0,-1.0,16.0,0.25,2.0,False,False,False,disabled
2026-06-06_run02_reverse_grid_3x3_pm40_off_r01,39800,39813,13,40.0,-40.0,-263.27731514697575,,,,-7.0,-1.0,16.0,0.0,0.0,0.0,0.0,0.0,0.0,0.0,0.0,0.0,40.0,-40.0,-263.27731514697575,-7.0,-1.0,16.0,0.25,2.0,False,False,False,disabled
2026-06-06_run02_reverse_grid_3x3_pm40_off_r01,39900,39906,6,40.0,-40.0,-263.27731514697575,,,,-7.0,-1.0,16.0,0.0,0.0,0.0,0.0,0.0,0.0,0.0,0.0,0.0,40.0,-40.0,-263.27731514697575,-7.0,-1.0,16.0,0.25,2.0,False,False,False,disabled
2026-06-06_run02_reverse_grid_3x3_pm40_off_r01,40000,40000,0,0.0,-40.0,-263.27731514697575,,,,-9.0,6.0,6.0,0.0,0.0,0.0,0.0,0.0,0.0,0.0,0.0,0.0,0.0,-40.0,-263.27731514697575,-9.0,6.0,6.0,0.25,2.0,False,False,True,disabled
2026-06-06_run02_reverse_grid_3x3_pm40_off_r01,40100,40110,10,0.0,-40.0,-263.27731514697575,,,,-9.0,6.0,6.0,0.0,0.0,0.0,0.0,0.0,0.0,0.0,0.0,0.0,0.0,-40.0,-263.27731514697575,-9.0,6.0,6.0,0.25,2.0,False,False,False,disabled
2026-06-06_run02_reverse_grid_3x3_pm40_off_r01,40200,40203,3,0.0,-40.0,-263.27731514697575,,,,-9.0,6.0,6.0,0.0,0.0,0.0,0.0,0.0,0.0,0.0,0.0,0.0,0.0,-40.0,-263.27731514697575,-9.0,6.0,6.0,0.25,2.0,False,False,False,disabled
2026-06-06_run02_reverse_grid_3x3_pm40_off_r01,40300,40328,28,0.0,-40.0,-263.27731514697575,,,,-9.0,6.0,6.0,0.0,0.0,0.0,0.0,0.0,0.0,0.0,0.0,0.0,0.0,-40.0,-263.27731514697575,-9.0,6.0,6.0,0.25,2.0,False,False,False,disabled
2026-06-06_run02_reverse_grid_3x3_pm40_off_r01,40400,40406,6,0.0,-40.0,-263.27731514697575,,,,-9.0,6.0,6.0,0.0,0.0,0.0,0.0,0.0,0.0,0.0,0.0,0.0,0.0,-40.0,-263.27731514697575,-9.0,6.0,6.0,0.25,2.0,False,False,False,disabled
2026-06-06_run02_reverse_grid_3x3_pm40_off_r01,40500,40500,0,0.0,-40.0,-263.27731514697575,,,,-9.0,6.0,6.0,0.0,0.0,0.0,0.0,0.0,0.0,0.0,0.0,0.0,0.0,-40.0,-263.27731514697575,-9.0,6.0,6.0,0.25,2.0,False,False,True,disabled
2026-06-06_run02_reverse_grid_3x3_pm40_off_r01,40600,40610,10,0.0,-40.0,-263.27731514697575,,,,-9.0,6.0,6.0,0.0,0.0,0.0,0.0,0.0,0.0,0.0,0.0,0.0,0.0,-40.0,-263.27731514697575,-9.0,6.0,6.0,0.25,2.0,False,False,False,disabled
2026-06-06_run02_reverse_grid_3x3_pm40_off_r01,40700,40703,3,0.0,-40.0,-263.27731514697575,,,,-9.0,6.0,6.0,0.0,0.0,0.0,0.0,0.0,0.0,0.0,0.0,0.0,0.0,-40.0,-263.27731514697575,-9.0,6.0,6.0,0.25,2.0,False,False,False,disabled
2026-06-06_run02_reverse_grid_3x3_pm40_off_r01,40800,40813,13,0.0,-40.0,-263.27731514697575,,,,-9.0,6.0,6.0,0.0,0.0,0.0,0.0,0.0,0.0,0.0,0.0,0.0,0.0,-40.0,-263.27731514697575,-9.0,6.0,6.0,0.25,2.0,False,False,False,disabled
2026-06-06_run02_reverse_grid_3x3_pm40_off_r01,40900,40906,6,0.0,-40.0,-263.27731514697575,,,,-9.0,6.0,6.0,0.0,0.0,0.0,0.0,0.0,0.0,0.0,0.0,0.0,0.0,-40.0,-263.27731514697575,-9.0,6.0,6.0,0.25,2.0,False,False,False,disabled
2026-06-06_run02_reverse_grid_3x3_pm40_off_r01,41000,41000,0,0.0,-40.0,-263.27731514697575,,,,-9.0,6.0,6.0,0.0,0.0,0.0,0.0,0.0,0.0,0.0,0.0,0.0,0.0,-40.0,-263.27731514697575,-9.0,6.0,6.0,0.25,2.0,False,False,True,disabled
2026-06-06_run02_reverse_grid_3x3_pm40_off_r01,41100,41110,10,0.0,-40.0,-263.27731514697575,,,,-9.0,6.0,6.0,0.0,0.0,0.0,0.0,0.0,0.0,0.0,0.0,0.0,0.0,-40.0,-263.27731514697575,-9.0,6.0,6.0,0.25,2.0,False,False,False,disabled
2026-06-06_run02_reverse_grid_3x3_pm40_off_r01,41200,41203,3,0.0,-40.0,-263.27731514697575,,,,-9.0,6.0,6.0,0.0,0.0,0.0,0.0,0.0,0.0,0.0,0.0,0.0,0.0,-40.0,-263.27731514697575,-9.0,6.0,6.0,0.25,2.0,False,False,False,disabled
2026-06-06_run02_reverse_grid_3x3_pm40_off_r01,41300,41313,13,0.0,-40.0,-263.27731514697575,,,,-9.0,6.0,6.0,0.0,0.0,0.0,0.0,0.0,0.0,0.0,0.0,0.0,0.0,-40.0,-263.27731514697575,-9.0,6.0,6.0,0.25,2.0,False,False,False,disabled
2026-06-06_run02_reverse_grid_3x3_pm40_off_r01,41400,41406,6,0.0,-40.0,-263.27731514697575,,,,-9.0,6.0,6.0,0.0,0.0,0.0,0.0,0.0,0.0,0.0,0.0,0.0,0.0,-40.0,-263.27731514697575,-9.0,6.0,6.0,0.25,2.0,False,False,False,disabled
2026-06-06_run02_reverse_grid_3x3_pm40_off_r01,41500,41500,0,0.0,-40.0,-263.27731514697575,,,,-9.0,6.0,6.0,0.0,0.0,0.0,0.0,0.0,0.0,0.0,0.0,0.0,0.0,-40.0,-263.27731514697575,-9.0,6.0,6.0,0.25,2.0,False,False,True,disabled
2026-06-06_run02_reverse_grid_3x3_pm40_off_r01,41600,41610,10,0.0,-40.0,-263.27731514697575,,,,-9.0,6.0,6.0,0.0,0.0,0.0,0.0,0.0,0.0,0.0,0.0,0.0,0.0,-40.0,-263.27731514697575,-9.0,6.0,6.0,0.25,2.0,False,False,False,disabled
2026-06-06_run02_reverse_grid_3x3_pm40_off_r01,41700,41703,3,0.0,-40.0,-263.27731514697575,,,,-9.0,6.0,6.0,0.0,0.0,0.0,0.0,0.0,0.0,0.0,0.0,0.0,0.0,-40.0,-263.27731514697575,-9.0,6.0,6.0,0.25,2.0,False,False,False,disabled
2026-06-06_run02_reverse_grid_3x3_pm40_off_r01,41800,41813,13,0.0,-40.0,-263.27731514697575,,,,-9.0,6.0,6.0,0.0,0.0,0.0,0.0,0.0,0.0,0.0,0.0,0.0,0.0,-40.0,-263.27731514697575,-9.0,6.0,6.0,0.25,2.0,False,False,False,disabled
2026-06-06_run02_reverse_grid_3x3_pm40_off_r01,41900,41906,6,0.0,-40.0,-263.27731514697575,,,,-9.0,6.0,6.0,0.0,0.0,0.0,0.0,0.0,0.0,0.0,0.0,0.0,0.0,-40.0,-263.27731514697575,-9.0,6.0,6.0,0.25,2.0,False,False,False,disabled
2026-06-06_run02_reverse_grid_3x3_pm40_off_r01,42000,42000,0,0.0,-40.0,-263.27731514697575,,,,-9.0,6.0,6.0,0.0,0.0,0.0,0.0,0.0,0.0,0.0,0.0,0.0,0.0,-40.0,-263.27731514697575,-9.0,6.0,6.0,0.25,2.0,False,False,True,disabled
2026-06-06_run02_reverse_grid_3x3_pm40_off_r01,42100,42110,10,0.0,-40.0,-263.27731514697575,,,,-9.0,6.0,6.0,0.0,0.0,0.0,0.0,0.0,0.0,0.0,0.0,0.0,0.0,-40.0,-263.27731514697575,-9.0,6.0,6.0,0.25,2.0,False,False,False,disabled
2026-06-06_run02_reverse_grid_3x3_pm40_off_r01,42200,42203,3,0.0,-40.0,-263.27731514697575,,,,-9.0,6.0,6.0,0.0,0.0,0.0,0.0,0.0,0.0,0.0,0.0,0.0,0.0,-40.0,-263.27731514697575,-9.0,6.0,6.0,0.25,2.0,False,False,False,disabled
2026-06-06_run02_reverse_grid_3x3_pm40_off_r01,42300,42328,28,0.0,-40.0,-263.27731514697575,,,,-9.0,6.0,6.0,0.0,0.0,0.0,0.0,0.0,0.0,0.0,0.0,0.0,0.0,-40.0,-263.27731514697575,-9.0,6.0,6.0,0.25,2.0,False,False,False,disabled
2026-06-06_run02_reverse_grid_3x3_pm40_off_r01,42400,42406,6,0.0,-40.0,-263.27731514697575,,,,-9.0,6.0,6.0,0.0,0.0,0.0,0.0,0.0,0.0,0.0,0.0,0.0,0.0,-40.0,-263.27731514697575,-9.0,6.0,6.0,0.25,2.0,False,False,False,disabled
2026-06-06_run02_reverse_grid_3x3_pm40_off_r01,42500,42500,0,0.0,-40.0,-263.27731514697575,,,,-9.0,6.0,6.0,0.0,0.0,0.0,0.0,0.0,0.0,0.0,0.0,0.0,0.0,-40.0,-263.27731514697575,-9.0,6.0,6.0,0.25,2.0,False,False,True,disabled
2026-06-06_run02_reverse_grid_3x3_pm40_off_r01,42600,42610,10,0.0,-40.0,-263.27731514697575,,,,-9.0,6.0,6.0,0.0,0.0,0.0,0.0,0.0,0.0,0.0,0.0,0.0,0.0,-40.0,-263.27731514697575,-9.0,6.0,6.0,0.25,2.0,False,False,False,disabled
2026-06-06_run02_reverse_grid_3x3_pm40_off_r01,42700,42703,3,0.0,-40.0,-263.27731514697575,,,,-9.0,6.0,6.0,0.0,0.0,0.0,0.0,0.0,0.0,0.0,0.0,0.0,0.0,-40.0,-263.27731514697575,-9.0,6.0,6.0,0.25,2.0,False,False,False,disabled
2026-06-06_run02_reverse_grid_3x3_pm40_off_r01,42800,42813,13,0.0,-40.0,-263.27731514697575,,,,-9.0,6.0,6.0,0.0,0.0,0.0,0.0,0.0,0.0,0.0,0.0,0.0,0.0,-40.0,-263.27731514697575,-9.0,6.0,6.0,0.25,2.0,False,False,False,disabled
2026-06-06_run02_reverse_grid_3x3_pm40_off_r01,42900,42906,6,0.0,-40.0,-263.27731514697575,,,,-9.0,6.0,6.0,0.0,0.0,0.0,0.0,0.0,0.0,0.0,0.0,0.0,0.0,-40.0,-263.27731514697575,-9.0,6.0,6.0,0.25,2.0,False,False,False,disabled
2026-06-06_run02_reverse_grid_3x3_pm40_off_r01,43000,43000,0,0.0,-40.0,-263.27731514697575,,,,-9.0,6.0,6.0,0.0,0.0,0.0,0.0,0.0,0.0,0.0,0.0,0.0,0.0,-40.0,-263.27731514697575,-9.0,6.0,6.0,0.25,2.0,False,False,True,disabled
2026-06-06_run02_reverse_grid_3x3_pm40_off_r01,43100,43110,10,0.0,-40.0,-263.27731514697575,,,,-9.0,6.0,6.0,0.0,0.0,0.0,0.0,0.0,0.0,0.0,0.0,0.0,0.0,-40.0,-263.27731514697575,-9.0,6.0,6.0,0.25,2.0,False,False,False,disabled
2026-06-06_run02_reverse_grid_3x3_pm40_off_r01,43200,43203,3,0.0,-40.0,-263.27731514697575,,,,-9.0,6.0,6.0,0.0,0.0,0.0,0.0,0.0,0.0,0.0,0.0,0.0,0.0,-40.0,-263.27731514697575,-9.0,6.0,6.0,0.25,2.0,False,False,False,disabled
2026-06-06_run02_reverse_grid_3x3_pm40_off_r01,43300,43313,13,0.0,-40.0,-263.27731514697575,,,,-9.0,6.0,6.0,0.0,0.0,0.0,0.0,0.0,0.0,0.0,0.0,0.0,0.0,-40.0,-263.27731514697575,-9.0,6.0,6.0,0.25,2.0,False,False,False,disabled
2026-06-06_run02_reverse_grid_3x3_pm40_off_r01,43400,43406,6,0.0,-40.0,-263.27731514697575,,,,-9.0,6.0,6.0,0.0,0.0,0.0,0.0,0.0,0.0,0.0,0.0,0.0,0.0,-40.0,-263.27731514697575,-9.0,6.0,6.0,0.25,2.0,False,False,False,disabled
2026-06-06_run02_reverse_grid_3x3_pm40_off_r01,43500,43500,0,0.0,-40.0,-263.27731514697575,,,,-9.0,6.0,6.0,0.0,0.0,0.0,0.0,0.0,0.0,0.0,0.0,0.0,0.0,-40.0,-263.27731514697575,-9.0,6.0,6.0,0.25,2.0,False,False,True,disabled
2026-06-06_run02_reverse_grid_3x3_pm40_off_r01,43600,43610,10,0.0,-40.0,-263.27731514697575,,,,-9.0,6.0,6.0,0.0,0.0,0.0,0.0,0.0,0.0,0.0,0.0,0.0,0.0,-40.0,-263.27731514697575,-9.0,6.0,6.0,0.25,2.0,False,False,False,disabled
2026-06-06_run02_reverse_grid_3x3_pm40_off_r01,43700,43703,3,0.0,-40.0,-263.27731514697575,,,,-9.0,6.0,6.0,0.0,0.0,0.0,0.0,0.0,0.0,0.0,0.0,0.0,0.0,-40.0,-263.27731514697575,-9.0,6.0,6.0,0.25,2.0,False,False,False,disabled
2026-06-06_run02_reverse_grid_3x3_pm40_off_r01,43800,43828,28,0.0,-40.0,-263.27731514697575,,,,-9.0,6.0,6.0,0.0,0.0,0.0,0.0,0.0,0.0,0.0,0.0,0.0,0.0,-40.0,-263.27731514697575,-9.0,6.0,6.0,0.25,2.0,False,False,False,disabled
2026-06-06_run02_reverse_grid_3x3_pm40_off_r01,43900,43906,6,0.0,-40.0,-263.27731514697575,,,,-9.0,6.0,6.0,0.0,0.0,0.0,0.0,0.0,0.0,0.0,0.0,0.0,0.0,-40.0,-263.27731514697575,-9.0,6.0,6.0,0.25,2.0,False,False,False,disabled
2026-06-06_run02_reverse_grid_3x3_pm40_off_r01,44000,44000,0,0.0,-40.0,-263.27731514697575,,,,-9.0,6.0,6.0,0.0,0.0,0.0,0.0,0.0,0.0,0.0,0.0,0.0,0.0,-40.0,-263.27731514697575,-9.0,6.0,6.0,0.25,2.0,False,False,True,disabled
2026-06-06_run02_reverse_grid_3x3_pm40_off_r01,44100,44110,10,0.0,-40.0,-263.27731514697575,,,,-9.0,6.0,6.0,0.0,0.0,0.0,0.0,0.0,0.0,0.0,0.0,0.0,0.0,-40.0,-263.27731514697575,-9.0,6.0,6.0,0.25,2.0,False,False,False,disabled
2026-06-06_run02_reverse_grid_3x3_pm40_off_r01,44200,44203,3,0.0,-40.0,-263.27731514697575,,,,-9.0,6.0,6.0,0.0,0.0,0.0,0.0,0.0,0.0,0.0,0.0,0.0,0.0,-40.0,-263.27731514697575,-9.0,6.0,6.0,0.25,2.0,False,False,False,disabled
2026-06-06_run02_reverse_grid_3x3_pm40_off_r01,44300,44313,13,0.0,-40.0,-263.27731514697575,,,,-9.0,6.0,6.0,0.0,0.0,0.0,0.0,0.0,0.0,0.0,0.0,0.0,0.0,-40.0,-263.27731514697575,-9.0,6.0,6.0,0.25,2.0,False,False,False,disabled
2026-06-06_run02_reverse_grid_3x3_pm40_off_r01,44400,44406,6,0.0,-40.0,-263.27731514697575,,,,-9.0,6.0,6.0,0.0,0.0,0.0,0.0,0.0,0.0,0.0,0.0,0.0,0.0,-40.0,-263.27731514697575,-9.0,6.0,6.0,0.25,2.0,False,False,False,disabled
2026-06-06_run02_reverse_grid_3x3_pm40_off_r01,44500,44500,0,0.0,-40.0,-263.27731514697575,,,,-9.0,6.0,6.0,0.0,0.0,0.0,0.0,0.0,0.0,0.0,0.0,0.0,0.0,-40.0,-263.27731514697575,-9.0,6.0,6.0,0.25,2.0,False,False,True,disabled
2026-06-06_run02_reverse_grid_3x3_pm40_off_r01,44600,44610,10,0.0,-40.0,-263.27731514697575,,,,-9.0,6.0,6.0,0.0,0.0,0.0,0.0,0.0,0.0,0.0,0.0,0.0,0.0,-40.0,-263.27731514697575,-9.0,6.0,6.0,0.25,2.0,False,False,False,disabled
2026-06-06_run02_reverse_grid_3x3_pm40_off_r01,44700,44703,3,0.0,-40.0,-263.27731514697575,,,,-9.0,6.0,6.0,0.0,0.0,0.0,0.0,0.0,0.0,0.0,0.0,0.0,0.0,-40.0,-263.27731514697575,-9.0,6.0,6.0,0.25,2.0,False,False,False,disabled
2026-06-06_run02_reverse_grid_3x3_pm40_off_r01,44800,44813,13,0.0,-40.0,-263.27731514697575,,,,-9.0,6.0,6.0,0.0,0.0,0.0,0.0,0.0,0.0,0.0,0.0,0.0,0.0,-40.0,-263.27731514697575,-9.0,6.0,6.0,0.25,2.0,False,False,False,disabled
2026-06-06_run02_reverse_grid_3x3_pm40_off_r01,44900,44906,6,0.0,-40.0,-263.27731514697575,,,,-9.0,6.0,6.0,0.0,0.0,0.0,0.0,0.0,0.0,0.0,0.0,0.0,0.0,-40.0,-263.27731514697575,-9.0,6.0,6.0,0.25,2.0,False,False,False,disabled
2026-06-06_run02_reverse_grid_3x3_pm40_off_r01,45000,45000,0,-40.0,-40.0,-263.27731514697575,,,,-7.0,16.0,-1.0,0.0,0.0,0.0,0.0,0.0,0.0,0.0,0.0,0.0,-40.0,-40.0,-263.27731514697575,-7.0,16.0,-1.0,0.25,2.0,False,False,True,disabled
2026-06-06_run02_reverse_grid_3x3_pm40_off_r01,45100,45110,10,-40.0,-40.0,-263.27731514697575,,,,-7.0,16.0,-1.0,0.0,0.0,0.0,0.0,0.0,0.0,0.0,0.0,0.0,-40.0,-40.0,-263.27731514697575,-7.0,16.0,-1.0,0.25,2.0,False,False,False,disabled
2026-06-06_run02_reverse_grid_3x3_pm40_off_r01,45200,45203,3,-40.0,-40.0,-263.27731514697575,,,,-7.0,16.0,-1.0,0.0,0.0,0.0,0.0,0.0,0.0,0.0,0.0,0.0,-40.0,-40.0,-263.27731514697575,-7.0,16.0,-1.0,0.25,2.0,False,False,False,disabled
2026-06-06_run02_reverse_grid_3x3_pm40_off_r01,45300,45328,28,-40.0,-40.0,-263.27731514697575,,,,-7.0,16.0,-1.0,0.0,0.0,0.0,0.0,0.0,0.0,0.0,0.0,0.0,-40.0,-40.0,-263.27731514697575,-7.0,16.0,-1.0,0.25,2.0,False,False,False,disabled
2026-06-06_run02_reverse_grid_3x3_pm40_off_r01,45400,45406,6,-40.0,-40.0,-263.27731514697575,,,,-7.0,16.0,-1.0,0.0,0.0,0.0,0.0,0.0,0.0,0.0,0.0,0.0,-40.0,-40.0,-263.27731514697575,-7.0,16.0,-1.0,0.25,2.0,False,False,False,disabled
2026-06-06_run02_reverse_grid_3x3_pm40_off_r01,45500,45500,0,-40.0,-40.0,-263.27731514697575,,,,-7.0,16.0,-1.0,0.0,0.0,0.0,0.0,0.0,0.0,0.0,0.0,0.0,-40.0,-40.0,-263.27731514697575,-7.0,16.0,-1.0,0.25,2.0,False,False,True,disabled
2026-06-06_run02_reverse_grid_3x3_pm40_off_r01,45600,45610,10,-40.0,-40.0,-263.27731514697575,,,,-7.0,16.0,-1.0,0.0,0.0,0.0,0.0,0.0,0.0,0.0,0.0,0.0,-40.0,-40.0,-263.27731514697575,-7.0,16.0,-1.0,0.25,2.0,False,False,False,disabled
2026-06-06_run02_reverse_grid_3x3_pm40_off_r01,45700,45703,3,-40.0,-40.0,-263.27731514697575,,,,-7.0,16.0,-1.0,0.0,0.0,0.0,0.0,0.0,0.0,0.0,0.0,0.0,-40.0,-40.0,-263.27731514697575,-7.0,16.0,-1.0,0.25,2.0,False,False,False,disabled
2026-06-06_run02_reverse_grid_3x3_pm40_off_r01,45800,45813,13,-40.0,-40.0,-263.27731514697575,,,,-7.0,16.0,-1.0,0.0,0.0,0.0,0.0,0.0,0.0,0.0,0.0,0.0,-40.0,-40.0,-263.27731514697575,-7.0,16.0,-1.0,0.25,2.0,False,False,False,disabled
2026-06-06_run02_reverse_grid_3x3_pm40_off_r01,45900,45906,6,-40.0,-40.0,-263.27731514697575,,,,-7.0,16.0,-1.0,0.0,0.0,0.0,0.0,0.0,0.0,0.0,0.0,0.0,-40.0,-40.0,-263.27731514697575,-7.0,16.0,-1.0,0.25,2.0,False,False,False,disabled
2026-06-06_run02_reverse_grid_3x3_pm40_off_r01,46000,46000,0,-40.0,-40.0,-263.27731514697575,,,,-7.0,16.0,-1.0,0.0,0.0,0.0,0.0,0.0,0.0,0.0,0.0,0.0,-40.0,-40.0,-263.27731514697575,-7.0,16.0,-1.0,0.25,2.0,False,False,True,disabled
2026-06-06_run02_reverse_grid_3x3_pm40_off_r01,46100,46110,10,-40.0,-40.0,-263.27731514697575,,,,-7.0,16.0,-1.0,0.0,0.0,0.0,0.0,0.0,0.0,0.0,0.0,0.0,-40.0,-40.0,-263.27731514697575,-7.0,16.0,-1.0,0.25,2.0,False,False,False,disabled
2026-06-06_run02_reverse_grid_3x3_pm40_off_r01,46200,46203,3,-40.0,-40.0,-263.27731514697575,,,,-7.0,16.0,-1.0,0.0,0.0,0.0,0.0,0.0,0.0,0.0,0.0,0.0,-40.0,-40.0,-263.27731514697575,-7.0,16.0,-1.0,0.25,2.0,False,False,False,disabled
2026-06-06_run02_reverse_grid_3x3_pm40_off_r01,46300,46313,13,-40.0,-40.0,-263.27731514697575,,,,-7.0,16.0,-1.0,0.0,0.0,0.0,0.0,0.0,0.0,0.0,0.0,0.0,-40.0,-40.0,-263.27731514697575,-7.0,16.0,-1.0,0.25,2.0,False,False,False,disabled
2026-06-06_run02_reverse_grid_3x3_pm40_off_r01,46400,46406,6,-40.0,-40.0,-263.27731514697575,,,,-7.0,16.0,-1.0,0.0,0.0,0.0,0.0,0.0,0.0,0.0,0.0,0.0,-40.0,-40.0,-263.27731514697575,-7.0,16.0,-1.0,0.25,2.0,False,False,False,disabled
2026-06-06_run02_reverse_grid_3x3_pm40_off_r01,46500,46500,0,-40.0,-40.0,-263.27731514697575,,,,-7.0,16.0,-1.0,0.0,0.0,0.0,0.0,0.0,0.0,0.0,0.0,0.0,-40.0,-40.0,-263.27731514697575,-7.0,16.0,-1.0,0.25,2.0,False,False,True,disabled
2026-06-06_run02_reverse_grid_3x3_pm40_off_r01,46600,46610,10,-40.0,-40.0,-263.27731514697575,,,,-7.0,16.0,-1.0,0.0,0.0,0.0,0.0,0.0,0.0,0.0,0.0,0.0,-40.0,-40.0,-263.27731514697575,-7.0,16.0,-1.0,0.25,2.0,False,False,False,disabled
2026-06-06_run02_reverse_grid_3x3_pm40_off_r01,46700,46703,3,-40.0,-40.0,-263.27731514697575,,,,-7.0,16.0,-1.0,0.0,0.0,0.0,0.0,0.0,0.0,0.0,0.0,0.0,-40.0,-40.0,-263.27731514697575,-7.0,16.0,-1.0,0.25,2.0,False,False,False,disabled
2026-06-06_run02_reverse_grid_3x3_pm40_off_r01,46800,46813,13,-40.0,-40.0,-263.27731514697575,,,,-7.0,16.0,-1.0,0.0,0.0,0.0,0.0,0.0,0.0,0.0,0.0,0.0,-40.0,-40.0,-263.27731514697575,-7.0,16.0,-1.0,0.25,2.0,False,False,False,disabled
2026-06-06_run02_reverse_grid_3x3_pm40_off_r01,46900,46906,6,-40.0,-40.0,-263.27731514697575,,,,-7.0,16.0,-1.0,0.0,0.0,0.0,0.0,0.0,0.0,0.0,0.0,0.0,-40.0,-40.0,-263.27731514697575,-7.0,16.0,-1.0,0.25,2.0,False,False,False,disabled
2026-06-06_run02_reverse_grid_3x3_pm40_off_r01,47000,47000,0,-40.0,-40.0,-263.27731514697575,,,,-7.0,16.0,-1.0,0.0,0.0,0.0,0.0,0.0,0.0,0.0,0.0,0.0,-40.0,-40.0,-263.27731514697575,-7.0,16.0,-1.0,0.25,2.0,False,False,True,disabled
2026-06-06_run02_reverse_grid_3x3_pm40_off_r01,47100,47110,10,-40.0,-40.0,-263.27731514697575,,,,-7.0,16.0,-1.0,0.0,0.0,0.0,0.0,0.0,0.0,0.0,0.0,0.0,-40.0,-40.0,-263.27731514697575,-7.0,16.0,-1.0,0.25,2.0,False,False,False,disabled
2026-06-06_run02_reverse_grid_3x3_pm40_off_r01,47200,47203,3,-40.0,-40.0,-263.27731514697575,,,,-7.0,16.0,-1.0,0.0,0.0,0.0,0.0,0.0,0.0,0.0,0.0,0.0,-40.0,-40.0,-263.27731514697575,-7.0,16.0,-1.0,0.25,2.0,False,False,False,disabled
2026-06-06_run02_reverse_grid_3x3_pm40_off_r01,47300,47313,13,-40.0,-40.0,-263.27731514697575,,,,-7.0,16.0,-1.0,0.0,0.0,0.0,0.0,0.0,0.0,0.0,0.0,0.0,-40.0,-40.0,-263.27731514697575,-7.0,16.0,-1.0,0.25,2.0,False,False,False,disabled
2026-06-06_run02_reverse_grid_3x3_pm40_off_r01,47400,47406,6,-40.0,-40.0,-263.27731514697575,,,,-7.0,16.0,-1.0,0.0,0.0,0.0,0.0,0.0,0.0,0.0,0.0,0.0,-40.0,-40.0,-263.27731514697575,-7.0,16.0,-1.0,0.25,2.0,False,False,False,disabled
2026-06-06_run02_reverse_grid_3x3_pm40_off_r01,47500,47500,0,-40.0,-40.0,-263.27731514697575,,,,-7.0,16.0,-1.0,0.0,0.0,0.0,0.0,0.0,0.0,0.0,0.0,0.0,-40.0,-40.0,-263.27731514697575,-7.0,16.0,-1.0,0.25,2.0,False,False,True,disabled
2026-06-06_run02_reverse_grid_3x3_pm40_off_r01,47600,47610,10,-40.0,-40.0,-263.27731514697575,,,,-7.0,16.0,-1.0,0.0,0.0,0.0,0.0,0.0,0.0,0.0,0.0,0.0,-40.0,-40.0,-263.27731514697575,-7.0,16.0,-1.0,0.25,2.0,False,False,False,disabled
2026-06-06_run02_reverse_grid_3x3_pm40_off_r01,47700,47703,3,-40.0,-40.0,-263.27731514697575,,,,-7.0,16.0,-1.0,0.0,0.0,0.0,0.0,0.0,0.0,0.0,0.0,0.0,-40.0,-40.0,-263.27731514697575,-7.0,16.0,-1.0,0.25,2.0,False,False,False,disabled
2026-06-06_run02_reverse_grid_3x3_pm40_off_r01,47800,47813,13,-40.0,-40.0,-263.27731514697575,,,,-7.0,16.0,-1.0,0.0,0.0,0.0,0.0,0.0,0.0,0.0,0.0,0.0,-40.0,-40.0,-263.27731514697575,-7.0,16.0,-1.0,0.25,2.0,False,False,False,disabled
2026-06-06_run02_reverse_grid_3x3_pm40_off_r01,47900,47906,6,-40.0,-40.0,-263.27731514697575,,,,-7.0,16.0,-1.0,0.0,0.0,0.0,0.0,0.0,0.0,0.0,0.0,0.0,-40.0,-40.0,-263.27731514697575,-7.0,16.0,-1.0,0.25,2.0,False,False,False,disabled
2026-06-06_run02_reverse_grid_3x3_pm40_off_r01,48000,48000,0,-40.0,-40.0,-263.27731514697575,,,,-7.0,16.0,-1.0,0.0,0.0,0.0,0.0,0.0,0.0,0.0,0.0,0.0,-40.0,-40.0,-263.27731514697575,-7.0,16.0,-1.0,0.25,2.0,False,False,True,disabled
2026-06-06_run02_reverse_grid_3x3_pm40_off_r01,48100,48110,10,-40.0,-40.0,-263.27731514697575,,,,-7.0,16.0,-1.0,0.0,0.0,0.0,0.0,0.0,0.0,0.0,0.0,0.0,-40.0,-40.0,-263.27731514697575,-7.0,16.0,-1.0,0.25,2.0,False,False,False,disabled
2026-06-06_run02_reverse_grid_3x3_pm40_off_r01,48200,48219,19,-40.0,-40.0,-263.27731514697575,,,,-7.0,16.0,-1.0,0.0,0.0,0.0,0.0,0.0,0.0,0.0,0.0,0.0,-40.0,-40.0,-263.27731514697575,-7.0,16.0,-1.0,0.25,2.0,False,False,False,disabled
2026-06-06_run02_reverse_grid_3x3_pm40_off_r01,48300,48313,13,-40.0,-40.0,-263.27731514697575,,,,-7.0,16.0,-1.0,0.0,0.0,0.0,0.0,0.0,0.0,0.0,0.0,0.0,-40.0,-40.0,-263.27731514697575,-7.0,16.0,-1.0,0.25,2.0,False,False,False,disabled
2026-06-06_run02_reverse_grid_3x3_pm40_off_r01,48400,48406,6,-40.0,-40.0,-263.27731514697575,,,,-7.0,16.0,-1.0,0.0,0.0,0.0,0.0,0.0,0.0,0.0,0.0,0.0,-40.0,-40.0,-263.27731514697575,-7.0,16.0,-1.0,0.25,2.0,False,False,False,disabled
2026-06-06_run02_reverse_grid_3x3_pm40_off_r01,48500,48500,0,-40.0,-40.0,-263.27731514697575,,,,-7.0,16.0,-1.0,0.0,0.0,0.0,0.0,0.0,0.0,0.0,0.0,0.0,-40.0,-40.0,-263.27731514697575,-7.0,16.0,-1.0,0.25,2.0,False,False,True,disabled
2026-06-06_run02_reverse_grid_3x3_pm40_off_r01,48600,48610,10,-40.0,-40.0,-263.27731514697575,,,,-7.0,16.0,-1.0,0.0,0.0,0.0,0.0,0.0,0.0,0.0,0.0,0.0,-40.0,-40.0,-263.27731514697575,-7.0,16.0,-1.0,0.25,2.0,False,False,False,disabled
2026-06-06_run02_reverse_grid_3x3_pm40_off_r01,48700,48703,3,-40.0,-40.0,-263.27731514697575,,,,-7.0,16.0,-1.0,0.0,0.0,0.0,0.0,0.0,0.0,0.0,0.0,0.0,-40.0,-40.0,-263.27731514697575,-7.0,16.0,-1.0,0.25,2.0,False,False,False,disabled
2026-06-06_run02_reverse_grid_3x3_pm40_off_r01,48800,48813,13,-40.0,-40.0,-263.27731514697575,,,,-7.0,16.0,-1.0,0.0,0.0,0.0,0.0,0.0,0.0,0.0,0.0,0.0,-40.0,-40.0,-263.27731514697575,-7.0,16.0,-1.0,0.25,2.0,False,False,False,disabled
2026-06-06_run02_reverse_grid_3x3_pm40_off_r01,48900,48906,6,-40.0,-40.0,-263.27731514697575,,,,-7.0,16.0,-1.0,0.0,0.0,0.0,0.0,0.0,0.0,0.0,0.0,0.0,-40.0,-40.0,-263.27731514697575,-7.0,16.0,-1.0,0.25,2.0,False,False,False,disabled
2026-06-06_run02_reverse_grid_3x3_pm40_off_r01,49000,49000,0,-40.0,-40.0,-263.27731514697575,,,,-7.0,16.0,-1.0,0.0,0.0,0.0,0.0,0.0,0.0,0.0,0.0,0.0,-40.0,-40.0,-263.27731514697575,-7.0,16.0,-1.0,0.25,2.0,False,False,True,disabled
2026-06-06_run02_reverse_grid_3x3_pm40_off_r01,49100,49110,10,-40.0,-40.0,-263.27731514697575,,,,-7.0,16.0,-1.0,0.0,0.0,0.0,0.0,0.0,0.0,0.0,0.0,0.0,-40.0,-40.0,-263.27731514697575,-7.0,16.0,-1.0,0.25,2.0,False,False,False,disabled
2026-06-06_run02_reverse_grid_3x3_pm40_off_r01,49200,49203,3,-40.0,-40.0,-263.27731514697575,,,,-7.0,16.0,-1.0,0.0,0.0,0.0,0.0,0.0,0.0,0.0,0.0,0.0,-40.0,-40.0,-263.27731514697575,-7.0,16.0,-1.0,0.25,2.0,False,False,False,disabled
2026-06-06_run02_reverse_grid_3x3_pm40_off_r01,49300,49313,13,-40.0,-40.0,-263.27731514697575,,,,-7.0,16.0,-1.0,0.0,0.0,0.0,0.0,0.0,0.0,0.0,0.0,0.0,-40.0,-40.0,-263.27731514697575,-7.0,16.0,-1.0,0.25,2.0,False,False,False,disabled
2026-06-06_run02_reverse_grid_3x3_pm40_off_r01,49400,49406,6,-40.0,-40.0,-263.27731514697575,,,,-7.0,16.0,-1.0,0.0,0.0,0.0,0.0,0.0,0.0,0.0,0.0,0.0,-40.0,-40.0,-263.27731514697575,-7.0,16.0,-1.0,0.25,2.0,False,False,False,disabled
2026-06-06_run02_reverse_grid_3x3_pm40_off_r01,49500,49500,0,-40.0,-40.0,-263.27731514697575,,,,-7.0,16.0,-1.0,0.0,0.0,0.0,0.0,0.0,0.0,0.0,0.0,0.0,-40.0,-40.0,-263.27731514697575,-7.0,16.0,-1.0,0.25,2.0,False,False,True,disabled
2026-06-06_run02_reverse_grid_3x3_pm40_off_r01,49600,49610,10,-40.0,-40.0,-263.27731514697575,,,,-7.0,16.0,-1.0,0.0,0.0,0.0,0.0,0.0,0.0,0.0,0.0,0.0,-40.0,-40.0,-263.27731514697575,-7.0,16.0,-1.0,0.25,2.0,False,False,False,disabled
2026-06-06_run02_reverse_grid_3x3_pm40_off_r01,49700,49703,3,-40.0,-40.0,-263.27731514697575,,,,-7.0,16.0,-1.0,0.0,0.0,0.0,0.0,0.0,0.0,0.0,0.0,0.0,-40.0,-40.0,-263.27731514697575,-7.0,16.0,-1.0,0.25,2.0,False,False,False,disabled
2026-06-06_run02_reverse_grid_3x3_pm40_off_r01,49800,49813,13,-40.0,-40.0,-263.27731514697575,,,,-7.0,16.0,-1.0,0.0,0.0,0.0,0.0,0.0,0.0,0.0,0.0,0.0,-40.0,-40.0,-263.27731514697575,-7.0,16.0,-1.0,0.25,2.0,False,False,False,disabled
2026-06-06_run02_reverse_grid_3x3_pm40_off_r01,49900,49906,6,-40.0,-40.0,-263.27731514697575,,,,-7.0,16.0,-1.0,0.0,0.0,0.0,0.0,0.0,0.0,0.0,0.0,0.0,-40.0,-40.0,-263.27731514697575,-7.0,16.0,-1.0,0.25,2.0,False,False,False,disabled
2026-06-06_run02_reverse_grid_3x3_pm40_off_r01,50000,50000,0,0.0,0.0,-263.27731514697575,,,,0.0,0.0,0.0,0.0,0.0,0.0,0.0,0.0,0.0,0.0,0.0,0.0,0.0,0.0,-263.27731514697575,0.0,0.0,0.0,0.25,2.0,False,False,True,disabled
2026-06-06_run02_reverse_grid_3x3_pm40_off_r01,50100,50110,10,0.0,0.0,-263.27731514697575,,,,0.0,0.0,0.0,0.0,0.0,0.0,0.0,0.0,0.0,0.0,0.0,0.0,0.0,0.0,-263.27731514697575,0.0,0.0,0.0,0.25,2.0,False,False,False,disabled
2026-06-06_run02_reverse_grid_3x3_pm40_off_r01,50200,50203,3,0.0,0.0,-263.27731514697575,,,,0.0,0.0,0.0,0.0,0.0,0.0,0.0,0.0,0.0,0.0,0.0,0.0,0.0,0.0,-263.27731514697575,0.0,0.0,0.0,0.25,2.0,False,False,False,disabled
2026-06-06_run02_reverse_grid_3x3_pm40_off_r01,50300,50313,13,0.0,0.0,-263.27731514697575,,,,0.0,0.0,0.0,0.0,0.0,0.0,0.0,0.0,0.0,0.0,0.0,0.0,0.0,0.0,-263.27731514697575,0.0,0.0,0.0,0.25,2.0,False,False,False,disabled
2026-06-06_run02_reverse_grid_3x3_pm40_off_r01,50400,50406,6,0.0,0.0,-263.27731514697575,,,,0.0,0.0,0.0,0.0,0.0,0.0,0.0,0.0,0.0,0.0,0.0,0.0,0.0,0.0,-263.27731514697575,0.0,0.0,0.0,0.25,2.0,False,False,False,disabled
2026-06-06_run02_reverse_grid_3x3_pm40_off_r01,50500,50500,0,0.0,0.0,-263.27731514697575,,,,0.0,0.0,0.0,0.0,0.0,0.0,0.0,0.0,0.0,0.0,0.0,0.0,0.0,0.0,-263.27731514697575,0.0,0.0,0.0,0.25,2.0,False,False,True,disabled
2026-06-06_run02_reverse_grid_3x3_pm40_off_r01,50600,50610,10,0.0,0.0,-263.27731514697575,,,,0.0,0.0,0.0,0.0,0.0,0.0,0.0,0.0,0.0,0.0,0.0,0.0,0.0,0.0,-263.27731514697575,0.0,0.0,0.0,0.25,2.0,False,False,False,disabled
2026-06-06_run02_reverse_grid_3x3_pm40_off_r01,50700,50703,3,0.0,0.0,-263.27731514697575,,,,0.0,0.0,0.0,0.0,0.0,0.0,0.0,0.0,0.0,0.0,0.0,0.0,0.0,0.0,-263.27731514697575,0.0,0.0,0.0,0.25,2.0,False,False,False,disabled
2026-06-06_run02_reverse_grid_3x3_pm40_off_r01,50800,50813,13,0.0,0.0,-263.27731514697575,,,,0.0,0.0,0.0,0.0,0.0,0.0,0.0,0.0,0.0,0.0,0.0,0.0,0.0,0.0,-263.27731514697575,0.0,0.0,0.0,0.25,2.0,False,False,False,disabled
2026-06-06_run02_reverse_grid_3x3_pm40_off_r01,50900,50906,6,0.0,0.0,-263.27731514697575,,,,0.0,0.0,0.0,0.0,0.0,0.0,0.0,0.0,0.0,0.0,0.0,0.0,0.0,0.0,-263.27731514697575,0.0,0.0,0.0,0.25,2.0,False,False,False,disabled
2026-06-06_run02_reverse_grid_3x3_pm40_off_r01,51000,51000,0,0.0,0.0,-263.27731514697575,,,,0.0,0.0,0.0,0.0,0.0,0.0,0.0,0.0,0.0,0.0,0.0,0.0,0.0,0.0,-263.27731514697575,0.0,0.0,0.0,0.25,2.0,False,False,True,disabled
2026-06-06_run02_reverse_grid_3x3_pm40_off_r01,51100,51110,10,0.0,0.0,-263.27731514697575,,,,0.0,0.0,0.0,0.0,0.0,0.0,0.0,0.0,0.0,0.0,0.0,0.0,0.0,0.0,-263.27731514697575,0.0,0.0,0.0,0.25,2.0,False,False,False,disabled
2026-06-06_run02_reverse_grid_3x3_pm40_off_r01,51200,51203,3,0.0,0.0,-263.27731514697575,,,,0.0,0.0,0.0,0.0,0.0,0.0,0.0,0.0,0.0,0.0,0.0,0.0,0.0,0.0,-263.27731514697575,0.0,0.0,0.0,0.25,2.0,False,False,False,disabled
2026-06-06_run02_reverse_grid_3x3_pm40_off_r01,51300,51313,13,0.0,0.0,-263.27731514697575,,,,0.0,0.0,0.0,0.0,0.0,0.0,0.0,0.0,0.0,0.0,0.0,0.0,0.0,0.0,-263.27731514697575,0.0,0.0,0.0,0.25,2.0,False,False,False,disabled
2026-06-06_run02_reverse_grid_3x3_pm40_off_r01,51400,51406,6,0.0,0.0,-263.27731514697575,,,,0.0,0.0,0.0,0.0,0.0,0.0,0.0,0.0,0.0,0.0,0.0,0.0,0.0,0.0,-263.27731514697575,0.0,0.0,0.0,0.25,2.0,False,False,False,disabled
2026-06-06_run02_reverse_grid_3x3_pm40_off_r01,51500,51500,0,0.0,0.0,-263.27731514697575,,,,0.0,0.0,0.0,0.0,0.0,0.0,0.0,0.0,0.0,0.0,0.0,0.0,0.0,0.0,-263.27731514697575,0.0,0.0,0.0,0.25,2.0,False,False,True,disabled
2026-06-06_run02_reverse_grid_3x3_pm40_off_r01,51600,51610,10,0.0,0.0,-263.27731514697575,,,,0.0,0.0,0.0,0.0,0.0,0.0,0.0,0.0,0.0,0.0,0.0,0.0,0.0,0.0,-263.27731514697575,0.0,0.0,0.0,0.25,2.0,False,False,False,disabled
2026-06-06_run02_reverse_grid_3x3_pm40_off_r01,51700,51703,3,0.0,0.0,-263.27731514697575,,,,0.0,0.0,0.0,0.0,0.0,0.0,0.0,0.0,0.0,0.0,0.0,0.0,0.0,0.0,-263.27731514697575,0.0,0.0,0.0,0.25,2.0,False,False,False,disabled
2026-06-06_run02_reverse_grid_3x3_pm40_off_r01,51800,51813,13,0.0,0.0,-263.27731514697575,,,,0.0,0.0,0.0,0.0,0.0,0.0,0.0,0.0,0.0,0.0,0.0,0.0,0.0,0.0,-263.27731514697575,0.0,0.0,0.0,0.25,2.0,False,False,False,disabled
2026-06-06_run02_reverse_grid_3x3_pm40_off_r01,51900,51906,6,0.0,0.0,-263.27731514697575,,,,0.0,0.0,0.0,0.0,0.0,0.0,0.0,0.0,0.0,0.0,0.0,0.0,0.0,0.0,-263.27731514697575,0.0,0.0,0.0,0.25,2.0,False,False,False,disabled
2026-06-06_run02_reverse_grid_3x3_pm40_off_r01,52000,52000,0,0.0,0.0,-263.27731514697575,,,,0.0,0.0,0.0,0.0,0.0,0.0,0.0,0.0,0.0,0.0,0.0,0.0,0.0,0.0,-263.27731514697575,0.0,0.0,0.0,0.25,2.0,False,False,True,disabled
2026-06-06_run02_reverse_grid_3x3_pm40_off_r01,52100,52110,10,0.0,0.0,-263.27731514697575,,,,0.0,0.0,0.0,0.0,0.0,0.0,0.0,0.0,0.0,0.0,0.0,0.0,0.0,0.0,-263.27731514697575,0.0,0.0,0.0,0.25,2.0,False,False,False,disabled
2026-06-06_run02_reverse_grid_3x3_pm40_off_r01,52200,52203,3,0.0,0.0,-263.27731514697575,,,,0.0,0.0,0.0,0.0,0.0,0.0,0.0,0.0,0.0,0.0,0.0,0.0,0.0,0.0,-263.27731514697575,0.0,0.0,0.0,0.25,2.0,False,False,False,disabled
2026-06-06_run02_reverse_grid_3x3_pm40_off_r01,52300,52313,13,0.0,0.0,-263.27731514697575,,,,0.0,0.0,0.0,0.0,0.0,0.0,0.0,0.0,0.0,0.0,0.0,0.0,0.0,0.0,-263.27731514697575,0.0,0.0,0.0,0.25,2.0,False,False,False,disabled
2026-06-06_run02_reverse_grid_3x3_pm40_off_r01,52400,52406,6,0.0,0.0,-263.27731514697575,,,,0.0,0.0,0.0,0.0,0.0,0.0,0.0,0.0,0.0,0.0,0.0,0.0,0.0,0.0,-263.27731514697575,0.0,0.0,0.0,0.25,2.0,False,False,False,disabled
2026-06-06_run02_reverse_grid_3x3_pm40_off_r01,52500,52500,0,0.0,0.0,-263.27731514697575,,,,0.0,0.0,0.0,0.0,0.0,0.0,0.0,0.0,0.0,0.0,0.0,0.0,0.0,0.0,-263.27731514697575,0.0,0.0,0.0,0.25,2.0,False,False,True,disabled
2026-06-06_run02_reverse_grid_3x3_pm40_off_r01,52600,52610,10,0.0,0.0,-263.27731514697575,,,,0.0,0.0,0.0,0.0,0.0,0.0,0.0,0.0,0.0,0.0,0.0,0.0,0.0,0.0,-263.27731514697575,0.0,0.0,0.0,0.25,2.0,False,False,False,disabled
2026-06-06_run02_reverse_grid_3x3_pm40_off_r01,52700,52703,3,0.0,0.0,-263.27731514697575,,,,0.0,0.0,0.0,0.0,0.0,0.0,0.0,0.0,0.0,0.0,0.0,0.0,0.0,0.0,-263.27731514697575,0.0,0.0,0.0,0.25,2.0,False,False,False,disabled
2026-06-06_run02_reverse_grid_3x3_pm40_off_r01,52800,52813,13,0.0,0.0,-263.27731514697575,,,,0.0,0.0,0.0,0.0,0.0,0.0,0.0,0.0,0.0,0.0,0.0,0.0,0.0,0.0,-263.27731514697575,0.0,0.0,0.0,0.25,2.0,False,False,False,disabled
2026-06-06_run02_reverse_grid_3x3_pm40_off_r01,52900,52906,6,0.0,0.0,-263.27731514697575,,,,0.0,0.0,0.0,0.0,0.0,0.0,0.0,0.0,0.0,0.0,0.0,0.0,0.0,0.0,-263.27731514697575,0.0,0.0,0.0,0.25,2.0,False,False,False,disabled
2026-06-06_run02_reverse_grid_3x3_pm40_off_r01,53000,53000,0,0.0,0.0,-263.27731514697575,,,,0.0,0.0,0.0,0.0,0.0,0.0,0.0,0.0,0.0,0.0,0.0,0.0,0.0,0.0,-263.27731514697575,0.0,0.0,0.0,0.25,2.0,False,False,True,disabled
2026-06-06_run02_reverse_grid_3x3_pm40_off_r01,53100,53110,10,0.0,0.0,-263.27731514697575,,,,0.0,0.0,0.0,0.0,0.0,0.0,0.0,0.0,0.0,0.0,0.0,0.0,0.0,0.0,-263.27731514697575,0.0,0.0,0.0,0.25,2.0,False,False,False,disabled
2026-06-06_run02_reverse_grid_3x3_pm40_off_r01,53200,53203,3,0.0,0.0,-263.27731514697575,,,,0.0,0.0,0.0,0.0,0.0,0.0,0.0,0.0,0.0,0.0,0.0,0.0,0.0,0.0,-263.27731514697575,0.0,0.0,0.0,0.25,2.0,False,False,False,disabled
2026-06-06_run02_reverse_grid_3x3_pm40_off_r01,53300,53313,13,0.0,0.0,-263.27731514697575,,,,0.0,0.0,0.0,0.0,0.0,0.0,0.0,0.0,0.0,0.0,0.0,0.0,0.0,0.0,-263.27731514697575,0.0,0.0,0.0,0.25,2.0,False,False,False,disabled
2026-06-06_run02_reverse_grid_3x3_pm40_off_r01,53400,53406,6,0.0,0.0,-263.27731514697575,,,,0.0,0.0,0.0,0.0,0.0,0.0,0.0,0.0,0.0,0.0,0.0,0.0,0.0,0.0,-263.27731514697575,0.0,0.0,0.0,0.25,2.0,False,False,False,disabled
2026-06-06_run02_reverse_grid_3x3_pm40_off_r01,53500,53500,0,0.0,0.0,-263.27731514697575,,,,0.0,0.0,0.0,0.0,0.0,0.0,0.0,0.0,0.0,0.0,0.0,0.0,0.0,0.0,-263.27731514697575,0.0,0.0,0.0,0.25,2.0,False,False,True,disabled
2026-06-06_run02_reverse_grid_3x3_pm40_off_r01,53600,53610,10,0.0,0.0,-263.27731514697575,,,,0.0,0.0,0.0,0.0,0.0,0.0,0.0,0.0,0.0,0.0,0.0,0.0,0.0,0.0,-263.27731514697575,0.0,0.0,0.0,0.25,2.0,False,False,False,disabled
2026-06-06_run02_reverse_grid_3x3_pm40_off_r01,53700,53703,3,0.0,0.0,-263.27731514697575,,,,0.0,0.0,0.0,0.0,0.0,0.0,0.0,0.0,0.0,0.0,0.0,0.0,0.0,0.0,-263.27731514697575,0.0,0.0,0.0,0.25,2.0,False,False,False,disabled
2026-06-06_run02_reverse_grid_3x3_pm40_off_r01,53800,53813,13,0.0,0.0,-263.27731514697575,,,,0.0,0.0,0.0,0.0,0.0,0.0,0.0,0.0,0.0,0.0,0.0,0.0,0.0,0.0,-263.27731514697575,0.0,0.0,0.0,0.25,2.0,False,False,False,disabled
2026-06-06_run02_reverse_grid_3x3_pm40_off_r01,53900,53906,6,0.0,0.0,-263.27731514697575,,,,0.0,0.0,0.0,0.0,0.0,0.0,0.0,0.0,0.0,0.0,0.0,0.0,0.0,0.0,-263.27731514697575,0.0,0.0,0.0,0.25,2.0,False,False,False,disabled
2026-06-06_run02_reverse_grid_3x3_pm40_off_r01,54000,54000,0,0.0,0.0,-263.27731514697575,,,,0.0,0.0,0.0,0.0,0.0,0.0,0.0,0.0,0.0,0.0,0.0,0.0,0.0,0.0,-263.27731514697575,0.0,0.0,0.0,0.25,2.0,False,False,True,disabled
2026-06-06_run02_reverse_grid_3x3_pm40_off_r01,54100,54110,10,0.0,0.0,-263.27731514697575,,,,0.0,0.0,0.0,0.0,0.0,0.0,0.0,0.0,0.0,0.0,0.0,0.0,0.0,0.0,-263.27731514697575,0.0,0.0,0.0,0.25,2.0,False,False,False,disabled
2026-06-06_run02_reverse_grid_3x3_pm40_off_r01,54200,54203,3,0.0,0.0,-263.27731514697575,,,,0.0,0.0,0.0,0.0,0.0,0.0,0.0,0.0,0.0,0.0,0.0,0.0,0.0,0.0,-263.27731514697575,0.0,0.0,0.0,0.25,2.0,False,False,False,disabled
2026-06-06_run02_reverse_grid_3x3_pm40_off_r01,54300,54313,13,0.0,0.0,-263.27731514697575,,,,0.0,0.0,0.0,0.0,0.0,0.0,0.0,0.0,0.0,0.0,0.0,0.0,0.0,0.0,-263.27731514697575,0.0,0.0,0.0,0.25,2.0,False,False,False,disabled
2026-06-06_run02_reverse_grid_3x3_pm40_off_r01,54400,54406,6,0.0,0.0,-263.27731514697575,,,,0.0,0.0,0.0,0.0,0.0,0.0,0.0,0.0,0.0,0.0,0.0,0.0,0.0,0.0,-263.27731514697575,0.0,0.0,0.0,0.25,2.0,False,False,False,disabled
2026-06-06_run02_reverse_grid_3x3_pm40_off_r01,54500,54500,0,0.0,0.0,-263.27731514697575,,,,0.0,0.0,0.0,0.0,0.0,0.0,0.0,0.0,0.0,0.0,0.0,0.0,0.0,0.0,-263.27731514697575,0.0,0.0,0.0,0.25,2.0,False,False,True,disabled
2026-06-06_run02_reverse_grid_3x3_pm40_off_r01,54600,54610,10,0.0,0.0,-263.27731514697575,,,,0.0,0.0,0.0,0.0,0.0,0.0,0.0,0.0,0.0,0.0,0.0,0.0,0.0,0.0,-263.27731514697575,0.0,0.0,0.0,0.25,2.0,False,False,False,disabled
2026-06-06_run02_reverse_grid_3x3_pm40_off_r01,54700,54703,3,0.0,0.0,-263.27731514697575,,,,0.0,0.0,0.0,0.0,0.0,0.0,0.0,0.0,0.0,0.0,0.0,0.0,0.0,0.0,-263.27731514697575,0.0,0.0,0.0,0.25,2.0,False,False,False,disabled
2026-06-06_run02_reverse_grid_3x3_pm40_off_r01,54800,54813,13,0.0,0.0,-263.27731514697575,,,,0.0,0.0,0.0,0.0,0.0,0.0,0.0,0.0,0.0,0.0,0.0,0.0,0.0,0.0,-263.27731514697575,0.0,0.0,0.0,0.25,2.0,False,False,False,disabled
2026-06-06_run02_reverse_grid_3x3_pm40_off_r01,54900,54906,6,0.0,0.0,-263.27731514697575,,,,0.0,0.0,0.0,0.0,0.0,0.0,0.0,0.0,0.0,0.0,0.0,0.0,0.0,0.0,-263.27731514697575,0.0,0.0,0.0,0.25,2.0,False,False,False,disabled
