run_id,time,actual_elapsed_ms,schedule_lag_ms,target_x,target_y,target_z,sim_x,sim_y,sim_z,nominal_theta1,nominal_theta2,nominal_theta3,predicted_error_x,predicted_error_y,predicted_error_z,requested_correction_x,requested_correction_y,requested_correction_z,applied_correction_x,applied_correction_y,applied_correction_z,corrected_target_x,corrected_target_y,corrected_target_z,corrected_theta1,corrected_theta2,corrected_theta3,correction_gain,max_xy_correction_mm,correction_clamped,fallback_used,command_sent,correction_status
2026-06-06_run02_diamond_pm35_on_r03,0,16,16,0.0,0.0,-263.27731514697575,0.0,0.0,-263.277315152675,0.0,0.0,0.0,-2.241470099661118,0.21151449462071747,0.02963919516425717,0.5603675249152795,-0.05287862365517937,0.0,0.5603675249152795,-0.05287862365517937,0.0,0.5603675249152795,-0.05287862365517937,-263.27731514697575,-0.012964923123112634,-0.11462733468306198,0.1284009648257489,0.25,2.0,False,False,True,applied
2026-06-06_run02_diamond_pm35_on_r03,100,109,9,0.0,0.0,-263.27731514697575,0.0,0.0,-263.277315152675,0.0,0.0,0.0,-2.241470099661118,0.21151449462071747,0.02963919516425717,0.5603675249152795,-0.05287862365517937,0.0,0.5603675249152795,-0.05287862365517937,0.0,0.5603675249152795,-0.05287862365517937,-263.27731514697575,-0.012964923123112634,-0.11462733468306198,0.1284009648257489,0.25,2.0,False,False,False,applied
2026-06-06_run02_diamond_pm35_on_r03,200,203,3,0.0,0.0,-263.27731514697575,0.0,0.0,-263.277315152675,0.0,0.0,0.0,-2.241470099661118,0.21151449462071747,0.02963919516425717,0.5603675249152795,-0.05287862365517937,0.0,0.5603675249152795,-0.05287862365517937,0.0,0.5603675249152795,-0.05287862365517937,-263.27731514697575,-0.012964923123112634,-0.11462733468306198,0.1284009648257489,0.25,2.0,False,False,False,applied
2026-06-06_run02_diamond_pm35_on_r03,300,312,12,0.0,0.0,-263.27731514697575,0.0,0.0,-263.277315152675,0.0,0.0,0.0,-2.241470099661118,0.21151449462071747,0.02963919516425717,0.5603675249152795,-0.05287862365517937,0.0,0.5603675249152795,-0.05287862365517937,0.0,0.5603675249152795,-0.05287862365517937,-263.27731514697575,-0.012964923123112634,-0.11462733468306198,0.1284009648257489,0.25,2.0,False,False,False,applied
2026-06-06_run02_diamond_pm35_on_r03,400,406,6,0.0,0.0,-263.27731514697575,0.0,0.0,-263.277315152675,0.0,0.0,0.0,-2.241470099661118,0.21151449462071747,0.02963919516425717,0.5603675249152795,-0.05287862365517937,0.0,0.5603675249152795,-0.05287862365517937,0.0,0.5603675249152795,-0.05287862365517937,-263.27731514697575,-0.012964923123112634,-0.11462733468306198,0.1284009648257489,0.25,2.0,False,False,False,applied
2026-06-06_run02_diamond_pm35_on_r03,500,500,0,0.0,0.0,-263.27731514697575,-3.21716911149011e-15,1.21817876195777e-14,-263.277315148592,0.0,0.0,0.0,-2.241470102150652,0.21151450236490366,0.02963919441567086,0.560367525537663,-0.052878625591225914,0.0,0.560367525537663,-0.052878625591225914,0.0,0.560367525537663,-0.052878625591225914,-263.27731514697575,-0.0129649236070886,-0.11462733457488644,0.12840096520382532,0.25,2.0,False,False,True,applied
2026-06-06_run02_diamond_pm35_on_r03,600,609,9,0.0,0.0,-263.27731514697575,-3.21716911149011e-15,1.21817876195777e-14,-263.277315148592,0.0,0.0,0.0,-2.241470102150652,0.21151450236490366,0.02963919441567086,0.560367525537663,-0.052878625591225914,0.0,0.560367525537663,-0.052878625591225914,0.0,0.560367525537663,-0.052878625591225914,-263.27731514697575,-0.0129649236070886,-0.11462733457488644,0.12840096520382532,0.25,2.0,False,False,False,applied
2026-06-06_run02_diamond_pm35_on_r03,700,703,3,0.0,0.0,-263.27731514697575,-3.21716911149011e-15,1.21817876195777e-14,-263.277315148592,0.0,0.0,0.0,-2.241470102150652,0.21151450236490366,0.02963919441567086,0.560367525537663,-0.052878625591225914,0.0,0.560367525537663,-0.052878625591225914,0.0,0.560367525537663,-0.052878625591225914,-263.27731514697575,-0.0129649236070886,-0.11462733457488644,0.12840096520382532,0.25,2.0,False,False,False,applied
2026-06-06_run02_diamond_pm35_on_r03,800,812,12,0.0,0.0,-263.27731514697575,-3.21716911149011e-15,1.21817876195777e-14,-263.277315148592,0.0,0.0,0.0,-2.241470102150652,0.21151450236490366,0.02963919441567086,0.560367525537663,-0.052878625591225914,0.0,0.560367525537663,-0.052878625591225914,0.0,0.560367525537663,-0.052878625591225914,-263.27731514697575,-0.0129649236070886,-0.11462733457488644,0.12840096520382532,0.25,2.0,False,False,False,applied
2026-06-06_run02_diamond_pm35_on_r03,900,906,6,0.0,0.0,-263.27731514697575,-3.21716911149011e-15,1.21817876195777e-14,-263.277315148592,0.0,0.0,0.0,-2.241470102150652,0.21151450236490366,0.02963919441567086,0.560367525537663,-0.052878625591225914,0.0,0.560367525537663,-0.052878625591225914,0.0,0.560367525537663,-0.052878625591225914,-263.27731514697575,-0.0129649236070886,-0.11462733457488644,0.12840096520382532,0.25,2.0,False,False,False,applied
2026-06-06_run02_diamond_pm35_on_r03,1000,1000,0,0.0,0.0,-263.27731514697575,3.91872106676742e-15,3.13659844555465e-14,-263.277315146976,0.0,0.0,0.0,-2.2414701031359785,0.21151450542995404,0.029639194119389964,0.5603675257839946,-0.05287862635748851,0.0,0.5603675257839946,-0.05287862635748851,0.0,0.5603675257839946,-0.05287862635748851,-263.27731514697575,-0.012964923798547823,-0.1146273345320148,0.12840096535346232,0.25,2.0,False,False,True,applied
2026-06-06_run02_diamond_pm35_on_r03,1100,1109,9,0.0,0.0,-263.27731514697575,3.91872106676742e-15,3.13659844555465e-14,-263.277315146976,0.0,0.0,0.0,-2.2414701031359785,0.21151450542995404,0.029639194119389964,0.5603675257839946,-0.05287862635748851,0.0,0.5603675257839946,-0.05287862635748851,0.0,0.5603675257839946,-0.05287862635748851,-263.27731514697575,-0.012964923798547823,-0.1146273345320148,0.12840096535346232,0.25,2.0,False,False,False,applied
2026-06-06_run02_diamond_pm35_on_r03,1200,1203,3,0.0,0.0,-263.27731514697575,3.91872106676742e-15,3.13659844555465e-14,-263.277315146976,0.0,0.0,0.0,-2.2414701031359785,0.21151450542995404,0.029639194119389964,0.5603675257839946,-0.05287862635748851,0.0,0.5603675257839946,-0.05287862635748851,0.0,0.5603675257839946,-0.05287862635748851,-263.27731514697575,-0.012964923798547823,-0.1146273345320148,0.12840096535346232,0.25,2.0,False,False,False,applied
2026-06-06_run02_diamond_pm35_on_r03,1300,1312,12,0.0,0.0,-263.27731514697575,3.91872106676742e-15,3.13659844555465e-14,-263.277315146976,0.0,0.0,0.0,-2.2414701031359785,0.21151450542995404,0.029639194119389964,0.5603675257839946,-0.05287862635748851,0.0,0.5603675257839946,-0.05287862635748851,0.0,0.5603675257839946,-0.05287862635748851,-263.27731514697575,-0.012964923798547823,-0.1146273345320148,0.12840096535346232,0.25,2.0,False,False,False,applied
2026-06-06_run02_diamond_pm35_on_r03,1400,1406,6,0.0,0.0,-263.27731514697575,3.91872106676742e-15,3.13659844555465e-14,-263.277315146976,0.0,0.0,0.0,-2.2414701031359785,0.21151450542995404,0.029639194119389964,0.5603675257839946,-0.05287862635748851,0.0,0.5603675257839946,-0.05287862635748851,0.0,0.5603675257839946,-0.05287862635748851,-263.27731514697575,-0.012964923798547823,-0.1146273345320148,0.12840096535346232,0.25,2.0,False,False,False,applied
2026-06-06_run02_diamond_pm35_on_r03,1500,1500,0,0.0,0.0,-263.27731514697575,1.43839247610853e-14,4.49482348024867e-14,-263.277315146976,0.0,0.0,0.0,-2.2414701031359794,0.21151450542995442,0.02963919411938996,0.5603675257839948,-0.052878626357488606,0.0,0.5603675257839948,-0.052878626357488606,0.0,0.5603675257839948,-0.052878626357488606,-263.27731514697575,-0.012964923798547823,-0.1146273345320148,0.12840096535346232,0.25,2.0,False,False,True,applied
2026-06-06_run02_diamond_pm35_on_r03,1600,1609,9,0.0,0.0,-263.27731514697575,1.43839247610853e-14,4.49482348024867e-14,-263.277315146976,0.0,0.0,0.0,-2.2414701031359794,0.21151450542995442,0.02963919411938996,0.5603675257839948,-0.052878626357488606,0.0,0.5603675257839948,-0.052878626357488606,0.0,0.5603675257839948,-0.052878626357488606,-263.27731514697575,-0.012964923798547823,-0.1146273345320148,0.12840096535346232,0.25,2.0,False,False,False,applied
2026-06-06_run02_diamond_pm35_on_r03,1700,1703,3,0.0,0.0,-263.27731514697575,1.43839247610853e-14,4.49482348024867e-14,-263.277315146976,0.0,0.0,0.0,-2.2414701031359794,0.21151450542995442,0.02963919411938996,0.5603675257839948,-0.052878626357488606,0.0,0.5603675257839948,-0.052878626357488606,0.0,0.5603675257839948,-0.052878626357488606,-263.27731514697575,-0.012964923798547823,-0.1146273345320148,0.12840096535346232,0.25,2.0,False,False,False,applied
2026-06-06_run02_diamond_pm35_on_r03,1800,1812,12,0.0,0.0,-263.27731514697575,1.43839247610853e-14,4.49482348024867e-14,-263.277315146976,0.0,0.0,0.0,-2.2414701031359794,0.21151450542995442,0.02963919411938996,0.5603675257839948,-0.052878626357488606,0.0,0.5603675257839948,-0.052878626357488606,0.0,0.5603675257839948,-0.052878626357488606,-263.27731514697575,-0.012964923798547823,-0.1146273345320148,0.12840096535346232,0.25,2.0,False,False,False,applied
2026-06-06_run02_diamond_pm35_on_r03,1900,1922,22,0.0,0.0,-263.27731514697575,1.43839247610853e-14,4.49482348024867e-14,-263.277315146976,0.0,0.0,0.0,-2.2414701031359794,0.21151450542995442,0.02963919411938996,0.5603675257839948,-0.052878626357488606,0.0,0.5603675257839948,-0.052878626357488606,0.0,0.5603675257839948,-0.052878626357488606,-263.27731514697575,-0.012964923798547823,-0.1146273345320148,0.12840096535346232,0.25,2.0,False,False,False,applied
2026-06-06_run02_diamond_pm35_on_r03,2000,2000,0,0.0,0.0,-263.27731514697575,1.16804003995625e-14,1.97189439384395e-14,-263.277315146976,0.0,0.0,0.0,-2.2414701031359794,0.21151450542995348,0.02963919411938997,0.5603675257839948,-0.05287862635748837,0.0,0.5603675257839948,-0.05287862635748837,0.0,0.5603675257839948,-0.05287862635748837,-263.27731514697575,-0.012964923798547823,-0.1146273345320148,0.12840096535346232,0.25,2.0,False,False,True,applied
2026-06-06_run02_diamond_pm35_on_r03,2100,2109,9,0.0,0.0,-263.27731514697575,1.16804003995625e-14,1.97189439384395e-14,-263.277315146976,0.0,0.0,0.0,-2.2414701031359794,0.21151450542995348,0.02963919411938997,0.5603675257839948,-0.05287862635748837,0.0,0.5603675257839948,-0.05287862635748837,0.0,0.5603675257839948,-0.05287862635748837,-263.27731514697575,-0.012964923798547823,-0.1146273345320148,0.12840096535346232,0.25,2.0,False,False,False,applied
2026-06-06_run02_diamond_pm35_on_r03,2200,2203,3,0.0,0.0,-263.27731514697575,1.16804003995625e-14,1.97189439384395e-14,-263.277315146976,0.0,0.0,0.0,-2.2414701031359794,0.21151450542995348,0.02963919411938997,0.5603675257839948,-0.05287862635748837,0.0,0.5603675257839948,-0.05287862635748837,0.0,0.5603675257839948,-0.05287862635748837,-263.27731514697575,-0.012964923798547823,-0.1146273345320148,0.12840096535346232,0.25,2.0,False,False,False,applied
2026-06-06_run02_diamond_pm35_on_r03,2300,2312,12,0.0,0.0,-263.27731514697575,1.16804003995625e-14,1.97189439384395e-14,-263.277315146976,0.0,0.0,0.0,-2.2414701031359794,0.21151450542995348,0.02963919411938997,0.5603675257839948,-0.05287862635748837,0.0,0.5603675257839948,-0.05287862635748837,0.0,0.5603675257839948,-0.05287862635748837,-263.27731514697575,-0.012964923798547823,-0.1146273345320148,0.12840096535346232,0.25,2.0,False,False,False,applied
2026-06-06_run02_diamond_pm35_on_r03,2400,2406,6,0.0,0.0,-263.27731514697575,1.16804003995625e-14,1.97189439384395e-14,-263.277315146976,0.0,0.0,0.0,-2.2414701031359794,0.21151450542995348,0.02963919411938997,0.5603675257839948,-0.05287862635748837,0.0,0.5603675257839948,-0.05287862635748837,0.0,0.5603675257839948,-0.05287862635748837,-263.27731514697575,-0.012964923798547823,-0.1146273345320148,0.12840096535346232,0.25,2.0,False,False,False,applied
2026-06-06_run02_diamond_pm35_on_r03,2500,2500,0,0.0,0.0,-263.27731514697575,-1.52458120313921e-14,-1.09189928808858e-15,-263.277315146976,0.0,0.0,0.0,-2.2414701031359767,0.21151450542995304,0.029639194119389978,0.5603675257839942,-0.05287862635748826,0.0,0.5603675257839942,-0.05287862635748826,0.0,0.5603675257839942,-0.05287862635748826,-263.27731514697575,-0.012964923798547823,-0.1146273345320148,0.12840096535346232,0.25,2.0,False,False,True,applied
2026-06-06_run02_diamond_pm35_on_r03,2600,2609,9,0.0,0.0,-263.27731514697575,-1.52458120313921e-14,-1.09189928808858e-15,-263.277315146976,0.0,0.0,0.0,-2.2414701031359767,0.21151450542995304,0.029639194119389978,0.5603675257839942,-0.05287862635748826,0.0,0.5603675257839942,-0.05287862635748826,0.0,0.5603675257839942,-0.05287862635748826,-263.27731514697575,-0.012964923798547823,-0.1146273345320148,0.12840096535346232,0.25,2.0,False,False,False,applied
2026-06-06_run02_diamond_pm35_on_r03,2700,2703,3,0.0,0.0,-263.27731514697575,-1.52458120313921e-14,-1.09189928808858e-15,-263.277315146976,0.0,0.0,0.0,-2.2414701031359767,0.21151450542995304,0.029639194119389978,0.5603675257839942,-0.05287862635748826,0.0,0.5603675257839942,-0.05287862635748826,0.0,0.5603675257839942,-0.05287862635748826,-263.27731514697575,-0.012964923798547823,-0.1146273345320148,0.12840096535346232,0.25,2.0,False,False,False,applied
2026-06-06_run02_diamond_pm35_on_r03,2800,2812,12,0.0,0.0,-263.27731514697575,-1.52458120313921e-14,-1.09189928808858e-15,-263.277315146976,0.0,0.0,0.0,-2.2414701031359767,0.21151450542995304,0.029639194119389978,0.5603675257839942,-0.05287862635748826,0.0,0.5603675257839942,-0.05287862635748826,0.0,0.5603675257839942,-0.05287862635748826,-263.27731514697575,-0.012964923798547823,-0.1146273345320148,0.12840096535346232,0.25,2.0,False,False,False,applied
2026-06-06_run02_diamond_pm35_on_r03,2900,2906,6,0.0,0.0,-263.27731514697575,-1.52458120313921e-14,-1.09189928808858e-15,-263.277315146976,0.0,0.0,0.0,-2.2414701031359767,0.21151450542995304,0.029639194119389978,0.5603675257839942,-0.05287862635748826,0.0,0.5603675257839942,-0.05287862635748826,0.0,0.5603675257839942,-0.05287862635748826,-263.27731514697575,-0.012964923798547823,-0.1146273345320148,0.12840096535346232,0.25,2.0,False,False,False,applied
2026-06-06_run02_diamond_pm35_on_r03,3000,3000,0,0.0,0.0,-263.27731514697575,-2.1263661442198e-14,3.8529573838619e-15,-263.277315146976,0.0,0.0,0.0,-2.241470103135976,0.21151450542995331,0.029639194119389974,0.560367525783994,-0.05287862635748833,0.0,0.560367525783994,-0.05287862635748833,0.0,0.560367525783994,-0.05287862635748833,-263.27731514697575,-0.012964923798547823,-0.1146273345320148,0.12840096535346232,0.25,2.0,False,False,True,applied
2026-06-06_run02_diamond_pm35_on_r03,3100,3109,9,0.0,0.0,-263.27731514697575,-2.1263661442198e-14,3.8529573838619e-15,-263.277315146976,0.0,0.0,0.0,-2.241470103135976,0.21151450542995331,0.029639194119389974,0.560367525783994,-0.05287862635748833,0.0,0.560367525783994,-0.05287862635748833,0.0,0.560367525783994,-0.05287862635748833,-263.27731514697575,-0.012964923798547823,-0.1146273345320148,0.12840096535346232,0.25,2.0,False,False,False,applied
2026-06-06_run02_diamond_pm35_on_r03,3200,3203,3,0.0,0.0,-263.27731514697575,-2.1263661442198e-14,3.8529573838619e-15,-263.277315146976,0.0,0.0,0.0,-2.241470103135976,0.21151450542995331,0.029639194119389974,0.560367525783994,-0.05287862635748833,0.0,0.560367525783994,-0.05287862635748833,0.0,0.560367525783994,-0.05287862635748833,-263.27731514697575,-0.012964923798547823,-0.1146273345320148,0.12840096535346232,0.25,2.0,False,False,False,applied
2026-06-06_run02_diamond_pm35_on_r03,3300,3312,12,0.0,0.0,-263.27731514697575,-2.1263661442198e-14,3.8529573838619e-15,-263.277315146976,0.0,0.0,0.0,-2.241470103135976,0.21151450542995331,0.029639194119389974,0.560367525783994,-0.05287862635748833,0.0,0.560367525783994,-0.05287862635748833,0.0,0.560367525783994,-0.05287862635748833,-263.27731514697575,-0.012964923798547823,-0.1146273345320148,0.12840096535346232,0.25,2.0,False,False,False,applied
2026-06-06_run02_diamond_pm35_on_r03,3400,3406,6,0.0,0.0,-263.27731514697575,-2.1263661442198e-14,3.8529573838619e-15,-263.277315146976,0.0,0.0,0.0,-2.241470103135976,0.21151450542995331,0.029639194119389974,0.560367525783994,-0.05287862635748833,0.0,0.560367525783994,-0.05287862635748833,0.0,0.560367525783994,-0.05287862635748833,-263.27731514697575,-0.012964923798547823,-0.1146273345320148,0.12840096535346232,0.25,2.0,False,False,False,applied
2026-06-06_run02_diamond_pm35_on_r03,3500,3500,0,0.0,0.0,-263.27731514697575,8.09808299065426e-15,4.22949668742332e-14,-263.277315146976,0.0,0.0,0.0,-2.2414701031359785,0.2115145054299544,0.02963919411938996,0.5603675257839946,-0.0528786263574886,0.0,0.5603675257839946,-0.0528786263574886,0.0,0.5603675257839946,-0.0528786263574886,-263.27731514697575,-0.012964923798547823,-0.1146273345320148,0.12840096535346232,0.25,2.0,False,False,True,applied
2026-06-06_run02_diamond_pm35_on_r03,3600,3609,9,0.0,0.0,-263.27731514697575,8.09808299065426e-15,4.22949668742332e-14,-263.277315146976,0.0,0.0,0.0,-2.2414701031359785,0.2115145054299544,0.02963919411938996,0.5603675257839946,-0.0528786263574886,0.0,0.5603675257839946,-0.0528786263574886,0.0,0.5603675257839946,-0.0528786263574886,-263.27731514697575,-0.012964923798547823,-0.1146273345320148,0.12840096535346232,0.25,2.0,False,False,False,applied
2026-06-06_run02_diamond_pm35_on_r03,3700,3703,3,0.0,0.0,-263.27731514697575,8.09808299065426e-15,4.22949668742332e-14,-263.277315146976,0.0,0.0,0.0,-2.2414701031359785,0.2115145054299544,0.02963919411938996,0.5603675257839946,-0.0528786263574886,0.0,0.5603675257839946,-0.0528786263574886,0.0,0.5603675257839946,-0.0528786263574886,-263.27731514697575,-0.012964923798547823,-0.1146273345320148,0.12840096535346232,0.25,2.0,False,False,False,applied
2026-06-06_run02_diamond_pm35_on_r03,3800,3812,12,0.0,0.0,-263.27731514697575,8.09808299065426e-15,4.22949668742332e-14,-263.277315146976,0.0,0.0,0.0,-2.2414701031359785,0.2115145054299544,0.02963919411938996,0.5603675257839946,-0.0528786263574886,0.0,0.5603675257839946,-0.0528786263574886,0.0,0.5603675257839946,-0.0528786263574886,-263.27731514697575,-0.012964923798547823,-0.1146273345320148,0.12840096535346232,0.25,2.0,False,False,False,applied
2026-06-06_run02_diamond_pm35_on_r03,3900,3906,6,0.0,0.0,-263.27731514697575,8.09808299065426e-15,4.22949668742332e-14,-263.277315146976,0.0,0.0,0.0,-2.2414701031359785,0.2115145054299544,0.02963919411938996,0.5603675257839946,-0.0528786263574886,0.0,0.5603675257839946,-0.0528786263574886,0.0,0.5603675257839946,-0.0528786263574886,-263.27731514697575,-0.012964923798547823,-0.1146273345320148,0.12840096535346232,0.25,2.0,False,False,False,applied
2026-06-06_run02_diamond_pm35_on_r03,4000,4000,0,0.0,0.0,-263.27731514697575,-5.29742390466838e-14,2.0772424242704e-14,-263.277315146976,0.0,0.0,0.0,-2.2414701031359723,0.21151450542995442,0.02963919411938996,0.5603675257839931,-0.052878626357488606,0.0,0.5603675257839931,-0.052878626357488606,0.0,0.5603675257839931,-0.052878626357488606,-263.27731514697575,-0.012964923798547823,-0.1146273345320148,0.12840096535346232,0.25,2.0,False,False,True,applied
2026-06-06_run02_diamond_pm35_on_r03,4100,4109,9,0.0,0.0,-263.27731514697575,-5.29742390466838e-14,2.0772424242704e-14,-263.277315146976,0.0,0.0,0.0,-2.2414701031359723,0.21151450542995442,0.02963919411938996,0.5603675257839931,-0.052878626357488606,0.0,0.5603675257839931,-0.052878626357488606,0.0,0.5603675257839931,-0.052878626357488606,-263.27731514697575,-0.012964923798547823,-0.1146273345320148,0.12840096535346232,0.25,2.0,False,False,False,applied
2026-06-06_run02_diamond_pm35_on_r03,4200,4203,3,0.0,0.0,-263.27731514697575,-5.29742390466838e-14,2.0772424242704e-14,-263.277315146976,0.0,0.0,0.0,-2.2414701031359723,0.21151450542995442,0.02963919411938996,0.5603675257839931,-0.052878626357488606,0.0,0.5603675257839931,-0.052878626357488606,0.0,0.5603675257839931,-0.052878626357488606,-263.27731514697575,-0.012964923798547823,-0.1146273345320148,0.12840096535346232,0.25,2.0,False,False,False,applied
2026-06-06_run02_diamond_pm35_on_r03,4300,4312,12,0.0,0.0,-263.27731514697575,-5.29742390466838e-14,2.0772424242704e-14,-263.277315146976,0.0,0.0,0.0,-2.2414701031359723,0.21151450542995442,0.02963919411938996,0.5603675257839931,-0.052878626357488606,0.0,0.5603675257839931,-0.052878626357488606,0.0,0.5603675257839931,-0.052878626357488606,-263.27731514697575,-0.012964923798547823,-0.1146273345320148,0.12840096535346232,0.25,2.0,False,False,False,applied
2026-06-06_run02_diamond_pm35_on_r03,4400,4406,6,0.0,0.0,-263.27731514697575,-5.29742390466838e-14,2.0772424242704e-14,-263.277315146976,0.0,0.0,0.0,-2.2414701031359723,0.21151450542995442,0.02963919411938996,0.5603675257839931,-0.052878626357488606,0.0,0.5603675257839931,-0.052878626357488606,0.0,0.5603675257839931,-0.052878626357488606,-263.27731514697575,-0.012964923798547823,-0.1146273345320148,0.12840096535346232,0.25,2.0,False,False,False,applied
2026-06-06_run02_diamond_pm35_on_r03,4500,4500,0,0.0,0.0,-263.27731514697575,-3.02129651703898e-14,1.45045555309274e-14,-263.277315146976,0.0,0.0,0.0,-2.241470103135975,0.21151450542995387,0.029639194119389967,0.5603675257839937,-0.05287862635748847,0.0,0.5603675257839937,-0.05287862635748847,0.0,0.5603675257839937,-0.05287862635748847,-263.27731514697575,-0.012964923798547823,-0.1146273345320148,0.12840096535346232,0.25,2.0,False,False,True,applied
2026-06-06_run02_diamond_pm35_on_r03,4600,4625,25,0.0,0.0,-263.27731514697575,-3.02129651703898e-14,1.45045555309274e-14,-263.277315146976,0.0,0.0,0.0,-2.241470103135975,0.21151450542995387,0.029639194119389967,0.5603675257839937,-0.05287862635748847,0.0,0.5603675257839937,-0.05287862635748847,0.0,0.5603675257839937,-0.05287862635748847,-263.27731514697575,-0.012964923798547823,-0.1146273345320148,0.12840096535346232,0.25,2.0,False,False,False,applied
2026-06-06_run02_diamond_pm35_on_r03,4700,4703,3,0.0,0.0,-263.27731514697575,-3.02129651703898e-14,1.45045555309274e-14,-263.277315146976,0.0,0.0,0.0,-2.241470103135975,0.21151450542995387,0.029639194119389967,0.5603675257839937,-0.05287862635748847,0.0,0.5603675257839937,-0.05287862635748847,0.0,0.5603675257839937,-0.05287862635748847,-263.27731514697575,-0.012964923798547823,-0.1146273345320148,0.12840096535346232,0.25,2.0,False,False,False,applied
2026-06-06_run02_diamond_pm35_on_r03,4800,4812,12,0.0,0.0,-263.27731514697575,-3.02129651703898e-14,1.45045555309274e-14,-263.277315146976,0.0,0.0,0.0,-2.241470103135975,0.21151450542995387,0.029639194119389967,0.5603675257839937,-0.05287862635748847,0.0,0.5603675257839937,-0.05287862635748847,0.0,0.5603675257839937,-0.05287862635748847,-263.27731514697575,-0.012964923798547823,-0.1146273345320148,0.12840096535346232,0.25,2.0,False,False,False,applied
2026-06-06_run02_diamond_pm35_on_r03,4900,4906,6,0.0,0.0,-263.27731514697575,-3.02129651703898e-14,1.45045555309274e-14,-263.277315146976,0.0,0.0,0.0,-2.241470103135975,0.21151450542995387,0.029639194119389967,0.5603675257839937,-0.05287862635748847,0.0,0.5603675257839937,-0.05287862635748847,0.0,0.5603675257839937,-0.05287862635748847,-263.27731514697575,-0.012964923798547823,-0.1146273345320148,0.12840096535346232,0.25,2.0,False,False,False,applied
2026-06-06_run02_diamond_pm35_on_r03,5000,5000,0,35.0,0.0,-263.27731514697575,29.6437334846114,-0.0780784145857931,-263.394681001381,1.0,-7.0,9.0,-2.7742869242629755,-2.299628781580252,0.05190703684065451,0.6935717310657439,0.574907195395063,0.0,0.6935717310657439,0.574907195395063,0.0,35.693571731065745,0.574907195395063,-263.27731514697575,1.2523786061390763,-6.699637811119138,8.68727581204066,0.25,2.0,False,False,True,applied
2026-06-06_run02_diamond_pm35_on_r03,5100,5109,9,35.0,0.0,-263.27731514697575,29.6437334846114,-0.0780784145857931,-263.394681001381,1.0,-7.0,9.0,-2.7742869242629755,-2.299628781580252,0.05190703684065451,0.6935717310657439,0.574907195395063,0.0,0.6935717310657439,0.574907195395063,0.0,35.693571731065745,0.574907195395063,-263.27731514697575,1.2523786061390763,-6.699637811119138,8.68727581204066,0.25,2.0,False,False,False,applied
2026-06-06_run02_diamond_pm35_on_r03,5200,5203,3,35.0,0.0,-263.27731514697575,29.6437334846114,-0.0780784145857931,-263.394681001381,1.0,-7.0,9.0,-2.7742869242629755,-2.299628781580252,0.05190703684065451,0.6935717310657439,0.574907195395063,0.0,0.6935717310657439,0.574907195395063,0.0,35.693571731065745,0.574907195395063,-263.27731514697575,1.2523786061390763,-6.699637811119138,8.68727581204066,0.25,2.0,False,False,False,applied
2026-06-06_run02_diamond_pm35_on_r03,5300,5312,12,35.0,0.0,-263.27731514697575,29.6437334846114,-0.0780784145857931,-263.394681001381,1.0,-7.0,9.0,-2.7742869242629755,-2.299628781580252,0.05190703684065451,0.6935717310657439,0.574907195395063,0.0,0.6935717310657439,0.574907195395063,0.0,35.693571731065745,0.574907195395063,-263.27731514697575,1.2523786061390763,-6.699637811119138,8.68727581204066,0.25,2.0,False,False,False,applied
2026-06-06_run02_diamond_pm35_on_r03,5400,5406,6,35.0,0.0,-263.27731514697575,29.6437334846114,-0.0780784145857931,-263.394681001381,1.0,-7.0,9.0,-2.7742869242629755,-2.299628781580252,0.05190703684065451,0.6935717310657439,0.574907195395063,0.0,0.6935717310657439,0.574907195395063,0.0,35.693571731065745,0.574907195395063,-263.27731514697575,1.2523786061390763,-6.699637811119138,8.68727581204066,0.25,2.0,False,False,False,applied
2026-06-06_run02_diamond_pm35_on_r03,5500,5500,0,35.0,0.0,-263.27731514697575,37.0813625701085,-0.125821363454006,-262.914349207043,1.0,-7.0,9.0,-3.8945236995966814,-1.4973344305946354,-0.03477986898744258,0.9736309248991704,0.37433360764865886,0.0,0.9736309248991704,0.37433360764865886,0.0,35.97363092489917,0.37433360764865886,-263.27731514697575,1.219516369281381,-6.7177629425598395,8.787846051147135,0.25,2.0,False,False,True,applied
2026-06-06_run02_diamond_pm35_on_r03,5600,5609,9,35.0,0.0,-263.27731514697575,37.0813625701085,-0.125821363454006,-262.914349207043,1.0,-7.0,9.0,-3.8945236995966814,-1.4973344305946354,-0.03477986898744258,0.9736309248991704,0.37433360764865886,0.0,0.9736309248991704,0.37433360764865886,0.0,35.97363092489917,0.37433360764865886,-263.27731514697575,1.219516369281381,-6.7177629425598395,8.787846051147135,0.25,2.0,False,False,False,applied
2026-06-06_run02_diamond_pm35_on_r03,5700,5703,3,35.0,0.0,-263.27731514697575,37.0813625701085,-0.125821363454006,-262.914349207043,1.0,-7.0,9.0,-3.8945236995966814,-1.4973344305946354,-0.03477986898744258,0.9736309248991704,0.37433360764865886,0.0,0.9736309248991704,0.37433360764865886,0.0,35.97363092489917,0.37433360764865886,-263.27731514697575,1.219516369281381,-6.7177629425598395,8.787846051147135,0.25,2.0,False,False,False,applied
2026-06-06_run02_diamond_pm35_on_r03,5800,5812,12,35.0,0.0,-263.27731514697575,37.0813625701085,-0.125821363454006,-262.914349207043,1.0,-7.0,9.0,-3.8945236995966814,-1.4973344305946354,-0.03477986898744258,0.9736309248991704,0.37433360764865886,0.0,0.9736309248991704,0.37433360764865886,0.0,35.97363092489917,0.37433360764865886,-263.27731514697575,1.219516369281381,-6.7177629425598395,8.787846051147135,0.25,2.0,False,False,False,applied
2026-06-06_run02_diamond_pm35_on_r03,5900,5906,6,35.0,0.0,-263.27731514697575,37.0813625701085,-0.125821363454006,-262.914349207043,1.0,-7.0,9.0,-3.8945236995966814,-1.4973344305946354,-0.03477986898744258,0.9736309248991704,0.37433360764865886,0.0,0.9736309248991704,0.37433360764865886,0.0,35.97363092489917,0.37433360764865886,-263.27731514697575,1.219516369281381,-6.7177629425598395,8.787846051147135,0.25,2.0,False,False,False,applied
2026-06-06_run02_diamond_pm35_on_r03,6000,6000,0,35.0,0.0,-263.27731514697575,37.0809100965853,-0.125818052790289,-262.914384876516,1.0,-7.0,9.0,-3.8944516121444437,-1.4973954529519582,-0.034773413314486794,0.9736129030361109,0.37434886323798955,0.0,0.9736129030361109,0.37434886323798955,0.0,35.97361290303611,0.37434886323798955,-263.27731514697575,1.2195190661255164,-6.717762074059437,8.787839289718539,0.25,2.0,False,False,True,applied
2026-06-06_run02_diamond_pm35_on_r03,6100,6109,9,35.0,0.0,-263.27731514697575,37.0809100965853,-0.125818052790289,-262.914384876516,1.0,-7.0,9.0,-3.8944516121444437,-1.4973954529519582,-0.034773413314486794,0.9736129030361109,0.37434886323798955,0.0,0.9736129030361109,0.37434886323798955,0.0,35.97361290303611,0.37434886323798955,-263.27731514697575,1.2195190661255164,-6.717762074059437,8.787839289718539,0.25,2.0,False,False,False,applied
2026-06-06_run02_diamond_pm35_on_r03,6200,6203,3,35.0,0.0,-263.27731514697575,37.0809100965853,-0.125818052790289,-262.914384876516,1.0,-7.0,9.0,-3.8944516121444437,-1.4973954529519582,-0.034773413314486794,0.9736129030361109,0.37434886323798955,0.0,0.9736129030361109,0.37434886323798955,0.0,35.97361290303611,0.37434886323798955,-263.27731514697575,1.2195190661255164,-6.717762074059437,8.787839289718539,0.25,2.0,False,False,False,applied
2026-06-06_run02_diamond_pm35_on_r03,6300,6312,12,35.0,0.0,-263.27731514697575,37.0809100965853,-0.125818052790289,-262.914384876516,1.0,-7.0,9.0,-3.8944516121444437,-1.4973954529519582,-0.034773413314486794,0.9736129030361109,0.37434886323798955,0.0,0.9736129030361109,0.37434886323798955,0.0,35.97361290303611,0.37434886323798955,-263.27731514697575,1.2195190661255164,-6.717762074059437,8.787839289718539,0.25,2.0,False,False,False,applied
2026-06-06_run02_diamond_pm35_on_r03,6400,6406,6,35.0,0.0,-263.27731514697575,37.0809100965853,-0.125818052790289,-262.914384876516,1.0,-7.0,9.0,-3.8944516121444437,-1.4973954529519582,-0.034773413314486794,0.9736129030361109,0.37434886323798955,0.0,0.9736129030361109,0.37434886323798955,0.0,35.97361290303611,0.37434886323798955,-263.27731514697575,1.2195190661255164,-6.717762074059437,8.787839289718539,0.25,2.0,False,False,False,applied
2026-06-06_run02_diamond_pm35_on_r03,6500,6500,0,35.0,0.0,-263.27731514697575,37.0810452027437,-0.125819041329807,-262.9143742259,1.0,-7.0,9.0,-3.894473137010627,-1.4973772321875658,-0.03477534092596647,0.9736182842526567,0.37434430804689145,0.0,0.9736182842526567,0.37434430804689145,0.0,35.97361828425266,0.37434430804689145,-263.27731514697575,1.2195182608728368,-6.717762333393167,8.787841308635155,0.25,2.0,False,False,True,applied
2026-06-06_run02_diamond_pm35_on_r03,6600,6609,9,35.0,0.0,-263.27731514697575,37.0810452027437,-0.125819041329807,-262.9143742259,1.0,-7.0,9.0,-3.894473137010627,-1.4973772321875658,-0.03477534092596647,0.9736182842526567,0.37434430804689145,0.0,0.9736182842526567,0.37434430804689145,0.0,35.97361828425266,0.37434430804689145,-263.27731514697575,1.2195182608728368,-6.717762333393167,8.787841308635155,0.25,2.0,False,False,False,applied
2026-06-06_run02_diamond_pm35_on_r03,6700,6703,3,35.0,0.0,-263.27731514697575,37.0810452027437,-0.125819041329807,-262.9143742259,1.0,-7.0,9.0,-3.894473137010627,-1.4973772321875658,-0.03477534092596647,0.9736182842526567,0.37434430804689145,0.0,0.9736182842526567,0.37434430804689145,0.0,35.97361828425266,0.37434430804689145,-263.27731514697575,1.2195182608728368,-6.717762333393167,8.787841308635155,0.25,2.0,False,False,False,applied
2026-06-06_run02_diamond_pm35_on_r03,6800,6812,12,35.0,0.0,-263.27731514697575,37.0810452027437,-0.125819041329807,-262.9143742259,1.0,-7.0,9.0,-3.894473137010627,-1.4973772321875658,-0.03477534092596647,0.9736182842526567,0.37434430804689145,0.0,0.9736182842526567,0.37434430804689145,0.0,35.97361828425266,0.37434430804689145,-263.27731514697575,1.2195182608728368,-6.717762333393167,8.787841308635155,0.25,2.0,False,False,False,applied
2026-06-06_run02_diamond_pm35_on_r03,6900,6906,6,35.0,0.0,-263.27731514697575,37.0810452027437,-0.125819041329807,-262.9143742259,1.0,-7.0,9.0,-3.894473137010627,-1.4973772321875658,-0.03477534092596647,0.9736182842526567,0.37434430804689145,0.0,0.9736182842526567,0.37434430804689145,0.0,35.97361828425266,0.37434430804689145,-263.27731514697575,1.2195182608728368,-6.717762333393167,8.787841308635155,0.25,2.0,False,False,False,applied
2026-06-06_run02_diamond_pm35_on_r03,7000,7000,0,35.0,0.0,-263.27731514697575,37.0826942026565,-0.125831107023342,-262.914244227377,1.0,-7.0,9.0,-3.8947358559895306,-1.497154833492251,-0.034798868840251254,0.9736839639973827,0.3742887083730628,0.0,0.9736839639973827,0.3742887083730628,0.0,35.97368396399738,0.3742887083730628,-263.27731514697575,1.2195084320011205,-6.7177654984082045,8.78786595049333,0.25,2.0,False,False,True,applied
2026-06-06_run02_diamond_pm35_on_r03,7100,7109,9,35.0,0.0,-263.27731514697575,37.0826942026565,-0.125831107023342,-262.914244227377,1.0,-7.0,9.0,-3.8947358559895306,-1.497154833492251,-0.034798868840251254,0.9736839639973827,0.3742887083730628,0.0,0.9736839639973827,0.3742887083730628,0.0,35.97368396399738,0.3742887083730628,-263.27731514697575,1.2195084320011205,-6.7177654984082045,8.78786595049333,0.25,2.0,False,False,False,applied
2026-06-06_run02_diamond_pm35_on_r03,7200,7203,3,35.0,0.0,-263.27731514697575,37.0826942026565,-0.125831107023342,-262.914244227377,1.0,-7.0,9.0,-3.8947358559895306,-1.497154833492251,-0.034798868840251254,0.9736839639973827,0.3742887083730628,0.0,0.9736839639973827,0.3742887083730628,0.0,35.97368396399738,0.3742887083730628,-263.27731514697575,1.2195084320011205,-6.7177654984082045,8.78786595049333,0.25,2.0,False,False,False,applied
2026-06-06_run02_diamond_pm35_on_r03,7300,7312,12,35.0,0.0,-263.27731514697575,37.0826942026565,-0.125831107023342,-262.914244227377,1.0,-7.0,9.0,-3.8947358559895306,-1.497154833492251,-0.034798868840251254,0.9736839639973827,0.3742887083730628,0.0,0.9736839639973827,0.3742887083730628,0.0,35.97368396399738,0.3742887083730628,-263.27731514697575,1.2195084320011205,-6.7177654984082045,8.78786595049333,0.25,2.0,False,False,False,applied
2026-06-06_run02_diamond_pm35_on_r03,7400,7406,6,35.0,0.0,-263.27731514697575,37.0826942026565,-0.125831107023342,-262.914244227377,1.0,-7.0,9.0,-3.8947358559895306,-1.497154833492251,-0.034798868840251254,0.9736839639973827,0.3742887083730628,0.0,0.9736839639973827,0.3742887083730628,0.0,35.97368396399738,0.3742887083730628,-263.27731514697575,1.2195084320011205,-6.7177654984082045,8.78786595049333,0.25,2.0,False,False,False,applied
2026-06-06_run02_diamond_pm35_on_r03,7500,7500,0,35.0,0.0,-263.27731514697575,37.081902003628,-0.125825310485363,-262.914306680735,1.0,-7.0,9.0,-3.8946096423648076,-1.4972616774601977,-0.03478756565479417,0.9736524105912019,0.3743154193650494,0.0,0.9736524105912019,0.3743154193650494,0.0,35.9736524105912,0.3743154193650494,-263.27731514697575,1.2195131539636421,-6.717763977918757,8.787854112199792,0.25,2.0,False,False,True,applied
2026-06-06_run02_diamond_pm35_on_r03,7600,7609,9,35.0,0.0,-263.27731514697575,37.081902003628,-0.125825310485363,-262.914306680735,1.0,-7.0,9.0,-3.8946096423648076,-1.4972616774601977,-0.03478756565479417,0.9736524105912019,0.3743154193650494,0.0,0.9736524105912019,0.3743154193650494,0.0,35.9736524105912,0.3743154193650494,-263.27731514697575,1.2195131539636421,-6.717763977918757,8.787854112199792,0.25,2.0,False,False,False,applied
2026-06-06_run02_diamond_pm35_on_r03,7700,7703,3,35.0,0.0,-263.27731514697575,37.081902003628,-0.125825310485363,-262.914306680735,1.0,-7.0,9.0,-3.8946096423648076,-1.4972616774601977,-0.03478756565479417,0.9736524105912019,0.3743154193650494,0.0,0.9736524105912019,0.3743154193650494,0.0,35.9736524105912,0.3743154193650494,-263.27731514697575,1.2195131539636421,-6.717763977918757,8.787854112199792,0.25,2.0,False,False,False,applied
2026-06-06_run02_diamond_pm35_on_r03,7800,7812,12,35.0,0.0,-263.27731514697575,37.081902003628,-0.125825310485363,-262.914306680735,1.0,-7.0,9.0,-3.8946096423648076,-1.4972616774601977,-0.03478756565479417,0.9736524105912019,0.3743154193650494,0.0,0.9736524105912019,0.3743154193650494,0.0,35.9736524105912,0.3743154193650494,-263.27731514697575,1.2195131539636421,-6.717763977918757,8.787854112199792,0.25,2.0,False,False,False,applied
2026-06-06_run02_diamond_pm35_on_r03,7900,7906,6,35.0,0.0,-263.27731514697575,37.081902003628,-0.125825310485363,-262.914306680735,1.0,-7.0,9.0,-3.8946096423648076,-1.4972616774601977,-0.03478756565479417,0.9736524105912019,0.3743154193650494,0.0,0.9736524105912019,0.3743154193650494,0.0,35.9736524105912,0.3743154193650494,-263.27731514697575,1.2195131539636421,-6.717763977918757,8.787854112199792,0.25,2.0,False,False,False,applied
2026-06-06_run02_diamond_pm35_on_r03,8000,8000,0,35.0,0.0,-263.27731514697575,37.0819212738248,-0.125825451435545,-262.914305162283,1.0,-7.0,9.0,-3.894612712063009,-1.4972590798548246,-0.034787840471729274,0.9736531780157522,0.37431476996370616,0.0,0.9736531780157522,0.37431476996370616,0.0,35.97365317801575,0.37431476996370616,-263.27731514697575,1.219513039181061,-6.717764014929862,8.787854400093982,0.25,2.0,False,False,True,applied
2026-06-06_run02_diamond_pm35_on_r03,8100,8109,9,35.0,0.0,-263.27731514697575,37.0819212738248,-0.125825451435545,-262.914305162283,1.0,-7.0,9.0,-3.894612712063009,-1.4972590798548246,-0.034787840471729274,0.9736531780157522,0.37431476996370616,0.0,0.9736531780157522,0.37431476996370616,0.0,35.97365317801575,0.37431476996370616,-263.27731514697575,1.219513039181061,-6.717764014929862,8.787854400093982,0.25,2.0,False,False,False,applied
2026-06-06_run02_diamond_pm35_on_r03,8200,8203,3,35.0,0.0,-263.27731514697575,37.0819212738248,-0.125825451435545,-262.914305162283,1.0,-7.0,9.0,-3.894612712063009,-1.4972590798548246,-0.034787840471729274,0.9736531780157522,0.37431476996370616,0.0,0.9736531780157522,0.37431476996370616,0.0,35.97365317801575,0.37431476996370616,-263.27731514697575,1.219513039181061,-6.717764014929862,8.787854400093982,0.25,2.0,False,False,False,applied
2026-06-06_run02_diamond_pm35_on_r03,8300,8312,12,35.0,0.0,-263.27731514697575,37.0819212738248,-0.125825451435545,-262.914305162283,1.0,-7.0,9.0,-3.894612712063009,-1.4972590798548246,-0.034787840471729274,0.9736531780157522,0.37431476996370616,0.0,0.9736531780157522,0.37431476996370616,0.0,35.97365317801575,0.37431476996370616,-263.27731514697575,1.219513039181061,-6.717764014929862,8.787854400093982,0.25,2.0,False,False,False,applied
2026-06-06_run02_diamond_pm35_on_r03,8400,8406,6,35.0,0.0,-263.27731514697575,37.0819212738248,-0.125825451435545,-262.914305162283,1.0,-7.0,9.0,-3.894612712063009,-1.4972590798548246,-0.034787840471729274,0.9736531780157522,0.37431476996370616,0.0,0.9736531780157522,0.37431476996370616,0.0,35.97365317801575,0.37431476996370616,-263.27731514697575,1.219513039181061,-6.717764014929862,8.787854400093982,0.25,2.0,False,False,False,applied
2026-06-06_run02_diamond_pm35_on_r03,8500,8500,0,35.0,0.0,-263.27731514697575,37.081188662105,-0.125820090996566,-262.914362916586,1.0,-7.0,9.0,-3.8944959928176064,-1.4973578845043893,-0.034777387752982204,0.9736239982044016,0.37433947112609733,0.0,0.9736239982044016,0.37433947112609733,0.0,35.9736239982044,0.37433947112609733,-263.27731514697575,1.2195174058117861,-6.71776260875261,8.787843452395286,0.25,2.0,False,False,True,applied
2026-06-06_run02_diamond_pm35_on_r03,8600,8609,9,35.0,0.0,-263.27731514697575,37.081188662105,-0.125820090996566,-262.914362916586,1.0,-7.0,9.0,-3.8944959928176064,-1.4973578845043893,-0.034777387752982204,0.9736239982044016,0.37433947112609733,0.0,0.9736239982044016,0.37433947112609733,0.0,35.9736239982044,0.37433947112609733,-263.27731514697575,1.2195174058117861,-6.71776260875261,8.787843452395286,0.25,2.0,False,False,False,applied
2026-06-06_run02_diamond_pm35_on_r03,8700,8703,3,35.0,0.0,-263.27731514697575,37.081188662105,-0.125820090996566,-262.914362916586,1.0,-7.0,9.0,-3.8944959928176064,-1.4973578845043893,-0.034777387752982204,0.9736239982044016,0.37433947112609733,0.0,0.9736239982044016,0.37433947112609733,0.0,35.9736239982044,0.37433947112609733,-263.27731514697575,1.2195174058117861,-6.71776260875261,8.787843452395286,0.25,2.0,False,False,False,applied
2026-06-06_run02_diamond_pm35_on_r03,8800,8812,12,35.0,0.0,-263.27731514697575,37.081188662105,-0.125820090996566,-262.914362916586,1.0,-7.0,9.0,-3.8944959928176064,-1.4973578845043893,-0.034777387752982204,0.9736239982044016,0.37433947112609733,0.0,0.9736239982044016,0.37433947112609733,0.0,35.9736239982044,0.37433947112609733,-263.27731514697575,1.2195174058117861,-6.71776260875261,8.787843452395286,0.25,2.0,False,False,False,applied
2026-06-06_run02_diamond_pm35_on_r03,8900,8906,6,35.0,0.0,-263.27731514697575,37.081188662105,-0.125820090996566,-262.914362916586,1.0,-7.0,9.0,-3.8944959928176064,-1.4973578845043893,-0.034777387752982204,0.9736239982044016,0.37433947112609733,0.0,0.9736239982044016,0.37433947112609733,0.0,35.9736239982044,0.37433947112609733,-263.27731514697575,1.2195174058117861,-6.71776260875261,8.787843452395286,0.25,2.0,False,False,False,applied
2026-06-06_run02_diamond_pm35_on_r03,9000,9000,0,35.0,0.0,-263.27731514697575,37.080826875032,-0.125817443878123,-262.914391436934,1.0,-7.0,9.0,-3.8944383534745035,-1.497406676313554,-0.03477222597137089,0.9736095883686259,0.3743516690783885,0.0,0.9736095883686259,0.3743516690783885,0.0,35.973609588368625,0.3743516690783885,-263.27731514697575,1.2195195621318107,-6.717761914316532,8.78783804612923,0.25,2.0,False,False,True,applied
2026-06-06_run02_diamond_pm35_on_r03,9100,9109,9,35.0,0.0,-263.27731514697575,37.080826875032,-0.125817443878123,-262.914391436934,1.0,-7.0,9.0,-3.8944383534745035,-1.497406676313554,-0.03477222597137089,0.9736095883686259,0.3743516690783885,0.0,0.9736095883686259,0.3743516690783885,0.0,35.973609588368625,0.3743516690783885,-263.27731514697575,1.2195195621318107,-6.717761914316532,8.78783804612923,0.25,2.0,False,False,False,applied
2026-06-06_run02_diamond_pm35_on_r03,9200,9203,3,35.0,0.0,-263.27731514697575,37.080826875032,-0.125817443878123,-262.914391436934,1.0,-7.0,9.0,-3.8944383534745035,-1.497406676313554,-0.03477222597137089,0.9736095883686259,0.3743516690783885,0.0,0.9736095883686259,0.3743516690783885,0.0,35.973609588368625,0.3743516690783885,-263.27731514697575,1.2195195621318107,-6.717761914316532,8.78783804612923,0.25,2.0,False,False,False,applied
2026-06-06_run02_diamond_pm35_on_r03,9300,9312,12,35.0,0.0,-263.27731514697575,37.080826875032,-0.125817443878123,-262.914391436934,1.0,-7.0,9.0,-3.8944383534745035,-1.497406676313554,-0.03477222597137089,0.9736095883686259,0.3743516690783885,0.0,0.9736095883686259,0.3743516690783885,0.0,35.973609588368625,0.3743516690783885,-263.27731514697575,1.2195195621318107,-6.717761914316532,8.78783804612923,0.25,2.0,False,False,False,applied
2026-06-06_run02_diamond_pm35_on_r03,9400,9406,6,35.0,0.0,-263.27731514697575,37.080826875032,-0.125817443878123,-262.914391436934,1.0,-7.0,9.0,-3.8944383534745035,-1.497406676313554,-0.03477222597137089,0.9736095883686259,0.3743516690783885,0.0,0.9736095883686259,0.3743516690783885,0.0,35.973609588368625,0.3743516690783885,-263.27731514697575,1.2195195621318107,-6.717761914316532,8.78783804612923,0.25,2.0,False,False,False,applied
2026-06-06_run02_diamond_pm35_on_r03,9500,9500,0,35.0,0.0,-263.27731514697575,37.08195670372,-0.125825710725079,-262.914302368189,1.0,-7.0,9.0,-3.8946183573627717,-1.49725429959712,-0.034788346165954734,0.9736545893406929,0.37431357489928,0.0,0.9736545893406929,0.37431357489928,0.0,35.97365458934069,0.37431357489928,-263.27731514697575,1.2195128278932605,-6.717764082897368,8.787854929638934,0.25,2.0,False,False,True,applied
2026-06-06_run02_diamond_pm35_on_r03,9600,9609,9,35.0,0.0,-263.27731514697575,37.08195670372,-0.125825710725079,-262.914302368189,1.0,-7.0,9.0,-3.8946183573627717,-1.49725429959712,-0.034788346165954734,0.9736545893406929,0.37431357489928,0.0,0.9736545893406929,0.37431357489928,0.0,35.97365458934069,0.37431357489928,-263.27731514697575,1.2195128278932605,-6.717764082897368,8.787854929638934,0.25,2.0,False,False,False,applied
2026-06-06_run02_diamond_pm35_on_r03,9700,9703,3,35.0,0.0,-263.27731514697575,37.08195670372,-0.125825710725079,-262.914302368189,1.0,-7.0,9.0,-3.8946183573627717,-1.49725429959712,-0.034788346165954734,0.9736545893406929,0.37431357489928,0.0,0.9736545893406929,0.37431357489928,0.0,35.97365458934069,0.37431357489928,-263.27731514697575,1.2195128278932605,-6.717764082897368,8.787854929638934,0.25,2.0,False,False,False,applied
2026-06-06_run02_diamond_pm35_on_r03,9800,9828,28,35.0,0.0,-263.27731514697575,37.08195670372,-0.125825710725079,-262.914302368189,1.0,-7.0,9.0,-3.8946183573627717,-1.49725429959712,-0.034788346165954734,0.9736545893406929,0.37431357489928,0.0,0.9736545893406929,0.37431357489928,0.0,35.97365458934069,0.37431357489928,-263.27731514697575,1.2195128278932605,-6.717764082897368,8.787854929638934,0.25,2.0,False,False,False,applied
2026-06-06_run02_diamond_pm35_on_r03,9900,9906,6,35.0,0.0,-263.27731514697575,37.08195670372,-0.125825710725079,-262.914302368189,1.0,-7.0,9.0,-3.8946183573627717,-1.49725429959712,-0.034788346165954734,0.9736545893406929,0.37431357489928,0.0,0.9736545893406929,0.37431357489928,0.0,35.97365458934069,0.37431357489928,-263.27731514697575,1.2195128278932605,-6.717764082897368,8.787854929638934,0.25,2.0,False,False,False,applied
2026-06-06_run02_diamond_pm35_on_r03,10000,10000,0,0.0,35.0,-263.27731514697575,7.41637668264984,28.0118356610969,-264.511176756724,10.0,-3.0,-3.0,-2.3924643632562517,-1.1280374495300565,0.28706538479176746,0.5981160908140629,0.2820093623825141,0.0,0.5981160908140629,0.2820093623825141,0.0,0.5981160908140629,35.28200936238252,-263.27731514697575,9.794416700506886,-3.4653877228049823,-3.2058603672144517,0.25,2.0,False,False,True,applied
2026-06-06_run02_diamond_pm35_on_r03,10100,10109,9,0.0,35.0,-263.27731514697575,7.41637668264984,28.0118356610969,-264.511176756724,10.0,-3.0,-3.0,-2.3924643632562517,-1.1280374495300565,0.28706538479176746,0.5981160908140629,0.2820093623825141,0.0,0.5981160908140629,0.2820093623825141,0.0,0.5981160908140629,35.28200936238252,-263.27731514697575,9.794416700506886,-3.4653877228049823,-3.2058603672144517,0.25,2.0,False,False,False,applied
2026-06-06_run02_diamond_pm35_on_r03,10200,10203,3,0.0,35.0,-263.27731514697575,7.41637668264984,28.0118356610969,-264.511176756724,10.0,-3.0,-3.0,-2.3924643632562517,-1.1280374495300565,0.28706538479176746,0.5981160908140629,0.2820093623825141,0.0,0.5981160908140629,0.2820093623825141,0.0,0.5981160908140629,35.28200936238252,-263.27731514697575,9.794416700506886,-3.4653877228049823,-3.2058603672144517,0.25,2.0,False,False,False,applied
2026-06-06_run02_diamond_pm35_on_r03,10300,10312,12,0.0,35.0,-263.27731514697575,7.41637668264984,28.0118356610969,-264.511176756724,10.0,-3.0,-3.0,-2.3924643632562517,-1.1280374495300565,0.28706538479176746,0.5981160908140629,0.2820093623825141,0.0,0.5981160908140629,0.2820093623825141,0.0,0.5981160908140629,35.28200936238252,-263.27731514697575,9.794416700506886,-3.4653877228049823,-3.2058603672144517,0.25,2.0,False,False,False,applied
2026-06-06_run02_diamond_pm35_on_r03,10400,10406,6,0.0,35.0,-263.27731514697575,7.41637668264984,28.0118356610969,-264.511176756724,10.0,-3.0,-3.0,-2.3924643632562517,-1.1280374495300565,0.28706538479176746,0.5981160908140629,0.2820093623825141,0.0,0.5981160908140629,0.2820093623825141,0.0,0.5981160908140629,35.28200936238252,-263.27731514697575,9.794416700506886,-3.4653877228049823,-3.2058603672144517,0.25,2.0,False,False,False,applied
2026-06-06_run02_diamond_pm35_on_r03,10500,10500,0,0.0,35.0,-263.27731514697575,-0.000992208913924288,35.0361832059093,-263.956694657137,10.0,-3.0,-3.0,-1.8125056203781131,0.30531661200406607,0.18055421304470462,0.4531264050945283,-0.07632915300101652,0.0,0.4531264050945283,-0.07632915300101652,0.0,0.4531264050945283,34.92367084699898,-263.27731514697575,9.68597663178747,-3.411127357991364,-3.2145052727422425,0.25,2.0,False,False,True,applied
2026-06-06_run02_diamond_pm35_on_r03,10600,10609,9,0.0,35.0,-263.27731514697575,-0.000992208913924288,35.0361832059093,-263.956694657137,10.0,-3.0,-3.0,-1.8125056203781131,0.30531661200406607,0.18055421304470462,0.4531264050945283,-0.07632915300101652,0.0,0.4531264050945283,-0.07632915300101652,0.0,0.4531264050945283,34.92367084699898,-263.27731514697575,9.68597663178747,-3.411127357991364,-3.2145052727422425,0.25,2.0,False,False,False,applied
2026-06-06_run02_diamond_pm35_on_r03,10700,10703,3,0.0,35.0,-263.27731514697575,-0.000992208913924288,35.0361832059093,-263.956694657137,10.0,-3.0,-3.0,-1.8125056203781131,0.30531661200406607,0.18055421304470462,0.4531264050945283,-0.07632915300101652,0.0,0.4531264050945283,-0.07632915300101652,0.0,0.4531264050945283,34.92367084699898,-263.27731514697575,9.68597663178747,-3.411127357991364,-3.2145052727422425,0.25,2.0,False,False,False,applied
2026-06-06_run02_diamond_pm35_on_r03,10800,10812,12,0.0,35.0,-263.27731514697575,-0.000992208913924288,35.0361832059093,-263.956694657137,10.0,-3.0,-3.0,-1.8125056203781131,0.30531661200406607,0.18055421304470462,0.4531264050945283,-0.07632915300101652,0.0,0.4531264050945283,-0.07632915300101652,0.0,0.4531264050945283,34.92367084699898,-263.27731514697575,9.68597663178747,-3.411127357991364,-3.2145052727422425,0.25,2.0,False,False,False,applied
2026-06-06_run02_diamond_pm35_on_r03,10900,10906,6,0.0,35.0,-263.27731514697575,-0.000992208913924288,35.0361832059093,-263.956694657137,10.0,-3.0,-3.0,-1.8125056203781131,0.30531661200406607,0.18055421304470462,0.4531264050945283,-0.07632915300101652,0.0,0.4531264050945283,-0.07632915300101652,0.0,0.4531264050945283,34.92367084699898,-263.27731514697575,9.68597663178747,-3.411127357991364,-3.2145052727422425,0.25,2.0,False,False,False,applied
2026-06-06_run02_diamond_pm35_on_r03,11000,11000,0,0.0,35.0,-263.27731514697575,-0.00102622298935762,35.0362154086327,-263.956691214903,10.0,-3.0,-3.0,-1.8125035094319304,0.3053248907500901,0.18055355969635678,0.4531258773579826,-0.07633122268752253,0.0,0.4531258773579826,-0.07633122268752253,0.0,0.4531258773579826,34.92366877731248,-263.27731514697575,9.685976006276707,-3.411127110772556,-3.214505254481119,0.25,2.0,False,False,True,applied
2026-06-06_run02_diamond_pm35_on_r03,11100,11109,9,0.0,35.0,-263.27731514697575,-0.00102622298935762,35.0362154086327,-263.956691214903,10.0,-3.0,-3.0,-1.8125035094319304,0.3053248907500901,0.18055355969635678,0.4531258773579826,-0.07633122268752253,0.0,0.4531258773579826,-0.07633122268752253,0.0,0.4531258773579826,34.92366877731248,-263.27731514697575,9.685976006276707,-3.411127110772556,-3.214505254481119,0.25,2.0,False,False,False,applied
2026-06-06_run02_diamond_pm35_on_r03,11200,11203,3,0.0,35.0,-263.27731514697575,-0.00102622298935762,35.0362154086327,-263.956691214903,10.0,-3.0,-3.0,-1.8125035094319304,0.3053248907500901,0.18055355969635678,0.4531258773579826,-0.07633122268752253,0.0,0.4531258773579826,-0.07633122268752253,0.0,0.4531258773579826,34.92366877731248,-263.27731514697575,9.685976006276707,-3.411127110772556,-3.214505254481119,0.25,2.0,False,False,False,applied
2026-06-06_run02_diamond_pm35_on_r03,11300,11312,12,0.0,35.0,-263.27731514697575,-0.00102622298935762,35.0362154086327,-263.956691214903,10.0,-3.0,-3.0,-1.8125035094319304,0.3053248907500901,0.18055355969635678,0.4531258773579826,-0.07633122268752253,0.0,0.4531258773579826,-0.07633122268752253,0.0,0.4531258773579826,34.92366877731248,-263.27731514697575,9.685976006276707,-3.411127110772556,-3.214505254481119,0.25,2.0,False,False,False,applied
2026-06-06_run02_diamond_pm35_on_r03,11400,11406,6,0.0,35.0,-263.27731514697575,-0.00102622298935762,35.0362154086327,-263.956691214903,10.0,-3.0,-3.0,-1.8125035094319304,0.3053248907500901,0.18055355969635678,0.4531258773579826,-0.07633122268752253,0.0,0.4531258773579826,-0.07633122268752253,0.0,0.4531258773579826,34.92366877731248,-263.27731514697575,9.685976006276707,-3.411127110772556,-3.214505254481119,0.25,2.0,False,False,False,applied
2026-06-06_run02_diamond_pm35_on_r03,11500,11500,0,0.0,35.0,-263.27731514697575,-0.000420697668595286,35.0356421293172,-263.956752490744,10.0,-3.0,-3.0,-1.812541091044427,0.30517751749169136,0.18056519009312327,0.45313527276110677,-0.07629437937292284,0.0,0.45313527276110677,-0.07629437937292284,0.0,0.45313527276110677,34.923705620627075,-263.27731514697575,9.685987141244993,-3.4111315118246366,-3.2145055793490527,0.25,2.0,False,False,True,applied
2026-06-06_run02_diamond_pm35_on_r03,11600,11609,9,0.0,35.0,-263.27731514697575,-0.000420697668595286,35.0356421293172,-263.956752490744,10.0,-3.0,-3.0,-1.812541091044427,0.30517751749169136,0.18056519009312327,0.45313527276110677,-0.07629437937292284,0.0,0.45313527276110677,-0.07629437937292284,0.0,0.45313527276110677,34.923705620627075,-263.27731514697575,9.685987141244993,-3.4111315118246366,-3.2145055793490527,0.25,2.0,False,False,False,applied
2026-06-06_run02_diamond_pm35_on_r03,11700,11703,3,0.0,35.0,-263.27731514697575,-0.000420697668595286,35.0356421293172,-263.956752490744,10.0,-3.0,-3.0,-1.812541091044427,0.30517751749169136,0.18056519009312327,0.45313527276110677,-0.07629437937292284,0.0,0.45313527276110677,-0.07629437937292284,0.0,0.45313527276110677,34.923705620627075,-263.27731514697575,9.685987141244993,-3.4111315118246366,-3.2145055793490527,0.25,2.0,False,False,False,applied
2026-06-06_run02_diamond_pm35_on_r03,11800,11812,12,0.0,35.0,-263.27731514697575,-0.000420697668595286,35.0356421293172,-263.956752490744,10.0,-3.0,-3.0,-1.812541091044427,0.30517751749169136,0.18056519009312327,0.45313527276110677,-0.07629437937292284,0.0,0.45313527276110677,-0.07629437937292284,0.0,0.45313527276110677,34.923705620627075,-263.27731514697575,9.685987141244993,-3.4111315118246366,-3.2145055793490527,0.25,2.0,False,False,False,applied
2026-06-06_run02_diamond_pm35_on_r03,11900,11906,6,0.0,35.0,-263.27731514697575,-0.000420697668595286,35.0356421293172,-263.956752490744,10.0,-3.0,-3.0,-1.812541091044427,0.30517751749169136,0.18056519009312327,0.45313527276110677,-0.07629437937292284,0.0,0.45313527276110677,-0.07629437937292284,0.0,0.45313527276110677,34.923705620627075,-263.27731514697575,9.685987141244993,-3.4111315118246366,-3.2145055793490527,0.25,2.0,False,False,False,applied
2026-06-06_run02_diamond_pm35_on_r03,12000,12000,0,0.0,35.0,-263.27731514697575,-0.000302221982221963,35.0355299628092,-263.956764479684,10.0,-3.0,-3.0,-1.8125484442671862,0.30514868306387505,0.18056746564227935,0.45313711106679655,-0.07628717076596876,0.0,0.45313711106679655,-0.07628717076596876,0.0,0.45313711106679655,34.923712829234034,-263.27731514697575,9.685989319865964,-3.4111323729245773,-3.214505642902146,0.25,2.0,False,False,True,applied
2026-06-06_run02_diamond_pm35_on_r03,12100,12109,9,0.0,35.0,-263.27731514697575,-0.000302221982221963,35.0355299628092,-263.956764479684,10.0,-3.0,-3.0,-1.8125484442671862,0.30514868306387505,0.18056746564227935,0.45313711106679655,-0.07628717076596876,0.0,0.45313711106679655,-0.07628717076596876,0.0,0.45313711106679655,34.923712829234034,-263.27731514697575,9.685989319865964,-3.4111323729245773,-3.214505642902146,0.25,2.0,False,False,False,applied
2026-06-06_run02_diamond_pm35_on_r03,12200,12203,3,0.0,35.0,-263.27731514697575,-0.000302221982221963,35.0355299628092,-263.956764479684,10.0,-3.0,-3.0,-1.8125484442671862,0.30514868306387505,0.18056746564227935,0.45313711106679655,-0.07628717076596876,0.0,0.45313711106679655,-0.07628717076596876,0.0,0.45313711106679655,34.923712829234034,-263.27731514697575,9.685989319865964,-3.4111323729245773,-3.214505642902146,0.25,2.0,False,False,False,applied
2026-06-06_run02_diamond_pm35_on_r03,12300,12312,12,0.0,35.0,-263.27731514697575,-0.000302221982221963,35.0355299628092,-263.956764479684,10.0,-3.0,-3.0,-1.8125484442671862,0.30514868306387505,0.18056746564227935,0.45313711106679655,-0.07628717076596876,0.0,0.45313711106679655,-0.07628717076596876,0.0,0.45313711106679655,34.923712829234034,-263.27731514697575,9.685989319865964,-3.4111323729245773,-3.214505642902146,0.25,2.0,False,False,False,applied
2026-06-06_run02_diamond_pm35_on_r03,12400,12406,6,0.0,35.0,-263.27731514697575,-0.000302221982221963,35.0355299628092,-263.956764479684,10.0,-3.0,-3.0,-1.8125484442671862,0.30514868306387505,0.18056746564227935,0.45313711106679655,-0.07628717076596876,0.0,0.45313711106679655,-0.07628717076596876,0.0,0.45313711106679655,34.923712829234034,-263.27731514697575,9.685989319865964,-3.4111323729245773,-3.214505642902146,0.25,2.0,False,False,False,applied
2026-06-06_run02_diamond_pm35_on_r03,12500,12500,0,0.0,35.0,-263.27731514697575,-0.000300072467345507,35.0355279277639,-263.956764697207,10.0,-3.0,-3.0,-1.8125485776733166,0.30514815990585104,0.18056750692897758,0.45313714441832914,-0.07628703997646276,0.0,0.45313714441832914,-0.07628703997646276,0.0,0.45313714441832914,34.923712960023536,-263.27731514697575,9.685989359393758,-3.4111323885472102,-3.2145056440555346,0.25,2.0,False,False,True,applied
2026-06-06_run02_diamond_pm35_on_r03,12600,12609,9,0.0,35.0,-263.27731514697575,-0.000300072467345507,35.0355279277639,-263.956764697207,10.0,-3.0,-3.0,-1.8125485776733166,0.30514815990585104,0.18056750692897758,0.45313714441832914,-0.07628703997646276,0.0,0.45313714441832914,-0.07628703997646276,0.0,0.45313714441832914,34.923712960023536,-263.27731514697575,9.685989359393758,-3.4111323885472102,-3.2145056440555346,0.25,2.0,False,False,False,applied
2026-06-06_run02_diamond_pm35_on_r03,12700,12703,3,0.0,35.0,-263.27731514697575,-0.000300072467345507,35.0355279277639,-263.956764697207,10.0,-3.0,-3.0,-1.8125485776733166,0.30514815990585104,0.18056750692897758,0.45313714441832914,-0.07628703997646276,0.0,0.45313714441832914,-0.07628703997646276,0.0,0.45313714441832914,34.923712960023536,-263.27731514697575,9.685989359393758,-3.4111323885472102,-3.2145056440555346,0.25,2.0,False,False,False,applied
2026-06-06_run02_diamond_pm35_on_r03,12800,12812,12,0.0,35.0,-263.27731514697575,-0.000300072467345507,35.0355279277639,-263.956764697207,10.0,-3.0,-3.0,-1.8125485776733166,0.30514815990585104,0.18056750692897758,0.45313714441832914,-0.07628703997646276,0.0,0.45313714441832914,-0.07628703997646276,0.0,0.45313714441832914,34.923712960023536,-263.27731514697575,9.685989359393758,-3.4111323885472102,-3.2145056440555346,0.25,2.0,False,False,False,applied
2026-06-06_run02_diamond_pm35_on_r03,12900,12906,6,0.0,35.0,-263.27731514697575,-0.000300072467345507,35.0355279277639,-263.956764697207,10.0,-3.0,-3.0,-1.8125485776733166,0.30514815990585104,0.18056750692897758,0.45313714441832914,-0.07628703997646276,0.0,0.45313714441832914,-0.07628703997646276,0.0,0.45313714441832914,34.923712960023536,-263.27731514697575,9.685989359393758,-3.4111323885472102,-3.2145056440555346,0.25,2.0,False,False,False,applied
2026-06-06_run02_diamond_pm35_on_r03,13000,13000,0,0.0,35.0,-263.27731514697575,-0.000972132290274305,35.036164198435,-263.956696688174,10.0,-3.0,-3.0,-1.8125068667933442,0.3053117268906454,0.18055459854747433,0.45312671669833604,-0.07632793172266135,0.0,0.45312671669833604,-0.07632793172266135,0.0,0.45312671669833604,34.92367206827734,-263.27731514697575,9.685977000888276,-3.411127503912887,-3.214505283475044,0.25,2.0,False,False,True,applied
2026-06-06_run02_diamond_pm35_on_r03,13100,13109,9,0.0,35.0,-263.27731514697575,-0.000972132290274305,35.036164198435,-263.956696688174,10.0,-3.0,-3.0,-1.8125068667933442,0.3053117268906454,0.18055459854747433,0.45312671669833604,-0.07632793172266135,0.0,0.45312671669833604,-0.07632793172266135,0.0,0.45312671669833604,34.92367206827734,-263.27731514697575,9.685977000888276,-3.411127503912887,-3.214505283475044,0.25,2.0,False,False,False,applied
2026-06-06_run02_diamond_pm35_on_r03,13200,13203,3,0.0,35.0,-263.27731514697575,-0.000972132290274305,35.036164198435,-263.956696688174,10.0,-3.0,-3.0,-1.8125068667933442,0.3053117268906454,0.18055459854747433,0.45312671669833604,-0.07632793172266135,0.0,0.45312671669833604,-0.07632793172266135,0.0,0.45312671669833604,34.92367206827734,-263.27731514697575,9.685977000888276,-3.411127503912887,-3.214505283475044,0.25,2.0,False,False,False,applied
2026-06-06_run02_diamond_pm35_on_r03,13300,13312,12,0.0,35.0,-263.27731514697575,-0.000972132290274305,35.036164198435,-263.956696688174,10.0,-3.0,-3.0,-1.8125068667933442,0.3053117268906454,0.18055459854747433,0.45312671669833604,-0.07632793172266135,0.0,0.45312671669833604,-0.07632793172266135,0.0,0.45312671669833604,34.92367206827734,-263.27731514697575,9.685977000888276,-3.411127503912887,-3.214505283475044,0.25,2.0,False,False,False,applied
2026-06-06_run02_diamond_pm35_on_r03,13400,13406,6,0.0,35.0,-263.27731514697575,-0.000972132290274305,35.036164198435,-263.956696688174,10.0,-3.0,-3.0,-1.8125068667933442,0.3053117268906454,0.18055459854747433,0.45312671669833604,-0.07632793172266135,0.0,0.45312671669833604,-0.07632793172266135,0.0,0.45312671669833604,34.92367206827734,-263.27731514697575,9.685977000888276,-3.411127503912887,-3.214505283475044,0.25,2.0,False,False,False,applied
2026-06-06_run02_diamond_pm35_on_r03,13500,13500,0,0.0,35.0,-263.27731514697575,-0.000913006755475552,35.0361082215152,-263.956702671578,10.0,-3.0,-3.0,-1.8125105362519829,0.3052973364436476,0.18055573421974264,0.4531276340629957,-0.0763243341109119,0.0,0.4531276340629957,-0.0763243341109119,0.0,0.4531276340629957,34.923675665889085,-263.27731514697575,9.685978088176144,-3.4111279336462887,-3.2145053152109226,0.25,2.0,False,False,True,applied
2026-06-06_run02_diamond_pm35_on_r03,13600,13609,9,0.0,35.0,-263.27731514697575,-0.000913006755475552,35.0361082215152,-263.956702671578,10.0,-3.0,-3.0,-1.8125105362519829,0.3052973364436476,0.18055573421974264,0.4531276340629957,-0.0763243341109119,0.0,0.4531276340629957,-0.0763243341109119,0.0,0.4531276340629957,34.923675665889085,-263.27731514697575,9.685978088176144,-3.4111279336462887,-3.2145053152109226,0.25,2.0,False,False,False,applied
2026-06-06_run02_diamond_pm35_on_r03,13700,13703,3,0.0,35.0,-263.27731514697575,-0.000913006755475552,35.0361082215152,-263.956702671578,10.0,-3.0,-3.0,-1.8125105362519829,0.3052973364436476,0.18055573421974264,0.4531276340629957,-0.0763243341109119,0.0,0.4531276340629957,-0.0763243341109119,0.0,0.4531276340629957,34.923675665889085,-263.27731514697575,9.685978088176144,-3.4111279336462887,-3.2145053152109226,0.25,2.0,False,False,False,applied
2026-06-06_run02_diamond_pm35_on_r03,13800,13812,12,0.0,35.0,-263.27731514697575,-0.000913006755475552,35.0361082215152,-263.956702671578,10.0,-3.0,-3.0,-1.8125105362519829,0.3052973364436476,0.18055573421974264,0.4531276340629957,-0.0763243341109119,0.0,0.4531276340629957,-0.0763243341109119,0.0,0.4531276340629957,34.923675665889085,-263.27731514697575,9.685978088176144,-3.4111279336462887,-3.2145053152109226,0.25,2.0,False,False,False,applied
2026-06-06_run02_diamond_pm35_on_r03,13900,13906,6,0.0,35.0,-263.27731514697575,-0.000913006755475552,35.0361082215152,-263.956702671578,10.0,-3.0,-3.0,-1.8125105362519829,0.3052973364436476,0.18055573421974264,0.4531276340629957,-0.0763243341109119,0.0,0.4531276340629957,-0.0763243341109119,0.0,0.4531276340629957,34.923675665889085,-263.27731514697575,9.685978088176144,-3.4111279336462887,-3.2145053152109226,0.25,2.0,False,False,False,applied
2026-06-06_run02_diamond_pm35_on_r03,14000,14000,0,0.0,35.0,-263.27731514697575,-0.000868980848811195,35.0360665401199,-263.95670712656,10.0,-3.0,-3.0,-1.8125132688177272,0.3052866217578534,0.18055657979420925,0.4531283172044318,-0.07632165543946336,0.0,0.4531283172044318,-0.07632165543946336,0.0,0.4531283172044318,34.923678344560535,-263.27731514697575,9.685978897737504,-3.411128253633778,-3.2145053388182676,0.25,2.0,False,False,True,applied
2026-06-06_run02_diamond_pm35_on_r03,14100,14109,9,0.0,35.0,-263.27731514697575,-0.000868980848811195,35.0360665401199,-263.95670712656,10.0,-3.0,-3.0,-1.8125132688177272,0.3052866217578534,0.18055657979420925,0.4531283172044318,-0.07632165543946336,0.0,0.4531283172044318,-0.07632165543946336,0.0,0.4531283172044318,34.923678344560535,-263.27731514697575,9.685978897737504,-3.411128253633778,-3.2145053388182676,0.25,2.0,False,False,False,applied
2026-06-06_run02_diamond_pm35_on_r03,14200,14203,3,0.0,35.0,-263.27731514697575,-0.000868980848811195,35.0360665401199,-263.95670712656,10.0,-3.0,-3.0,-1.8125132688177272,0.3052866217578534,0.18055657979420925,0.4531283172044318,-0.07632165543946336,0.0,0.4531283172044318,-0.07632165543946336,0.0,0.4531283172044318,34.923678344560535,-263.27731514697575,9.685978897737504,-3.411128253633778,-3.2145053388182676,0.25,2.0,False,False,False,applied
2026-06-06_run02_diamond_pm35_on_r03,14300,14312,12,0.0,35.0,-263.27731514697575,-0.000868980848811195,35.0360665401199,-263.95670712656,10.0,-3.0,-3.0,-1.8125132688177272,0.3052866217578534,0.18055657979420925,0.4531283172044318,-0.07632165543946336,0.0,0.4531283172044318,-0.07632165543946336,0.0,0.4531283172044318,34.923678344560535,-263.27731514697575,9.685978897737504,-3.411128253633778,-3.2145053388182676,0.25,2.0,False,False,False,applied
2026-06-06_run02_diamond_pm35_on_r03,14400,14406,6,0.0,35.0,-263.27731514697575,-0.000868980848811195,35.0360665401199,-263.95670712656,10.0,-3.0,-3.0,-1.8125132688177272,0.3052866217578534,0.18055657979420925,0.4531283172044318,-0.07632165543946336,0.0,0.4531283172044318,-0.07632165543946336,0.0,0.4531283172044318,34.923678344560535,-263.27731514697575,9.685978897737504,-3.411128253633778,-3.2145053388182676,0.25,2.0,False,False,False,applied
2026-06-06_run02_diamond_pm35_on_r03,14500,14500,0,0.0,35.0,-263.27731514697575,-0.000792045115507281,35.0359937014408,-263.956714912155,10.0,-3.0,-3.0,-1.8125180437201305,0.3052678968456593,0.18055805753012905,0.4531295109300326,-0.07631697421141483,0.0,0.4531295109300326,-0.07631697421141483,0.0,0.4531295109300326,34.923683025788584,-263.27731514697575,9.685980312521265,-3.4111288128144683,-3.214505380102178,0.25,2.0,False,False,True,applied
2026-06-06_run02_diamond_pm35_on_r03,14600,14609,9,0.0,35.0,-263.27731514697575,-0.000792045115507281,35.0359937014408,-263.956714912155,10.0,-3.0,-3.0,-1.8125180437201305,0.3052678968456593,0.18055805753012905,0.4531295109300326,-0.07631697421141483,0.0,0.4531295109300326,-0.07631697421141483,0.0,0.4531295109300326,34.923683025788584,-263.27731514697575,9.685980312521265,-3.4111288128144683,-3.214505380102178,0.25,2.0,False,False,False,applied
2026-06-06_run02_diamond_pm35_on_r03,14700,14703,3,0.0,35.0,-263.27731514697575,-0.000792045115507281,35.0359937014408,-263.956714912155,10.0,-3.0,-3.0,-1.8125180437201305,0.3052678968456593,0.18055805753012905,0.4531295109300326,-0.07631697421141483,0.0,0.4531295109300326,-0.07631697421141483,0.0,0.4531295109300326,34.923683025788584,-263.27731514697575,9.685980312521265,-3.4111288128144683,-3.214505380102178,0.25,2.0,False,False,False,applied
2026-06-06_run02_diamond_pm35_on_r03,14800,14812,12,0.0,35.0,-263.27731514697575,-0.000792045115507281,35.0359937014408,-263.956714912155,10.0,-3.0,-3.0,-1.8125180437201305,0.3052678968456593,0.18055805753012905,0.4531295109300326,-0.07631697421141483,0.0,0.4531295109300326,-0.07631697421141483,0.0,0.4531295109300326,34.923683025788584,-263.27731514697575,9.685980312521265,-3.4111288128144683,-3.214505380102178,0.25,2.0,False,False,False,applied
2026-06-06_run02_diamond_pm35_on_r03,14900,14906,6,0.0,35.0,-263.27731514697575,-0.000792045115507281,35.0359937014408,-263.956714912155,10.0,-3.0,-3.0,-1.8125180437201305,0.3052678968456593,0.18055805753012905,0.4531295109300326,-0.07631697421141483,0.0,0.4531295109300326,-0.07631697421141483,0.0,0.4531295109300326,34.923683025788584,-263.27731514697575,9.685980312521265,-3.4111288128144683,-3.214505380102178,0.25,2.0,False,False,False,applied
2026-06-06_run02_diamond_pm35_on_r03,15000,15000,0,-35.0,0.0,-263.27731514697575,-29.6963228601175,6.88562250994198,-263.873038819045,1.0,9.0,-7.0,-1.8985459214913265,1.316130125387667,0.1427057392838662,0.4746364803728316,-0.32903253134691673,0.0,0.4746364803728316,-0.32903253134691673,0.0,-34.52536351962717,-0.32903253134691673,-263.27731514697575,0.9548287262497415,8.48033582425563,-6.406388100033064,0.25,2.0,False,False,True,applied
2026-06-06_run02_diamond_pm35_on_r03,15100,15109,9,-35.0,0.0,-263.27731514697575,-29.6963228601175,6.88562250994198,-263.873038819045,1.0,9.0,-7.0,-1.8985459214913265,1.316130125387667,0.1427057392838662,0.4746364803728316,-0.32903253134691673,0.0,0.4746364803728316,-0.32903253134691673,0.0,-34.52536351962717,-0.32903253134691673,-263.27731514697575,0.9548287262497415,8.48033582425563,-6.406388100033064,0.25,2.0,False,False,False,applied
2026-06-06_run02_diamond_pm35_on_r03,15200,15203,3,-35.0,0.0,-263.27731514697575,-29.6963228601175,6.88562250994198,-263.873038819045,1.0,9.0,-7.0,-1.8985459214913265,1.316130125387667,0.1427057392838662,0.4746364803728316,-0.32903253134691673,0.0,0.4746364803728316,-0.32903253134691673,0.0,-34.52536351962717,-0.32903253134691673,-263.27731514697575,0.9548287262497415,8.48033582425563,-6.406388100033064,0.25,2.0,False,False,False,applied
2026-06-06_run02_diamond_pm35_on_r03,15300,15312,12,-35.0,0.0,-263.27731514697575,-29.6963228601175,6.88562250994198,-263.873038819045,1.0,9.0,-7.0,-1.8985459214913265,1.316130125387667,0.1427057392838662,0.4746364803728316,-0.32903253134691673,0.0,0.4746364803728316,-0.32903253134691673,0.0,-34.52536351962717,-0.32903253134691673,-263.27731514697575,0.9548287262497415,8.48033582425563,-6.406388100033064,0.25,2.0,False,False,False,applied
2026-06-06_run02_diamond_pm35_on_r03,15400,15406,6,-35.0,0.0,-263.27731514697575,-29.6963228601175,6.88562250994198,-263.873038819045,1.0,9.0,-7.0,-1.8985459214913265,1.316130125387667,0.1427057392838662,0.4746364803728316,-0.32903253134691673,0.0,0.4746364803728316,-0.32903253134691673,0.0,-34.52536351962717,-0.32903253134691673,-263.27731514697575,0.9548287262497415,8.48033582425563,-6.406388100033064,0.25,2.0,False,False,False,applied
2026-06-06_run02_diamond_pm35_on_r03,15500,15500,0,-35.0,0.0,-263.27731514697575,-37.0809747662511,-0.126295911219746,-262.914340598646,1.0,9.0,-7.0,-1.7556567768305331,2.9659906958319815,-0.030913933622862794,0.4389141942076333,-0.7414976739579954,0.0,0.4389141942076333,-0.7414976739579954,0.0,-34.561085805792366,-0.7414976739579954,-263.27731514697575,0.8541907975840248,8.540688415270631,-6.360123089510991,0.25,2.0,False,False,True,applied
2026-06-06_run02_diamond_pm35_on_r03,15600,15609,9,-35.0,0.0,-263.27731514697575,-37.0809747662511,-0.126295911219746,-262.914340598646,1.0,9.0,-7.0,-1.7556567768305331,2.9659906958319815,-0.030913933622862794,0.4389141942076333,-0.7414976739579954,0.0,0.4389141942076333,-0.7414976739579954,0.0,-34.561085805792366,-0.7414976739579954,-263.27731514697575,0.8541907975840248,8.540688415270631,-6.360123089510991,0.25,2.0,False,False,False,applied
2026-06-06_run02_diamond_pm35_on_r03,15700,15703,3,-35.0,0.0,-263.27731514697575,-37.0809747662511,-0.126295911219746,-262.914340598646,1.0,9.0,-7.0,-1.7556567768305331,2.9659906958319815,-0.030913933622862794,0.4389141942076333,-0.7414976739579954,0.0,0.4389141942076333,-0.7414976739579954,0.0,-34.561085805792366,-0.7414976739579954,-263.27731514697575,0.8541907975840248,8.540688415270631,-6.360123089510991,0.25,2.0,False,False,False,applied
2026-06-06_run02_diamond_pm35_on_r03,15800,15812,12,-35.0,0.0,-263.27731514697575,-37.0809747662511,-0.126295911219746,-262.914340598646,1.0,9.0,-7.0,-1.7556567768305331,2.9659906958319815,-0.030913933622862794,0.4389141942076333,-0.7414976739579954,0.0,0.4389141942076333,-0.7414976739579954,0.0,-34.561085805792366,-0.7414976739579954,-263.27731514697575,0.8541907975840248,8.540688415270631,-6.360123089510991,0.25,2.0,False,False,False,applied
2026-06-06_run02_diamond_pm35_on_r03,15900,15906,6,-35.0,0.0,-263.27731514697575,-37.0809747662511,-0.126295911219746,-262.914340598646,1.0,9.0,-7.0,-1.7556567768305331,2.9659906958319815,-0.030913933622862794,0.4389141942076333,-0.7414976739579954,0.0,0.4389141942076333,-0.7414976739579954,0.0,-34.561085805792366,-0.7414976739579954,-263.27731514697575,0.8541907975840248,8.540688415270631,-6.360123089510991,0.25,2.0,False,False,False,applied
2026-06-06_run02_diamond_pm35_on_r03,16000,16000,0,-35.0,0.0,-263.27731514697575,-37.0807475808566,-0.126080111707296,-262.914376082701,1.0,9.0,-7.0,-1.7556575192911963,2.9659285803729727,-0.030907494088942576,0.4389143798227991,-0.7414821450932432,0.0,0.4389143798227991,-0.7414821450932432,0.0,-34.5610856201772,-0.7414821450932432,-263.27731514697575,0.8541946508430469,8.540686451389387,-6.360125017631325,0.25,2.0,False,False,True,applied
2026-06-06_run02_diamond_pm35_on_r03,16100,16109,9,-35.0,0.0,-263.27731514697575,-37.0807475808566,-0.126080111707296,-262.914376082701,1.0,9.0,-7.0,-1.7556575192911963,2.9659285803729727,-0.030907494088942576,0.4389143798227991,-0.7414821450932432,0.0,0.4389143798227991,-0.7414821450932432,0.0,-34.5610856201772,-0.7414821450932432,-263.27731514697575,0.8541946508430469,8.540686451389387,-6.360125017631325,0.25,2.0,False,False,False,applied
2026-06-06_run02_diamond_pm35_on_r03,16200,16203,3,-35.0,0.0,-263.27731514697575,-37.0807475808566,-0.126080111707296,-262.914376082701,1.0,9.0,-7.0,-1.7556575192911963,2.9659285803729727,-0.030907494088942576,0.4389143798227991,-0.7414821450932432,0.0,0.4389143798227991,-0.7414821450932432,0.0,-34.5610856201772,-0.7414821450932432,-263.27731514697575,0.8541946508430469,8.540686451389387,-6.360125017631325,0.25,2.0,False,False,False,applied
2026-06-06_run02_diamond_pm35_on_r03,16300,16312,12,-35.0,0.0,-263.27731514697575,-37.0807475808566,-0.126080111707296,-262.914376082701,1.0,9.0,-7.0,-1.7556575192911963,2.9659285803729727,-0.030907494088942576,0.4389143798227991,-0.7414821450932432,0.0,0.4389143798227991,-0.7414821450932432,0.0,-34.5610856201772,-0.7414821450932432,-263.27731514697575,0.8541946508430469,8.540686451389387,-6.360125017631325,0.25,2.0,False,False,False,applied
2026-06-06_run02_diamond_pm35_on_r03,16400,16406,6,-35.0,0.0,-263.27731514697575,-37.0807475808566,-0.126080111707296,-262.914376082701,1.0,9.0,-7.0,-1.7556575192911963,2.9659285803729727,-0.030907494088942576,0.4389143798227991,-0.7414821450932432,0.0,0.4389143798227991,-0.7414821450932432,0.0,-34.5610856201772,-0.7414821450932432,-263.27731514697575,0.8541946508430469,8.540686451389387,-6.360125017631325,0.25,2.0,False,False,False,applied
2026-06-06_run02_diamond_pm35_on_r03,16500,16500,0,-35.0,0.0,-263.27731514697575,-37.0813634314768,-0.126665097672147,-262.914279891882,1.0,9.0,-7.0,-1.7556555073703204,2.966096964258609,-0.0309249504963523,0.4389138768425801,-0.7415242410646522,0.0,0.4389138768425801,-0.7415242410646522,0.0,-34.56108612315742,-0.7415242410646522,-263.27731514697575,0.8541842053376625,8.540691775069453,-6.36011979081221,0.25,2.0,False,False,True,applied
2026-06-06_run02_diamond_pm35_on_r03,16600,16609,9,-35.0,0.0,-263.27731514697575,-37.0813634314768,-0.126665097672147,-262.914279891882,1.0,9.0,-7.0,-1.7556555073703204,2.966096964258609,-0.0309249504963523,0.4389138768425801,-0.7415242410646522,0.0,0.4389138768425801,-0.7415242410646522,0.0,-34.56108612315742,-0.7415242410646522,-263.27731514697575,0.8541842053376625,8.540691775069453,-6.36011979081221,0.25,2.0,False,False,False,applied
2026-06-06_run02_diamond_pm35_on_r03,16700,16703,3,-35.0,0.0,-263.27731514697575,-37.0813634314768,-0.126665097672147,-262.914279891882,1.0,9.0,-7.0,-1.7556555073703204,2.966096964258609,-0.0309249504963523,0.4389138768425801,-0.7415242410646522,0.0,0.4389138768425801,-0.7415242410646522,0.0,-34.56108612315742,-0.7415242410646522,-263.27731514697575,0.8541842053376625,8.540691775069453,-6.36011979081221,0.25,2.0,False,False,False,applied
2026-06-06_run02_diamond_pm35_on_r03,16800,16812,12,-35.0,0.0,-263.27731514697575,-37.0813634314768,-0.126665097672147,-262.914279891882,1.0,9.0,-7.0,-1.7556555073703204,2.966096964258609,-0.0309249504963523,0.4389138768425801,-0.7415242410646522,0.0,0.4389138768425801,-0.7415242410646522,0.0,-34.56108612315742,-0.7415242410646522,-263.27731514697575,0.8541842053376625,8.540691775069453,-6.36011979081221,0.25,2.0,False,False,False,applied
2026-06-06_run02_diamond_pm35_on_r03,16900,16906,6,-35.0,0.0,-263.27731514697575,-37.0813634314768,-0.126665097672147,-262.914279891882,1.0,9.0,-7.0,-1.7556555073703204,2.966096964258609,-0.0309249504963523,0.4389138768425801,-0.7415242410646522,0.0,0.4389138768425801,-0.7415242410646522,0.0,-34.56108612315742,-0.7415242410646522,-263.27731514697575,0.8541842053376625,8.540691775069453,-6.36011979081221,0.25,2.0,False,False,False,applied
2026-06-06_run02_diamond_pm35_on_r03,17000,17016,16,-35.0,0.0,-263.27731514697575,-37.0810584846588,-0.126375433901509,-262.91432752254,1.0,9.0,-7.0,-1.7556565033169744,2.9660135858045926,-0.030916306633421833,0.4389141258292436,-0.7415033964511482,0.0,0.4389141258292436,-0.7415033964511482,0.0,-34.56108587417076,-0.7415033964511482,-263.27731514697575,0.8541893776305738,8.540689138968425,-6.360122378981921,0.25,2.0,False,False,True,applied
2026-06-06_run02_diamond_pm35_on_r03,17100,17109,9,-35.0,0.0,-263.27731514697575,-37.0810584846588,-0.126375433901509,-262.91432752254,1.0,9.0,-7.0,-1.7556565033169744,2.9660135858045926,-0.030916306633421833,0.4389141258292436,-0.7415033964511482,0.0,0.4389141258292436,-0.7415033964511482,0.0,-34.56108587417076,-0.7415033964511482,-263.27731514697575,0.8541893776305738,8.540689138968425,-6.360122378981921,0.25,2.0,False,False,False,applied
2026-06-06_run02_diamond_pm35_on_r03,17200,17203,3,-35.0,0.0,-263.27731514697575,-37.0810584846588,-0.126375433901509,-262.91432752254,1.0,9.0,-7.0,-1.7556565033169744,2.9660135858045926,-0.030916306633421833,0.4389141258292436,-0.7415033964511482,0.0,0.4389141258292436,-0.7415033964511482,0.0,-34.56108587417076,-0.7415033964511482,-263.27731514697575,0.8541893776305738,8.540689138968425,-6.360122378981921,0.25,2.0,False,False,False,applied
2026-06-06_run02_diamond_pm35_on_r03,17300,17312,12,-35.0,0.0,-263.27731514697575,-37.0810584846588,-0.126375433901509,-262.91432752254,1.0,9.0,-7.0,-1.7556565033169744,2.9660135858045926,-0.030916306633421833,0.4389141258292436,-0.7415033964511482,0.0,0.4389141258292436,-0.7415033964511482,0.0,-34.56108587417076,-0.7415033964511482,-263.27731514697575,0.8541893776305738,8.540689138968425,-6.360122378981921,0.25,2.0,False,False,False,applied
2026-06-06_run02_diamond_pm35_on_r03,17400,17406,6,-35.0,0.0,-263.27731514697575,-37.0810584846588,-0.126375433901509,-262.91432752254,1.0,9.0,-7.0,-1.7556565033169744,2.9660135858045926,-0.030916306633421833,0.4389141258292436,-0.7415033964511482,0.0,0.4389141258292436,-0.7415033964511482,0.0,-34.56108587417076,-0.7415033964511482,-263.27731514697575,0.8541893776305738,8.540689138968425,-6.360122378981921,0.25,2.0,False,False,False,applied
2026-06-06_run02_diamond_pm35_on_r03,17500,17516,16,-35.0,0.0,-263.27731514697575,-37.0822318250075,-0.12748996986309,-262.914144253124,1.0,9.0,-7.0,-1.7556526721293049,2.966334402931893,-0.030949565796937126,0.4389131680323262,-0.7415836007329732,0.0,0.4389131680323262,-0.7415836007329732,0.0,-34.56108683196767,-0.7415836007329732,-263.27731514697575,0.8541694760744385,8.540699281893048,-6.360112420383922,0.25,2.0,False,False,True,applied
2026-06-06_run02_diamond_pm35_on_r03,17600,17609,9,-35.0,0.0,-263.27731514697575,-37.0822318250075,-0.12748996986309,-262.914144253124,1.0,9.0,-7.0,-1.7556526721293049,2.966334402931893,-0.030949565796937126,0.4389131680323262,-0.7415836007329732,0.0,0.4389131680323262,-0.7415836007329732,0.0,-34.56108683196767,-0.7415836007329732,-263.27731514697575,0.8541694760744385,8.540699281893048,-6.360112420383922,0.25,2.0,False,False,False,applied
2026-06-06_run02_diamond_pm35_on_r03,17700,17703,3,-35.0,0.0,-263.27731514697575,-37.0822318250075,-0.12748996986309,-262.914144253124,1.0,9.0,-7.0,-1.7556526721293049,2.966334402931893,-0.030949565796937126,0.4389131680323262,-0.7415836007329732,0.0,0.4389131680323262,-0.7415836007329732,0.0,-34.56108683196767,-0.7415836007329732,-263.27731514697575,0.8541694760744385,8.540699281893048,-6.360112420383922,0.25,2.0,False,False,False,applied
2026-06-06_run02_diamond_pm35_on_r03,17800,17812,12,-35.0,0.0,-263.27731514697575,-37.0822318250075,-0.12748996986309,-262.914144253124,1.0,9.0,-7.0,-1.7556526721293049,2.966334402931893,-0.030949565796937126,0.4389131680323262,-0.7415836007329732,0.0,0.4389131680323262,-0.7415836007329732,0.0,-34.56108683196767,-0.7415836007329732,-263.27731514697575,0.8541694760744385,8.540699281893048,-6.360112420383922,0.25,2.0,False,False,False,applied
2026-06-06_run02_diamond_pm35_on_r03,17900,17906,6,-35.0,0.0,-263.27731514697575,-37.0822318250075,-0.12748996986309,-262.914144253124,1.0,9.0,-7.0,-1.7556526721293049,2.966334402931893,-0.030949565796937126,0.4389131680323262,-0.7415836007329732,0.0,0.4389131680323262,-0.7415836007329732,0.0,-34.56108683196767,-0.7415836007329732,-263.27731514697575,0.8541694760744385,8.540699281893048,-6.360112420383922,0.25,2.0,False,False,False,applied
2026-06-06_run02_diamond_pm35_on_r03,18000,18016,16,-35.0,0.0,-263.27731514697575,-37.0809568543866,-0.126278897043573,-262.914343396439,1.0,9.0,-7.0,-1.7556568352817365,2.9659857982258413,-0.03091342588798738,0.43891420882043414,-0.7414964495564603,0.0,0.43891420882043414,-0.7414964495564603,0.0,-34.561085791179565,-0.7414964495564603,-263.27731514697575,0.8541911014026625,8.540688260430855,-6.360123241540734,0.25,2.0,False,False,True,applied
2026-06-06_run02_diamond_pm35_on_r03,18100,18109,9,-35.0,0.0,-263.27731514697575,-37.0809568543866,-0.126278897043573,-262.914343396439,1.0,9.0,-7.0,-1.7556568352817365,2.9659857982258413,-0.03091342588798738,0.43891420882043414,-0.7414964495564603,0.0,0.43891420882043414,-0.7414964495564603,0.0,-34.561085791179565,-0.7414964495564603,-263.27731514697575,0.8541911014026625,8.540688260430855,-6.360123241540734,0.25,2.0,False,False,False,applied
2026-06-06_run02_diamond_pm35_on_r03,18200,18203,3,-35.0,0.0,-263.27731514697575,-37.0809568543866,-0.126278897043573,-262.914343396439,1.0,9.0,-7.0,-1.7556568352817365,2.9659857982258413,-0.03091342588798738,0.43891420882043414,-0.7414964495564603,0.0,0.43891420882043414,-0.7414964495564603,0.0,-34.561085791179565,-0.7414964495564603,-263.27731514697575,0.8541911014026625,8.540688260430855,-6.360123241540734,0.25,2.0,False,False,False,applied
2026-06-06_run02_diamond_pm35_on_r03,18300,18312,12,-35.0,0.0,-263.27731514697575,-37.0809568543866,-0.126278897043573,-262.914343396439,1.0,9.0,-7.0,-1.7556568352817365,2.9659857982258413,-0.03091342588798738,0.43891420882043414,-0.7414964495564603,0.0,0.43891420882043414,-0.7414964495564603,0.0,-34.561085791179565,-0.7414964495564603,-263.27731514697575,0.8541911014026625,8.540688260430855,-6.360123241540734,0.25,2.0,False,False,False,applied
2026-06-06_run02_diamond_pm35_on_r03,18400,18406,6,-35.0,0.0,-263.27731514697575,-37.0809568543866,-0.126278897043573,-262.914343396439,1.0,9.0,-7.0,-1.7556568352817365,2.9659857982258413,-0.03091342588798738,0.43891420882043414,-0.7414964495564603,0.0,0.43891420882043414,-0.7414964495564603,0.0,-34.561085791179565,-0.7414964495564603,-263.27731514697575,0.8541911014026625,8.540688260430855,-6.360123241540734,0.25,2.0,False,False,False,applied
2026-06-06_run02_diamond_pm35_on_r03,18500,18516,16,-35.0,0.0,-263.27731514697575,-37.0823898624598,-0.127640086941416,-262.914119567987,1.0,9.0,-7.0,-1.7556521564362013,2.96637761488413,-0.030954045579824306,0.43891303910905033,-0.7415944037210325,0.0,0.43891303910905033,-0.7415944037210325,0.0,-34.56108696089095,-0.7415944037210325,-263.27731514697575,0.8541667954615992,8.540700648055815,-6.360111079012468,0.25,2.0,False,False,True,applied
2026-06-06_run02_diamond_pm35_on_r03,18600,18609,9,-35.0,0.0,-263.27731514697575,-37.0823898624598,-0.127640086941416,-262.914119567987,1.0,9.0,-7.0,-1.7556521564362013,2.96637761488413,-0.030954045579824306,0.43891303910905033,-0.7415944037210325,0.0,0.43891303910905033,-0.7415944037210325,0.0,-34.56108696089095,-0.7415944037210325,-263.27731514697575,0.8541667954615992,8.540700648055815,-6.360111079012468,0.25,2.0,False,False,False,applied
2026-06-06_run02_diamond_pm35_on_r03,18700,18703,3,-35.0,0.0,-263.27731514697575,-37.0823898624598,-0.127640086941416,-262.914119567987,1.0,9.0,-7.0,-1.7556521564362013,2.96637761488413,-0.030954045579824306,0.43891303910905033,-0.7415944037210325,0.0,0.43891303910905033,-0.7415944037210325,0.0,-34.56108696089095,-0.7415944037210325,-263.27731514697575,0.8541667954615992,8.540700648055815,-6.360111079012468,0.25,2.0,False,False,False,applied
2026-06-06_run02_diamond_pm35_on_r03,18800,18812,12,-35.0,0.0,-263.27731514697575,-37.0823898624598,-0.127640086941416,-262.914119567987,1.0,9.0,-7.0,-1.7556521564362013,2.96637761488413,-0.030954045579824306,0.43891303910905033,-0.7415944037210325,0.0,0.43891303910905033,-0.7415944037210325,0.0,-34.56108696089095,-0.7415944037210325,-263.27731514697575,0.8541667954615992,8.540700648055815,-6.360111079012468,0.25,2.0,False,False,False,applied
2026-06-06_run02_diamond_pm35_on_r03,18900,18906,6,-35.0,0.0,-263.27731514697575,-37.0823898624598,-0.127640086941416,-262.914119567987,1.0,9.0,-7.0,-1.7556521564362013,2.96637761488413,-0.030954045579824306,0.43891303910905033,-0.7415944037210325,0.0,0.43891303910905033,-0.7415944037210325,0.0,-34.56108696089095,-0.7415944037210325,-263.27731514697575,0.8541667954615992,8.540700648055815,-6.360111079012468,0.25,2.0,False,False,False,applied
2026-06-06_run02_diamond_pm35_on_r03,19000,19016,16,-35.0,0.0,-263.27731514697575,-37.0809065087109,-0.126231074546008,-262.914351259883,1.0,9.0,-7.0,-1.7556569998399387,2.965972033135512,-0.03091199885514824,0.4389142499599847,-0.741493008283878,0.0,0.4389142499599847,-0.741493008283878,0.0,-34.561085750040014,-0.741493008283878,-263.27731514697575,0.8541919553031702,8.540687825223417,-6.360123668820204,0.25,2.0,False,False,True,applied
2026-06-06_run02_diamond_pm35_on_r03,19100,19109,9,-35.0,0.0,-263.27731514697575,-37.0809065087109,-0.126231074546008,-262.914351259883,1.0,9.0,-7.0,-1.7556569998399387,2.965972033135512,-0.03091199885514824,0.4389142499599847,-0.741493008283878,0.0,0.4389142499599847,-0.741493008283878,0.0,-34.561085750040014,-0.741493008283878,-263.27731514697575,0.8541919553031702,8.540687825223417,-6.360123668820204,0.25,2.0,False,False,False,applied
2026-06-06_run02_diamond_pm35_on_r03,19200,19203,3,-35.0,0.0,-263.27731514697575,-37.0809065087109,-0.126231074546008,-262.914351259883,1.0,9.0,-7.0,-1.7556569998399387,2.965972033135512,-0.03091199885514824,0.4389142499599847,-0.741493008283878,0.0,0.4389142499599847,-0.741493008283878,0.0,-34.561085750040014,-0.741493008283878,-263.27731514697575,0.8541919553031702,8.540687825223417,-6.360123668820204,0.25,2.0,False,False,False,applied
2026-06-06_run02_diamond_pm35_on_r03,19300,19312,12,-35.0,0.0,-263.27731514697575,-37.0809065087109,-0.126231074546008,-262.914351259883,1.0,9.0,-7.0,-1.7556569998399387,2.965972033135512,-0.03091199885514824,0.4389142499599847,-0.741493008283878,0.0,0.4389142499599847,-0.741493008283878,0.0,-34.561085750040014,-0.741493008283878,-263.27731514697575,0.8541919553031702,8.540687825223417,-6.360123668820204,0.25,2.0,False,False,False,applied
2026-06-06_run02_diamond_pm35_on_r03,19400,19406,6,-35.0,0.0,-263.27731514697575,-37.0809065087109,-0.126231074546008,-262.914351259883,1.0,9.0,-7.0,-1.7556569998399387,2.965972033135512,-0.03091199885514824,0.4389142499599847,-0.741493008283878,0.0,0.4389142499599847,-0.741493008283878,0.0,-34.561085750040014,-0.741493008283878,-263.27731514697575,0.8541919553031702,8.540687825223417,-6.360123668820204,0.25,2.0,False,False,False,applied
2026-06-06_run02_diamond_pm35_on_r03,19500,19500,0,-35.0,0.0,-263.27731514697575,-37.0822218781785,-0.127480521515648,-262.914145806598,1.0,9.0,-7.0,-1.755652704709082,2.966331683566936,-0.030949283877627583,0.4389131761772705,-0.741582920891734,0.0,0.4389131761772705,-0.741582920891734,0.0,-34.56108682382273,-0.741582920891734,-263.27731514697575,0.8541696447656728,8.540699195910715,-6.360112504792797,0.25,2.0,False,False,True,applied
2026-06-06_run02_diamond_pm35_on_r03,19600,19609,9,-35.0,0.0,-263.27731514697575,-37.0822218781785,-0.127480521515648,-262.914145806598,1.0,9.0,-7.0,-1.755652704709082,2.966331683566936,-0.030949283877627583,0.4389131761772705,-0.741582920891734,0.0,0.4389131761772705,-0.741582920891734,0.0,-34.56108682382273,-0.741582920891734,-263.27731514697575,0.8541696447656728,8.540699195910715,-6.360112504792797,0.25,2.0,False,False,False,applied
2026-06-06_run02_diamond_pm35_on_r03,19700,19703,3,-35.0,0.0,-263.27731514697575,-37.0822218781785,-0.127480521515648,-262.914145806598,1.0,9.0,-7.0,-1.755652704709082,2.966331683566936,-0.030949283877627583,0.4389131761772705,-0.741582920891734,0.0,0.4389131761772705,-0.741582920891734,0.0,-34.56108682382273,-0.741582920891734,-263.27731514697575,0.8541696447656728,8.540699195910715,-6.360112504792797,0.25,2.0,False,False,False,applied
2026-06-06_run02_diamond_pm35_on_r03,19800,19812,12,-35.0,0.0,-263.27731514697575,-37.0822218781785,-0.127480521515648,-262.914145806598,1.0,9.0,-7.0,-1.755652704709082,2.966331683566936,-0.030949283877627583,0.4389131761772705,-0.741582920891734,0.0,0.4389131761772705,-0.741582920891734,0.0,-34.56108682382273,-0.741582920891734,-263.27731514697575,0.8541696447656728,8.540699195910715,-6.360112504792797,0.25,2.0,False,False,False,applied
2026-06-06_run02_diamond_pm35_on_r03,19900,19906,6,-35.0,0.0,-263.27731514697575,-37.0822218781785,-0.127480521515648,-262.914145806598,1.0,9.0,-7.0,-1.755652704709082,2.966331683566936,-0.030949283877627583,0.4389131761772705,-0.741582920891734,0.0,0.4389131761772705,-0.741582920891734,0.0,-34.56108682382273,-0.741582920891734,-263.27731514697575,0.8541696447656728,8.540699195910715,-6.360112504792797,0.25,2.0,False,False,False,applied
2026-06-06_run02_diamond_pm35_on_r03,20000,20016,16,0.0,-35.0,-263.27731514697575,-7.45077770190461,-27.7411734923698,-263.336988801063,-8.0,5.0,5.0,-2.015549089354328,-1.2126471453854166,0.01722857591954058,0.503887272338582,0.30316178634635416,0.0,0.503887272338582,0.30316178634635416,0.0,0.503887272338582,-34.69683821365365,-263.27731514697575,-7.631707887926949,5.25755664972114,5.47343200784401,0.25,2.0,False,False,True,applied
2026-06-06_run02_diamond_pm35_on_r03,20100,20109,9,0.0,-35.0,-263.27731514697575,-7.45077770190461,-27.7411734923698,-263.336988801063,-8.0,5.0,5.0,-2.015549089354328,-1.2126471453854166,0.01722857591954058,0.503887272338582,0.30316178634635416,0.0,0.503887272338582,0.30316178634635416,0.0,0.503887272338582,-34.69683821365365,-263.27731514697575,-7.631707887926949,5.25755664972114,5.47343200784401,0.25,2.0,False,False,False,applied
2026-06-06_run02_diamond_pm35_on_r03,20200,20203,3,0.0,-35.0,-263.27731514697575,-7.45077770190461,-27.7411734923698,-263.336988801063,-8.0,5.0,5.0,-2.015549089354328,-1.2126471453854166,0.01722857591954058,0.503887272338582,0.30316178634635416,0.0,0.503887272338582,0.30316178634635416,0.0,0.503887272338582,-34.69683821365365,-263.27731514697575,-7.631707887926949,5.25755664972114,5.47343200784401,0.25,2.0,False,False,False,applied
2026-06-06_run02_diamond_pm35_on_r03,20300,20312,12,0.0,-35.0,-263.27731514697575,-7.45077770190461,-27.7411734923698,-263.336988801063,-8.0,5.0,5.0,-2.015549089354328,-1.2126471453854166,0.01722857591954058,0.503887272338582,0.30316178634635416,0.0,0.503887272338582,0.30316178634635416,0.0,0.503887272338582,-34.69683821365365,-263.27731514697575,-7.631707887926949,5.25755664972114,5.47343200784401,0.25,2.0,False,False,False,applied
2026-06-06_run02_diamond_pm35_on_r03,20400,20406,6,0.0,-35.0,-263.27731514697575,-7.45077770190461,-27.7411734923698,-263.336988801063,-8.0,5.0,5.0,-2.015549089354328,-1.2126471453854166,0.01722857591954058,0.503887272338582,0.30316178634635416,0.0,0.503887272338582,0.30316178634635416,0.0,0.503887272338582,-34.69683821365365,-263.27731514697575,-7.631707887926949,5.25755664972114,5.47343200784401,0.25,2.0,False,False,False,applied
2026-06-06_run02_diamond_pm35_on_r03,20500,20500,0,0.0,-35.0,-263.27731514697575,0.000532576760288076,-34.5906323307818,-262.482663375931,-8.0,5.0,5.0,-3.455944199527676,0.03242754703896705,-0.13463476169274638,0.863986049881919,-0.008106886759741763,0.0,0.863986049881919,-0.008106886759741763,0.0,0.863986049881919,-35.00810688675974,-263.27731514697575,-7.689774704742655,5.238058004531359,5.608139374636195,0.25,2.0,False,False,True,applied
2026-06-06_run02_diamond_pm35_on_r03,20600,20609,9,0.0,-35.0,-263.27731514697575,0.000532576760288076,-34.5906323307818,-262.482663375931,-8.0,5.0,5.0,-3.455944199527676,0.03242754703896705,-0.13463476169274638,0.863986049881919,-0.008106886759741763,0.0,0.863986049881919,-0.008106886759741763,0.0,0.863986049881919,-35.00810688675974,-263.27731514697575,-7.689774704742655,5.238058004531359,5.608139374636195,0.25,2.0,False,False,False,applied
2026-06-06_run02_diamond_pm35_on_r03,20700,20703,3,0.0,-35.0,-263.27731514697575,0.000532576760288076,-34.5906323307818,-262.482663375931,-8.0,5.0,5.0,-3.455944199527676,0.03242754703896705,-0.13463476169274638,0.863986049881919,-0.008106886759741763,0.0,0.863986049881919,-0.008106886759741763,0.0,0.863986049881919,-35.00810688675974,-263.27731514697575,-7.689774704742655,5.238058004531359,5.608139374636195,0.25,2.0,False,False,False,applied
2026-06-06_run02_diamond_pm35_on_r03,20800,20812,12,0.0,-35.0,-263.27731514697575,0.000532576760288076,-34.5906323307818,-262.482663375931,-8.0,5.0,5.0,-3.455944199527676,0.03242754703896705,-0.13463476169274638,0.863986049881919,-0.008106886759741763,0.0,0.863986049881919,-0.008106886759741763,0.0,0.863986049881919,-35.00810688675974,-263.27731514697575,-7.689774704742655,5.238058004531359,5.608139374636195,0.25,2.0,False,False,False,applied
2026-06-06_run02_diamond_pm35_on_r03,20900,20906,6,0.0,-35.0,-263.27731514697575,0.000532576760288076,-34.5906323307818,-262.482663375931,-8.0,5.0,5.0,-3.455944199527676,0.03242754703896705,-0.13463476169274638,0.863986049881919,-0.008106886759741763,0.0,0.863986049881919,-0.008106886759741763,0.0,0.863986049881919,-35.00810688675974,-263.27731514697575,-7.689774704742655,5.238058004531359,5.608139374636195,0.25,2.0,False,False,False,applied
2026-06-06_run02_diamond_pm35_on_r03,21000,21000,0,0.0,-35.0,-263.27731514697575,0.000386898886453185,-34.5904987863007,-262.482683840611,-8.0,5.0,5.0,-3.455913749918535,0.03239605519325234,-0.13463110273899231,0.8639784374796338,-0.008099013798313084,0.0,0.8639784374796338,-0.008099013798313084,0.0,0.8639784374796338,-35.008099013798315,-263.27731514697575,-7.6897732389663895,5.238058174494715,5.6081362856037025,0.25,2.0,False,False,True,applied
2026-06-06_run02_diamond_pm35_on_r03,21100,21109,9,0.0,-35.0,-263.27731514697575,0.000386898886453185,-34.5904987863007,-262.482683840611,-8.0,5.0,5.0,-3.455913749918535,0.03239605519325234,-0.13463110273899231,0.8639784374796338,-0.008099013798313084,0.0,0.8639784374796338,-0.008099013798313084,0.0,0.8639784374796338,-35.008099013798315,-263.27731514697575,-7.6897732389663895,5.238058174494715,5.6081362856037025,0.25,2.0,False,False,False,applied
2026-06-06_run02_diamond_pm35_on_r03,21200,21203,3,0.0,-35.0,-263.27731514697575,0.000386898886453185,-34.5904987863007,-262.482683840611,-8.0,5.0,5.0,-3.455913749918535,0.03239605519325234,-0.13463110273899231,0.8639784374796338,-0.008099013798313084,0.0,0.8639784374796338,-0.008099013798313084,0.0,0.8639784374796338,-35.008099013798315,-263.27731514697575,-7.6897732389663895,5.238058174494715,5.6081362856037025,0.25,2.0,False,False,False,applied
2026-06-06_run02_diamond_pm35_on_r03,21300,21312,12,0.0,-35.0,-263.27731514697575,0.000386898886453185,-34.5904987863007,-262.482683840611,-8.0,5.0,5.0,-3.455913749918535,0.03239605519325234,-0.13463110273899231,0.8639784374796338,-0.008099013798313084,0.0,0.8639784374796338,-0.008099013798313084,0.0,0.8639784374796338,-35.008099013798315,-263.27731514697575,-7.6897732389663895,5.238058174494715,5.6081362856037025,0.25,2.0,False,False,False,applied
2026-06-06_run02_diamond_pm35_on_r03,21400,21406,6,0.0,-35.0,-263.27731514697575,0.000386898886453185,-34.5904987863007,-262.482683840611,-8.0,5.0,5.0,-3.455913749918535,0.03239605519325234,-0.13463110273899231,0.8639784374796338,-0.008099013798313084,0.0,0.8639784374796338,-0.008099013798313084,0.0,0.8639784374796338,-35.008099013798315,-263.27731514697575,-7.6897732389663895,5.238058174494715,5.6081362856037025,0.25,2.0,False,False,False,applied
2026-06-06_run02_diamond_pm35_on_r03,21500,21500,0,0.0,-35.0,-263.27731514697575,0.000671542741841824,-34.5907597223687,-262.482643853839,-8.0,5.0,5.0,-3.4559732463936874,0.03245758849914432,-0.13463825211913788,0.8639933115984219,-0.00811439712478608,0.0,0.8639933115984219,-0.00811439712478608,0.0,0.8639933115984219,-35.008114397124785,-263.27731514697575,-7.689776103007728,5.238057842415167,5.608142321381233,0.25,2.0,False,False,True,applied
2026-06-06_run02_diamond_pm35_on_r03,21600,21609,9,0.0,-35.0,-263.27731514697575,0.000671542741841824,-34.5907597223687,-262.482643853839,-8.0,5.0,5.0,-3.4559732463936874,0.03245758849914432,-0.13463825211913788,0.8639933115984219,-0.00811439712478608,0.0,0.8639933115984219,-0.00811439712478608,0.0,0.8639933115984219,-35.008114397124785,-263.27731514697575,-7.689776103007728,5.238057842415167,5.608142321381233,0.25,2.0,False,False,False,applied
2026-06-06_run02_diamond_pm35_on_r03,21700,21703,3,0.0,-35.0,-263.27731514697575,0.000671542741841824,-34.5907597223687,-262.482643853839,-8.0,5.0,5.0,-3.4559732463936874,0.03245758849914432,-0.13463825211913788,0.8639933115984219,-0.00811439712478608,0.0,0.8639933115984219,-0.00811439712478608,0.0,0.8639933115984219,-35.008114397124785,-263.27731514697575,-7.689776103007728,5.238057842415167,5.608142321381233,0.25,2.0,False,False,False,applied
2026-06-06_run02_diamond_pm35_on_r03,21800,21812,12,0.0,-35.0,-263.27731514697575,0.000671542741841824,-34.5907597223687,-262.482643853839,-8.0,5.0,5.0,-3.4559732463936874,0.03245758849914432,-0.13463825211913788,0.8639933115984219,-0.00811439712478608,0.0,0.8639933115984219,-0.00811439712478608,0.0,0.8639933115984219,-35.008114397124785,-263.27731514697575,-7.689776103007728,5.238057842415167,5.608142321381233,0.25,2.0,False,False,False,applied
2026-06-06_run02_diamond_pm35_on_r03,21900,21906,6,0.0,-35.0,-263.27731514697575,0.000671542741841824,-34.5907597223687,-262.482643853839,-8.0,5.0,5.0,-3.4559732463936874,0.03245758849914432,-0.13463825211913788,0.8639933115984219,-0.00811439712478608,0.0,0.8639933115984219,-0.00811439712478608,0.0,0.8639933115984219,-35.008114397124785,-263.27731514697575,-7.689776103007728,5.238057842415167,5.608142321381233,0.25,2.0,False,False,False,applied
2026-06-06_run02_diamond_pm35_on_r03,22000,22000,0,0.0,-35.0,-263.27731514697575,0.00138396876552684,-34.5914128107677,-262.482543770622,-8.0,5.0,5.0,-3.4561221591972435,0.032611601290549574,-0.1346561463682545,0.8640305397993109,-0.008152900322637394,0.0,0.8640305397993109,-0.008152900322637394,0.0,0.8640305397993109,-35.008152900322635,-263.27731514697575,-7.689783271461917,5.238057011355443,5.608157428331233,0.25,2.0,False,False,True,applied
2026-06-06_run02_diamond_pm35_on_r03,22100,22109,9,0.0,-35.0,-263.27731514697575,0.00138396876552684,-34.5914128107677,-262.482543770622,-8.0,5.0,5.0,-3.4561221591972435,0.032611601290549574,-0.1346561463682545,0.8640305397993109,-0.008152900322637394,0.0,0.8640305397993109,-0.008152900322637394,0.0,0.8640305397993109,-35.008152900322635,-263.27731514697575,-7.689783271461917,5.238057011355443,5.608157428331233,0.25,2.0,False,False,False,applied
2026-06-06_run02_diamond_pm35_on_r03,22200,22203,3,0.0,-35.0,-263.27731514697575,0.00138396876552684,-34.5914128107677,-262.482543770622,-8.0,5.0,5.0,-3.4561221591972435,0.032611601290549574,-0.1346561463682545,0.8640305397993109,-0.008152900322637394,0.0,0.8640305397993109,-0.008152900322637394,0.0,0.8640305397993109,-35.008152900322635,-263.27731514697575,-7.689783271461917,5.238057011355443,5.608157428331233,0.25,2.0,False,False,False,applied
2026-06-06_run02_diamond_pm35_on_r03,22300,22312,12,0.0,-35.0,-263.27731514697575,0.00138396876552684,-34.5914128107677,-262.482543770622,-8.0,5.0,5.0,-3.4561221591972435,0.032611601290549574,-0.1346561463682545,0.8640305397993109,-0.008152900322637394,0.0,0.8640305397993109,-0.008152900322637394,0.0,0.8640305397993109,-35.008152900322635,-263.27731514697575,-7.689783271461917,5.238057011355443,5.608157428331233,0.25,2.0,False,False,False,applied
2026-06-06_run02_diamond_pm35_on_r03,22400,22406,6,0.0,-35.0,-263.27731514697575,0.00138396876552684,-34.5914128107677,-262.482543770622,-8.0,5.0,5.0,-3.4561221591972435,0.032611601290549574,-0.1346561463682545,0.8640305397993109,-0.008152900322637394,0.0,0.8640305397993109,-0.008152900322637394,0.0,0.8640305397993109,-35.008152900322635,-263.27731514697575,-7.689783271461917,5.238057011355443,5.608157428331233,0.25,2.0,False,False,False,applied
2026-06-06_run02_diamond_pm35_on_r03,22500,22500,0,0.0,-35.0,-263.27731514697575,0.000818861285971188,-34.5908947708349,-262.482623158434,-8.0,5.0,5.0,-3.4560040390850535,0.03248943548260669,-0.13464195232617657,0.8640010097712634,-0.008122358870651672,0.0,0.8640010097712634,-0.008122358870651672,0.0,0.8640010097712634,-35.00812235887065,-263.27731514697575,-7.689777585308883,5.238057670551549,5.608145445232955,0.25,2.0,False,False,True,applied
2026-06-06_run02_diamond_pm35_on_r03,22600,22609,9,0.0,-35.0,-263.27731514697575,0.000818861285971188,-34.5908947708349,-262.482623158434,-8.0,5.0,5.0,-3.4560040390850535,0.03248943548260669,-0.13464195232617657,0.8640010097712634,-0.008122358870651672,0.0,0.8640010097712634,-0.008122358870651672,0.0,0.8640010097712634,-35.00812235887065,-263.27731514697575,-7.689777585308883,5.238057670551549,5.608145445232955,0.25,2.0,False,False,False,applied
2026-06-06_run02_diamond_pm35_on_r03,22700,22703,3,0.0,-35.0,-263.27731514697575,0.000818861285971188,-34.5908947708349,-262.482623158434,-8.0,5.0,5.0,-3.4560040390850535,0.03248943548260669,-0.13464195232617657,0.8640010097712634,-0.008122358870651672,0.0,0.8640010097712634,-0.008122358870651672,0.0,0.8640010097712634,-35.00812235887065,-263.27731514697575,-7.689777585308883,5.238057670551549,5.608145445232955,0.25,2.0,False,False,False,applied
2026-06-06_run02_diamond_pm35_on_r03,22800,22812,12,0.0,-35.0,-263.27731514697575,0.000818861285971188,-34.5908947708349,-262.482623158434,-8.0,5.0,5.0,-3.4560040390850535,0.03248943548260669,-0.13464195232617657,0.8640010097712634,-0.008122358870651672,0.0,0.8640010097712634,-0.008122358870651672,0.0,0.8640010097712634,-35.00812235887065,-263.27731514697575,-7.689777585308883,5.238057670551549,5.608145445232955,0.25,2.0,False,False,False,applied
2026-06-06_run02_diamond_pm35_on_r03,22900,22906,6,0.0,-35.0,-263.27731514697575,0.000818861285971188,-34.5908947708349,-262.482623158434,-8.0,5.0,5.0,-3.4560040390850535,0.03248943548260669,-0.13464195232617657,0.8640010097712634,-0.008122358870651672,0.0,0.8640010097712634,-0.008122358870651672,0.0,0.8640010097712634,-35.00812235887065,-263.27731514697575,-7.689777585308883,5.238057670551549,5.608145445232955,0.25,2.0,False,False,False,applied
2026-06-06_run02_diamond_pm35_on_r03,23000,23000,0,0.0,-35.0,-263.27731514697575,0.00094452976846676,-34.5910099724636,-262.482605504385,-8.0,5.0,5.0,-3.4560303064915425,0.03251660231701653,-0.13464510875834096,0.8640075766228856,-0.008129150579254132,0.0,0.8640075766228856,-0.008129150579254132,0.0,0.8640075766228856,-35.00812915057925,-263.27731514697575,-7.689778849778866,5.238057523948673,5.608148110008129,0.25,2.0,False,False,True,applied
2026-06-06_run02_diamond_pm35_on_r03,23100,23109,9,0.0,-35.0,-263.27731514697575,0.00094452976846676,-34.5910099724636,-262.482605504385,-8.0,5.0,5.0,-3.4560303064915425,0.03251660231701653,-0.13464510875834096,0.8640075766228856,-0.008129150579254132,0.0,0.8640075766228856,-0.008129150579254132,0.0,0.8640075766228856,-35.00812915057925,-263.27731514697575,-7.689778849778866,5.238057523948673,5.608148110008129,0.25,2.0,False,False,False,applied
2026-06-06_run02_diamond_pm35_on_r03,23200,23203,3,0.0,-35.0,-263.27731514697575,0.00094452976846676,-34.5910099724636,-262.482605504385,-8.0,5.0,5.0,-3.4560303064915425,0.03251660231701653,-0.13464510875834096,0.8640075766228856,-0.008129150579254132,0.0,0.8640075766228856,-0.008129150579254132,0.0,0.8640075766228856,-35.00812915057925,-263.27731514697575,-7.689778849778866,5.238057523948673,5.608148110008129,0.25,2.0,False,False,False,applied
2026-06-06_run02_diamond_pm35_on_r03,23300,23312,12,0.0,-35.0,-263.27731514697575,0.00094452976846676,-34.5910099724636,-262.482605504385,-8.0,5.0,5.0,-3.4560303064915425,0.03251660231701653,-0.13464510875834096,0.8640075766228856,-0.008129150579254132,0.0,0.8640075766228856,-0.008129150579254132,0.0,0.8640075766228856,-35.00812915057925,-263.27731514697575,-7.689778849778866,5.238057523948673,5.608148110008129,0.25,2.0,False,False,False,applied
2026-06-06_run02_diamond_pm35_on_r03,23400,23406,6,0.0,-35.0,-263.27731514697575,0.00094452976846676,-34.5910099724636,-262.482605504385,-8.0,5.0,5.0,-3.4560303064915425,0.03251660231701653,-0.13464510875834096,0.8640075766228856,-0.008129150579254132,0.0,0.8640075766228856,-0.008129150579254132,0.0,0.8640075766228856,-35.00812915057925,-263.27731514697575,-7.689778849778866,5.238057523948673,5.608148110008129,0.25,2.0,False,False,False,applied
2026-06-06_run02_diamond_pm35_on_r03,23500,23500,0,0.0,-35.0,-263.27731514697575,0.00031013067749351,-34.5904284120356,-262.482694624781,-8.0,5.0,5.0,-3.4558977039082923,0.032379460147378636,-0.13462917459913692,0.8639744259770731,-0.008094865036844659,0.0,0.8639744259770731,-0.008094865036844659,0.0,0.8639744259770731,-35.008094865036846,-263.27731514697575,-7.689772466559569,5.23805826406907,5.6081346577872715,0.25,2.0,False,False,True,applied
2026-06-06_run02_diamond_pm35_on_r03,23600,23609,9,0.0,-35.0,-263.27731514697575,0.00031013067749351,-34.5904284120356,-262.482694624781,-8.0,5.0,5.0,-3.4558977039082923,0.032379460147378636,-0.13462917459913692,0.8639744259770731,-0.008094865036844659,0.0,0.8639744259770731,-0.008094865036844659,0.0,0.8639744259770731,-35.008094865036846,-263.27731514697575,-7.689772466559569,5.23805826406907,5.6081346577872715,0.25,2.0,False,False,False,applied
2026-06-06_run02_diamond_pm35_on_r03,23700,23703,3,0.0,-35.0,-263.27731514697575,0.00031013067749351,-34.5904284120356,-262.482694624781,-8.0,5.0,5.0,-3.4558977039082923,0.032379460147378636,-0.13462917459913692,0.8639744259770731,-0.008094865036844659,0.0,0.8639744259770731,-0.008094865036844659,0.0,0.8639744259770731,-35.008094865036846,-263.27731514697575,-7.689772466559569,5.23805826406907,5.6081346577872715,0.25,2.0,False,False,False,applied
2026-06-06_run02_diamond_pm35_on_r03,23800,23812,12,0.0,-35.0,-263.27731514697575,0.00031013067749351,-34.5904284120356,-262.482694624781,-8.0,5.0,5.0,-3.4558977039082923,0.032379460147378636,-0.13462917459913692,0.8639744259770731,-0.008094865036844659,0.0,0.8639744259770731,-0.008094865036844659,0.0,0.8639744259770731,-35.008094865036846,-263.27731514697575,-7.689772466559569,5.23805826406907,5.6081346577872715,0.25,2.0,False,False,False,applied
2026-06-06_run02_diamond_pm35_on_r03,23900,23906,6,0.0,-35.0,-263.27731514697575,0.00031013067749351,-34.5904284120356,-262.482694624781,-8.0,5.0,5.0,-3.4558977039082923,0.032379460147378636,-0.13462917459913692,0.8639744259770731,-0.008094865036844659,0.0,0.8639744259770731,-0.008094865036844659,0.0,0.8639744259770731,-35.008094865036846,-263.27731514697575,-7.689772466559569,5.23805826406907,5.6081346577872715,0.25,2.0,False,False,False,applied
2026-06-06_run02_diamond_pm35_on_r03,24000,24000,0,0.0,-35.0,-263.27731514697575,0.000407557875606434,-34.5905177246166,-262.482680938446,-8.0,5.0,5.0,-3.455918068070054,0.03240052116179265,-0.1346316216275685,0.8639795170175135,-0.008100130290448163,0.0,0.8639795170175135,-0.008100130290448163,0.0,0.8639795170175135,-35.00810013029045,-263.27731514697575,-7.689773446833403,5.238058150392401,5.608136723669498,0.25,2.0,False,False,True,applied
2026-06-06_run02_diamond_pm35_on_r03,24100,24109,9,0.0,-35.0,-263.27731514697575,0.000407557875606434,-34.5905177246166,-262.482680938446,-8.0,5.0,5.0,-3.455918068070054,0.03240052116179265,-0.1346316216275685,0.8639795170175135,-0.008100130290448163,0.0,0.8639795170175135,-0.008100130290448163,0.0,0.8639795170175135,-35.00810013029045,-263.27731514697575,-7.689773446833403,5.238058150392401,5.608136723669498,0.25,2.0,False,False,False,applied
2026-06-06_run02_diamond_pm35_on_r03,24200,24203,3,0.0,-35.0,-263.27731514697575,0.000407557875606434,-34.5905177246166,-262.482680938446,-8.0,5.0,5.0,-3.455918068070054,0.03240052116179265,-0.1346316216275685,0.8639795170175135,-0.008100130290448163,0.0,0.8639795170175135,-0.008100130290448163,0.0,0.8639795170175135,-35.00810013029045,-263.27731514697575,-7.689773446833403,5.238058150392401,5.608136723669498,0.25,2.0,False,False,False,applied
2026-06-06_run02_diamond_pm35_on_r03,24300,24312,12,0.0,-35.0,-263.27731514697575,0.000407557875606434,-34.5905177246166,-262.482680938446,-8.0,5.0,5.0,-3.455918068070054,0.03240052116179265,-0.1346316216275685,0.8639795170175135,-0.008100130290448163,0.0,0.8639795170175135,-0.008100130290448163,0.0,0.8639795170175135,-35.00810013029045,-263.27731514697575,-7.689773446833403,5.238058150392401,5.608136723669498,0.25,2.0,False,False,False,applied
2026-06-06_run02_diamond_pm35_on_r03,24400,24406,6,0.0,-35.0,-263.27731514697575,0.000407557875606434,-34.5905177246166,-262.482680938446,-8.0,5.0,5.0,-3.455918068070054,0.03240052116179265,-0.1346316216275685,0.8639795170175135,-0.008100130290448163,0.0,0.8639795170175135,-0.008100130290448163,0.0,0.8639795170175135,-35.00810013029045,-263.27731514697575,-7.689773446833403,5.238058150392401,5.608136723669498,0.25,2.0,False,False,False,applied
2026-06-06_run02_diamond_pm35_on_r03,24500,24500,0,0.0,-35.0,-263.27731514697575,0.000354404421879238,-34.5904689982632,-262.482688405274,-8.0,5.0,5.0,-3.455906957998039,0.03238903095788609,-0.13463028660705204,0.8639767394995097,-0.008097257739471522,0.0,0.8639767394995097,-0.008097257739471522,0.0,0.8639767394995097,-35.00809725773947,-263.27731514697575,-7.689772912027845,5.238058212413344,5.608135596588779,0.25,2.0,False,False,True,applied
2026-06-06_run02_diamond_pm35_on_r03,24600,24609,9,0.0,-35.0,-263.27731514697575,0.000354404421879238,-34.5904689982632,-262.482688405274,-8.0,5.0,5.0,-3.455906957998039,0.03238903095788609,-0.13463028660705204,0.8639767394995097,-0.008097257739471522,0.0,0.8639767394995097,-0.008097257739471522,0.0,0.8639767394995097,-35.00809725773947,-263.27731514697575,-7.689772912027845,5.238058212413344,5.608135596588779,0.25,2.0,False,False,False,applied
2026-06-06_run02_diamond_pm35_on_r03,24700,24703,3,0.0,-35.0,-263.27731514697575,0.000354404421879238,-34.5904689982632,-262.482688405274,-8.0,5.0,5.0,-3.455906957998039,0.03238903095788609,-0.13463028660705204,0.8639767394995097,-0.008097257739471522,0.0,0.8639767394995097,-0.008097257739471522,0.0,0.8639767394995097,-35.00809725773947,-263.27731514697575,-7.689772912027845,5.238058212413344,5.608135596588779,0.25,2.0,False,False,False,applied
2026-06-06_run02_diamond_pm35_on_r03,24800,24812,12,0.0,-35.0,-263.27731514697575,0.000354404421879238,-34.5904689982632,-262.482688405274,-8.0,5.0,5.0,-3.455906957998039,0.03238903095788609,-0.13463028660705204,0.8639767394995097,-0.008097257739471522,0.0,0.8639767394995097,-0.008097257739471522,0.0,0.8639767394995097,-35.00809725773947,-263.27731514697575,-7.689772912027845,5.238058212413344,5.608135596588779,0.25,2.0,False,False,False,applied
2026-06-06_run02_diamond_pm35_on_r03,24900,24906,6,0.0,-35.0,-263.27731514697575,0.000354404421879238,-34.5904689982632,-262.482688405274,-8.0,5.0,5.0,-3.455906957998039,0.03238903095788609,-0.13463028660705204,0.8639767394995097,-0.008097257739471522,0.0,0.8639767394995097,-0.008097257739471522,0.0,0.8639767394995097,-35.00809725773947,-263.27731514697575,-7.689772912027845,5.238058212413344,5.608135596588779,0.25,2.0,False,False,False,applied
2026-06-06_run02_diamond_pm35_on_r03,25000,25000,0,35.0,0.0,-263.27731514697575,29.7321563664967,-7.0325359530345,-263.595242045807,1.0,-7.0,9.0,-2.754464111248845,-2.9536547638504596,0.0921603157505224,0.6886160278122112,0.7384136909626149,0.0,0.6886160278122112,0.7384136909626149,0.0,35.68861602781221,0.7384136909626149,-263.27731514697575,1.2931332774520385,-6.719065443040807,8.666179545752556,0.25,2.0,False,False,True,applied
2026-06-06_run02_diamond_pm35_on_r03,25100,25109,9,35.0,0.0,-263.27731514697575,29.7321563664967,-7.0325359530345,-263.595242045807,1.0,-7.0,9.0,-2.754464111248845,-2.9536547638504596,0.0921603157505224,0.6886160278122112,0.7384136909626149,0.0,0.6886160278122112,0.7384136909626149,0.0,35.68861602781221,0.7384136909626149,-263.27731514697575,1.2931332774520385,-6.719065443040807,8.666179545752556,0.25,2.0,False,False,False,applied
2026-06-06_run02_diamond_pm35_on_r03,25200,25203,3,35.0,0.0,-263.27731514697575,29.7321563664967,-7.0325359530345,-263.595242045807,1.0,-7.0,9.0,-2.754464111248845,-2.9536547638504596,0.0921603157505224,0.6886160278122112,0.7384136909626149,0.0,0.6886160278122112,0.7384136909626149,0.0,35.68861602781221,0.7384136909626149,-263.27731514697575,1.2931332774520385,-6.719065443040807,8.666179545752556,0.25,2.0,False,False,False,applied
2026-06-06_run02_diamond_pm35_on_r03,25300,25312,12,35.0,0.0,-263.27731514697575,29.7321563664967,-7.0325359530345,-263.595242045807,1.0,-7.0,9.0,-2.754464111248845,-2.9536547638504596,0.0921603157505224,0.6886160278122112,0.7384136909626149,0.0,0.6886160278122112,0.7384136909626149,0.0,35.68861602781221,0.7384136909626149,-263.27731514697575,1.2931332774520385,-6.719065443040807,8.666179545752556,0.25,2.0,False,False,False,applied
2026-06-06_run02_diamond_pm35_on_r03,25400,25406,6,35.0,0.0,-263.27731514697575,29.7321563664967,-7.0325359530345,-263.595242045807,1.0,-7.0,9.0,-2.754464111248845,-2.9536547638504596,0.0921603157505224,0.6886160278122112,0.7384136909626149,0.0,0.6886160278122112,0.7384136909626149,0.0,35.68861602781221,0.7384136909626149,-263.27731514697575,1.2931332774520385,-6.719065443040807,8.666179545752556,0.25,2.0,False,False,False,applied
2026-06-06_run02_diamond_pm35_on_r03,25500,25500,0,35.0,0.0,-263.27731514697575,37.0809521356406,-0.125358671235688,-262.914361366446,1.0,-7.0,9.0,-3.894464500608644,-1.497333475260454,-0.03477794498615463,0.973616125152161,0.3743333688151135,0.0,0.973616125152161,0.3743333688151135,0.0,35.97361612515216,0.3743333688151135,-263.27731514697575,1.219515383730572,-6.717760646744107,8.787842045810418,0.25,2.0,False,False,True,applied
2026-06-06_run02_diamond_pm35_on_r03,25600,25609,9,35.0,0.0,-263.27731514697575,37.0809521356406,-0.125358671235688,-262.914361366446,1.0,-7.0,9.0,-3.894464500608644,-1.497333475260454,-0.03477794498615463,0.973616125152161,0.3743333688151135,0.0,0.973616125152161,0.3743333688151135,0.0,35.97361612515216,0.3743333688151135,-263.27731514697575,1.219515383730572,-6.717760646744107,8.787842045810418,0.25,2.0,False,False,False,applied
2026-06-06_run02_diamond_pm35_on_r03,25700,25703,3,35.0,0.0,-263.27731514697575,37.0809521356406,-0.125358671235688,-262.914361366446,1.0,-7.0,9.0,-3.894464500608644,-1.497333475260454,-0.03477794498615463,0.973616125152161,0.3743333688151135,0.0,0.973616125152161,0.3743333688151135,0.0,35.97361612515216,0.3743333688151135,-263.27731514697575,1.219515383730572,-6.717760646744107,8.787842045810418,0.25,2.0,False,False,False,applied
2026-06-06_run02_diamond_pm35_on_r03,25800,25812,12,35.0,0.0,-263.27731514697575,37.0809521356406,-0.125358671235688,-262.914361366446,1.0,-7.0,9.0,-3.894464500608644,-1.497333475260454,-0.03477794498615463,0.973616125152161,0.3743333688151135,0.0,0.973616125152161,0.3743333688151135,0.0,35.97361612515216,0.3743333688151135,-263.27731514697575,1.219515383730572,-6.717760646744107,8.787842045810418,0.25,2.0,False,False,False,applied
2026-06-06_run02_diamond_pm35_on_r03,25900,25906,6,35.0,0.0,-263.27731514697575,37.0809521356406,-0.125358671235688,-262.914361366446,1.0,-7.0,9.0,-3.894464500608644,-1.497333475260454,-0.03477794498615463,0.973616125152161,0.3743333688151135,0.0,0.973616125152161,0.3743333688151135,0.0,35.97361612515216,0.3743333688151135,-263.27731514697575,1.219515383730572,-6.717760646744107,8.787842045810418,0.25,2.0,False,False,False,applied
2026-06-06_run02_diamond_pm35_on_r03,26000,26000,0,35.0,0.0,-263.27731514697575,37.0807506077076,-0.125548664074786,-262.914385665225,1.0,-7.0,9.0,-3.8944298149086527,-1.4973841071780798,-0.03477343200783679,0.9736074537271632,0.37434602679451995,0.0,0.9736074537271632,0.37434602679451995,0.0,35.97360745372716,0.37434602679451995,-263.27731514697575,1.2195180142857238,-6.717760888027016,8.787838148033865,0.25,2.0,False,False,True,applied
2026-06-06_run02_diamond_pm35_on_r03,26100,26109,9,35.0,0.0,-263.27731514697575,37.0807506077076,-0.125548664074786,-262.914385665225,1.0,-7.0,9.0,-3.8944298149086527,-1.4973841071780798,-0.03477343200783679,0.9736074537271632,0.37434602679451995,0.0,0.9736074537271632,0.37434602679451995,0.0,35.97360745372716,0.37434602679451995,-263.27731514697575,1.2195180142857238,-6.717760888027016,8.787838148033865,0.25,2.0,False,False,False,applied
2026-06-06_run02_diamond_pm35_on_r03,26200,26203,3,35.0,0.0,-263.27731514697575,37.0807506077076,-0.125548664074786,-262.914385665225,1.0,-7.0,9.0,-3.8944298149086527,-1.4973841071780798,-0.03477343200783679,0.9736074537271632,0.37434602679451995,0.0,0.9736074537271632,0.37434602679451995,0.0,35.97360745372716,0.37434602679451995,-263.27731514697575,1.2195180142857238,-6.717760888027016,8.787838148033865,0.25,2.0,False,False,False,applied
2026-06-06_run02_diamond_pm35_on_r03,26300,26312,12,35.0,0.0,-263.27731514697575,37.0807506077076,-0.125548664074786,-262.914385665225,1.0,-7.0,9.0,-3.8944298149086527,-1.4973841071780798,-0.03477343200783679,0.9736074537271632,0.37434602679451995,0.0,0.9736074537271632,0.37434602679451995,0.0,35.97360745372716,0.37434602679451995,-263.27731514697575,1.2195180142857238,-6.717760888027016,8.787838148033865,0.25,2.0,False,False,False,applied
2026-06-06_run02_diamond_pm35_on_r03,26400,26406,6,35.0,0.0,-263.27731514697575,37.0807506077076,-0.125548664074786,-262.914385665225,1.0,-7.0,9.0,-3.8944298149086527,-1.4973841071780798,-0.03477343200783679,0.9736074537271632,0.37434602679451995,0.0,0.9736074537271632,0.37434602679451995,0.0,35.97360745372716,0.37434602679451995,-263.27731514697575,1.2195180142857238,-6.717760888027016,8.787838148033865,0.25,2.0,False,False,False,applied
2026-06-06_run02_diamond_pm35_on_r03,26500,26500,0,35.0,0.0,-263.27731514697575,37.0814184882551,-0.12491901164196,-262.914305135463,1.0,-7.0,9.0,-3.8945447671903644,-1.497216305770093,-0.03478838868450809,0.9736361917975911,0.3743040764425232,0.0,0.9736361917975911,0.3743040764425232,0.0,35.97363619179759,0.3743040764425232,-263.27731514697575,1.2195092962346625,-6.717760088339841,8.78785106574959,0.25,2.0,False,False,True,applied
2026-06-06_run02_diamond_pm35_on_r03,26600,26609,9,35.0,0.0,-263.27731514697575,37.0814184882551,-0.12491901164196,-262.914305135463,1.0,-7.0,9.0,-3.8945447671903644,-1.497216305770093,-0.03478838868450809,0.9736361917975911,0.3743040764425232,0.0,0.9736361917975911,0.3743040764425232,0.0,35.97363619179759,0.3743040764425232,-263.27731514697575,1.2195092962346625,-6.717760088339841,8.78785106574959,0.25,2.0,False,False,False,applied
2026-06-06_run02_diamond_pm35_on_r03,26700,26703,3,35.0,0.0,-263.27731514697575,37.0814184882551,-0.12491901164196,-262.914305135463,1.0,-7.0,9.0,-3.8945447671903644,-1.497216305770093,-0.03478838868450809,0.9736361917975911,0.3743040764425232,0.0,0.9736361917975911,0.3743040764425232,0.0,35.97363619179759,0.3743040764425232,-263.27731514697575,1.2195092962346625,-6.717760088339841,8.78785106574959,0.25,2.0,False,False,False,applied
2026-06-06_run02_diamond_pm35_on_r03,26800,26812,12,35.0,0.0,-263.27731514697575,37.0814184882551,-0.12491901164196,-262.914305135463,1.0,-7.0,9.0,-3.8945447671903644,-1.497216305770093,-0.03478838868450809,0.9736361917975911,0.3743040764425232,0.0,0.9736361917975911,0.3743040764425232,0.0,35.97363619179759,0.3743040764425232,-263.27731514697575,1.2195092962346625,-6.717760088339841,8.78785106574959,0.25,2.0,False,False,False,applied
2026-06-06_run02_diamond_pm35_on_r03,26900,26906,6,35.0,0.0,-263.27731514697575,37.0814184882551,-0.12491901164196,-262.914305135463,1.0,-7.0,9.0,-3.8945447671903644,-1.497216305770093,-0.03478838868450809,0.9736361917975911,0.3743040764425232,0.0,0.9736361917975911,0.3743040764425232,0.0,35.97363619179759,0.3743040764425232,-263.27731514697575,1.2195092962346625,-6.717760088339841,8.78785106574959,0.25,2.0,False,False,False,applied
2026-06-06_run02_diamond_pm35_on_r03,27000,27000,0,35.0,0.0,-263.27731514697575,37.081068536302,-0.125248933118873,-262.914347331501,1.0,-7.0,9.0,-3.8944845348659074,-1.4973042303628403,-0.03478055167643988,0.9736211337164768,0.3743260575907101,0.0,0.9736211337164768,0.3743260575907101,0.0,35.97362113371648,0.3743260575907101,-263.27731514697575,1.2195138643250196,-6.71776050737444,8.787844297149512,0.25,2.0,False,False,True,applied
2026-06-06_run02_diamond_pm35_on_r03,27100,27109,9,35.0,0.0,-263.27731514697575,37.081068536302,-0.125248933118873,-262.914347331501,1.0,-7.0,9.0,-3.8944845348659074,-1.4973042303628403,-0.03478055167643988,0.9736211337164768,0.3743260575907101,0.0,0.9736211337164768,0.3743260575907101,0.0,35.97362113371648,0.3743260575907101,-263.27731514697575,1.2195138643250196,-6.71776050737444,8.787844297149512,0.25,2.0,False,False,False,applied
2026-06-06_run02_diamond_pm35_on_r03,27200,27203,3,35.0,0.0,-263.27731514697575,37.081068536302,-0.125248933118873,-262.914347331501,1.0,-7.0,9.0,-3.8944845348659074,-1.4973042303628403,-0.03478055167643988,0.9736211337164768,0.3743260575907101,0.0,0.9736211337164768,0.3743260575907101,0.0,35.97362113371648,0.3743260575907101,-263.27731514697575,1.2195138643250196,-6.71776050737444,8.787844297149512,0.25,2.0,False,False,False,applied
2026-06-06_run02_diamond_pm35_on_r03,27300,27312,12,35.0,0.0,-263.27731514697575,37.081068536302,-0.125248933118873,-262.914347331501,1.0,-7.0,9.0,-3.8944845348659074,-1.4973042303628403,-0.03478055167643988,0.9736211337164768,0.3743260575907101,0.0,0.9736211337164768,0.3743260575907101,0.0,35.97362113371648,0.3743260575907101,-263.27731514697575,1.2195138643250196,-6.71776050737444,8.787844297149512,0.25,2.0,False,False,False,applied
2026-06-06_run02_diamond_pm35_on_r03,27400,27406,6,35.0,0.0,-263.27731514697575,37.081068536302,-0.125248933118873,-262.914347331501,1.0,-7.0,9.0,-3.8944845348659074,-1.4973042303628403,-0.03478055167643988,0.9736211337164768,0.3743260575907101,0.0,0.9736211337164768,0.3743260575907101,0.0,35.97362113371648,0.3743260575907101,-263.27731514697575,1.2195138643250196,-6.71776050737444,8.787844297149512,0.25,2.0,False,False,False,applied
2026-06-06_run02_diamond_pm35_on_r03,27500,27500,0,35.0,0.0,-263.27731514697575,37.082172129465,-0.124208507072155,-262.914214262819,1.0,-7.0,9.0,-3.8946744815593277,-1.497026953118045,-0.03480526632443182,0.9736686203898319,0.3742567382795112,0.0,0.9736686203898319,0.3742567382795112,0.0,35.97366862038983,0.3742567382795112,-263.27731514697575,1.2194994584785477,-6.71775918587922,8.78786564242316,0.25,2.0,False,False,True,applied
2026-06-06_run02_diamond_pm35_on_r03,27600,27609,9,35.0,0.0,-263.27731514697575,37.082172129465,-0.124208507072155,-262.914214262819,1.0,-7.0,9.0,-3.8946744815593277,-1.497026953118045,-0.03480526632443182,0.9736686203898319,0.3742567382795112,0.0,0.9736686203898319,0.3742567382795112,0.0,35.97366862038983,0.3742567382795112,-263.27731514697575,1.2194994584785477,-6.71775918587922,8.78786564242316,0.25,2.0,False,False,False,applied
2026-06-06_run02_diamond_pm35_on_r03,27700,27703,3,35.0,0.0,-263.27731514697575,37.082172129465,-0.124208507072155,-262.914214262819,1.0,-7.0,9.0,-3.8946744815593277,-1.497026953118045,-0.03480526632443182,0.9736686203898319,0.3742567382795112,0.0,0.9736686203898319,0.3742567382795112,0.0,35.97366862038983,0.3742567382795112,-263.27731514697575,1.2194994584785477,-6.71775918587922,8.78786564242316,0.25,2.0,False,False,False,applied
2026-06-06_run02_diamond_pm35_on_r03,27800,27812,12,35.0,0.0,-263.27731514697575,37.082172129465,-0.124208507072155,-262.914214262819,1.0,-7.0,9.0,-3.8946744815593277,-1.497026953118045,-0.03480526632443182,0.9736686203898319,0.3742567382795112,0.0,0.9736686203898319,0.3742567382795112,0.0,35.97366862038983,0.3742567382795112,-263.27731514697575,1.2194994584785477,-6.71775918587922,8.78786564242316,0.25,2.0,False,False,False,applied
2026-06-06_run02_diamond_pm35_on_r03,27900,27906,6,35.0,0.0,-263.27731514697575,37.082172129465,-0.124208507072155,-262.914214262819,1.0,-7.0,9.0,-3.8946744815593277,-1.497026953118045,-0.03480526632443182,0.9736686203898319,0.3742567382795112,0.0,0.9736686203898319,0.3742567382795112,0.0,35.97366862038983,0.3742567382795112,-263.27731514697575,1.2194994584785477,-6.71775918587922,8.78786564242316,0.25,2.0,False,False,False,applied
2026-06-06_run02_diamond_pm35_on_r03,28000,28000,0,35.0,0.0,-263.27731514697575,37.0809599321338,-0.125351321014487,-262.914360426545,1.0,-7.0,9.0,-3.8944658424038003,-1.4973315167411274,-0.03477811955298868,0.9736164606009501,0.37433287918528185,0.0,0.9736164606009501,0.37433287918528185,0.0,35.97361646060095,0.37433287918528185,-263.27731514697575,1.2195152819781592,-6.717760637415639,8.787842196589107,0.25,2.0,False,False,True,applied
2026-06-06_run02_diamond_pm35_on_r03,28100,28109,9,35.0,0.0,-263.27731514697575,37.0809599321338,-0.125351321014487,-262.914360426545,1.0,-7.0,9.0,-3.8944658424038003,-1.4973315167411274,-0.03477811955298868,0.9736164606009501,0.37433287918528185,0.0,0.9736164606009501,0.37433287918528185,0.0,35.97361646060095,0.37433287918528185,-263.27731514697575,1.2195152819781592,-6.717760637415639,8.787842196589107,0.25,2.0,False,False,False,applied
2026-06-06_run02_diamond_pm35_on_r03,28200,28203,3,35.0,0.0,-263.27731514697575,37.0809599321338,-0.125351321014487,-262.914360426545,1.0,-7.0,9.0,-3.8944658424038003,-1.4973315167411274,-0.03477811955298868,0.9736164606009501,0.37433287918528185,0.0,0.9736164606009501,0.37433287918528185,0.0,35.97361646060095,0.37433287918528185,-263.27731514697575,1.2195152819781592,-6.717760637415639,8.787842196589107,0.25,2.0,False,False,False,applied
2026-06-06_run02_diamond_pm35_on_r03,28300,28312,12,35.0,0.0,-263.27731514697575,37.0809599321338,-0.125351321014487,-262.914360426545,1.0,-7.0,9.0,-3.8944658424038003,-1.4973315167411274,-0.03477811955298868,0.9736164606009501,0.37433287918528185,0.0,0.9736164606009501,0.37433287918528185,0.0,35.97361646060095,0.37433287918528185,-263.27731514697575,1.2195152819781592,-6.717760637415639,8.787842196589107,0.25,2.0,False,False,False,applied
2026-06-06_run02_diamond_pm35_on_r03,28400,28406,6,35.0,0.0,-263.27731514697575,37.0809599321338,-0.125351321014487,-262.914360426545,1.0,-7.0,9.0,-3.8944658424038003,-1.4973315167411274,-0.03477811955298868,0.9736164606009501,0.37433287918528185,0.0,0.9736164606009501,0.37433287918528185,0.0,35.97361646060095,0.37433287918528185,-263.27731514697575,1.2195152819781592,-6.717760637415639,8.787842196589107,0.25,2.0,False,False,False,applied
2026-06-06_run02_diamond_pm35_on_r03,28500,28500,0,35.0,0.0,-263.27731514697575,37.0823590869892,-0.12403225048636,-262.914191719142,1.0,-7.0,9.0,-3.894706660523248,-1.4969799786562448,-0.034809453326139425,0.973676665130812,0.3742449946640612,0.0,0.973676665130812,0.3742449946640612,0.0,35.97367666513081,0.3742449946640612,-263.27731514697575,1.2194970179289648,-6.7177589619780695,8.787869258561258,0.25,2.0,False,False,True,applied
2026-06-06_run02_diamond_pm35_on_r03,28600,28609,9,35.0,0.0,-263.27731514697575,37.0823590869892,-0.12403225048636,-262.914191719142,1.0,-7.0,9.0,-3.894706660523248,-1.4969799786562448,-0.034809453326139425,0.973676665130812,0.3742449946640612,0.0,0.973676665130812,0.3742449946640612,0.0,35.97367666513081,0.3742449946640612,-263.27731514697575,1.2194970179289648,-6.7177589619780695,8.787869258561258,0.25,2.0,False,False,False,applied
2026-06-06_run02_diamond_pm35_on_r03,28700,28703,3,35.0,0.0,-263.27731514697575,37.0823590869892,-0.12403225048636,-262.914191719142,1.0,-7.0,9.0,-3.894706660523248,-1.4969799786562448,-0.034809453326139425,0.973676665130812,0.3742449946640612,0.0,0.973676665130812,0.3742449946640612,0.0,35.97367666513081,0.3742449946640612,-263.27731514697575,1.2194970179289648,-6.7177589619780695,8.787869258561258,0.25,2.0,False,False,False,applied
2026-06-06_run02_diamond_pm35_on_r03,28800,28812,12,35.0,0.0,-263.27731514697575,37.0823590869892,-0.12403225048636,-262.914191719142,1.0,-7.0,9.0,-3.894706660523248,-1.4969799786562448,-0.034809453326139425,0.973676665130812,0.3742449946640612,0.0,0.973676665130812,0.3742449946640612,0.0,35.97367666513081,0.3742449946640612,-263.27731514697575,1.2194970179289648,-6.7177589619780695,8.787869258561258,0.25,2.0,False,False,False,applied
2026-06-06_run02_diamond_pm35_on_r03,28900,28906,6,35.0,0.0,-263.27731514697575,37.0823590869892,-0.12403225048636,-262.914191719142,1.0,-7.0,9.0,-3.894706660523248,-1.4969799786562448,-0.034809453326139425,0.973676665130812,0.3742449946640612,0.0,0.973676665130812,0.3742449946640612,0.0,35.97367666513081,0.3742449946640612,-263.27731514697575,1.2194970179289648,-6.7177589619780695,8.787869258561258,0.25,2.0,False,False,False,applied
2026-06-06_run02_diamond_pm35_on_r03,29000,29000,0,35.0,0.0,-263.27731514697575,37.0809103782177,-0.125398038552601,-262.914366401356,1.0,-7.0,9.0,-3.894457313525648,-1.4973439665982078,-0.03477700985957794,0.973614328381412,0.37433599164955195,0.0,0.973614328381412,0.37433599164955195,0.0,35.97361432838141,0.37433599164955195,-263.27731514697575,1.2195159288035753,-6.717760696743412,8.78784123816485,0.25,2.0,False,False,True,applied
2026-06-06_run02_diamond_pm35_on_r03,29100,29109,9,35.0,0.0,-263.27731514697575,37.0809103782177,-0.125398038552601,-262.914366401356,1.0,-7.0,9.0,-3.894457313525648,-1.4973439665982078,-0.03477700985957794,0.973614328381412,0.37433599164955195,0.0,0.973614328381412,0.37433599164955195,0.0,35.97361432838141,0.37433599164955195,-263.27731514697575,1.2195159288035753,-6.717760696743412,8.78784123816485,0.25,2.0,False,False,False,applied
2026-06-06_run02_diamond_pm35_on_r03,29200,29203,3,35.0,0.0,-263.27731514697575,37.0809103782177,-0.125398038552601,-262.914366401356,1.0,-7.0,9.0,-3.894457313525648,-1.4973439665982078,-0.03477700985957794,0.973614328381412,0.37433599164955195,0.0,0.973614328381412,0.37433599164955195,0.0,35.97361432838141,0.37433599164955195,-263.27731514697575,1.2195159288035753,-6.717760696743412,8.78784123816485,0.25,2.0,False,False,False,applied
2026-06-06_run02_diamond_pm35_on_r03,29300,29312,12,35.0,0.0,-263.27731514697575,37.0809103782177,-0.125398038552601,-262.914366401356,1.0,-7.0,9.0,-3.894457313525648,-1.4973439665982078,-0.03477700985957794,0.973614328381412,0.37433599164955195,0.0,0.973614328381412,0.37433599164955195,0.0,35.97361432838141,0.37433599164955195,-263.27731514697575,1.2195159288035753,-6.717760696743412,8.78784123816485,0.25,2.0,False,False,False,applied
2026-06-06_run02_diamond_pm35_on_r03,29400,29406,6,35.0,0.0,-263.27731514697575,37.0809103782177,-0.125398038552601,-262.914366401356,1.0,-7.0,9.0,-3.894457313525648,-1.4973439665982078,-0.03477700985957794,0.973614328381412,0.37433599164955195,0.0,0.973614328381412,0.37433599164955195,0.0,35.97361432838141,0.37433599164955195,-263.27731514697575,1.2195159288035753,-6.717760696743412,8.78784123816485,0.25,2.0,False,False,False,applied
2026-06-06_run02_diamond_pm35_on_r03,29500,29500,0,35.0,0.0,-263.27731514697575,37.0822373785725,-0.124146992637091,-262.914206394773,1.0,-7.0,9.0,-3.894685712294063,-1.4970105584353322,-0.03480672764380549,0.9736714280735157,0.37425263960883304,0.0,0.9736714280735157,0.37425263960883304,0.0,35.973671428073516,0.37425263960883304,-263.27731514697575,1.2194986066936617,-6.717759107729504,8.787866904492217,0.25,2.0,False,False,True,applied
2026-06-06_run02_diamond_pm35_on_r03,29600,29609,9,35.0,0.0,-263.27731514697575,37.0822373785725,-0.124146992637091,-262.914206394773,1.0,-7.0,9.0,-3.894685712294063,-1.4970105584353322,-0.03480672764380549,0.9736714280735157,0.37425263960883304,0.0,0.9736714280735157,0.37425263960883304,0.0,35.973671428073516,0.37425263960883304,-263.27731514697575,1.2194986066936617,-6.717759107729504,8.787866904492217,0.25,2.0,False,False,False,applied
2026-06-06_run02_diamond_pm35_on_r03,29700,29703,3,35.0,0.0,-263.27731514697575,37.0822373785725,-0.124146992637091,-262.914206394773,1.0,-7.0,9.0,-3.894685712294063,-1.4970105584353322,-0.03480672764380549,0.9736714280735157,0.37425263960883304,0.0,0.9736714280735157,0.37425263960883304,0.0,35.973671428073516,0.37425263960883304,-263.27731514697575,1.2194986066936617,-6.717759107729504,8.787866904492217,0.25,2.0,False,False,False,applied
2026-06-06_run02_diamond_pm35_on_r03,29800,29812,12,35.0,0.0,-263.27731514697575,37.0822373785725,-0.124146992637091,-262.914206394773,1.0,-7.0,9.0,-3.894685712294063,-1.4970105584353322,-0.03480672764380549,0.9736714280735157,0.37425263960883304,0.0,0.9736714280735157,0.37425263960883304,0.0,35.973671428073516,0.37425263960883304,-263.27731514697575,1.2194986066936617,-6.717759107729504,8.787866904492217,0.25,2.0,False,False,False,applied
2026-06-06_run02_diamond_pm35_on_r03,29900,29906,6,35.0,0.0,-263.27731514697575,37.0822373785725,-0.124146992637091,-262.914206394773,1.0,-7.0,9.0,-3.894685712294063,-1.4970105584353322,-0.03480672764380549,0.9736714280735157,0.37425263960883304,0.0,0.9736714280735157,0.37425263960883304,0.0,35.973671428073516,0.37425263960883304,-263.27731514697575,1.2194986066936617,-6.717759107729504,8.787866904492217,0.25,2.0,False,False,False,applied
2026-06-06_run02_diamond_pm35_on_r03,30000,30000,0,0.0,0.0,-263.27731514697575,7.40398102243301,-0.00458870831980823,-263.60949898279,0.0,0.0,0.0,-2.8619761617269237,-0.5251057213884893,0.09189286076974786,0.7154940404317309,0.13127643034712233,0.0,0.7154940404317309,0.13127643034712233,0.0,0.7154940404317309,0.13127643034712233,-263.27731514697575,0.033331045976422564,-0.17114720537348818,0.1391672127941329,0.25,2.0,False,False,True,applied
2026-06-06_run02_diamond_pm35_on_r03,30100,30109,9,0.0,0.0,-263.27731514697575,7.40398102243301,-0.00458870831980823,-263.60949898279,0.0,0.0,0.0,-2.8619761617269237,-0.5251057213884893,0.09189286076974786,0.7154940404317309,0.13127643034712233,0.0,0.7154940404317309,0.13127643034712233,0.0,0.7154940404317309,0.13127643034712233,-263.27731514697575,0.033331045976422564,-0.17114720537348818,0.1391672127941329,0.25,2.0,False,False,False,applied
2026-06-06_run02_diamond_pm35_on_r03,30200,30203,3,0.0,0.0,-263.27731514697575,7.40398102243301,-0.00458870831980823,-263.60949898279,0.0,0.0,0.0,-2.8619761617269237,-0.5251057213884893,0.09189286076974786,0.7154940404317309,0.13127643034712233,0.0,0.7154940404317309,0.13127643034712233,0.0,0.7154940404317309,0.13127643034712233,-263.27731514697575,0.033331045976422564,-0.17114720537348818,0.1391672127941329,0.25,2.0,False,False,False,applied
2026-06-06_run02_diamond_pm35_on_r03,30300,30312,12,0.0,0.0,-263.27731514697575,7.40398102243301,-0.00458870831980823,-263.60949898279,0.0,0.0,0.0,-2.8619761617269237,-0.5251057213884893,0.09189286076974786,0.7154940404317309,0.13127643034712233,0.0,0.7154940404317309,0.13127643034712233,0.0,0.7154940404317309,0.13127643034712233,-263.27731514697575,0.033331045976422564,-0.17114720537348818,0.1391672127941329,0.25,2.0,False,False,False,applied
2026-06-06_run02_diamond_pm35_on_r03,30400,30406,6,0.0,0.0,-263.27731514697575,7.40398102243301,-0.00458870831980823,-263.60949898279,0.0,0.0,0.0,-2.8619761617269237,-0.5251057213884893,0.09189286076974786,0.7154940404317309,0.13127643034712233,0.0,0.7154940404317309,0.13127643034712233,0.0,0.7154940404317309,0.13127643034712233,-263.27731514697575,0.033331045976422564,-0.17114720537348818,0.1391672127941329,0.25,2.0,False,False,False,applied
2026-06-06_run02_diamond_pm35_on_r03,30500,30500,0,0.0,0.0,-263.27731514697575,-0.00170599465025026,-2.53674232845538e-10,-263.277214254384,0.0,0.0,0.0,-2.2413419910514047,0.21173038144450268,0.029620385640199295,0.5603354977628512,-0.05293259536112567,0.0,0.5603354977628512,-0.05293259536112567,0.0,0.5603354977628512,-0.05293259536112567,-263.27731514697575,-0.012978463918769865,-0.11461365682504746,0.12840075067131612,0.25,2.0,False,False,True,applied
2026-06-06_run02_diamond_pm35_on_r03,30600,30609,9,0.0,0.0,-263.27731514697575,-0.00170599465025026,-2.53674232845538e-10,-263.277214254384,0.0,0.0,0.0,-2.2413419910514047,0.21173038144450268,0.029620385640199295,0.5603354977628512,-0.05293259536112567,0.0,0.5603354977628512,-0.05293259536112567,0.0,0.5603354977628512,-0.05293259536112567,-263.27731514697575,-0.012978463918769865,-0.11461365682504746,0.12840075067131612,0.25,2.0,False,False,False,applied
2026-06-06_run02_diamond_pm35_on_r03,30700,30703,3,0.0,0.0,-263.27731514697575,-0.00170599465025026,-2.53674232845538e-10,-263.277214254384,0.0,0.0,0.0,-2.2413419910514047,0.21173038144450268,0.029620385640199295,0.5603354977628512,-0.05293259536112567,0.0,0.5603354977628512,-0.05293259536112567,0.0,0.5603354977628512,-0.05293259536112567,-263.27731514697575,-0.012978463918769865,-0.11461365682504746,0.12840075067131612,0.25,2.0,False,False,False,applied
2026-06-06_run02_diamond_pm35_on_r03,30800,30812,12,0.0,0.0,-263.27731514697575,-0.00170599465025026,-2.53674232845538e-10,-263.277214254384,0.0,0.0,0.0,-2.2413419910514047,0.21173038144450268,0.029620385640199295,0.5603354977628512,-0.05293259536112567,0.0,0.5603354977628512,-0.05293259536112567,0.0,0.5603354977628512,-0.05293259536112567,-263.27731514697575,-0.012978463918769865,-0.11461365682504746,0.12840075067131612,0.25,2.0,False,False,False,applied
2026-06-06_run02_diamond_pm35_on_r03,30900,30906,6,0.0,0.0,-263.27731514697575,-0.00170599465025026,-2.53674232845538e-10,-263.277214254384,0.0,0.0,0.0,-2.2413419910514047,0.21173038144450268,0.029620385640199295,0.5603354977628512,-0.05293259536112567,0.0,0.5603354977628512,-0.05293259536112567,0.0,0.5603354977628512,-0.05293259536112567,-263.27731514697575,-0.012978463918769865,-0.11461365682504746,0.12840075067131612,0.25,2.0,False,False,False,applied
2026-06-06_run02_diamond_pm35_on_r03,31000,31000,0,0.0,0.0,-263.27731514697575,-0.00196848151654824,-3.41234232694432e-10,-263.277198729742,0.0,0.0,0.0,-2.2413222802429535,0.21176359864298833,0.029617491527384528,0.5603305700607384,-0.05294089966074708,0.0,0.5603305700607384,-0.05294089966074708,0.0,0.5603305700607384,-0.05294089966074708,-263.27731514697575,-0.01298054735822803,-0.11461155232166796,0.12840071774785325,0.25,2.0,False,False,True,applied
2026-06-06_run02_diamond_pm35_on_r03,31100,31109,9,0.0,0.0,-263.27731514697575,-0.00196848151654824,-3.41234232694432e-10,-263.277198729742,0.0,0.0,0.0,-2.2413222802429535,0.21176359864298833,0.029617491527384528,0.5603305700607384,-0.05294089966074708,0.0,0.5603305700607384,-0.05294089966074708,0.0,0.5603305700607384,-0.05294089966074708,-263.27731514697575,-0.01298054735822803,-0.11461155232166796,0.12840071774785325,0.25,2.0,False,False,False,applied
2026-06-06_run02_diamond_pm35_on_r03,31200,31203,3,0.0,0.0,-263.27731514697575,-0.00196848151654824,-3.41234232694432e-10,-263.277198729742,0.0,0.0,0.0,-2.2413222802429535,0.21176359864298833,0.029617491527384528,0.5603305700607384,-0.05294089966074708,0.0,0.5603305700607384,-0.05294089966074708,0.0,0.5603305700607384,-0.05294089966074708,-263.27731514697575,-0.01298054735822803,-0.11461155232166796,0.12840071774785325,0.25,2.0,False,False,False,applied
2026-06-06_run02_diamond_pm35_on_r03,31300,31312,12,0.0,0.0,-263.27731514697575,-0.00196848151654824,-3.41234232694432e-10,-263.277198729742,0.0,0.0,0.0,-2.2413222802429535,0.21176359864298833,0.029617491527384528,0.5603305700607384,-0.05294089966074708,0.0,0.5603305700607384,-0.05294089966074708,0.0,0.5603305700607384,-0.05294089966074708,-263.27731514697575,-0.01298054735822803,-0.11461155232166796,0.12840071774785325,0.25,2.0,False,False,False,applied
2026-06-06_run02_diamond_pm35_on_r03,31400,31406,6,0.0,0.0,-263.27731514697575,-0.00196848151654824,-3.41234232694432e-10,-263.277198729742,0.0,0.0,0.0,-2.2413222802429535,0.21176359864298833,0.029617491527384528,0.5603305700607384,-0.05294089966074708,0.0,0.5603305700607384,-0.05294089966074708,0.0,0.5603305700607384,-0.05294089966074708,-263.27731514697575,-0.01298054735822803,-0.11461155232166796,0.12840071774785325,0.25,2.0,False,False,False,applied
2026-06-06_run02_diamond_pm35_on_r03,31500,31500,0,0.0,0.0,-263.27731514697575,-0.00125160490378389,-1.29465264519422e-10,-263.277241128366,0.0,0.0,0.0,-2.241376112733864,0.21167288054584915,0.029625395505617394,0.560344028183466,-0.05291822013646229,0.0,0.560344028183466,-0.05291822013646229,0.0,0.560344028183466,-0.05291822013646229,-263.27731514697575,-0.012974857363347542,-0.11461729990323526,0.1284008077256323,0.25,2.0,False,False,True,applied
2026-06-06_run02_diamond_pm35_on_r03,31600,31609,9,0.0,0.0,-263.27731514697575,-0.00125160490378389,-1.29465264519422e-10,-263.277241128366,0.0,0.0,0.0,-2.241376112733864,0.21167288054584915,0.029625395505617394,0.560344028183466,-0.05291822013646229,0.0,0.560344028183466,-0.05291822013646229,0.0,0.560344028183466,-0.05291822013646229,-263.27731514697575,-0.012974857363347542,-0.11461729990323526,0.1284008077256323,0.25,2.0,False,False,False,applied
2026-06-06_run02_diamond_pm35_on_r03,31700,31703,3,0.0,0.0,-263.27731514697575,-0.00125160490378389,-1.29465264519422e-10,-263.277241128366,0.0,0.0,0.0,-2.241376112733864,0.21167288054584915,0.029625395505617394,0.560344028183466,-0.05291822013646229,0.0,0.560344028183466,-0.05291822013646229,0.0,0.560344028183466,-0.05291822013646229,-263.27731514697575,-0.012974857363347542,-0.11461729990323526,0.1284008077256323,0.25,2.0,False,False,False,applied
2026-06-06_run02_diamond_pm35_on_r03,31800,31812,12,0.0,0.0,-263.27731514697575,-0.00125160490378389,-1.29465264519422e-10,-263.277241128366,0.0,0.0,0.0,-2.241376112733864,0.21167288054584915,0.029625395505617394,0.560344028183466,-0.05291822013646229,0.0,0.560344028183466,-0.05291822013646229,0.0,0.560344028183466,-0.05291822013646229,-263.27731514697575,-0.012974857363347542,-0.11461729990323526,0.1284008077256323,0.25,2.0,False,False,False,applied
2026-06-06_run02_diamond_pm35_on_r03,31900,31906,6,0.0,0.0,-263.27731514697575,-0.00125160490378389,-1.29465264519422e-10,-263.277241128366,0.0,0.0,0.0,-2.241376112733864,0.21167288054584915,0.029625395505617394,0.560344028183466,-0.05291822013646229,0.0,0.560344028183466,-0.05291822013646229,0.0,0.560344028183466,-0.05291822013646229,-263.27731514697575,-0.012974857363347542,-0.11461729990323526,0.1284008077256323,0.25,2.0,False,False,False,applied
2026-06-06_run02_diamond_pm35_on_r03,32000,32000,0,0.0,0.0,-263.27731514697575,-0.00231287419649658,-4.27536219849347e-10,-263.277178361509,0.0,0.0,0.0,-2.241296418500864,0.21180717956639875,0.02961369446739138,0.560324104625216,-0.052951794891599686,0.0,0.560324104625216,-0.052951794891599686,0.0,0.560324104625216,-0.052951794891599686,-263.27731514697575,-0.012983280828408708,-0.11460879115150277,0.12840067448806322,0.25,2.0,False,False,True,applied
2026-06-06_run02_diamond_pm35_on_r03,32100,32109,9,0.0,0.0,-263.27731514697575,-0.00231287419649658,-4.27536219849347e-10,-263.277178361509,0.0,0.0,0.0,-2.241296418500864,0.21180717956639875,0.02961369446739138,0.560324104625216,-0.052951794891599686,0.0,0.560324104625216,-0.052951794891599686,0.0,0.560324104625216,-0.052951794891599686,-263.27731514697575,-0.012983280828408708,-0.11460879115150277,0.12840067448806322,0.25,2.0,False,False,False,applied
2026-06-06_run02_diamond_pm35_on_r03,32200,32203,3,0.0,0.0,-263.27731514697575,-0.00231287419649658,-4.27536219849347e-10,-263.277178361509,0.0,0.0,0.0,-2.241296418500864,0.21180717956639875,0.02961369446739138,0.560324104625216,-0.052951794891599686,0.0,0.560324104625216,-0.052951794891599686,0.0,0.560324104625216,-0.052951794891599686,-263.27731514697575,-0.012983280828408708,-0.11460879115150277,0.12840067448806322,0.25,2.0,False,False,False,applied
2026-06-06_run02_diamond_pm35_on_r03,32300,32312,12,0.0,0.0,-263.27731514697575,-0.00231287419649658,-4.27536219849347e-10,-263.277178361509,0.0,0.0,0.0,-2.241296418500864,0.21180717956639875,0.02961369446739138,0.560324104625216,-0.052951794891599686,0.0,0.560324104625216,-0.052951794891599686,0.0,0.560324104625216,-0.052951794891599686,-263.27731514697575,-0.012983280828408708,-0.11460879115150277,0.12840067448806322,0.25,2.0,False,False,False,applied
2026-06-06_run02_diamond_pm35_on_r03,32400,32406,6,0.0,0.0,-263.27731514697575,-0.00231287419649658,-4.27536219849347e-10,-263.277178361509,0.0,0.0,0.0,-2.241296418500864,0.21180717956639875,0.02961369446739138,0.560324104625216,-0.052951794891599686,0.0,0.560324104625216,-0.052951794891599686,0.0,0.560324104625216,-0.052951794891599686,-263.27731514697575,-0.012983280828408708,-0.11460879115150277,0.12840067448806322,0.25,2.0,False,False,False,applied
2026-06-06_run02_diamond_pm35_on_r03,32500,32500,0,0.0,0.0,-263.27731514697575,-0.00234707696035831,-4.3047490339019e-10,-263.277176338807,0.0,0.0,0.0,-2.24129385000495,0.2118115074768359,0.029613317393478153,0.5603234625012375,-0.05295287686920897,0.0,0.5603234625012375,-0.05295287686920897,0.0,0.5603234625012375,-0.05295287686920897,-263.27731514697575,-0.012983552282447528,-0.11460851693404198,0.12840067017930748,0.25,2.0,False,False,True,applied
2026-06-06_run02_diamond_pm35_on_r03,32600,32609,9,0.0,0.0,-263.27731514697575,-0.00234707696035831,-4.3047490339019e-10,-263.277176338807,0.0,0.0,0.0,-2.24129385000495,0.2118115074768359,0.029613317393478153,0.5603234625012375,-0.05295287686920897,0.0,0.5603234625012375,-0.05295287686920897,0.0,0.5603234625012375,-0.05295287686920897,-263.27731514697575,-0.012983552282447528,-0.11460851693404198,0.12840067017930748,0.25,2.0,False,False,False,applied
2026-06-06_run02_diamond_pm35_on_r03,32700,32703,3,0.0,0.0,-263.27731514697575,-0.00234707696035831,-4.3047490339019e-10,-263.277176338807,0.0,0.0,0.0,-2.24129385000495,0.2118115074768359,0.029613317393478153,0.5603234625012375,-0.05295287686920897,0.0,0.5603234625012375,-0.05295287686920897,0.0,0.5603234625012375,-0.05295287686920897,-263.27731514697575,-0.012983552282447528,-0.11460851693404198,0.12840067017930748,0.25,2.0,False,False,False,applied
2026-06-06_run02_diamond_pm35_on_r03,32800,32812,12,0.0,0.0,-263.27731514697575,-0.00234707696035831,-4.3047490339019e-10,-263.277176338807,0.0,0.0,0.0,-2.24129385000495,0.2118115074768359,0.029613317393478153,0.5603234625012375,-0.05295287686920897,0.0,0.5603234625012375,-0.05295287686920897,0.0,0.5603234625012375,-0.05295287686920897,-263.27731514697575,-0.012983552282447528,-0.11460851693404198,0.12840067017930748,0.25,2.0,False,False,False,applied
2026-06-06_run02_diamond_pm35_on_r03,32900,32906,6,0.0,0.0,-263.27731514697575,-0.00234707696035831,-4.3047490339019e-10,-263.277176338807,0.0,0.0,0.0,-2.24129385000495,0.2118115074768359,0.029613317393478153,0.5603234625012375,-0.05295287686920897,0.0,0.5603234625012375,-0.05295287686920897,0.0,0.5603234625012375,-0.05295287686920897,-263.27731514697575,-0.012983552282447528,-0.11460851693404198,0.12840067017930748,0.25,2.0,False,False,False,applied
2026-06-06_run02_diamond_pm35_on_r03,33000,33000,0,0.0,0.0,-263.27731514697575,-0.00225999278509756,-3.99861743467979e-10,-263.277181489391,0.0,0.0,0.0,-2.2413003893545653,0.21180048707285393,0.02961427756823433,0.5603250973386413,-0.05295012176821348,0.0,0.5603250973386413,-0.05295012176821348,0.0,0.5603250973386413,-0.05295012176821348,-263.27731514697575,-0.012982861063994176,-0.11460921513749608,0.12840068109861014,0.25,2.0,False,False,True,applied
2026-06-06_run02_diamond_pm35_on_r03,33100,33109,9,0.0,0.0,-263.27731514697575,-0.00225999278509756,-3.99861743467979e-10,-263.277181489391,0.0,0.0,0.0,-2.2413003893545653,0.21180048707285393,0.02961427756823433,0.5603250973386413,-0.05295012176821348,0.0,0.5603250973386413,-0.05295012176821348,0.0,0.5603250973386413,-0.05295012176821348,-263.27731514697575,-0.012982861063994176,-0.11460921513749608,0.12840068109861014,0.25,2.0,False,False,False,applied
2026-06-06_run02_diamond_pm35_on_r03,33200,33203,3,0.0,0.0,-263.27731514697575,-0.00225999278509756,-3.99861743467979e-10,-263.277181489391,0.0,0.0,0.0,-2.2413003893545653,0.21180048707285393,0.02961427756823433,0.5603250973386413,-0.05295012176821348,0.0,0.5603250973386413,-0.05295012176821348,0.0,0.5603250973386413,-0.05295012176821348,-263.27731514697575,-0.012982861063994176,-0.11460921513749608,0.12840068109861014,0.25,2.0,False,False,False,applied
2026-06-06_run02_diamond_pm35_on_r03,33300,33312,12,0.0,0.0,-263.27731514697575,-0.00225999278509756,-3.99861743467979e-10,-263.277181489391,0.0,0.0,0.0,-2.2413003893545653,0.21180048707285393,0.02961427756823433,0.5603250973386413,-0.05295012176821348,0.0,0.5603250973386413,-0.05295012176821348,0.0,0.5603250973386413,-0.05295012176821348,-263.27731514697575,-0.012982861063994176,-0.11460921513749608,0.12840068109861014,0.25,2.0,False,False,False,applied
2026-06-06_run02_diamond_pm35_on_r03,33400,33406,6,0.0,0.0,-263.27731514697575,-0.00225999278509756,-3.99861743467979e-10,-263.277181489391,0.0,0.0,0.0,-2.2413003893545653,0.21180048707285393,0.02961427756823433,0.5603250973386413,-0.05295012176821348,0.0,0.5603250973386413,-0.05295012176821348,0.0,0.5603250973386413,-0.05295012176821348,-263.27731514697575,-0.012982861063994176,-0.11460921513749608,0.12840068109861014,0.25,2.0,False,False,False,applied
2026-06-06_run02_diamond_pm35_on_r03,33500,33500,0,0.0,0.0,-263.27731514697575,-0.00222284575738181,-3.87170810412496e-10,-263.277183686439,0.0,0.0,0.0,-2.241303178815145,0.21179578617532127,0.02961468714317959,0.5603257947037863,-0.05294894654383032,0.0,0.5603257947037863,-0.05294894654383032,0.0,0.5603257947037863,-0.05294894654383032,-263.27731514697575,-0.012982566215723947,-0.11460951296615347,0.12840068575718555,0.25,2.0,False,False,True,applied
2026-06-06_run02_diamond_pm35_on_r03,33600,33609,9,0.0,0.0,-263.27731514697575,-0.00222284575738181,-3.87170810412496e-10,-263.277183686439,0.0,0.0,0.0,-2.241303178815145,0.21179578617532127,0.02961468714317959,0.5603257947037863,-0.05294894654383032,0.0,0.5603257947037863,-0.05294894654383032,0.0,0.5603257947037863,-0.05294894654383032,-263.27731514697575,-0.012982566215723947,-0.11460951296615347,0.12840068575718555,0.25,2.0,False,False,False,applied
2026-06-06_run02_diamond_pm35_on_r03,33700,33703,3,0.0,0.0,-263.27731514697575,-0.00222284575738181,-3.87170810412496e-10,-263.277183686439,0.0,0.0,0.0,-2.241303178815145,0.21179578617532127,0.02961468714317959,0.5603257947037863,-0.05294894654383032,0.0,0.5603257947037863,-0.05294894654383032,0.0,0.5603257947037863,-0.05294894654383032,-263.27731514697575,-0.012982566215723947,-0.11460951296615347,0.12840068575718555,0.25,2.0,False,False,False,applied
2026-06-06_run02_diamond_pm35_on_r03,33800,33812,12,0.0,0.0,-263.27731514697575,-0.00222284575738181,-3.87170810412496e-10,-263.277183686439,0.0,0.0,0.0,-2.241303178815145,0.21179578617532127,0.02961468714317959,0.5603257947037863,-0.05294894654383032,0.0,0.5603257947037863,-0.05294894654383032,0.0,0.5603257947037863,-0.05294894654383032,-263.27731514697575,-0.012982566215723947,-0.11460951296615347,0.12840068575718555,0.25,2.0,False,False,False,applied
2026-06-06_run02_diamond_pm35_on_r03,33900,33906,6,0.0,0.0,-263.27731514697575,-0.00222284575738181,-3.87170810412496e-10,-263.277183686439,0.0,0.0,0.0,-2.241303178815145,0.21179578617532127,0.02961468714317959,0.5603257947037863,-0.05294894654383032,0.0,0.5603257947037863,-0.05294894654383032,0.0,0.5603257947037863,-0.05294894654383032,-263.27731514697575,-0.012982566215723947,-0.11460951296615347,0.12840068575718555,0.25,2.0,False,False,False,applied
2026-06-06_run02_diamond_pm35_on_r03,34000,34000,0,0.0,0.0,-263.27731514697575,-0.00218653048177412,-3.74929556617355e-10,-263.277185834289,0.0,0.0,0.0,-2.2413059058200564,0.21179119054283266,0.02961508754662271,0.5603264764550141,-0.052947797635708164,0.0,0.5603264764550141,-0.052947797635708164,0.0,0.5603264764550141,-0.052947797635708164,-263.27731514697575,-0.012982277969745167,-0.11460980412609183,0.12840069031185733,0.25,2.0,False,False,True,applied
2026-06-06_run02_diamond_pm35_on_r03,34100,34109,9,0.0,0.0,-263.27731514697575,-0.00218653048177412,-3.74929556617355e-10,-263.277185834289,0.0,0.0,0.0,-2.2413059058200564,0.21179119054283266,0.02961508754662271,0.5603264764550141,-0.052947797635708164,0.0,0.5603264764550141,-0.052947797635708164,0.0,0.5603264764550141,-0.052947797635708164,-263.27731514697575,-0.012982277969745167,-0.11460980412609183,0.12840069031185733,0.25,2.0,False,False,False,applied
2026-06-06_run02_diamond_pm35_on_r03,34200,34203,3,0.0,0.0,-263.27731514697575,-0.00218653048177412,-3.74929556617355e-10,-263.277185834289,0.0,0.0,0.0,-2.2413059058200564,0.21179119054283266,0.02961508754662271,0.5603264764550141,-0.052947797635708164,0.0,0.5603264764550141,-0.052947797635708164,0.0,0.5603264764550141,-0.052947797635708164,-263.27731514697575,-0.012982277969745167,-0.11460980412609183,0.12840069031185733,0.25,2.0,False,False,False,applied
2026-06-06_run02_diamond_pm35_on_r03,34300,34312,12,0.0,0.0,-263.27731514697575,-0.00218653048177412,-3.74929556617355e-10,-263.277185834289,0.0,0.0,0.0,-2.2413059058200564,0.21179119054283266,0.02961508754662271,0.5603264764550141,-0.052947797635708164,0.0,0.5603264764550141,-0.052947797635708164,0.0,0.5603264764550141,-0.052947797635708164,-263.27731514697575,-0.012982277969745167,-0.11460980412609183,0.12840069031185733,0.25,2.0,False,False,False,applied
2026-06-06_run02_diamond_pm35_on_r03,34400,34406,6,0.0,0.0,-263.27731514697575,-0.00218653048177412,-3.74929556617355e-10,-263.277185834289,0.0,0.0,0.0,-2.2413059058200564,0.21179119054283266,0.02961508754662271,0.5603264764550141,-0.052947797635708164,0.0,0.5603264764550141,-0.052947797635708164,0.0,0.5603264764550141,-0.052947797635708164,-263.27731514697575,-0.012982277969745167,-0.11460980412609183,0.12840069031185733,0.25,2.0,False,False,False,applied
2026-06-06_run02_diamond_pm35_on_r03,34500,34500,0,0.0,0.0,-263.27731514697575,-0.00215841147947762,-3.65508213493825e-10,-263.277187497373,0.0,0.0,0.0,-2.241308017347067,0.21178763213631044,0.02961539757970766,0.5603270043367667,-0.05294690803407761,0.0,0.5603270043367667,-0.05294690803407761,0.0,0.5603270043367667,-0.05294690803407761,-263.27731514697575,-0.012982054780365742,-0.11461002957176167,0.12840069383880118,0.25,2.0,False,False,True,applied
2026-06-06_run02_diamond_pm35_on_r03,34600,34609,9,0.0,0.0,-263.27731514697575,-0.00215841147947762,-3.65508213493825e-10,-263.277187497373,0.0,0.0,0.0,-2.241308017347067,0.21178763213631044,0.02961539757970766,0.5603270043367667,-0.05294690803407761,0.0,0.5603270043367667,-0.05294690803407761,0.0,0.5603270043367667,-0.05294690803407761,-263.27731514697575,-0.012982054780365742,-0.11461002957176167,0.12840069383880118,0.25,2.0,False,False,False,applied
2026-06-06_run02_diamond_pm35_on_r03,34700,34703,3,0.0,0.0,-263.27731514697575,-0.00215841147947762,-3.65508213493825e-10,-263.277187497373,0.0,0.0,0.0,-2.241308017347067,0.21178763213631044,0.02961539757970766,0.5603270043367667,-0.05294690803407761,0.0,0.5603270043367667,-0.05294690803407761,0.0,0.5603270043367667,-0.05294690803407761,-263.27731514697575,-0.012982054780365742,-0.11461002957176167,0.12840069383880118,0.25,2.0,False,False,False,applied
2026-06-06_run02_diamond_pm35_on_r03,34800,34812,12,0.0,0.0,-263.27731514697575,-0.00215841147947762,-3.65508213493825e-10,-263.277187497373,0.0,0.0,0.0,-2.241308017347067,0.21178763213631044,0.02961539757970766,0.5603270043367667,-0.05294690803407761,0.0,0.5603270043367667,-0.05294690803407761,0.0,0.5603270043367667,-0.05294690803407761,-263.27731514697575,-0.012982054780365742,-0.11461002957176167,0.12840069383880118,0.25,2.0,False,False,False,applied
2026-06-06_run02_diamond_pm35_on_r03,34900,34906,6,0.0,0.0,-263.27731514697575,-0.00215841147947762,-3.65508213493825e-10,-263.277187497373,0.0,0.0,0.0,-2.241308017347067,0.21178763213631044,0.02961539757970766,0.5603270043367667,-0.05294690803407761,0.0,0.5603270043367667,-0.05294690803407761,0.0,0.5603270043367667,-0.05294690803407761,-263.27731514697575,-0.012982054780365742,-0.11461002957176167,0.12840069383880118,0.25,2.0,False,False,False,applied
