run_id,time,actual_elapsed_ms,schedule_lag_ms,target_x,target_y,target_z,sim_x,sim_y,sim_z,nominal_theta1,nominal_theta2,nominal_theta3,predicted_error_x,predicted_error_y,predicted_error_z,requested_correction_x,requested_correction_y,requested_correction_z,applied_correction_x,applied_correction_y,applied_correction_z,corrected_target_x,corrected_target_y,corrected_target_z,corrected_theta1,corrected_theta2,corrected_theta3,correction_gain,max_xy_correction_mm,correction_clamped,fallback_used,command_sent,correction_status
2026-06-06_run02_cross_pm30_on_r01,0,16,16,0.0,0.0,-263.27731514697575,0.0,0.0,-263.277315152675,0.0,0.0,0.0,-2.241470099661118,0.21151449462071747,0.02963919516425717,0.5603675249152795,-0.05287862365517937,0.0,0.5603675249152795,-0.05287862365517937,0.0,0.5603675249152795,-0.05287862365517937,-263.27731514697575,-0.012964923123112634,-0.11462733468306198,0.1284009648257489,0.25,2.0,False,False,True,applied
2026-06-06_run02_cross_pm30_on_r01,100,110,10,0.0,0.0,-263.27731514697575,0.0,0.0,-263.277315152675,0.0,0.0,0.0,-2.241470099661118,0.21151449462071747,0.02963919516425717,0.5603675249152795,-0.05287862365517937,0.0,0.5603675249152795,-0.05287862365517937,0.0,0.5603675249152795,-0.05287862365517937,-263.27731514697575,-0.012964923123112634,-0.11462733468306198,0.1284009648257489,0.25,2.0,False,False,False,applied
2026-06-06_run02_cross_pm30_on_r01,200,203,3,0.0,0.0,-263.27731514697575,0.0,0.0,-263.277315152675,0.0,0.0,0.0,-2.241470099661118,0.21151449462071747,0.02963919516425717,0.5603675249152795,-0.05287862365517937,0.0,0.5603675249152795,-0.05287862365517937,0.0,0.5603675249152795,-0.05287862365517937,-263.27731514697575,-0.012964923123112634,-0.11462733468306198,0.1284009648257489,0.25,2.0,False,False,False,applied
2026-06-06_run02_cross_pm30_on_r01,300,313,13,0.0,0.0,-263.27731514697575,0.0,0.0,-263.277315152675,0.0,0.0,0.0,-2.241470099661118,0.21151449462071747,0.02963919516425717,0.5603675249152795,-0.05287862365517937,0.0,0.5603675249152795,-0.05287862365517937,0.0,0.5603675249152795,-0.05287862365517937,-263.27731514697575,-0.012964923123112634,-0.11462733468306198,0.1284009648257489,0.25,2.0,False,False,False,applied
2026-06-06_run02_cross_pm30_on_r01,400,407,7,0.0,0.0,-263.27731514697575,0.0,0.0,-263.277315152675,0.0,0.0,0.0,-2.241470099661118,0.21151449462071747,0.02963919516425717,0.5603675249152795,-0.05287862365517937,0.0,0.5603675249152795,-0.05287862365517937,0.0,0.5603675249152795,-0.05287862365517937,-263.27731514697575,-0.012964923123112634,-0.11462733468306198,0.1284009648257489,0.25,2.0,False,False,False,applied
2026-06-06_run02_cross_pm30_on_r01,500,500,0,0.0,0.0,-263.27731514697575,-6.03749420582576e-15,6.12350063309824e-15,-263.277315149502,0.0,0.0,0.0,-2.2414701015957927,0.21151450063890606,0.029639194582513205,0.5603675253989482,-0.052878625159726515,0.0,0.5603675253989482,-0.052878625159726515,0.0,0.5603675253989482,-0.052878625159726515,-263.27731514697575,-0.012964923499281782,-0.1146273345989461,0.1284009651196554,0.25,2.0,False,False,True,applied
2026-06-06_run02_cross_pm30_on_r01,600,610,10,0.0,0.0,-263.27731514697575,-6.03749420582576e-15,6.12350063309824e-15,-263.277315149502,0.0,0.0,0.0,-2.2414701015957927,0.21151450063890606,0.029639194582513205,0.5603675253989482,-0.052878625159726515,0.0,0.5603675253989482,-0.052878625159726515,0.0,0.5603675253989482,-0.052878625159726515,-263.27731514697575,-0.012964923499281782,-0.1146273345989461,0.1284009651196554,0.25,2.0,False,False,False,applied
2026-06-06_run02_cross_pm30_on_r01,700,703,3,0.0,0.0,-263.27731514697575,-6.03749420582576e-15,6.12350063309824e-15,-263.277315149502,0.0,0.0,0.0,-2.2414701015957927,0.21151450063890606,0.029639194582513205,0.5603675253989482,-0.052878625159726515,0.0,0.5603675253989482,-0.052878625159726515,0.0,0.5603675253989482,-0.052878625159726515,-263.27731514697575,-0.012964923499281782,-0.1146273345989461,0.1284009651196554,0.25,2.0,False,False,False,applied
2026-06-06_run02_cross_pm30_on_r01,800,813,13,0.0,0.0,-263.27731514697575,-6.03749420582576e-15,6.12350063309824e-15,-263.277315149502,0.0,0.0,0.0,-2.2414701015957927,0.21151450063890606,0.029639194582513205,0.5603675253989482,-0.052878625159726515,0.0,0.5603675253989482,-0.052878625159726515,0.0,0.5603675253989482,-0.052878625159726515,-263.27731514697575,-0.012964923499281782,-0.1146273345989461,0.1284009651196554,0.25,2.0,False,False,False,applied
2026-06-06_run02_cross_pm30_on_r01,900,907,7,0.0,0.0,-263.27731514697575,-6.03749420582576e-15,6.12350063309824e-15,-263.277315149502,0.0,0.0,0.0,-2.2414701015957927,0.21151450063890606,0.029639194582513205,0.5603675253989482,-0.052878625159726515,0.0,0.5603675253989482,-0.052878625159726515,0.0,0.5603675253989482,-0.052878625159726515,-263.27731514697575,-0.012964923499281782,-0.1146273345989461,0.1284009651196554,0.25,2.0,False,False,False,applied
2026-06-06_run02_cross_pm30_on_r01,1000,1000,0,0.0,0.0,-263.27731514697575,-1.7368331617824e-14,1.27915340877886e-14,-263.277315146976,0.0,0.0,0.0,-2.2414701031359763,0.2115145054299536,0.02963919411938997,0.5603675257839941,-0.0528786263574884,0.0,0.5603675257839941,-0.0528786263574884,0.0,0.5603675257839941,-0.0528786263574884,-263.27731514697575,-0.012964923798547823,-0.1146273345320148,0.12840096535346232,0.25,2.0,False,False,True,applied
2026-06-06_run02_cross_pm30_on_r01,1100,1110,10,0.0,0.0,-263.27731514697575,-1.7368331617824e-14,1.27915340877886e-14,-263.277315146976,0.0,0.0,0.0,-2.2414701031359763,0.2115145054299536,0.02963919411938997,0.5603675257839941,-0.0528786263574884,0.0,0.5603675257839941,-0.0528786263574884,0.0,0.5603675257839941,-0.0528786263574884,-263.27731514697575,-0.012964923798547823,-0.1146273345320148,0.12840096535346232,0.25,2.0,False,False,False,applied
2026-06-06_run02_cross_pm30_on_r01,1200,1203,3,0.0,0.0,-263.27731514697575,-1.7368331617824e-14,1.27915340877886e-14,-263.277315146976,0.0,0.0,0.0,-2.2414701031359763,0.2115145054299536,0.02963919411938997,0.5603675257839941,-0.0528786263574884,0.0,0.5603675257839941,-0.0528786263574884,0.0,0.5603675257839941,-0.0528786263574884,-263.27731514697575,-0.012964923798547823,-0.1146273345320148,0.12840096535346232,0.25,2.0,False,False,False,applied
2026-06-06_run02_cross_pm30_on_r01,1300,1313,13,0.0,0.0,-263.27731514697575,-1.7368331617824e-14,1.27915340877886e-14,-263.277315146976,0.0,0.0,0.0,-2.2414701031359763,0.2115145054299536,0.02963919411938997,0.5603675257839941,-0.0528786263574884,0.0,0.5603675257839941,-0.0528786263574884,0.0,0.5603675257839941,-0.0528786263574884,-263.27731514697575,-0.012964923798547823,-0.1146273345320148,0.12840096535346232,0.25,2.0,False,False,False,applied
2026-06-06_run02_cross_pm30_on_r01,1400,1407,7,0.0,0.0,-263.27731514697575,-1.7368331617824e-14,1.27915340877886e-14,-263.277315146976,0.0,0.0,0.0,-2.2414701031359763,0.2115145054299536,0.02963919411938997,0.5603675257839941,-0.0528786263574884,0.0,0.5603675257839941,-0.0528786263574884,0.0,0.5603675257839941,-0.0528786263574884,-263.27731514697575,-0.012964923798547823,-0.1146273345320148,0.12840096535346232,0.25,2.0,False,False,False,applied
2026-06-06_run02_cross_pm30_on_r01,1500,1516,16,0.0,0.0,-263.27731514697575,-4.93535866382209e-14,2.15843132581029e-14,-263.277315146976,0.0,0.0,0.0,-2.2414701031359723,0.21151450542995442,0.02963919411938996,0.5603675257839931,-0.052878626357488606,0.0,0.5603675257839931,-0.052878626357488606,0.0,0.5603675257839931,-0.052878626357488606,-263.27731514697575,-0.012964923798547823,-0.1146273345320148,0.12840096535346232,0.25,2.0,False,False,True,applied
2026-06-06_run02_cross_pm30_on_r01,1600,1610,10,0.0,0.0,-263.27731514697575,-4.93535866382209e-14,2.15843132581029e-14,-263.277315146976,0.0,0.0,0.0,-2.2414701031359723,0.21151450542995442,0.02963919411938996,0.5603675257839931,-0.052878626357488606,0.0,0.5603675257839931,-0.052878626357488606,0.0,0.5603675257839931,-0.052878626357488606,-263.27731514697575,-0.012964923798547823,-0.1146273345320148,0.12840096535346232,0.25,2.0,False,False,False,applied
2026-06-06_run02_cross_pm30_on_r01,1700,1703,3,0.0,0.0,-263.27731514697575,-4.93535866382209e-14,2.15843132581029e-14,-263.277315146976,0.0,0.0,0.0,-2.2414701031359723,0.21151450542995442,0.02963919411938996,0.5603675257839931,-0.052878626357488606,0.0,0.5603675257839931,-0.052878626357488606,0.0,0.5603675257839931,-0.052878626357488606,-263.27731514697575,-0.012964923798547823,-0.1146273345320148,0.12840096535346232,0.25,2.0,False,False,False,applied
2026-06-06_run02_cross_pm30_on_r01,1800,1813,13,0.0,0.0,-263.27731514697575,-4.93535866382209e-14,2.15843132581029e-14,-263.277315146976,0.0,0.0,0.0,-2.2414701031359723,0.21151450542995442,0.02963919411938996,0.5603675257839931,-0.052878626357488606,0.0,0.5603675257839931,-0.052878626357488606,0.0,0.5603675257839931,-0.052878626357488606,-263.27731514697575,-0.012964923798547823,-0.1146273345320148,0.12840096535346232,0.25,2.0,False,False,False,applied
2026-06-06_run02_cross_pm30_on_r01,1900,1907,7,0.0,0.0,-263.27731514697575,-4.93535866382209e-14,2.15843132581029e-14,-263.277315146976,0.0,0.0,0.0,-2.2414701031359723,0.21151450542995442,0.02963919411938996,0.5603675257839931,-0.052878626357488606,0.0,0.5603675257839931,-0.052878626357488606,0.0,0.5603675257839931,-0.052878626357488606,-263.27731514697575,-0.012964923798547823,-0.1146273345320148,0.12840096535346232,0.25,2.0,False,False,False,applied
2026-06-06_run02_cross_pm30_on_r01,2000,2000,0,0.0,0.0,-263.27731514697575,-5.48508620693567e-14,2.08202946387154e-14,-263.277315146976,0.0,0.0,0.0,-2.241470103135972,0.21151450542995448,0.029639194119389957,0.560367525783993,-0.05287862635748862,0.0,0.560367525783993,-0.05287862635748862,0.0,0.560367525783993,-0.05287862635748862,-263.27731514697575,-0.012964923798547823,-0.1146273345320148,0.12840096535346235,0.25,2.0,False,False,True,applied
2026-06-06_run02_cross_pm30_on_r01,2100,2110,10,0.0,0.0,-263.27731514697575,-5.48508620693567e-14,2.08202946387154e-14,-263.277315146976,0.0,0.0,0.0,-2.241470103135972,0.21151450542995448,0.029639194119389957,0.560367525783993,-0.05287862635748862,0.0,0.560367525783993,-0.05287862635748862,0.0,0.560367525783993,-0.05287862635748862,-263.27731514697575,-0.012964923798547823,-0.1146273345320148,0.12840096535346235,0.25,2.0,False,False,False,applied
2026-06-06_run02_cross_pm30_on_r01,2200,2203,3,0.0,0.0,-263.27731514697575,-5.48508620693567e-14,2.08202946387154e-14,-263.277315146976,0.0,0.0,0.0,-2.241470103135972,0.21151450542995448,0.029639194119389957,0.560367525783993,-0.05287862635748862,0.0,0.560367525783993,-0.05287862635748862,0.0,0.560367525783993,-0.05287862635748862,-263.27731514697575,-0.012964923798547823,-0.1146273345320148,0.12840096535346235,0.25,2.0,False,False,False,applied
2026-06-06_run02_cross_pm30_on_r01,2300,2313,13,0.0,0.0,-263.27731514697575,-5.48508620693567e-14,2.08202946387154e-14,-263.277315146976,0.0,0.0,0.0,-2.241470103135972,0.21151450542995448,0.029639194119389957,0.560367525783993,-0.05287862635748862,0.0,0.560367525783993,-0.05287862635748862,0.0,0.560367525783993,-0.05287862635748862,-263.27731514697575,-0.012964923798547823,-0.1146273345320148,0.12840096535346235,0.25,2.0,False,False,False,applied
2026-06-06_run02_cross_pm30_on_r01,2400,2407,7,0.0,0.0,-263.27731514697575,-5.48508620693567e-14,2.08202946387154e-14,-263.277315146976,0.0,0.0,0.0,-2.241470103135972,0.21151450542995448,0.029639194119389957,0.560367525783993,-0.05287862635748862,0.0,0.560367525783993,-0.05287862635748862,0.0,0.560367525783993,-0.05287862635748862,-263.27731514697575,-0.012964923798547823,-0.1146273345320148,0.12840096535346235,0.25,2.0,False,False,False,applied
2026-06-06_run02_cross_pm30_on_r01,2500,2500,0,0.0,0.0,-263.27731514697575,-2.19145984886233e-14,6.18954981466278e-15,-263.277315146976,0.0,0.0,0.0,-2.241470103135976,0.21151450542995343,0.02963919411938997,0.560367525783994,-0.052878626357488356,0.0,0.560367525783994,-0.052878626357488356,0.0,0.560367525783994,-0.052878626357488356,-263.27731514697575,-0.012964923798547823,-0.1146273345320148,0.12840096535346232,0.25,2.0,False,False,True,applied
2026-06-06_run02_cross_pm30_on_r01,2600,2610,10,0.0,0.0,-263.27731514697575,-2.19145984886233e-14,6.18954981466278e-15,-263.277315146976,0.0,0.0,0.0,-2.241470103135976,0.21151450542995343,0.02963919411938997,0.560367525783994,-0.052878626357488356,0.0,0.560367525783994,-0.052878626357488356,0.0,0.560367525783994,-0.052878626357488356,-263.27731514697575,-0.012964923798547823,-0.1146273345320148,0.12840096535346232,0.25,2.0,False,False,False,applied
2026-06-06_run02_cross_pm30_on_r01,2700,2719,19,0.0,0.0,-263.27731514697575,-2.19145984886233e-14,6.18954981466278e-15,-263.277315146976,0.0,0.0,0.0,-2.241470103135976,0.21151450542995343,0.02963919411938997,0.560367525783994,-0.052878626357488356,0.0,0.560367525783994,-0.052878626357488356,0.0,0.560367525783994,-0.052878626357488356,-263.27731514697575,-0.012964923798547823,-0.1146273345320148,0.12840096535346232,0.25,2.0,False,False,False,applied
2026-06-06_run02_cross_pm30_on_r01,2800,2813,13,0.0,0.0,-263.27731514697575,-2.19145984886233e-14,6.18954981466278e-15,-263.277315146976,0.0,0.0,0.0,-2.241470103135976,0.21151450542995343,0.02963919411938997,0.560367525783994,-0.052878626357488356,0.0,0.560367525783994,-0.052878626357488356,0.0,0.560367525783994,-0.052878626357488356,-263.27731514697575,-0.012964923798547823,-0.1146273345320148,0.12840096535346232,0.25,2.0,False,False,False,applied
2026-06-06_run02_cross_pm30_on_r01,2900,2907,7,0.0,0.0,-263.27731514697575,-2.19145984886233e-14,6.18954981466278e-15,-263.277315146976,0.0,0.0,0.0,-2.241470103135976,0.21151450542995343,0.02963919411938997,0.560367525783994,-0.052878626357488356,0.0,0.560367525783994,-0.052878626357488356,0.0,0.560367525783994,-0.052878626357488356,-263.27731514697575,-0.012964923798547823,-0.1146273345320148,0.12840096535346232,0.25,2.0,False,False,False,applied
2026-06-06_run02_cross_pm30_on_r01,3000,3000,0,0.0,0.0,-263.27731514697575,2.3084860899432e-15,2.11946830320967e-14,-263.277315146976,0.0,0.0,0.0,-2.2414701031359785,0.21151450542995365,0.02963919411938997,0.5603675257839946,-0.05287862635748841,0.0,0.5603675257839946,-0.05287862635748841,0.0,0.5603675257839946,-0.05287862635748841,-263.27731514697575,-0.012964923798547823,-0.1146273345320148,0.12840096535346232,0.25,2.0,False,False,True,applied
2026-06-06_run02_cross_pm30_on_r01,3100,3125,25,0.0,0.0,-263.27731514697575,2.3084860899432e-15,2.11946830320967e-14,-263.277315146976,0.0,0.0,0.0,-2.2414701031359785,0.21151450542995365,0.02963919411938997,0.5603675257839946,-0.05287862635748841,0.0,0.5603675257839946,-0.05287862635748841,0.0,0.5603675257839946,-0.05287862635748841,-263.27731514697575,-0.012964923798547823,-0.1146273345320148,0.12840096535346232,0.25,2.0,False,False,False,applied
2026-06-06_run02_cross_pm30_on_r01,3200,3203,3,0.0,0.0,-263.27731514697575,2.3084860899432e-15,2.11946830320967e-14,-263.277315146976,0.0,0.0,0.0,-2.2414701031359785,0.21151450542995365,0.02963919411938997,0.5603675257839946,-0.05287862635748841,0.0,0.5603675257839946,-0.05287862635748841,0.0,0.5603675257839946,-0.05287862635748841,-263.27731514697575,-0.012964923798547823,-0.1146273345320148,0.12840096535346232,0.25,2.0,False,False,False,applied
2026-06-06_run02_cross_pm30_on_r01,3300,3313,13,0.0,0.0,-263.27731514697575,2.3084860899432e-15,2.11946830320967e-14,-263.277315146976,0.0,0.0,0.0,-2.2414701031359785,0.21151450542995365,0.02963919411938997,0.5603675257839946,-0.05287862635748841,0.0,0.5603675257839946,-0.05287862635748841,0.0,0.5603675257839946,-0.05287862635748841,-263.27731514697575,-0.012964923798547823,-0.1146273345320148,0.12840096535346232,0.25,2.0,False,False,False,applied
2026-06-06_run02_cross_pm30_on_r01,3400,3407,7,0.0,0.0,-263.27731514697575,2.3084860899432e-15,2.11946830320967e-14,-263.277315146976,0.0,0.0,0.0,-2.2414701031359785,0.21151450542995365,0.02963919411938997,0.5603675257839946,-0.05287862635748841,0.0,0.5603675257839946,-0.05287862635748841,0.0,0.5603675257839946,-0.05287862635748841,-263.27731514697575,-0.012964923798547823,-0.1146273345320148,0.12840096535346232,0.25,2.0,False,False,False,applied
2026-06-06_run02_cross_pm30_on_r01,3500,3500,0,0.0,0.0,-263.27731514697575,2.10075290789007e-14,5.49885755307345e-14,-263.277315146976,0.0,0.0,0.0,-2.24147010313598,0.2115145054299547,0.029639194119389957,0.560367525783995,-0.052878626357488676,0.0,0.560367525783995,-0.052878626357488676,0.0,0.560367525783995,-0.052878626357488676,-263.27731514697575,-0.012964923798547823,-0.1146273345320148,0.12840096535346232,0.25,2.0,False,False,True,applied
2026-06-06_run02_cross_pm30_on_r01,3600,3610,10,0.0,0.0,-263.27731514697575,2.10075290789007e-14,5.49885755307345e-14,-263.277315146976,0.0,0.0,0.0,-2.24147010313598,0.2115145054299547,0.029639194119389957,0.560367525783995,-0.052878626357488676,0.0,0.560367525783995,-0.052878626357488676,0.0,0.560367525783995,-0.052878626357488676,-263.27731514697575,-0.012964923798547823,-0.1146273345320148,0.12840096535346232,0.25,2.0,False,False,False,applied
2026-06-06_run02_cross_pm30_on_r01,3700,3703,3,0.0,0.0,-263.27731514697575,2.10075290789007e-14,5.49885755307345e-14,-263.277315146976,0.0,0.0,0.0,-2.24147010313598,0.2115145054299547,0.029639194119389957,0.560367525783995,-0.052878626357488676,0.0,0.560367525783995,-0.052878626357488676,0.0,0.560367525783995,-0.052878626357488676,-263.27731514697575,-0.012964923798547823,-0.1146273345320148,0.12840096535346232,0.25,2.0,False,False,False,applied
2026-06-06_run02_cross_pm30_on_r01,3800,3813,13,0.0,0.0,-263.27731514697575,2.10075290789007e-14,5.49885755307345e-14,-263.277315146976,0.0,0.0,0.0,-2.24147010313598,0.2115145054299547,0.029639194119389957,0.560367525783995,-0.052878626357488676,0.0,0.560367525783995,-0.052878626357488676,0.0,0.560367525783995,-0.052878626357488676,-263.27731514697575,-0.012964923798547823,-0.1146273345320148,0.12840096535346232,0.25,2.0,False,False,False,applied
2026-06-06_run02_cross_pm30_on_r01,3900,3907,7,0.0,0.0,-263.27731514697575,2.10075290789007e-14,5.49885755307345e-14,-263.277315146976,0.0,0.0,0.0,-2.24147010313598,0.2115145054299547,0.029639194119389957,0.560367525783995,-0.052878626357488676,0.0,0.560367525783995,-0.052878626357488676,0.0,0.560367525783995,-0.052878626357488676,-263.27731514697575,-0.012964923798547823,-0.1146273345320148,0.12840096535346232,0.25,2.0,False,False,False,applied
2026-06-06_run02_cross_pm30_on_r01,4000,4000,0,0.0,0.0,-263.27731514697575,-4.21444974810227e-15,7.50743260741774e-14,-263.277315146976,0.0,0.0,0.0,-2.2414701031359767,0.21151450542995587,0.029639194119389943,0.5603675257839942,-0.05287862635748897,0.0,0.5603675257839942,-0.05287862635748897,0.0,0.5603675257839942,-0.05287862635748897,-263.27731514697575,-0.012964923798547823,-0.1146273345320148,0.12840096535346232,0.25,2.0,False,False,True,applied
2026-06-06_run02_cross_pm30_on_r01,4100,4110,10,0.0,0.0,-263.27731514697575,-4.21444974810227e-15,7.50743260741774e-14,-263.277315146976,0.0,0.0,0.0,-2.2414701031359767,0.21151450542995587,0.029639194119389943,0.5603675257839942,-0.05287862635748897,0.0,0.5603675257839942,-0.05287862635748897,0.0,0.5603675257839942,-0.05287862635748897,-263.27731514697575,-0.012964923798547823,-0.1146273345320148,0.12840096535346232,0.25,2.0,False,False,False,applied
2026-06-06_run02_cross_pm30_on_r01,4200,4203,3,0.0,0.0,-263.27731514697575,-4.21444974810227e-15,7.50743260741774e-14,-263.277315146976,0.0,0.0,0.0,-2.2414701031359767,0.21151450542995587,0.029639194119389943,0.5603675257839942,-0.05287862635748897,0.0,0.5603675257839942,-0.05287862635748897,0.0,0.5603675257839942,-0.05287862635748897,-263.27731514697575,-0.012964923798547823,-0.1146273345320148,0.12840096535346232,0.25,2.0,False,False,False,applied
2026-06-06_run02_cross_pm30_on_r01,4300,4313,13,0.0,0.0,-263.27731514697575,-4.21444974810227e-15,7.50743260741774e-14,-263.277315146976,0.0,0.0,0.0,-2.2414701031359767,0.21151450542995587,0.029639194119389943,0.5603675257839942,-0.05287862635748897,0.0,0.5603675257839942,-0.05287862635748897,0.0,0.5603675257839942,-0.05287862635748897,-263.27731514697575,-0.012964923798547823,-0.1146273345320148,0.12840096535346232,0.25,2.0,False,False,False,applied
2026-06-06_run02_cross_pm30_on_r01,4400,4407,7,0.0,0.0,-263.27731514697575,-4.21444974810227e-15,7.50743260741774e-14,-263.277315146976,0.0,0.0,0.0,-2.2414701031359767,0.21151450542995587,0.029639194119389943,0.5603675257839942,-0.05287862635748897,0.0,0.5603675257839942,-0.05287862635748897,0.0,0.5603675257839942,-0.05287862635748897,-263.27731514697575,-0.012964923798547823,-0.1146273345320148,0.12840096535346232,0.25,2.0,False,False,False,applied
2026-06-06_run02_cross_pm30_on_r01,4500,4500,0,0.0,0.0,-263.27731514697575,-3.69638302361966e-14,8.30930067607036e-14,-263.277315146976,0.0,0.0,0.0,-2.241470103135973,0.21151450542995665,0.02963919411938993,0.5603675257839933,-0.05287862635748916,0.0,0.5603675257839933,-0.05287862635748916,0.0,0.5603675257839933,-0.05287862635748916,-263.27731514697575,-0.012964923798547823,-0.1146273345320148,0.12840096535346232,0.25,2.0,False,False,True,applied
2026-06-06_run02_cross_pm30_on_r01,4600,4610,10,0.0,0.0,-263.27731514697575,-3.69638302361966e-14,8.30930067607036e-14,-263.277315146976,0.0,0.0,0.0,-2.241470103135973,0.21151450542995665,0.02963919411938993,0.5603675257839933,-0.05287862635748916,0.0,0.5603675257839933,-0.05287862635748916,0.0,0.5603675257839933,-0.05287862635748916,-263.27731514697575,-0.012964923798547823,-0.1146273345320148,0.12840096535346232,0.25,2.0,False,False,False,applied
2026-06-06_run02_cross_pm30_on_r01,4700,4703,3,0.0,0.0,-263.27731514697575,-3.69638302361966e-14,8.30930067607036e-14,-263.277315146976,0.0,0.0,0.0,-2.241470103135973,0.21151450542995665,0.02963919411938993,0.5603675257839933,-0.05287862635748916,0.0,0.5603675257839933,-0.05287862635748916,0.0,0.5603675257839933,-0.05287862635748916,-263.27731514697575,-0.012964923798547823,-0.1146273345320148,0.12840096535346232,0.25,2.0,False,False,False,applied
2026-06-06_run02_cross_pm30_on_r01,4800,4813,13,0.0,0.0,-263.27731514697575,-3.69638302361966e-14,8.30930067607036e-14,-263.277315146976,0.0,0.0,0.0,-2.241470103135973,0.21151450542995665,0.02963919411938993,0.5603675257839933,-0.05287862635748916,0.0,0.5603675257839933,-0.05287862635748916,0.0,0.5603675257839933,-0.05287862635748916,-263.27731514697575,-0.012964923798547823,-0.1146273345320148,0.12840096535346232,0.25,2.0,False,False,False,applied
2026-06-06_run02_cross_pm30_on_r01,4900,4907,7,0.0,0.0,-263.27731514697575,-3.69638302361966e-14,8.30930067607036e-14,-263.277315146976,0.0,0.0,0.0,-2.241470103135973,0.21151450542995665,0.02963919411938993,0.5603675257839933,-0.05287862635748916,0.0,0.5603675257839933,-0.05287862635748916,0.0,0.5603675257839933,-0.05287862635748916,-263.27731514697575,-0.012964923798547823,-0.1146273345320148,0.12840096535346232,0.25,2.0,False,False,False,applied
2026-06-06_run02_cross_pm30_on_r01,5000,5000,0,30.0,0.0,-263.27731514697575,24.0492994210031,1.01904272032071,-263.365913416825,1.0,-6.0,7.0,-2.6063666609323386,-1.7409832053756205,0.04684315525875064,0.6515916652330846,0.4352458013439051,0.0,0.6515916652330846,0.4352458013439051,0.0,30.651591665233084,0.4352458013439051,-263.27731514697575,0.9264941830975029,-5.884486878570875,7.3497129282811535,0.25,2.0,False,False,True,applied
2026-06-06_run02_cross_pm30_on_r01,5100,5110,10,30.0,0.0,-263.27731514697575,24.0492994210031,1.01904272032071,-263.365913416825,1.0,-6.0,7.0,-2.6063666609323386,-1.7409832053756205,0.04684315525875064,0.6515916652330846,0.4352458013439051,0.0,0.6515916652330846,0.4352458013439051,0.0,30.651591665233084,0.4352458013439051,-263.27731514697575,0.9264941830975029,-5.884486878570875,7.3497129282811535,0.25,2.0,False,False,False,applied
2026-06-06_run02_cross_pm30_on_r01,5200,5203,3,30.0,0.0,-263.27731514697575,24.0492994210031,1.01904272032071,-263.365913416825,1.0,-6.0,7.0,-2.6063666609323386,-1.7409832053756205,0.04684315525875064,0.6515916652330846,0.4352458013439051,0.0,0.6515916652330846,0.4352458013439051,0.0,30.651591665233084,0.4352458013439051,-263.27731514697575,0.9264941830975029,-5.884486878570875,7.3497129282811535,0.25,2.0,False,False,False,applied
2026-06-06_run02_cross_pm30_on_r01,5300,5313,13,30.0,0.0,-263.27731514697575,24.0492994210031,1.01904272032071,-263.365913416825,1.0,-6.0,7.0,-2.6063666609323386,-1.7409832053756205,0.04684315525875064,0.6515916652330846,0.4352458013439051,0.0,0.6515916652330846,0.4352458013439051,0.0,30.651591665233084,0.4352458013439051,-263.27731514697575,0.9264941830975029,-5.884486878570875,7.3497129282811535,0.25,2.0,False,False,False,applied
2026-06-06_run02_cross_pm30_on_r01,5400,5407,7,30.0,0.0,-263.27731514697575,24.0492994210031,1.01904272032071,-263.365913416825,1.0,-6.0,7.0,-2.6063666609323386,-1.7409832053756205,0.04684315525875064,0.6515916652330846,0.4352458013439051,0.0,0.6515916652330846,0.4352458013439051,0.0,30.651591665233084,0.4352458013439051,-263.27731514697575,0.9264941830975029,-5.884486878570875,7.3497129282811535,0.25,2.0,False,False,False,applied
2026-06-06_run02_cross_pm30_on_r01,5500,5500,0,30.0,0.0,-263.27731514697575,30.072200989357,1.25727302057524,-263.051171543118,1.0,-6.0,7.0,-3.4645751940171343,-1.2212327859619134,-0.009884291089859222,0.8661437985042836,0.30530819649047836,0.0,0.8661437985042836,0.30530819649047836,0.0,30.866143798504282,0.30530819649047836,-263.27731514697575,0.9053895958518234,-5.903240275206187,7.422454711641771,0.25,2.0,False,False,True,applied
2026-06-06_run02_cross_pm30_on_r01,5600,5610,10,30.0,0.0,-263.27731514697575,30.072200989357,1.25727302057524,-263.051171543118,1.0,-6.0,7.0,-3.4645751940171343,-1.2212327859619134,-0.009884291089859222,0.8661437985042836,0.30530819649047836,0.0,0.8661437985042836,0.30530819649047836,0.0,30.866143798504282,0.30530819649047836,-263.27731514697575,0.9053895958518234,-5.903240275206187,7.422454711641771,0.25,2.0,False,False,False,applied
2026-06-06_run02_cross_pm30_on_r01,5700,5703,3,30.0,0.0,-263.27731514697575,30.072200989357,1.25727302057524,-263.051171543118,1.0,-6.0,7.0,-3.4645751940171343,-1.2212327859619134,-0.009884291089859222,0.8661437985042836,0.30530819649047836,0.0,0.8661437985042836,0.30530819649047836,0.0,30.866143798504282,0.30530819649047836,-263.27731514697575,0.9053895958518234,-5.903240275206187,7.422454711641771,0.25,2.0,False,False,False,applied
2026-06-06_run02_cross_pm30_on_r01,5800,5813,13,30.0,0.0,-263.27731514697575,30.072200989357,1.25727302057524,-263.051171543118,1.0,-6.0,7.0,-3.4645751940171343,-1.2212327859619134,-0.009884291089859222,0.8661437985042836,0.30530819649047836,0.0,0.8661437985042836,0.30530819649047836,0.0,30.866143798504282,0.30530819649047836,-263.27731514697575,0.9053895958518234,-5.903240275206187,7.422454711641771,0.25,2.0,False,False,False,applied
2026-06-06_run02_cross_pm30_on_r01,5900,5907,7,30.0,0.0,-263.27731514697575,30.072200989357,1.25727302057524,-263.051171543118,1.0,-6.0,7.0,-3.4645751940171343,-1.2212327859619134,-0.009884291089859222,0.8661437985042836,0.30530819649047836,0.0,0.8661437985042836,0.30530819649047836,0.0,30.866143798504282,0.30530819649047836,-263.27731514697575,0.9053895958518234,-5.903240275206187,7.422454711641771,0.25,2.0,False,False,False,applied
2026-06-06_run02_cross_pm30_on_r01,6000,6000,0,30.0,0.0,-263.27731514697575,30.071576243388,1.25724870567966,-263.051211333248,1.0,-6.0,7.0,-3.464481813159986,-1.2213002303303644,-0.009877097527736996,0.8661204532899965,0.3053250575825911,0.0,0.8661204532899965,0.3053250575825911,0.0,30.866120453289998,0.3053250575825911,-263.27731514697575,0.905392568741137,-5.903238579298701,7.422446459636725,0.25,2.0,False,False,True,applied
2026-06-06_run02_cross_pm30_on_r01,6100,6110,10,30.0,0.0,-263.27731514697575,30.071576243388,1.25724870567966,-263.051211333248,1.0,-6.0,7.0,-3.464481813159986,-1.2213002303303644,-0.009877097527736996,0.8661204532899965,0.3053250575825911,0.0,0.8661204532899965,0.3053250575825911,0.0,30.866120453289998,0.3053250575825911,-263.27731514697575,0.905392568741137,-5.903238579298701,7.422446459636725,0.25,2.0,False,False,False,applied
2026-06-06_run02_cross_pm30_on_r01,6200,6203,3,30.0,0.0,-263.27731514697575,30.071576243388,1.25724870567966,-263.051211333248,1.0,-6.0,7.0,-3.464481813159986,-1.2213002303303644,-0.009877097527736996,0.8661204532899965,0.3053250575825911,0.0,0.8661204532899965,0.3053250575825911,0.0,30.866120453289998,0.3053250575825911,-263.27731514697575,0.905392568741137,-5.903238579298701,7.422446459636725,0.25,2.0,False,False,False,applied
2026-06-06_run02_cross_pm30_on_r01,6300,6313,13,30.0,0.0,-263.27731514697575,30.071576243388,1.25724870567966,-263.051211333248,1.0,-6.0,7.0,-3.464481813159986,-1.2213002303303644,-0.009877097527736996,0.8661204532899965,0.3053250575825911,0.0,0.8661204532899965,0.3053250575825911,0.0,30.866120453289998,0.3053250575825911,-263.27731514697575,0.905392568741137,-5.903238579298701,7.422446459636725,0.25,2.0,False,False,False,applied
2026-06-06_run02_cross_pm30_on_r01,6400,6407,7,30.0,0.0,-263.27731514697575,30.071576243388,1.25724870567966,-263.051211333248,1.0,-6.0,7.0,-3.464481813159986,-1.2213002303303644,-0.009877097527736996,0.8661204532899965,0.3053250575825911,0.0,0.8661204532899965,0.3053250575825911,0.0,30.866120453289998,0.3053250575825911,-263.27731514697575,0.905392568741137,-5.903238579298701,7.422446459636725,0.25,2.0,False,False,False,applied
2026-06-06_run02_cross_pm30_on_r01,6500,6500,0,30.0,0.0,-263.27731514697575,30.0710639435964,1.25722876708575,-263.051243960529,1.0,-6.0,7.0,-3.4644052403435683,-1.2213555334245574,-0.009871198922769305,0.8661013100858921,0.30533888335613935,0.0,0.8661013100858921,0.30533888335613935,0.0,30.86610131008589,0.30533888335613935,-263.27731514697575,0.905395006423681,-5.903237188592476,7.422439692998614,0.25,2.0,False,False,True,applied
2026-06-06_run02_cross_pm30_on_r01,6600,6610,10,30.0,0.0,-263.27731514697575,30.0710639435964,1.25722876708575,-263.051243960529,1.0,-6.0,7.0,-3.4644052403435683,-1.2213555334245574,-0.009871198922769305,0.8661013100858921,0.30533888335613935,0.0,0.8661013100858921,0.30533888335613935,0.0,30.86610131008589,0.30533888335613935,-263.27731514697575,0.905395006423681,-5.903237188592476,7.422439692998614,0.25,2.0,False,False,False,applied
2026-06-06_run02_cross_pm30_on_r01,6700,6703,3,30.0,0.0,-263.27731514697575,30.0710639435964,1.25722876708575,-263.051243960529,1.0,-6.0,7.0,-3.4644052403435683,-1.2213555334245574,-0.009871198922769305,0.8661013100858921,0.30533888335613935,0.0,0.8661013100858921,0.30533888335613935,0.0,30.86610131008589,0.30533888335613935,-263.27731514697575,0.905395006423681,-5.903237188592476,7.422439692998614,0.25,2.0,False,False,False,applied
2026-06-06_run02_cross_pm30_on_r01,6800,6813,13,30.0,0.0,-263.27731514697575,30.0710639435964,1.25722876708575,-263.051243960529,1.0,-6.0,7.0,-3.4644052403435683,-1.2213555334245574,-0.009871198922769305,0.8661013100858921,0.30533888335613935,0.0,0.8661013100858921,0.30533888335613935,0.0,30.86610131008589,0.30533888335613935,-263.27731514697575,0.905395006423681,-5.903237188592476,7.422439692998614,0.25,2.0,False,False,False,applied
2026-06-06_run02_cross_pm30_on_r01,6900,6907,7,30.0,0.0,-263.27731514697575,30.0710639435964,1.25722876708575,-263.051243960529,1.0,-6.0,7.0,-3.4644052403435683,-1.2213555334245574,-0.009871198922769305,0.8661013100858921,0.30533888335613935,0.0,0.8661013100858921,0.30533888335613935,0.0,30.86610131008589,0.30533888335613935,-263.27731514697575,0.905395006423681,-5.903237188592476,7.422439692998614,0.25,2.0,False,False,False,applied
2026-06-06_run02_cross_pm30_on_r01,7000,7000,0,30.0,0.0,-263.27731514697575,30.0715358931553,1.25724713525438,-263.051213903001,1.0,-6.0,7.0,-3.464475782101642,-1.2213045860366845,-0.009876632948653914,0.8661189455254105,0.3053261465091711,0.0,0.8661189455254105,0.3053261465091711,0.0,30.86611894552541,0.3053261465091711,-263.27731514697575,0.9053927607325949,-5.903238469760768,7.422445926683062,0.25,2.0,False,False,True,applied
2026-06-06_run02_cross_pm30_on_r01,7100,7110,10,30.0,0.0,-263.27731514697575,30.0715358931553,1.25724713525438,-263.051213903001,1.0,-6.0,7.0,-3.464475782101642,-1.2213045860366845,-0.009876632948653914,0.8661189455254105,0.3053261465091711,0.0,0.8661189455254105,0.3053261465091711,0.0,30.86611894552541,0.3053261465091711,-263.27731514697575,0.9053927607325949,-5.903238469760768,7.422445926683062,0.25,2.0,False,False,False,applied
2026-06-06_run02_cross_pm30_on_r01,7200,7203,3,30.0,0.0,-263.27731514697575,30.0715358931553,1.25724713525438,-263.051213903001,1.0,-6.0,7.0,-3.464475782101642,-1.2213045860366845,-0.009876632948653914,0.8661189455254105,0.3053261465091711,0.0,0.8661189455254105,0.3053261465091711,0.0,30.86611894552541,0.3053261465091711,-263.27731514697575,0.9053927607325949,-5.903238469760768,7.422445926683062,0.25,2.0,False,False,False,applied
2026-06-06_run02_cross_pm30_on_r01,7300,7313,13,30.0,0.0,-263.27731514697575,30.0715358931553,1.25724713525438,-263.051213903001,1.0,-6.0,7.0,-3.464475782101642,-1.2213045860366845,-0.009876632948653914,0.8661189455254105,0.3053261465091711,0.0,0.8661189455254105,0.3053261465091711,0.0,30.86611894552541,0.3053261465091711,-263.27731514697575,0.9053927607325949,-5.903238469760768,7.422445926683062,0.25,2.0,False,False,False,applied
2026-06-06_run02_cross_pm30_on_r01,7400,7407,7,30.0,0.0,-263.27731514697575,30.0715358931553,1.25724713525438,-263.051213903001,1.0,-6.0,7.0,-3.464475782101642,-1.2213045860366845,-0.009876632948653914,0.8661189455254105,0.3053261465091711,0.0,0.8661189455254105,0.3053261465091711,0.0,30.86611894552541,0.3053261465091711,-263.27731514697575,0.9053927607325949,-5.903238469760768,7.422445926683062,0.25,2.0,False,False,False,applied
2026-06-06_run02_cross_pm30_on_r01,7500,7516,16,30.0,0.0,-263.27731514697575,30.0712878845544,1.25723748282662,-263.051229698323,1.0,-6.0,7.0,-3.464438712450834,-1.221331359072802,-0.009873777351215087,0.8661096781127084,0.3053328397682005,0.0,0.8661096781127084,0.3053328397682005,0.0,30.866109678112707,0.3053328397682005,-263.27731514697575,0.905393940855212,-5.903237796514905,7.422442650878978,0.25,2.0,False,False,True,applied
2026-06-06_run02_cross_pm30_on_r01,7600,7610,10,30.0,0.0,-263.27731514697575,30.0712878845544,1.25723748282662,-263.051229698323,1.0,-6.0,7.0,-3.464438712450834,-1.221331359072802,-0.009873777351215087,0.8661096781127084,0.3053328397682005,0.0,0.8661096781127084,0.3053328397682005,0.0,30.866109678112707,0.3053328397682005,-263.27731514697575,0.905393940855212,-5.903237796514905,7.422442650878978,0.25,2.0,False,False,False,applied
2026-06-06_run02_cross_pm30_on_r01,7700,7703,3,30.0,0.0,-263.27731514697575,30.0712878845544,1.25723748282662,-263.051229698323,1.0,-6.0,7.0,-3.464438712450834,-1.221331359072802,-0.009873777351215087,0.8661096781127084,0.3053328397682005,0.0,0.8661096781127084,0.3053328397682005,0.0,30.866109678112707,0.3053328397682005,-263.27731514697575,0.905393940855212,-5.903237796514905,7.422442650878978,0.25,2.0,False,False,False,applied
2026-06-06_run02_cross_pm30_on_r01,7800,7813,13,30.0,0.0,-263.27731514697575,30.0712878845544,1.25723748282662,-263.051229698323,1.0,-6.0,7.0,-3.464438712450834,-1.221331359072802,-0.009873777351215087,0.8661096781127084,0.3053328397682005,0.0,0.8661096781127084,0.3053328397682005,0.0,30.866109678112707,0.3053328397682005,-263.27731514697575,0.905393940855212,-5.903237796514905,7.422442650878978,0.25,2.0,False,False,False,applied
2026-06-06_run02_cross_pm30_on_r01,7900,7907,7,30.0,0.0,-263.27731514697575,30.0712878845544,1.25723748282662,-263.051229698323,1.0,-6.0,7.0,-3.464438712450834,-1.221331359072802,-0.009873777351215087,0.8661096781127084,0.3053328397682005,0.0,0.8661096781127084,0.3053328397682005,0.0,30.866109678112707,0.3053328397682005,-263.27731514697575,0.905393940855212,-5.903237796514905,7.422442650878978,0.25,2.0,False,False,False,applied
2026-06-06_run02_cross_pm30_on_r01,8000,8000,0,30.0,0.0,-263.27731514697575,30.072339833008,1.25727842430006,-263.05116269965,1.0,-6.0,7.0,-3.46459594730163,-1.2212177961612254,-0.00988588988049994,0.8661489868254075,0.30530444904030635,0.0,0.8661489868254075,0.30530444904030635,0.0,30.866148986825408,0.30530444904030635,-263.27731514697575,0.905388935100993,-5.903240652087771,7.422456545618406,0.25,2.0,False,False,True,applied
2026-06-06_run02_cross_pm30_on_r01,8100,8110,10,30.0,0.0,-263.27731514697575,30.072339833008,1.25727842430006,-263.05116269965,1.0,-6.0,7.0,-3.46459594730163,-1.2212177961612254,-0.00988588988049994,0.8661489868254075,0.30530444904030635,0.0,0.8661489868254075,0.30530444904030635,0.0,30.866148986825408,0.30530444904030635,-263.27731514697575,0.905388935100993,-5.903240652087771,7.422456545618406,0.25,2.0,False,False,False,applied
2026-06-06_run02_cross_pm30_on_r01,8200,8203,3,30.0,0.0,-263.27731514697575,30.072339833008,1.25727842430006,-263.05116269965,1.0,-6.0,7.0,-3.46459594730163,-1.2212177961612254,-0.00988588988049994,0.8661489868254075,0.30530444904030635,0.0,0.8661489868254075,0.30530444904030635,0.0,30.866148986825408,0.30530444904030635,-263.27731514697575,0.905388935100993,-5.903240652087771,7.422456545618406,0.25,2.0,False,False,False,applied
2026-06-06_run02_cross_pm30_on_r01,8300,8313,13,30.0,0.0,-263.27731514697575,30.072339833008,1.25727842430006,-263.05116269965,1.0,-6.0,7.0,-3.46459594730163,-1.2212177961612254,-0.00988588988049994,0.8661489868254075,0.30530444904030635,0.0,0.8661489868254075,0.30530444904030635,0.0,30.866148986825408,0.30530444904030635,-263.27731514697575,0.905388935100993,-5.903240652087771,7.422456545618406,0.25,2.0,False,False,False,applied
2026-06-06_run02_cross_pm30_on_r01,8400,8407,7,30.0,0.0,-263.27731514697575,30.072339833008,1.25727842430006,-263.05116269965,1.0,-6.0,7.0,-3.46459594730163,-1.2212177961612254,-0.00988588988049994,0.8661489868254075,0.30530444904030635,0.0,0.8661489868254075,0.30530444904030635,0.0,30.866148986825408,0.30530444904030635,-263.27731514697575,0.905388935100993,-5.903240652087771,7.422456545618406,0.25,2.0,False,False,False,applied
2026-06-06_run02_cross_pm30_on_r01,8500,8500,0,30.0,0.0,-263.27731514697575,30.0723624591545,1.25727930487891,-263.051161258165,1.0,-6.0,7.0,-3.464599329493109,-1.2212153527560923,-0.009886150484181804,0.8661498323732773,0.30530383818902307,0.0,0.8661498323732773,0.30530383818902307,0.0,30.866149832373278,0.30530383818902307,-263.27731514697575,0.9053888273864551,-5.903240713493008,7.422456844519325,0.25,2.0,False,False,True,applied
2026-06-06_run02_cross_pm30_on_r01,8600,8610,10,30.0,0.0,-263.27731514697575,30.0723624591545,1.25727930487891,-263.051161258165,1.0,-6.0,7.0,-3.464599329493109,-1.2212153527560923,-0.009886150484181804,0.8661498323732773,0.30530383818902307,0.0,0.8661498323732773,0.30530383818902307,0.0,30.866149832373278,0.30530383818902307,-263.27731514697575,0.9053888273864551,-5.903240713493008,7.422456844519325,0.25,2.0,False,False,False,applied
2026-06-06_run02_cross_pm30_on_r01,8700,8703,3,30.0,0.0,-263.27731514697575,30.0723624591545,1.25727930487891,-263.051161258165,1.0,-6.0,7.0,-3.464599329493109,-1.2212153527560923,-0.009886150484181804,0.8661498323732773,0.30530383818902307,0.0,0.8661498323732773,0.30530383818902307,0.0,30.866149832373278,0.30530383818902307,-263.27731514697575,0.9053888273864551,-5.903240713493008,7.422456844519325,0.25,2.0,False,False,False,applied
2026-06-06_run02_cross_pm30_on_r01,8800,8813,13,30.0,0.0,-263.27731514697575,30.0723624591545,1.25727930487891,-263.051161258165,1.0,-6.0,7.0,-3.464599329493109,-1.2212153527560923,-0.009886150484181804,0.8661498323732773,0.30530383818902307,0.0,0.8661498323732773,0.30530383818902307,0.0,30.866149832373278,0.30530383818902307,-263.27731514697575,0.9053888273864551,-5.903240713493008,7.422456844519325,0.25,2.0,False,False,False,applied
2026-06-06_run02_cross_pm30_on_r01,8900,8907,7,30.0,0.0,-263.27731514697575,30.0723624591545,1.25727930487891,-263.051161258165,1.0,-6.0,7.0,-3.464599329493109,-1.2212153527560923,-0.009886150484181804,0.8661498323732773,0.30530383818902307,0.0,0.8661498323732773,0.30530383818902307,0.0,30.866149832373278,0.30530383818902307,-263.27731514697575,0.9053888273864551,-5.903240713493008,7.422456844519325,0.25,2.0,False,False,False,applied
2026-06-06_run02_cross_pm30_on_r01,9000,9000,0,30.0,0.0,-263.27731514697575,30.0712144900435,1.25723462632782,-263.051234372632,1.0,-6.0,7.0,-3.46442774228288,-1.2213392819992221,-0.0098729322946039,0.86610693557072,0.30533482049980554,0.0,0.86610693557072,0.30533482049980554,0.0,30.86610693557072,0.30533482049980554,-263.27731514697575,0.9053942900858026,-5.90323759727417,7.4224416814613,0.25,2.0,False,False,True,applied
2026-06-06_run02_cross_pm30_on_r01,9100,9110,10,30.0,0.0,-263.27731514697575,30.0712144900435,1.25723462632782,-263.051234372632,1.0,-6.0,7.0,-3.46442774228288,-1.2213392819992221,-0.0098729322946039,0.86610693557072,0.30533482049980554,0.0,0.86610693557072,0.30533482049980554,0.0,30.86610693557072,0.30533482049980554,-263.27731514697575,0.9053942900858026,-5.90323759727417,7.4224416814613,0.25,2.0,False,False,False,applied
2026-06-06_run02_cross_pm30_on_r01,9200,9203,3,30.0,0.0,-263.27731514697575,30.0712144900435,1.25723462632782,-263.051234372632,1.0,-6.0,7.0,-3.46442774228288,-1.2213392819992221,-0.0098729322946039,0.86610693557072,0.30533482049980554,0.0,0.86610693557072,0.30533482049980554,0.0,30.86610693557072,0.30533482049980554,-263.27731514697575,0.9053942900858026,-5.90323759727417,7.4224416814613,0.25,2.0,False,False,False,applied
2026-06-06_run02_cross_pm30_on_r01,9300,9313,13,30.0,0.0,-263.27731514697575,30.0712144900435,1.25723462632782,-263.051234372632,1.0,-6.0,7.0,-3.46442774228288,-1.2213392819992221,-0.0098729322946039,0.86610693557072,0.30533482049980554,0.0,0.86610693557072,0.30533482049980554,0.0,30.86610693557072,0.30533482049980554,-263.27731514697575,0.9053942900858026,-5.90323759727417,7.4224416814613,0.25,2.0,False,False,False,applied
2026-06-06_run02_cross_pm30_on_r01,9400,9407,7,30.0,0.0,-263.27731514697575,30.0712144900435,1.25723462632782,-263.051234372632,1.0,-6.0,7.0,-3.46442774228288,-1.2213392819992221,-0.0098729322946039,0.86610693557072,0.30533482049980554,0.0,0.86610693557072,0.30533482049980554,0.0,30.86610693557072,0.30533482049980554,-263.27731514697575,0.9053942900858026,-5.90323759727417,7.4224416814613,0.25,2.0,False,False,False,applied
2026-06-06_run02_cross_pm30_on_r01,9500,9500,0,30.0,0.0,-263.27731514697575,30.0714844163542,1.25724513179771,-263.051217181527,1.0,-6.0,7.0,-3.4644680878799248,-1.2213101431389866,-0.009876040231892176,0.8661170219699812,0.30532753578474664,0.0,0.8661170219699812,0.30532753578474664,0.0,30.86611702196998,0.30532753578474664,-263.27731514697575,0.9053930056839324,-5.903238330023003,7.422445246751341,0.25,2.0,False,False,True,applied
2026-06-06_run02_cross_pm30_on_r01,9600,9610,10,30.0,0.0,-263.27731514697575,30.0714844163542,1.25724513179771,-263.051217181527,1.0,-6.0,7.0,-3.4644680878799248,-1.2213101431389866,-0.009876040231892176,0.8661170219699812,0.30532753578474664,0.0,0.8661170219699812,0.30532753578474664,0.0,30.86611702196998,0.30532753578474664,-263.27731514697575,0.9053930056839324,-5.903238330023003,7.422445246751341,0.25,2.0,False,False,False,applied
2026-06-06_run02_cross_pm30_on_r01,9700,9703,3,30.0,0.0,-263.27731514697575,30.0714844163542,1.25724513179771,-263.051217181527,1.0,-6.0,7.0,-3.4644680878799248,-1.2213101431389866,-0.009876040231892176,0.8661170219699812,0.30532753578474664,0.0,0.8661170219699812,0.30532753578474664,0.0,30.86611702196998,0.30532753578474664,-263.27731514697575,0.9053930056839324,-5.903238330023003,7.422445246751341,0.25,2.0,False,False,False,applied
2026-06-06_run02_cross_pm30_on_r01,9800,9813,13,30.0,0.0,-263.27731514697575,30.0714844163542,1.25724513179771,-263.051217181527,1.0,-6.0,7.0,-3.4644680878799248,-1.2213101431389866,-0.009876040231892176,0.8661170219699812,0.30532753578474664,0.0,0.8661170219699812,0.30532753578474664,0.0,30.86611702196998,0.30532753578474664,-263.27731514697575,0.9053930056839324,-5.903238330023003,7.422445246751341,0.25,2.0,False,False,False,applied
2026-06-06_run02_cross_pm30_on_r01,9900,9907,7,30.0,0.0,-263.27731514697575,30.0714844163542,1.25724513179771,-263.051217181527,1.0,-6.0,7.0,-3.4644680878799248,-1.2213101431389866,-0.009876040231892176,0.8661170219699812,0.30532753578474664,0.0,0.8661170219699812,0.30532753578474664,0.0,30.86611702196998,0.30532753578474664,-263.27731514697575,0.9053930056839324,-5.903238330023003,7.422445246751341,0.25,2.0,False,False,False,applied
2026-06-06_run02_cross_pm30_on_r01,10000,10000,0,0.0,0.0,-263.27731514697575,5.99960192373991,0.263588998981504,-263.501193451938,0.0,0.0,0.0,-2.768337711154678,-0.2890012362802254,0.07164654511805173,0.6920844277886695,0.07225030907005635,0.0,0.6920844277886695,0.07225030907005635,0.0,0.6920844277886695,0.07225030907005635,-263.27731514697575,0.018512477048477933,-0.15871755761505013,0.14144125722352613,0.25,2.0,False,False,True,applied
2026-06-06_run02_cross_pm30_on_r01,10100,10110,10,0.0,0.0,-263.27731514697575,5.99960192373991,0.263588998981504,-263.501193451938,0.0,0.0,0.0,-2.768337711154678,-0.2890012362802254,0.07164654511805173,0.6920844277886695,0.07225030907005635,0.0,0.6920844277886695,0.07225030907005635,0.0,0.6920844277886695,0.07225030907005635,-263.27731514697575,0.018512477048477933,-0.15871755761505013,0.14144125722352613,0.25,2.0,False,False,False,applied
2026-06-06_run02_cross_pm30_on_r01,10200,10203,3,0.0,0.0,-263.27731514697575,5.99960192373991,0.263588998981504,-263.501193451938,0.0,0.0,0.0,-2.768337711154678,-0.2890012362802254,0.07164654511805173,0.6920844277886695,0.07225030907005635,0.0,0.6920844277886695,0.07225030907005635,0.0,0.6920844277886695,0.07225030907005635,-263.27731514697575,0.018512477048477933,-0.15871755761505013,0.14144125722352613,0.25,2.0,False,False,False,applied
2026-06-06_run02_cross_pm30_on_r01,10300,10313,13,0.0,0.0,-263.27731514697575,5.99960192373991,0.263588998981504,-263.501193451938,0.0,0.0,0.0,-2.768337711154678,-0.2890012362802254,0.07164654511805173,0.6920844277886695,0.07225030907005635,0.0,0.6920844277886695,0.07225030907005635,0.0,0.6920844277886695,0.07225030907005635,-263.27731514697575,0.018512477048477933,-0.15871755761505013,0.14144125722352613,0.25,2.0,False,False,False,applied
2026-06-06_run02_cross_pm30_on_r01,10400,10407,7,0.0,0.0,-263.27731514697575,5.99960192373991,0.263588998981504,-263.501193451938,0.0,0.0,0.0,-2.768337711154678,-0.2890012362802254,0.07164654511805173,0.6920844277886695,0.07225030907005635,0.0,0.6920844277886695,0.07225030907005635,0.0,0.6920844277886695,0.07225030907005635,-263.27731514697575,0.018512477048477933,-0.15871755761505013,0.14144125722352613,0.25,2.0,False,False,False,applied
2026-06-06_run02_cross_pm30_on_r01,10500,10500,0,0.0,0.0,-263.27731514697575,-0.000664379352271457,-2.9506162825806e-05,-263.277282908835,0.0,0.0,0.0,-2.241416303839861,0.21158404238107054,0.02963317724791132,0.5603540759599652,-0.052896010595267634,0.0,0.5603540759599652,-0.052896010595267634,0.0,0.5603540759599652,-0.052896010595267634,-263.27731514697575,-0.012969288334797038,-0.11462225228400524,0.12840021384267727,0.25,2.0,False,False,True,applied
2026-06-06_run02_cross_pm30_on_r01,10600,10610,10,0.0,0.0,-263.27731514697575,-0.000664379352271457,-2.9506162825806e-05,-263.277282908835,0.0,0.0,0.0,-2.241416303839861,0.21158404238107054,0.02963317724791132,0.5603540759599652,-0.052896010595267634,0.0,0.5603540759599652,-0.052896010595267634,0.0,0.5603540759599652,-0.052896010595267634,-263.27731514697575,-0.012969288334797038,-0.11462225228400524,0.12840021384267727,0.25,2.0,False,False,False,applied
2026-06-06_run02_cross_pm30_on_r01,10700,10703,3,0.0,0.0,-263.27731514697575,-0.000664379352271457,-2.9506162825806e-05,-263.277282908835,0.0,0.0,0.0,-2.241416303839861,0.21158404238107054,0.02963317724791132,0.5603540759599652,-0.052896010595267634,0.0,0.5603540759599652,-0.052896010595267634,0.0,0.5603540759599652,-0.052896010595267634,-263.27731514697575,-0.012969288334797038,-0.11462225228400524,0.12840021384267727,0.25,2.0,False,False,False,applied
2026-06-06_run02_cross_pm30_on_r01,10800,10813,13,0.0,0.0,-263.27731514697575,-0.000664379352271457,-2.9506162825806e-05,-263.277282908835,0.0,0.0,0.0,-2.241416303839861,0.21158404238107054,0.02963317724791132,0.5603540759599652,-0.052896010595267634,0.0,0.5603540759599652,-0.052896010595267634,0.0,0.5603540759599652,-0.052896010595267634,-263.27731514697575,-0.012969288334797038,-0.11462225228400524,0.12840021384267727,0.25,2.0,False,False,False,applied
2026-06-06_run02_cross_pm30_on_r01,10900,10907,7,0.0,0.0,-263.27731514697575,-0.000664379352271457,-2.9506162825806e-05,-263.277282908835,0.0,0.0,0.0,-2.241416303839861,0.21158404238107054,0.02963317724791132,0.5603540759599652,-0.052896010595267634,0.0,0.5603540759599652,-0.052896010595267634,0.0,0.5603540759599652,-0.052896010595267634,-263.27731514697575,-0.012969288334797038,-0.11462225228400524,0.12840021384267727,0.25,2.0,False,False,False,applied
2026-06-06_run02_cross_pm30_on_r01,11000,11000,0,0.0,0.0,-263.27731514697575,-0.000421308179209251,-1.87109672659056e-05,-263.277294703815,0.0,0.0,0.0,-2.2414359867951967,0.2115586009425618,0.02963537864191263,0.5603589966987992,-0.05288965023564045,0.0,0.5603589966987992,-0.05288965023564045,0.0,0.5603589966987992,-0.05288965023564045,-263.27731514697575,-0.012967691485186516,-0.1146241116926351,0.12840048876695773,0.25,2.0,False,False,True,applied
2026-06-06_run02_cross_pm30_on_r01,11100,11110,10,0.0,0.0,-263.27731514697575,-0.000421308179209251,-1.87109672659056e-05,-263.277294703815,0.0,0.0,0.0,-2.2414359867951967,0.2115586009425618,0.02963537864191263,0.5603589966987992,-0.05288965023564045,0.0,0.5603589966987992,-0.05288965023564045,0.0,0.5603589966987992,-0.05288965023564045,-263.27731514697575,-0.012967691485186516,-0.1146241116926351,0.12840048876695773,0.25,2.0,False,False,False,applied
2026-06-06_run02_cross_pm30_on_r01,11200,11203,3,0.0,0.0,-263.27731514697575,-0.000421308179209251,-1.87109672659056e-05,-263.277294703815,0.0,0.0,0.0,-2.2414359867951967,0.2115586009425618,0.02963537864191263,0.5603589966987992,-0.05288965023564045,0.0,0.5603589966987992,-0.05288965023564045,0.0,0.5603589966987992,-0.05288965023564045,-263.27731514697575,-0.012967691485186516,-0.1146241116926351,0.12840048876695773,0.25,2.0,False,False,False,applied
2026-06-06_run02_cross_pm30_on_r01,11300,11313,13,0.0,0.0,-263.27731514697575,-0.000421308179209251,-1.87109672659056e-05,-263.277294703815,0.0,0.0,0.0,-2.2414359867951967,0.2115586009425618,0.02963537864191263,0.5603589966987992,-0.05288965023564045,0.0,0.5603589966987992,-0.05288965023564045,0.0,0.5603589966987992,-0.05288965023564045,-263.27731514697575,-0.012967691485186516,-0.1146241116926351,0.12840048876695773,0.25,2.0,False,False,False,applied
2026-06-06_run02_cross_pm30_on_r01,11400,11407,7,0.0,0.0,-263.27731514697575,-0.000421308179209251,-1.87109672659056e-05,-263.277294703815,0.0,0.0,0.0,-2.2414359867951967,0.2115586009425618,0.02963537864191263,0.5603589966987992,-0.05288965023564045,0.0,0.5603589966987992,-0.05288965023564045,0.0,0.5603589966987992,-0.05288965023564045,-263.27731514697575,-0.012967691485186516,-0.1146241116926351,0.12840048876695773,0.25,2.0,False,False,False,applied
2026-06-06_run02_cross_pm30_on_r01,11500,11500,0,0.0,0.0,-263.27731514697575,-0.00133799697895183,-5.94227052701402e-05,-263.277250220191,0.0,0.0,0.0,-2.2413617578176965,0.21165455047364554,0.02962707630270905,0.5603404394544241,-0.052913637618411384,0.0,0.5603404394544241,-0.052913637618411384,0.0,0.5603404394544241,-0.052913637618411384,-263.27731514697575,-0.012973713823561444,-0.11461709930703615,0.12839945208923995,0.25,2.0,False,False,True,applied
2026-06-06_run02_cross_pm30_on_r01,11600,11610,10,0.0,0.0,-263.27731514697575,-0.00133799697895183,-5.94227052701402e-05,-263.277250220191,0.0,0.0,0.0,-2.2413617578176965,0.21165455047364554,0.02962707630270905,0.5603404394544241,-0.052913637618411384,0.0,0.5603404394544241,-0.052913637618411384,0.0,0.5603404394544241,-0.052913637618411384,-263.27731514697575,-0.012973713823561444,-0.11461709930703615,0.12839945208923995,0.25,2.0,False,False,False,applied
2026-06-06_run02_cross_pm30_on_r01,11700,11703,3,0.0,0.0,-263.27731514697575,-0.00133799697895183,-5.94227052701402e-05,-263.277250220191,0.0,0.0,0.0,-2.2413617578176965,0.21165455047364554,0.02962707630270905,0.5603404394544241,-0.052913637618411384,0.0,0.5603404394544241,-0.052913637618411384,0.0,0.5603404394544241,-0.052913637618411384,-263.27731514697575,-0.012973713823561444,-0.11461709930703615,0.12839945208923995,0.25,2.0,False,False,False,applied
2026-06-06_run02_cross_pm30_on_r01,11800,11813,13,0.0,0.0,-263.27731514697575,-0.00133799697895183,-5.94227052701402e-05,-263.277250220191,0.0,0.0,0.0,-2.2413617578176965,0.21165455047364554,0.02962707630270905,0.5603404394544241,-0.052913637618411384,0.0,0.5603404394544241,-0.052913637618411384,0.0,0.5603404394544241,-0.052913637618411384,-263.27731514697575,-0.012973713823561444,-0.11461709930703615,0.12839945208923995,0.25,2.0,False,False,False,applied
2026-06-06_run02_cross_pm30_on_r01,11900,11907,7,0.0,0.0,-263.27731514697575,-0.00133799697895183,-5.94227052701402e-05,-263.277250220191,0.0,0.0,0.0,-2.2413617578176965,0.21165455047364554,0.02962707630270905,0.5603404394544241,-0.052913637618411384,0.0,0.5603404394544241,-0.052913637618411384,0.0,0.5603404394544241,-0.052913637618411384,-263.27731514697575,-0.012973713823561444,-0.11461709930703615,0.12839945208923995,0.25,2.0,False,False,False,applied
2026-06-06_run02_cross_pm30_on_r01,12000,12000,0,0.0,0.0,-263.27731514697575,-0.000936278105957435,-4.15816484597971e-05,-263.277269714784,0.0,0.0,0.0,-2.241394286672796,0.21161250151893216,0.029630714734525797,0.560348571668199,-0.05290312537973304,0.0,0.560348571668199,-0.05290312537973304,0.0,0.560348571668199,-0.05290312537973304,-263.27731514697575,-0.01297107459238225,-0.11462017234857023,0.1283999063335971,0.25,2.0,False,False,True,applied
2026-06-06_run02_cross_pm30_on_r01,12100,12110,10,0.0,0.0,-263.27731514697575,-0.000936278105957435,-4.15816484597971e-05,-263.277269714784,0.0,0.0,0.0,-2.241394286672796,0.21161250151893216,0.029630714734525797,0.560348571668199,-0.05290312537973304,0.0,0.560348571668199,-0.05290312537973304,0.0,0.560348571668199,-0.05290312537973304,-263.27731514697575,-0.01297107459238225,-0.11462017234857023,0.1283999063335971,0.25,2.0,False,False,False,applied
2026-06-06_run02_cross_pm30_on_r01,12200,12203,3,0.0,0.0,-263.27731514697575,-0.000936278105957435,-4.15816484597971e-05,-263.277269714784,0.0,0.0,0.0,-2.241394286672796,0.21161250151893216,0.029630714734525797,0.560348571668199,-0.05290312537973304,0.0,0.560348571668199,-0.05290312537973304,0.0,0.560348571668199,-0.05290312537973304,-263.27731514697575,-0.01297107459238225,-0.11462017234857023,0.1283999063335971,0.25,2.0,False,False,False,applied
2026-06-06_run02_cross_pm30_on_r01,12300,12313,13,0.0,0.0,-263.27731514697575,-0.000936278105957435,-4.15816484597971e-05,-263.277269714784,0.0,0.0,0.0,-2.241394286672796,0.21161250151893216,0.029630714734525797,0.560348571668199,-0.05290312537973304,0.0,0.560348571668199,-0.05290312537973304,0.0,0.560348571668199,-0.05290312537973304,-263.27731514697575,-0.01297107459238225,-0.11462017234857023,0.1283999063335971,0.25,2.0,False,False,False,applied
2026-06-06_run02_cross_pm30_on_r01,12400,12407,7,0.0,0.0,-263.27731514697575,-0.000936278105957435,-4.15816484597971e-05,-263.277269714784,0.0,0.0,0.0,-2.241394286672796,0.21161250151893216,0.029630714734525797,0.560348571668199,-0.05290312537973304,0.0,0.560348571668199,-0.05290312537973304,0.0,0.560348571668199,-0.05290312537973304,-263.27731514697575,-0.01297107459238225,-0.11462017234857023,0.1283999063335971,0.25,2.0,False,False,False,applied
2026-06-06_run02_cross_pm30_on_r01,12500,12500,0,0.0,0.0,-263.27731514697575,-0.0023354692838603,-0.000103722276019334,-263.277201814098,0.0,0.0,0.0,-2.2412809888117566,0.21175896001355926,0.029618041889091458,0.5603202472029392,-0.052939740003389815,0.0,0.5603202472029392,-0.052939740003389815,0.0,0.5603202472029392,-0.052939740003389815,-263.27731514697575,-0.012980267157195793,-0.1146094688891087,0.12839832427187775,0.25,2.0,False,False,True,applied
2026-06-06_run02_cross_pm30_on_r01,12600,12610,10,0.0,0.0,-263.27731514697575,-0.0023354692838603,-0.000103722276019334,-263.277201814098,0.0,0.0,0.0,-2.2412809888117566,0.21175896001355926,0.029618041889091458,0.5603202472029392,-0.052939740003389815,0.0,0.5603202472029392,-0.052939740003389815,0.0,0.5603202472029392,-0.052939740003389815,-263.27731514697575,-0.012980267157195793,-0.1146094688891087,0.12839832427187775,0.25,2.0,False,False,False,applied
2026-06-06_run02_cross_pm30_on_r01,12700,12703,3,0.0,0.0,-263.27731514697575,-0.0023354692838603,-0.000103722276019334,-263.277201814098,0.0,0.0,0.0,-2.2412809888117566,0.21175896001355926,0.029618041889091458,0.5603202472029392,-0.052939740003389815,0.0,0.5603202472029392,-0.052939740003389815,0.0,0.5603202472029392,-0.052939740003389815,-263.27731514697575,-0.012980267157195793,-0.1146094688891087,0.12839832427187775,0.25,2.0,False,False,False,applied
2026-06-06_run02_cross_pm30_on_r01,12800,12813,13,0.0,0.0,-263.27731514697575,-0.0023354692838603,-0.000103722276019334,-263.277201814098,0.0,0.0,0.0,-2.2412809888117566,0.21175896001355926,0.029618041889091458,0.5603202472029392,-0.052939740003389815,0.0,0.5603202472029392,-0.052939740003389815,0.0,0.5603202472029392,-0.052939740003389815,-263.27731514697575,-0.012980267157195793,-0.1146094688891087,0.12839832427187775,0.25,2.0,False,False,False,applied
2026-06-06_run02_cross_pm30_on_r01,12900,12907,7,0.0,0.0,-263.27731514697575,-0.0023354692838603,-0.000103722276019334,-263.277201814098,0.0,0.0,0.0,-2.2412809888117566,0.21175896001355926,0.029618041889091458,0.5603202472029392,-0.052939740003389815,0.0,0.5603202472029392,-0.052939740003389815,0.0,0.5603202472029392,-0.052939740003389815,-263.27731514697575,-0.012980267157195793,-0.1146094688891087,0.12839832427187775,0.25,2.0,False,False,False,applied
2026-06-06_run02_cross_pm30_on_r01,13000,13000,0,0.0,0.0,-263.27731514697575,-0.000756602324822315,-3.36019353365221e-05,-263.277278433815,0.0,0.0,0.0,-2.2414088359337003,0.21159369489395918,0.02963234203790726,0.5603522089834251,-0.052898423723489796,0.0,0.5603522089834251,-0.052898423723489796,0.0,0.5603522089834251,-0.052898423723489796,-263.27731514697575,-0.012969894181705577,-0.11462154681293366,0.12840010952691722,0.25,2.0,False,False,True,applied
2026-06-06_run02_cross_pm30_on_r01,13100,13110,10,0.0,0.0,-263.27731514697575,-0.000756602324822315,-3.36019353365221e-05,-263.277278433815,0.0,0.0,0.0,-2.2414088359337003,0.21159369489395918,0.02963234203790726,0.5603522089834251,-0.052898423723489796,0.0,0.5603522089834251,-0.052898423723489796,0.0,0.5603522089834251,-0.052898423723489796,-263.27731514697575,-0.012969894181705577,-0.11462154681293366,0.12840010952691722,0.25,2.0,False,False,False,applied
2026-06-06_run02_cross_pm30_on_r01,13200,13203,3,0.0,0.0,-263.27731514697575,-0.000756602324822315,-3.36019353365221e-05,-263.277278433815,0.0,0.0,0.0,-2.2414088359337003,0.21159369489395918,0.02963234203790726,0.5603522089834251,-0.052898423723489796,0.0,0.5603522089834251,-0.052898423723489796,0.0,0.5603522089834251,-0.052898423723489796,-263.27731514697575,-0.012969894181705577,-0.11462154681293366,0.12840010952691722,0.25,2.0,False,False,False,applied
2026-06-06_run02_cross_pm30_on_r01,13300,13313,13,0.0,0.0,-263.27731514697575,-0.000756602324822315,-3.36019353365221e-05,-263.277278433815,0.0,0.0,0.0,-2.2414088359337003,0.21159369489395918,0.02963234203790726,0.5603522089834251,-0.052898423723489796,0.0,0.5603522089834251,-0.052898423723489796,0.0,0.5603522089834251,-0.052898423723489796,-263.27731514697575,-0.012969894181705577,-0.11462154681293366,0.12840010952691722,0.25,2.0,False,False,False,applied
2026-06-06_run02_cross_pm30_on_r01,13400,13407,7,0.0,0.0,-263.27731514697575,-0.000756602324822315,-3.36019353365221e-05,-263.277278433815,0.0,0.0,0.0,-2.2414088359337003,0.21159369489395918,0.02963234203790726,0.5603522089834251,-0.052898423723489796,0.0,0.5603522089834251,-0.052898423723489796,0.0,0.5603522089834251,-0.052898423723489796,-263.27731514697575,-0.012969894181705577,-0.11462154681293366,0.12840010952691722,0.25,2.0,False,False,False,applied
2026-06-06_run02_cross_pm30_on_r01,13500,13500,0,0.0,0.0,-263.27731514697575,-0.00250362461312735,-0.000111190370352268,-263.277193653526,0.0,0.0,0.0,-2.2412673727791095,0.21177656190928495,0.029616518817390122,0.5603168431947774,-0.05294414047732124,0.0,0.5603168431947774,-0.05294414047732124,0.0,0.5603168431947774,-0.05294414047732124,-263.27731514697575,-0.012981371951494153,-0.11460818253667328,0.12839813416181975,0.25,2.0,False,False,True,applied
2026-06-06_run02_cross_pm30_on_r01,13600,13610,10,0.0,0.0,-263.27731514697575,-0.00250362461312735,-0.000111190370352268,-263.277193653526,0.0,0.0,0.0,-2.2412673727791095,0.21177656190928495,0.029616518817390122,0.5603168431947774,-0.05294414047732124,0.0,0.5603168431947774,-0.05294414047732124,0.0,0.5603168431947774,-0.05294414047732124,-263.27731514697575,-0.012981371951494153,-0.11460818253667328,0.12839813416181975,0.25,2.0,False,False,False,applied
2026-06-06_run02_cross_pm30_on_r01,13700,13703,3,0.0,0.0,-263.27731514697575,-0.00250362461312735,-0.000111190370352268,-263.277193653526,0.0,0.0,0.0,-2.2412673727791095,0.21177656190928495,0.029616518817390122,0.5603168431947774,-0.05294414047732124,0.0,0.5603168431947774,-0.05294414047732124,0.0,0.5603168431947774,-0.05294414047732124,-263.27731514697575,-0.012981371951494153,-0.11460818253667328,0.12839813416181975,0.25,2.0,False,False,False,applied
2026-06-06_run02_cross_pm30_on_r01,13800,13828,28,0.0,0.0,-263.27731514697575,-0.00250362461312735,-0.000111190370352268,-263.277193653526,0.0,0.0,0.0,-2.2412673727791095,0.21177656190928495,0.029616518817390122,0.5603168431947774,-0.05294414047732124,0.0,0.5603168431947774,-0.05294414047732124,0.0,0.5603168431947774,-0.05294414047732124,-263.27731514697575,-0.012981371951494153,-0.11460818253667328,0.12839813416181975,0.25,2.0,False,False,False,applied
2026-06-06_run02_cross_pm30_on_r01,13900,13907,7,0.0,0.0,-263.27731514697575,-0.00250362461312735,-0.000111190370352268,-263.277193653526,0.0,0.0,0.0,-2.2412673727791095,0.21177656190928495,0.029616518817390122,0.5603168431947774,-0.05294414047732124,0.0,0.5603168431947774,-0.05294414047732124,0.0,0.5603168431947774,-0.05294414047732124,-263.27731514697575,-0.012981371951494153,-0.11460818253667328,0.12839813416181975,0.25,2.0,False,False,False,applied
2026-06-06_run02_cross_pm30_on_r01,14000,14000,0,0.0,0.0,-263.27731514697575,-0.00263968661107863,-0.000117233146288913,-263.27718705028,0.0,0.0,0.0,-2.2412563555370735,0.21179080469774025,0.029615286402222628,0.5603140888842684,-0.05294770117443506,0.0,0.5603140888842684,-0.05294770117443506,0.0,0.5603140888842684,-0.05294770117443506,-263.27731514697575,-0.012982265909258153,-0.11460714168706818,0.12839798035021346,0.25,2.0,False,False,True,applied
2026-06-06_run02_cross_pm30_on_r01,14100,14110,10,0.0,0.0,-263.27731514697575,-0.00263968661107863,-0.000117233146288913,-263.27718705028,0.0,0.0,0.0,-2.2412563555370735,0.21179080469774025,0.029615286402222628,0.5603140888842684,-0.05294770117443506,0.0,0.5603140888842684,-0.05294770117443506,0.0,0.5603140888842684,-0.05294770117443506,-263.27731514697575,-0.012982265909258153,-0.11460714168706818,0.12839798035021346,0.25,2.0,False,False,False,applied
2026-06-06_run02_cross_pm30_on_r01,14200,14203,3,0.0,0.0,-263.27731514697575,-0.00263968661107863,-0.000117233146288913,-263.27718705028,0.0,0.0,0.0,-2.2412563555370735,0.21179080469774025,0.029615286402222628,0.5603140888842684,-0.05294770117443506,0.0,0.5603140888842684,-0.05294770117443506,0.0,0.5603140888842684,-0.05294770117443506,-263.27731514697575,-0.012982265909258153,-0.11460714168706818,0.12839798035021346,0.25,2.0,False,False,False,applied
2026-06-06_run02_cross_pm30_on_r01,14300,14313,13,0.0,0.0,-263.27731514697575,-0.00263968661107863,-0.000117233146288913,-263.27718705028,0.0,0.0,0.0,-2.2412563555370735,0.21179080469774025,0.029615286402222628,0.5603140888842684,-0.05294770117443506,0.0,0.5603140888842684,-0.05294770117443506,0.0,0.5603140888842684,-0.05294770117443506,-263.27731514697575,-0.012982265909258153,-0.11460714168706818,0.12839798035021346,0.25,2.0,False,False,False,applied
2026-06-06_run02_cross_pm30_on_r01,14400,14407,7,0.0,0.0,-263.27731514697575,-0.00263968661107863,-0.000117233146288913,-263.27718705028,0.0,0.0,0.0,-2.2412563555370735,0.21179080469774025,0.029615286402222628,0.5603140888842684,-0.05294770117443506,0.0,0.5603140888842684,-0.05294770117443506,0.0,0.5603140888842684,-0.05294770117443506,-263.27731514697575,-0.012982265909258153,-0.11460714168706818,0.12839798035021346,0.25,2.0,False,False,False,applied
2026-06-06_run02_cross_pm30_on_r01,14500,14500,0,0.0,0.0,-263.27731514697575,-0.00256939815206957,-0.000114111493481737,-263.277190461621,0.0,0.0,0.0,-2.2412620468514906,0.21178344669082638,0.029615923086791868,0.5603155117128726,-0.052945861672706596,0.0,0.5603155117128726,-0.052945861672706596,0.0,0.5603155117128726,-0.052945861672706596,-263.27731514697575,-0.012981804079263812,-0.11460767938525383,0.12839805979304397,0.25,2.0,False,False,True,applied
2026-06-06_run02_cross_pm30_on_r01,14600,14610,10,0.0,0.0,-263.27731514697575,-0.00256939815206957,-0.000114111493481737,-263.277190461621,0.0,0.0,0.0,-2.2412620468514906,0.21178344669082638,0.029615923086791868,0.5603155117128726,-0.052945861672706596,0.0,0.5603155117128726,-0.052945861672706596,0.0,0.5603155117128726,-0.052945861672706596,-263.27731514697575,-0.012981804079263812,-0.11460767938525383,0.12839805979304397,0.25,2.0,False,False,False,applied
2026-06-06_run02_cross_pm30_on_r01,14700,14703,3,0.0,0.0,-263.27731514697575,-0.00256939815206957,-0.000114111493481737,-263.277190461621,0.0,0.0,0.0,-2.2412620468514906,0.21178344669082638,0.029615923086791868,0.5603155117128726,-0.052945861672706596,0.0,0.5603155117128726,-0.052945861672706596,0.0,0.5603155117128726,-0.052945861672706596,-263.27731514697575,-0.012981804079263812,-0.11460767938525383,0.12839805979304397,0.25,2.0,False,False,False,applied
2026-06-06_run02_cross_pm30_on_r01,14800,14813,13,0.0,0.0,-263.27731514697575,-0.00256939815206957,-0.000114111493481737,-263.277190461621,0.0,0.0,0.0,-2.2412620468514906,0.21178344669082638,0.029615923086791868,0.5603155117128726,-0.052945861672706596,0.0,0.5603155117128726,-0.052945861672706596,0.0,0.5603155117128726,-0.052945861672706596,-263.27731514697575,-0.012981804079263812,-0.11460767938525383,0.12839805979304397,0.25,2.0,False,False,False,applied
2026-06-06_run02_cross_pm30_on_r01,14900,14907,7,0.0,0.0,-263.27731514697575,-0.00256939815206957,-0.000114111493481737,-263.277190461621,0.0,0.0,0.0,-2.2412620468514906,0.21178344669082638,0.029615923086791868,0.5603155117128726,-0.052945861672706596,0.0,0.5603155117128726,-0.052945861672706596,0.0,0.5603155117128726,-0.052945861672706596,-263.27731514697575,-0.012981804079263812,-0.11460767938525383,0.12839805979304397,0.25,2.0,False,False,False,applied
2026-06-06_run02_cross_pm30_on_r01,15000,15000,0,-30.0,0.0,-263.27731514697575,-24.0448313516937,1.01882491757295,-263.365380172755,1.0,7.0,-6.0,-2.220805334342078,1.7117000327419856,0.052102303566315525,0.5552013335855195,-0.4279250081854964,0.0,0.5552013335855195,-0.4279250081854964,0.0,-29.44479866641448,-0.4279250081854964,-263.27731514697575,0.6474876975736502,7.136888058836938,-5.5787790678832,0.25,2.0,False,False,True,applied
2026-06-06_run02_cross_pm30_on_r01,15100,15110,10,-30.0,0.0,-263.27731514697575,-24.0448313516937,1.01882491757295,-263.365380172755,1.0,7.0,-6.0,-2.220805334342078,1.7117000327419856,0.052102303566315525,0.5552013335855195,-0.4279250081854964,0.0,0.5552013335855195,-0.4279250081854964,0.0,-29.44479866641448,-0.4279250081854964,-263.27731514697575,0.6474876975736502,7.136888058836938,-5.5787790678832,0.25,2.0,False,False,False,applied
2026-06-06_run02_cross_pm30_on_r01,15200,15219,19,-30.0,0.0,-263.27731514697575,-24.0448313516937,1.01882491757295,-263.365380172755,1.0,7.0,-6.0,-2.220805334342078,1.7117000327419856,0.052102303566315525,0.5552013335855195,-0.4279250081854964,0.0,0.5552013335855195,-0.4279250081854964,0.0,-29.44479866641448,-0.4279250081854964,-263.27731514697575,0.6474876975736502,7.136888058836938,-5.5787790678832,0.25,2.0,False,False,False,applied
2026-06-06_run02_cross_pm30_on_r01,15300,15313,13,-30.0,0.0,-263.27731514697575,-24.0448313516937,1.01882491757295,-263.365380172755,1.0,7.0,-6.0,-2.220805334342078,1.7117000327419856,0.052102303566315525,0.5552013335855195,-0.4279250081854964,0.0,0.5552013335855195,-0.4279250081854964,0.0,-29.44479866641448,-0.4279250081854964,-263.27731514697575,0.6474876975736502,7.136888058836938,-5.5787790678832,0.25,2.0,False,False,False,applied
2026-06-06_run02_cross_pm30_on_r01,15400,15407,7,-30.0,0.0,-263.27731514697575,-24.0448313516937,1.01882491757295,-263.365380172755,1.0,7.0,-6.0,-2.220805334342078,1.7117000327419856,0.052102303566315525,0.5552013335855195,-0.4279250081854964,0.0,0.5552013335855195,-0.4279250081854964,0.0,-29.44479866641448,-0.4279250081854964,-263.27731514697575,0.6474876975736502,7.136888058836938,-5.5787790678832,0.25,2.0,False,False,False,applied
2026-06-06_run02_cross_pm30_on_r01,15500,15500,0,-30.0,0.0,-263.27731514697575,-30.0717664788891,1.25725610954801,-263.051199216573,1.0,7.0,-6.0,-1.7392726557097815,2.403544789919286,-0.006716483259920492,0.4348181639274454,-0.6008861974798215,0.0,0.4348181639274454,-0.6008861974798215,0.0,-29.565181836072554,-0.6008861974798215,-263.27731514697575,0.6105459120715392,7.1899546392212095,-5.576868110571787,0.25,2.0,False,False,True,applied
2026-06-06_run02_cross_pm30_on_r01,15600,15610,10,-30.0,0.0,-263.27731514697575,-30.0717664788891,1.25725610954801,-263.051199216573,1.0,7.0,-6.0,-1.7392726557097815,2.403544789919286,-0.006716483259920492,0.4348181639274454,-0.6008861974798215,0.0,0.4348181639274454,-0.6008861974798215,0.0,-29.565181836072554,-0.6008861974798215,-263.27731514697575,0.6105459120715392,7.1899546392212095,-5.576868110571787,0.25,2.0,False,False,False,applied
2026-06-06_run02_cross_pm30_on_r01,15700,15703,3,-30.0,0.0,-263.27731514697575,-30.0717664788891,1.25725610954801,-263.051199216573,1.0,7.0,-6.0,-1.7392726557097815,2.403544789919286,-0.006716483259920492,0.4348181639274454,-0.6008861974798215,0.0,0.4348181639274454,-0.6008861974798215,0.0,-29.565181836072554,-0.6008861974798215,-263.27731514697575,0.6105459120715392,7.1899546392212095,-5.576868110571787,0.25,2.0,False,False,False,applied
2026-06-06_run02_cross_pm30_on_r01,15800,15813,13,-30.0,0.0,-263.27731514697575,-30.0717664788891,1.25725610954801,-263.051199216573,1.0,7.0,-6.0,-1.7392726557097815,2.403544789919286,-0.006716483259920492,0.4348181639274454,-0.6008861974798215,0.0,0.4348181639274454,-0.6008861974798215,0.0,-29.565181836072554,-0.6008861974798215,-263.27731514697575,0.6105459120715392,7.1899546392212095,-5.576868110571787,0.25,2.0,False,False,False,applied
2026-06-06_run02_cross_pm30_on_r01,15900,15907,7,-30.0,0.0,-263.27731514697575,-30.0717664788891,1.25725610954801,-263.051199216573,1.0,7.0,-6.0,-1.7392726557097815,2.403544789919286,-0.006716483259920492,0.4348181639274454,-0.6008861974798215,0.0,0.4348181639274454,-0.6008861974798215,0.0,-29.565181836072554,-0.6008861974798215,-263.27731514697575,0.6105459120715392,7.1899546392212095,-5.576868110571787,0.25,2.0,False,False,False,applied
2026-06-06_run02_cross_pm30_on_r01,16000,16000,0,-30.0,0.0,-263.27731514697575,-30.072883603049,1.25729958757628,-263.051128065856,1.0,7.0,-6.0,-1.73919128568759,2.403697495827685,-0.006729753250216805,0.4347978214218975,-0.6009243739569212,0.0,0.4347978214218975,-0.6009243739569212,0.0,-29.5652021785781,-0.6009243739569212,-263.27731514697575,0.6105374460964612,7.189964719248602,-5.57686665328466,0.25,2.0,False,False,True,applied
2026-06-06_run02_cross_pm30_on_r01,16100,16110,10,-30.0,0.0,-263.27731514697575,-30.072883603049,1.25729958757628,-263.051128065856,1.0,7.0,-6.0,-1.73919128568759,2.403697495827685,-0.006729753250216805,0.4347978214218975,-0.6009243739569212,0.0,0.4347978214218975,-0.6009243739569212,0.0,-29.5652021785781,-0.6009243739569212,-263.27731514697575,0.6105374460964612,7.189964719248602,-5.57686665328466,0.25,2.0,False,False,False,applied
2026-06-06_run02_cross_pm30_on_r01,16200,16203,3,-30.0,0.0,-263.27731514697575,-30.072883603049,1.25729958757628,-263.051128065856,1.0,7.0,-6.0,-1.73919128568759,2.403697495827685,-0.006729753250216805,0.4347978214218975,-0.6009243739569212,0.0,0.4347978214218975,-0.6009243739569212,0.0,-29.5652021785781,-0.6009243739569212,-263.27731514697575,0.6105374460964612,7.189964719248602,-5.57686665328466,0.25,2.0,False,False,False,applied
2026-06-06_run02_cross_pm30_on_r01,16300,16313,13,-30.0,0.0,-263.27731514697575,-30.072883603049,1.25729958757628,-263.051128065856,1.0,7.0,-6.0,-1.73919128568759,2.403697495827685,-0.006729753250216805,0.4347978214218975,-0.6009243739569212,0.0,0.4347978214218975,-0.6009243739569212,0.0,-29.5652021785781,-0.6009243739569212,-263.27731514697575,0.6105374460964612,7.189964719248602,-5.57686665328466,0.25,2.0,False,False,False,applied
2026-06-06_run02_cross_pm30_on_r01,16400,16407,7,-30.0,0.0,-263.27731514697575,-30.072883603049,1.25729958757628,-263.051128065856,1.0,7.0,-6.0,-1.73919128568759,2.403697495827685,-0.006729753250216805,0.4347978214218975,-0.6009243739569212,0.0,0.4347978214218975,-0.6009243739569212,0.0,-29.5652021785781,-0.6009243739569212,-263.27731514697575,0.6105374460964612,7.189964719248602,-5.57686665328466,0.25,2.0,False,False,False,applied
2026-06-06_run02_cross_pm30_on_r01,16500,16500,0,-30.0,0.0,-263.27731514697575,-30.0728425590754,1.25729799016934,-263.051130680108,1.0,7.0,-6.0,-1.7391942752085299,2.4036918850684987,-0.006729265678593619,0.43479856880213247,-0.6009229712671247,0.0,0.43479856880213247,-0.6009229712671247,0.0,-29.565201431197867,-0.6009229712671247,-263.27731514697575,0.6105377571579863,7.189964348898617,-5.576866706837067,0.25,2.0,False,False,True,applied
2026-06-06_run02_cross_pm30_on_r01,16600,16610,10,-30.0,0.0,-263.27731514697575,-30.0728425590754,1.25729799016934,-263.051130680108,1.0,7.0,-6.0,-1.7391942752085299,2.4036918850684987,-0.006729265678593619,0.43479856880213247,-0.6009229712671247,0.0,0.43479856880213247,-0.6009229712671247,0.0,-29.565201431197867,-0.6009229712671247,-263.27731514697575,0.6105377571579863,7.189964348898617,-5.576866706837067,0.25,2.0,False,False,False,applied
2026-06-06_run02_cross_pm30_on_r01,16700,16703,3,-30.0,0.0,-263.27731514697575,-30.0728425590754,1.25729799016934,-263.051130680108,1.0,7.0,-6.0,-1.7391942752085299,2.4036918850684987,-0.006729265678593619,0.43479856880213247,-0.6009229712671247,0.0,0.43479856880213247,-0.6009229712671247,0.0,-29.565201431197867,-0.6009229712671247,-263.27731514697575,0.6105377571579863,7.189964348898617,-5.576866706837067,0.25,2.0,False,False,False,applied
2026-06-06_run02_cross_pm30_on_r01,16800,16813,13,-30.0,0.0,-263.27731514697575,-30.0728425590754,1.25729799016934,-263.051130680108,1.0,7.0,-6.0,-1.7391942752085299,2.4036918850684987,-0.006729265678593619,0.43479856880213247,-0.6009229712671247,0.0,0.43479856880213247,-0.6009229712671247,0.0,-29.565201431197867,-0.6009229712671247,-263.27731514697575,0.6105377571579863,7.189964348898617,-5.576866706837067,0.25,2.0,False,False,False,applied
2026-06-06_run02_cross_pm30_on_r01,16900,16907,7,-30.0,0.0,-263.27731514697575,-30.0728425590754,1.25729799016934,-263.051130680108,1.0,7.0,-6.0,-1.7391942752085299,2.4036918850684987,-0.006729265678593619,0.43479856880213247,-0.6009229712671247,0.0,0.43479856880213247,-0.6009229712671247,0.0,-29.565201431197867,-0.6009229712671247,-263.27731514697575,0.6105377571579863,7.189964348898617,-5.576866706837067,0.25,2.0,False,False,False,applied
2026-06-06_run02_cross_pm30_on_r01,17000,17000,0,-30.0,0.0,-263.27731514697575,-30.0727953209662,1.25729615168899,-263.051133688879,1.0,7.0,-6.0,-1.7391977158978498,2.403685427582192,-0.006728704527073961,0.43479942897446244,-0.600921356895548,0.0,0.43479942897446244,-0.600921356895548,0.0,-29.56520057102554,-0.600921356895548,-263.27731514697575,0.6105381151620142,7.189963922657506,-5.576866768470246,0.25,2.0,False,False,True,applied
2026-06-06_run02_cross_pm30_on_r01,17100,17110,10,-30.0,0.0,-263.27731514697575,-30.0727953209662,1.25729615168899,-263.051133688879,1.0,7.0,-6.0,-1.7391977158978498,2.403685427582192,-0.006728704527073961,0.43479942897446244,-0.600921356895548,0.0,0.43479942897446244,-0.600921356895548,0.0,-29.56520057102554,-0.600921356895548,-263.27731514697575,0.6105381151620142,7.189963922657506,-5.576866768470246,0.25,2.0,False,False,False,applied
2026-06-06_run02_cross_pm30_on_r01,17200,17203,3,-30.0,0.0,-263.27731514697575,-30.0727953209662,1.25729615168899,-263.051133688879,1.0,7.0,-6.0,-1.7391977158978498,2.403685427582192,-0.006728704527073961,0.43479942897446244,-0.600921356895548,0.0,0.43479942897446244,-0.600921356895548,0.0,-29.56520057102554,-0.600921356895548,-263.27731514697575,0.6105381151620142,7.189963922657506,-5.576866768470246,0.25,2.0,False,False,False,applied
2026-06-06_run02_cross_pm30_on_r01,17300,17328,28,-30.0,0.0,-263.27731514697575,-30.0727953209662,1.25729615168899,-263.051133688879,1.0,7.0,-6.0,-1.7391977158978498,2.403685427582192,-0.006728704527073961,0.43479942897446244,-0.600921356895548,0.0,0.43479942897446244,-0.600921356895548,0.0,-29.56520057102554,-0.600921356895548,-263.27731514697575,0.6105381151620142,7.189963922657506,-5.576866768470246,0.25,2.0,False,False,False,applied
2026-06-06_run02_cross_pm30_on_r01,17400,17407,7,-30.0,0.0,-263.27731514697575,-30.0727953209662,1.25729615168899,-263.051133688879,1.0,7.0,-6.0,-1.7391977158978498,2.403685427582192,-0.006728704527073961,0.43479942897446244,-0.600921356895548,0.0,0.43479942897446244,-0.600921356895548,0.0,-29.56520057102554,-0.600921356895548,-263.27731514697575,0.6105381151620142,7.189963922657506,-5.576866768470246,0.25,2.0,False,False,False,applied
2026-06-06_run02_cross_pm30_on_r01,17500,17500,0,-30.0,0.0,-263.27731514697575,-30.0727627310798,1.2572948833088,-263.051135764654,1.0,7.0,-6.0,-1.739200089650032,2.4036809725121238,-0.0067283173842030645,0.434800022412508,-0.6009202431280309,0.0,0.434800022412508,-0.6009202431280309,0.0,-29.565199977587493,-0.6009202431280309,-263.27731514697575,0.6105383621518322,7.189963628590921,-5.576866810991681,0.25,2.0,False,False,True,applied
2026-06-06_run02_cross_pm30_on_r01,17600,17610,10,-30.0,0.0,-263.27731514697575,-30.0727627310798,1.2572948833088,-263.051135764654,1.0,7.0,-6.0,-1.739200089650032,2.4036809725121238,-0.0067283173842030645,0.434800022412508,-0.6009202431280309,0.0,0.434800022412508,-0.6009202431280309,0.0,-29.565199977587493,-0.6009202431280309,-263.27731514697575,0.6105383621518322,7.189963628590921,-5.576866810991681,0.25,2.0,False,False,False,applied
2026-06-06_run02_cross_pm30_on_r01,17700,17703,3,-30.0,0.0,-263.27731514697575,-30.0727627310798,1.2572948833088,-263.051135764654,1.0,7.0,-6.0,-1.739200089650032,2.4036809725121238,-0.0067283173842030645,0.434800022412508,-0.6009202431280309,0.0,0.434800022412508,-0.6009202431280309,0.0,-29.565199977587493,-0.6009202431280309,-263.27731514697575,0.6105383621518322,7.189963628590921,-5.576866810991681,0.25,2.0,False,False,False,applied
2026-06-06_run02_cross_pm30_on_r01,17800,17813,13,-30.0,0.0,-263.27731514697575,-30.0727627310798,1.2572948833088,-263.051135764654,1.0,7.0,-6.0,-1.739200089650032,2.4036809725121238,-0.0067283173842030645,0.434800022412508,-0.6009202431280309,0.0,0.434800022412508,-0.6009202431280309,0.0,-29.565199977587493,-0.6009202431280309,-263.27731514697575,0.6105383621518322,7.189963628590921,-5.576866810991681,0.25,2.0,False,False,False,applied
2026-06-06_run02_cross_pm30_on_r01,17900,17907,7,-30.0,0.0,-263.27731514697575,-30.0727627310798,1.2572948833088,-263.051135764654,1.0,7.0,-6.0,-1.739200089650032,2.4036809725121238,-0.0067283173842030645,0.434800022412508,-0.6009202431280309,0.0,0.434800022412508,-0.6009202431280309,0.0,-29.565199977587493,-0.6009202431280309,-263.27731514697575,0.6105383621518322,7.189963628590921,-5.576866810991681,0.25,2.0,False,False,False,applied
2026-06-06_run02_cross_pm30_on_r01,18000,18000,0,-30.0,0.0,-263.27731514697575,-30.0726049456551,1.25728874236668,-263.051145814117,1.0,7.0,-6.0,-1.7392115825828005,2.4036594040277848,-0.0067264431053327915,0.4348028956457001,-0.6009148510069462,0.0,0.4348028956457001,-0.6009148510069462,0.0,-29.5651971043543,-0.6009148510069462,-263.27731514697575,0.6105395579017181,7.189962204863247,-5.576867016819082,0.25,2.0,False,False,True,applied
2026-06-06_run02_cross_pm30_on_r01,18100,18110,10,-30.0,0.0,-263.27731514697575,-30.0726049456551,1.25728874236668,-263.051145814117,1.0,7.0,-6.0,-1.7392115825828005,2.4036594040277848,-0.0067264431053327915,0.4348028956457001,-0.6009148510069462,0.0,0.4348028956457001,-0.6009148510069462,0.0,-29.5651971043543,-0.6009148510069462,-263.27731514697575,0.6105395579017181,7.189962204863247,-5.576867016819082,0.25,2.0,False,False,False,applied
2026-06-06_run02_cross_pm30_on_r01,18200,18203,3,-30.0,0.0,-263.27731514697575,-30.0726049456551,1.25728874236668,-263.051145814117,1.0,7.0,-6.0,-1.7392115825828005,2.4036594040277848,-0.0067264431053327915,0.4348028956457001,-0.6009148510069462,0.0,0.4348028956457001,-0.6009148510069462,0.0,-29.5651971043543,-0.6009148510069462,-263.27731514697575,0.6105395579017181,7.189962204863247,-5.576867016819082,0.25,2.0,False,False,False,applied
2026-06-06_run02_cross_pm30_on_r01,18300,18313,13,-30.0,0.0,-263.27731514697575,-30.0726049456551,1.25728874236668,-263.051145814117,1.0,7.0,-6.0,-1.7392115825828005,2.4036594040277848,-0.0067264431053327915,0.4348028956457001,-0.6009148510069462,0.0,0.4348028956457001,-0.6009148510069462,0.0,-29.5651971043543,-0.6009148510069462,-263.27731514697575,0.6105395579017181,7.189962204863247,-5.576867016819082,0.25,2.0,False,False,False,applied
2026-06-06_run02_cross_pm30_on_r01,18400,18407,7,-30.0,0.0,-263.27731514697575,-30.0726049456551,1.25728874236668,-263.051145814117,1.0,7.0,-6.0,-1.7392115825828005,2.4036594040277848,-0.0067264431053327915,0.4348028956457001,-0.6009148510069462,0.0,0.4348028956457001,-0.6009148510069462,0.0,-29.5651971043543,-0.6009148510069462,-263.27731514697575,0.6105395579017181,7.189962204863247,-5.576867016819082,0.25,2.0,False,False,False,applied
2026-06-06_run02_cross_pm30_on_r01,18500,18500,0,-30.0,0.0,-263.27731514697575,-30.0724471468292,1.25728260090121,-263.051155864424,1.0,7.0,-6.0,-1.7392230764974927,2.4036378337294484,-0.0067245686690084894,0.4348057691243732,-0.6009094584323621,0.0,0.4348057691243732,-0.6009094584323621,0.0,-29.565194230875626,-0.6009094584323621,-263.27731514697575,0.6105407537522057,7.189960781014815,-5.576867222663232,0.25,2.0,False,False,True,applied
2026-06-06_run02_cross_pm30_on_r01,18600,18625,25,-30.0,0.0,-263.27731514697575,-30.0724471468292,1.25728260090121,-263.051155864424,1.0,7.0,-6.0,-1.7392230764974927,2.4036378337294484,-0.0067245686690084894,0.4348057691243732,-0.6009094584323621,0.0,0.4348057691243732,-0.6009094584323621,0.0,-29.565194230875626,-0.6009094584323621,-263.27731514697575,0.6105407537522057,7.189960781014815,-5.576867222663232,0.25,2.0,False,False,False,applied
2026-06-06_run02_cross_pm30_on_r01,18700,18703,3,-30.0,0.0,-263.27731514697575,-30.0724471468292,1.25728260090121,-263.051155864424,1.0,7.0,-6.0,-1.7392230764974927,2.4036378337294484,-0.0067245686690084894,0.4348057691243732,-0.6009094584323621,0.0,0.4348057691243732,-0.6009094584323621,0.0,-29.565194230875626,-0.6009094584323621,-263.27731514697575,0.6105407537522057,7.189960781014815,-5.576867222663232,0.25,2.0,False,False,False,applied
2026-06-06_run02_cross_pm30_on_r01,18800,18813,13,-30.0,0.0,-263.27731514697575,-30.0724471468292,1.25728260090121,-263.051155864424,1.0,7.0,-6.0,-1.7392230764974927,2.4036378337294484,-0.0067245686690084894,0.4348057691243732,-0.6009094584323621,0.0,0.4348057691243732,-0.6009094584323621,0.0,-29.565194230875626,-0.6009094584323621,-263.27731514697575,0.6105407537522057,7.189960781014815,-5.576867222663232,0.25,2.0,False,False,False,applied
2026-06-06_run02_cross_pm30_on_r01,18900,18907,7,-30.0,0.0,-263.27731514697575,-30.0724471468292,1.25728260090121,-263.051155864424,1.0,7.0,-6.0,-1.7392230764974927,2.4036378337294484,-0.0067245686690084894,0.4348057691243732,-0.6009094584323621,0.0,0.4348057691243732,-0.6009094584323621,0.0,-29.565194230875626,-0.6009094584323621,-263.27731514697575,0.6105407537522057,7.189960781014815,-5.576867222663232,0.25,2.0,False,False,False,applied
2026-06-06_run02_cross_pm30_on_r01,19000,19016,16,-30.0,0.0,-263.27731514697575,-30.0722958577492,1.25727671278777,-263.051165500125,1.0,7.0,-6.0,-1.739234096246284,2.4036171532728865,-0.0067227715589445024,0.434808524061571,-0.6009042883182216,0.0,0.434808524061571,-0.6009042883182216,0.0,-29.56519147593843,-0.6009042883182216,-263.27731514697575,0.6105419002703414,7.189959415905052,-5.5768674200153505,0.25,2.0,False,False,True,applied
2026-06-06_run02_cross_pm30_on_r01,19100,19110,10,-30.0,0.0,-263.27731514697575,-30.0722958577492,1.25727671278777,-263.051165500125,1.0,7.0,-6.0,-1.739234096246284,2.4036171532728865,-0.0067227715589445024,0.434808524061571,-0.6009042883182216,0.0,0.434808524061571,-0.6009042883182216,0.0,-29.56519147593843,-0.6009042883182216,-263.27731514697575,0.6105419002703414,7.189959415905052,-5.5768674200153505,0.25,2.0,False,False,False,applied
2026-06-06_run02_cross_pm30_on_r01,19200,19203,3,-30.0,0.0,-263.27731514697575,-30.0722958577492,1.25727671278777,-263.051165500125,1.0,7.0,-6.0,-1.739234096246284,2.4036171532728865,-0.0067227715589445024,0.434808524061571,-0.6009042883182216,0.0,0.434808524061571,-0.6009042883182216,0.0,-29.56519147593843,-0.6009042883182216,-263.27731514697575,0.6105419002703414,7.189959415905052,-5.5768674200153505,0.25,2.0,False,False,False,applied
2026-06-06_run02_cross_pm30_on_r01,19300,19313,13,-30.0,0.0,-263.27731514697575,-30.0722958577492,1.25727671278777,-263.051165500125,1.0,7.0,-6.0,-1.739234096246284,2.4036171532728865,-0.0067227715589445024,0.434808524061571,-0.6009042883182216,0.0,0.434808524061571,-0.6009042883182216,0.0,-29.56519147593843,-0.6009042883182216,-263.27731514697575,0.6105419002703414,7.189959415905052,-5.5768674200153505,0.25,2.0,False,False,False,applied
2026-06-06_run02_cross_pm30_on_r01,19400,19407,7,-30.0,0.0,-263.27731514697575,-30.0722958577492,1.25727671278777,-263.051165500125,1.0,7.0,-6.0,-1.739234096246284,2.4036171532728865,-0.0067227715589445024,0.434808524061571,-0.6009042883182216,0.0,0.434808524061571,-0.6009042883182216,0.0,-29.56519147593843,-0.6009042883182216,-263.27731514697575,0.6105419002703414,7.189959415905052,-5.5768674200153505,0.25,2.0,False,False,False,applied
2026-06-06_run02_cross_pm30_on_r01,19500,19500,0,-30.0,0.0,-263.27731514697575,-30.0721496215707,1.2572710213319,-263.051174814002,1.0,7.0,-6.0,-1.73924474794751,2.4035971635252276,-0.006721034470786627,0.4348111869868775,-0.6008992908813069,0.0,0.4348111869868775,-0.6008992908813069,0.0,-29.565188813013123,-0.6008992908813069,-263.27731514697575,0.6105430084955862,7.189958096388566,-5.5768676107764374,0.25,2.0,False,False,True,applied
2026-06-06_run02_cross_pm30_on_r01,19600,19610,10,-30.0,0.0,-263.27731514697575,-30.0721496215707,1.2572710213319,-263.051174814002,1.0,7.0,-6.0,-1.73924474794751,2.4035971635252276,-0.006721034470786627,0.4348111869868775,-0.6008992908813069,0.0,0.4348111869868775,-0.6008992908813069,0.0,-29.565188813013123,-0.6008992908813069,-263.27731514697575,0.6105430084955862,7.189958096388566,-5.5768676107764374,0.25,2.0,False,False,False,applied
2026-06-06_run02_cross_pm30_on_r01,19700,19703,3,-30.0,0.0,-263.27731514697575,-30.0721496215707,1.2572710213319,-263.051174814002,1.0,7.0,-6.0,-1.73924474794751,2.4035971635252276,-0.006721034470786627,0.4348111869868775,-0.6008992908813069,0.0,0.4348111869868775,-0.6008992908813069,0.0,-29.565188813013123,-0.6008992908813069,-263.27731514697575,0.6105430084955862,7.189958096388566,-5.5768676107764374,0.25,2.0,False,False,False,applied
2026-06-06_run02_cross_pm30_on_r01,19800,19813,13,-30.0,0.0,-263.27731514697575,-30.0721496215707,1.2572710213319,-263.051174814002,1.0,7.0,-6.0,-1.73924474794751,2.4035971635252276,-0.006721034470786627,0.4348111869868775,-0.6008992908813069,0.0,0.4348111869868775,-0.6008992908813069,0.0,-29.565188813013123,-0.6008992908813069,-263.27731514697575,0.6105430084955862,7.189958096388566,-5.5768676107764374,0.25,2.0,False,False,False,applied
2026-06-06_run02_cross_pm30_on_r01,19900,19922,22,-30.0,0.0,-263.27731514697575,-30.0721496215707,1.2572710213319,-263.051174814002,1.0,7.0,-6.0,-1.73924474794751,2.4035971635252276,-0.006721034470786627,0.4348111869868775,-0.6008992908813069,0.0,0.4348111869868775,-0.6008992908813069,0.0,-29.565188813013123,-0.6008992908813069,-263.27731514697575,0.6105430084955862,7.189958096388566,-5.5768676107764374,0.25,2.0,False,False,False,applied
2026-06-06_run02_cross_pm30_on_r01,20000,20000,0,0.0,0.0,-263.27731514697575,-6.00081287248935,0.263606334668801,-263.500433017407,0.0,0.0,0.0,-1.434898092057178,-0.11511806422005677,0.06932203577475064,0.3587245230142945,0.028779516055014193,0.0,0.3587245230142945,0.028779516055014193,0.0,0.3587245230142945,0.028779516055014193,-263.27731514697575,0.0073189844032512455,-0.08128366226023266,0.07429530859220518,0.25,2.0,False,False,True,applied
2026-06-06_run02_cross_pm30_on_r01,20100,20110,10,0.0,0.0,-263.27731514697575,-6.00081287248935,0.263606334668801,-263.500433017407,0.0,0.0,0.0,-1.434898092057178,-0.11511806422005677,0.06932203577475064,0.3587245230142945,0.028779516055014193,0.0,0.3587245230142945,0.028779516055014193,0.0,0.3587245230142945,0.028779516055014193,-263.27731514697575,0.0073189844032512455,-0.08128366226023266,0.07429530859220518,0.25,2.0,False,False,False,applied
2026-06-06_run02_cross_pm30_on_r01,20200,20203,3,0.0,0.0,-263.27731514697575,-6.00081287248935,0.263606334668801,-263.500433017407,0.0,0.0,0.0,-1.434898092057178,-0.11511806422005677,0.06932203577475064,0.3587245230142945,0.028779516055014193,0.0,0.3587245230142945,0.028779516055014193,0.0,0.3587245230142945,0.028779516055014193,-263.27731514697575,0.0073189844032512455,-0.08128366226023266,0.07429530859220518,0.25,2.0,False,False,False,applied
2026-06-06_run02_cross_pm30_on_r01,20300,20313,13,0.0,0.0,-263.27731514697575,-6.00081287248935,0.263606334668801,-263.500433017407,0.0,0.0,0.0,-1.434898092057178,-0.11511806422005677,0.06932203577475064,0.3587245230142945,0.028779516055014193,0.0,0.3587245230142945,0.028779516055014193,0.0,0.3587245230142945,0.028779516055014193,-263.27731514697575,0.0073189844032512455,-0.08128366226023266,0.07429530859220518,0.25,2.0,False,False,False,applied
2026-06-06_run02_cross_pm30_on_r01,20400,20407,7,0.0,0.0,-263.27731514697575,-6.00081287248935,0.263606334668801,-263.500433017407,0.0,0.0,0.0,-1.434898092057178,-0.11511806422005677,0.06932203577475064,0.3587245230142945,0.028779516055014193,0.0,0.3587245230142945,0.028779516055014193,0.0,0.3587245230142945,0.028779516055014193,-263.27731514697575,0.0073189844032512455,-0.08128366226023266,0.07429530859220518,0.25,2.0,False,False,False,applied
2026-06-06_run02_cross_pm30_on_r01,20500,20500,0,0.0,0.0,-263.27731514697575,0.000409180100949101,-1.81723394052152e-05,-263.277295292322,0.0,0.0,0.0,-2.2415279335027725,0.21154557210585911,0.02963563748995643,0.5603819833756931,-0.05288639302646478,0.0,0.5603819833756931,-0.05288639302646478,0.0,0.5603819833756931,-0.05288639302646478,-263.27731514697575,-0.01296685375313739,-0.11462948276001708,0.1284050869878776,0.25,2.0,False,False,True,applied
2026-06-06_run02_cross_pm30_on_r01,20600,20610,10,0.0,0.0,-263.27731514697575,0.000409180100949101,-1.81723394052152e-05,-263.277295292322,0.0,0.0,0.0,-2.2415279335027725,0.21154557210585911,0.02963563748995643,0.5603819833756931,-0.05288639302646478,0.0,0.5603819833756931,-0.05288639302646478,0.0,0.5603819833756931,-0.05288639302646478,-263.27731514697575,-0.01296685375313739,-0.11462948276001708,0.1284050869878776,0.25,2.0,False,False,False,applied
2026-06-06_run02_cross_pm30_on_r01,20700,20703,3,0.0,0.0,-263.27731514697575,0.000409180100949101,-1.81723394052152e-05,-263.277295292322,0.0,0.0,0.0,-2.2415279335027725,0.21154557210585911,0.02963563748995643,0.5603819833756931,-0.05288639302646478,0.0,0.5603819833756931,-0.05288639302646478,0.0,0.5603819833756931,-0.05288639302646478,-263.27731514697575,-0.01296685375313739,-0.11462948276001708,0.1284050869878776,0.25,2.0,False,False,False,applied
2026-06-06_run02_cross_pm30_on_r01,20800,20813,13,0.0,0.0,-263.27731514697575,0.000409180100949101,-1.81723394052152e-05,-263.277295292322,0.0,0.0,0.0,-2.2415279335027725,0.21154557210585911,0.02963563748995643,0.5603819833756931,-0.05288639302646478,0.0,0.5603819833756931,-0.05288639302646478,0.0,0.5603819833756931,-0.05288639302646478,-263.27731514697575,-0.01296685375313739,-0.11462948276001708,0.1284050869878776,0.25,2.0,False,False,False,applied
2026-06-06_run02_cross_pm30_on_r01,20900,20907,7,0.0,0.0,-263.27731514697575,0.000409180100949101,-1.81723394052152e-05,-263.277295292322,0.0,0.0,0.0,-2.2415279335027725,0.21154557210585911,0.02963563748995643,0.5603819833756931,-0.05288639302646478,0.0,0.5603819833756931,-0.05288639302646478,0.0,0.5603819833756931,-0.05288639302646478,-263.27731514697575,-0.01296685375313739,-0.11462948276001708,0.1284050869878776,0.25,2.0,False,False,False,applied
2026-06-06_run02_cross_pm30_on_r01,21000,21000,0,0.0,0.0,-263.27731514697575,0.00171161249315129,-7.60156327459847e-05,-263.277232089606,0.0,0.0,0.0,-2.2417120121819623,0.21164446728372818,0.029624315759744616,0.5604280030454906,-0.052911116820932046,0.0,0.5604280030454906,-0.052911116820932046,0.0,0.5604280030454906,-0.052911116820932046,-263.27731514697575,-0.012972997416695931,-0.11463632050487177,0.12841820671648593,0.25,2.0,False,False,True,applied
2026-06-06_run02_cross_pm30_on_r01,21100,21110,10,0.0,0.0,-263.27731514697575,0.00171161249315129,-7.60156327459847e-05,-263.277232089606,0.0,0.0,0.0,-2.2417120121819623,0.21164446728372818,0.029624315759744616,0.5604280030454906,-0.052911116820932046,0.0,0.5604280030454906,-0.052911116820932046,0.0,0.5604280030454906,-0.052911116820932046,-263.27731514697575,-0.012972997416695931,-0.11463632050487177,0.12841820671648593,0.25,2.0,False,False,False,applied
2026-06-06_run02_cross_pm30_on_r01,21200,21203,3,0.0,0.0,-263.27731514697575,0.00171161249315129,-7.60156327459847e-05,-263.277232089606,0.0,0.0,0.0,-2.2417120121819623,0.21164446728372818,0.029624315759744616,0.5604280030454906,-0.052911116820932046,0.0,0.5604280030454906,-0.052911116820932046,0.0,0.5604280030454906,-0.052911116820932046,-263.27731514697575,-0.012972997416695931,-0.11463632050487177,0.12841820671648593,0.25,2.0,False,False,False,applied
2026-06-06_run02_cross_pm30_on_r01,21300,21313,13,0.0,0.0,-263.27731514697575,0.00171161249315129,-7.60156327459847e-05,-263.277232089606,0.0,0.0,0.0,-2.2417120121819623,0.21164446728372818,0.029624315759744616,0.5604280030454906,-0.052911116820932046,0.0,0.5604280030454906,-0.052911116820932046,0.0,0.5604280030454906,-0.052911116820932046,-263.27731514697575,-0.012972997416695931,-0.11463632050487177,0.12841820671648593,0.25,2.0,False,False,False,applied
2026-06-06_run02_cross_pm30_on_r01,21400,21407,7,0.0,0.0,-263.27731514697575,0.00171161249315129,-7.60156327459847e-05,-263.277232089606,0.0,0.0,0.0,-2.2417120121819623,0.21164446728372818,0.029624315759744616,0.5604280030454906,-0.052911116820932046,0.0,0.5604280030454906,-0.052911116820932046,0.0,0.5604280030454906,-0.052911116820932046,-263.27731514697575,-0.012972997416695931,-0.11463632050487177,0.12841820671648593,0.25,2.0,False,False,False,applied
2026-06-06_run02_cross_pm30_on_r01,21500,21500,0,0.0,0.0,-263.27731514697575,0.00158919083130811,-7.05786778998578e-05,-263.277238030212,0.0,0.0,0.0,-2.241694709840459,0.21163517187652217,0.02962537992143731,0.5604236774601148,-0.05290879296913054,0.0,0.5604236774601148,-0.05290879296913054,0.0,0.5604236774601148,-0.05290879296913054,-263.27731514697575,-0.012972419958451087,-0.11463567779064246,0.1284169735423775,0.25,2.0,False,False,True,applied
2026-06-06_run02_cross_pm30_on_r01,21600,21610,10,0.0,0.0,-263.27731514697575,0.00158919083130811,-7.05786778998578e-05,-263.277238030212,0.0,0.0,0.0,-2.241694709840459,0.21163517187652217,0.02962537992143731,0.5604236774601148,-0.05290879296913054,0.0,0.5604236774601148,-0.05290879296913054,0.0,0.5604236774601148,-0.05290879296913054,-263.27731514697575,-0.012972419958451087,-0.11463567779064246,0.1284169735423775,0.25,2.0,False,False,False,applied
2026-06-06_run02_cross_pm30_on_r01,21700,21703,3,0.0,0.0,-263.27731514697575,0.00158919083130811,-7.05786778998578e-05,-263.277238030212,0.0,0.0,0.0,-2.241694709840459,0.21163517187652217,0.02962537992143731,0.5604236774601148,-0.05290879296913054,0.0,0.5604236774601148,-0.05290879296913054,0.0,0.5604236774601148,-0.05290879296913054,-263.27731514697575,-0.012972419958451087,-0.11463567779064246,0.1284169735423775,0.25,2.0,False,False,False,applied
2026-06-06_run02_cross_pm30_on_r01,21800,21813,13,0.0,0.0,-263.27731514697575,0.00158919083130811,-7.05786778998578e-05,-263.277238030212,0.0,0.0,0.0,-2.241694709840459,0.21163517187652217,0.02962537992143731,0.5604236774601148,-0.05290879296913054,0.0,0.5604236774601148,-0.05290879296913054,0.0,0.5604236774601148,-0.05290879296913054,-263.27731514697575,-0.012972419958451087,-0.11463567779064246,0.1284169735423775,0.25,2.0,False,False,False,applied
2026-06-06_run02_cross_pm30_on_r01,21900,21907,7,0.0,0.0,-263.27731514697575,0.00158919083130811,-7.05786778998578e-05,-263.277238030212,0.0,0.0,0.0,-2.241694709840459,0.21163517187652217,0.02962537992143731,0.5604236774601148,-0.05290879296913054,0.0,0.5604236774601148,-0.05290879296913054,0.0,0.5604236774601148,-0.05290879296913054,-263.27731514697575,-0.012972419958451087,-0.11463567779064246,0.1284169735423775,0.25,2.0,False,False,False,applied
2026-06-06_run02_cross_pm30_on_r01,22000,22000,0,0.0,0.0,-263.27731514697575,0.00132495985054211,-5.88437060028627e-05,-263.277250852783,0.0,0.0,0.0,-2.2416573646820876,0.21161510791100768,0.02962767687611835,0.5604143411705219,-0.05290377697775192,0.0,0.5604143411705219,-0.05290377697775192,0.0,0.5604143411705219,-0.05290377697775192,-263.27731514697575,-0.012971173525189865,-0.1146342905920264,0.12841431184739935,0.25,2.0,False,False,True,applied
2026-06-06_run02_cross_pm30_on_r01,22100,22110,10,0.0,0.0,-263.27731514697575,0.00132495985054211,-5.88437060028627e-05,-263.277250852783,0.0,0.0,0.0,-2.2416573646820876,0.21161510791100768,0.02962767687611835,0.5604143411705219,-0.05290377697775192,0.0,0.5604143411705219,-0.05290377697775192,0.0,0.5604143411705219,-0.05290377697775192,-263.27731514697575,-0.012971173525189865,-0.1146342905920264,0.12841431184739935,0.25,2.0,False,False,False,applied
2026-06-06_run02_cross_pm30_on_r01,22200,22203,3,0.0,0.0,-263.27731514697575,0.00132495985054211,-5.88437060028627e-05,-263.277250852783,0.0,0.0,0.0,-2.2416573646820876,0.21161510791100768,0.02962767687611835,0.5604143411705219,-0.05290377697775192,0.0,0.5604143411705219,-0.05290377697775192,0.0,0.5604143411705219,-0.05290377697775192,-263.27731514697575,-0.012971173525189865,-0.1146342905920264,0.12841431184739935,0.25,2.0,False,False,False,applied
2026-06-06_run02_cross_pm30_on_r01,22300,22313,13,0.0,0.0,-263.27731514697575,0.00132495985054211,-5.88437060028627e-05,-263.277250852783,0.0,0.0,0.0,-2.2416573646820876,0.21161510791100768,0.02962767687611835,0.5604143411705219,-0.05290377697775192,0.0,0.5604143411705219,-0.05290377697775192,0.0,0.5604143411705219,-0.05290377697775192,-263.27731514697575,-0.012971173525189865,-0.1146342905920264,0.12841431184739935,0.25,2.0,False,False,False,applied
2026-06-06_run02_cross_pm30_on_r01,22400,22407,7,0.0,0.0,-263.27731514697575,0.00132495985054211,-5.88437060028627e-05,-263.277250852783,0.0,0.0,0.0,-2.2416573646820876,0.21161510791100768,0.02962767687611835,0.5604143411705219,-0.05290377697775192,0.0,0.5604143411705219,-0.05290377697775192,0.0,0.5604143411705219,-0.05290377697775192,-263.27731514697575,-0.012971173525189865,-0.1146342905920264,0.12841431184739935,0.25,2.0,False,False,False,applied
2026-06-06_run02_cross_pm30_on_r01,22500,22500,0,0.0,0.0,-263.27731514697575,0.00115220346186525,-5.11712882286282e-05,-263.277259236206,0.0,0.0,0.0,-2.241632948158825,0.21160199007580724,0.02962917862942441,0.5604082370397062,-0.05290049751895181,0.0,0.5604082370397062,-0.05290049751895181,0.0,0.5604082370397062,-0.05290049751895181,-263.27731514697575,-0.012970358606216545,-0.1146333836277058,0.1284125716169314,0.25,2.0,False,False,True,applied
2026-06-06_run02_cross_pm30_on_r01,22600,22610,10,0.0,0.0,-263.27731514697575,0.00115220346186525,-5.11712882286282e-05,-263.277259236206,0.0,0.0,0.0,-2.241632948158825,0.21160199007580724,0.02962917862942441,0.5604082370397062,-0.05290049751895181,0.0,0.5604082370397062,-0.05290049751895181,0.0,0.5604082370397062,-0.05290049751895181,-263.27731514697575,-0.012970358606216545,-0.1146333836277058,0.1284125716169314,0.25,2.0,False,False,False,applied
2026-06-06_run02_cross_pm30_on_r01,22700,22703,3,0.0,0.0,-263.27731514697575,0.00115220346186525,-5.11712882286282e-05,-263.277259236206,0.0,0.0,0.0,-2.241632948158825,0.21160199007580724,0.02962917862942441,0.5604082370397062,-0.05290049751895181,0.0,0.5604082370397062,-0.05290049751895181,0.0,0.5604082370397062,-0.05290049751895181,-263.27731514697575,-0.012970358606216545,-0.1146333836277058,0.1284125716169314,0.25,2.0,False,False,False,applied
2026-06-06_run02_cross_pm30_on_r01,22800,22813,13,0.0,0.0,-263.27731514697575,0.00115220346186525,-5.11712882286282e-05,-263.277259236206,0.0,0.0,0.0,-2.241632948158825,0.21160199007580724,0.02962917862942441,0.5604082370397062,-0.05290049751895181,0.0,0.5604082370397062,-0.05290049751895181,0.0,0.5604082370397062,-0.05290049751895181,-263.27731514697575,-0.012970358606216545,-0.1146333836277058,0.1284125716169314,0.25,2.0,False,False,False,applied
2026-06-06_run02_cross_pm30_on_r01,22900,22907,7,0.0,0.0,-263.27731514697575,0.00115220346186525,-5.11712882286282e-05,-263.277259236206,0.0,0.0,0.0,-2.241632948158825,0.21160199007580724,0.02962917862942441,0.5604082370397062,-0.05290049751895181,0.0,0.5604082370397062,-0.05290049751895181,0.0,0.5604082370397062,-0.05290049751895181,-263.27731514697575,-0.012970358606216545,-0.1146333836277058,0.1284125716169314,0.25,2.0,False,False,False,applied
2026-06-06_run02_cross_pm30_on_r01,23000,23000,0,0.0,0.0,-263.27731514697575,0.000981890578807508,-4.36073905720877e-05,-263.277267501057,0.0,0.0,0.0,-2.2416088769853495,0.2115890577727356,0.029630659142511027,0.5604022192463374,-0.0528972644431839,0.0,0.5604022192463374,-0.0528972644431839,0.0,0.5604022192463374,-0.0528972644431839,-263.27731514697575,-0.012969555212767036,-0.11463248949204898,0.12841085600012586,0.25,2.0,False,False,True,applied
2026-06-06_run02_cross_pm30_on_r01,23100,23110,10,0.0,0.0,-263.27731514697575,0.000981890578807508,-4.36073905720877e-05,-263.277267501057,0.0,0.0,0.0,-2.2416088769853495,0.2115890577727356,0.029630659142511027,0.5604022192463374,-0.0528972644431839,0.0,0.5604022192463374,-0.0528972644431839,0.0,0.5604022192463374,-0.0528972644431839,-263.27731514697575,-0.012969555212767036,-0.11463248949204898,0.12841085600012586,0.25,2.0,False,False,False,applied
2026-06-06_run02_cross_pm30_on_r01,23200,23203,3,0.0,0.0,-263.27731514697575,0.000981890578807508,-4.36073905720877e-05,-263.277267501057,0.0,0.0,0.0,-2.2416088769853495,0.2115890577727356,0.029630659142511027,0.5604022192463374,-0.0528972644431839,0.0,0.5604022192463374,-0.0528972644431839,0.0,0.5604022192463374,-0.0528972644431839,-263.27731514697575,-0.012969555212767036,-0.11463248949204898,0.12841085600012586,0.25,2.0,False,False,False,applied
2026-06-06_run02_cross_pm30_on_r01,23300,23313,13,0.0,0.0,-263.27731514697575,0.000981890578807508,-4.36073905720877e-05,-263.277267501057,0.0,0.0,0.0,-2.2416088769853495,0.2115890577727356,0.029630659142511027,0.5604022192463374,-0.0528972644431839,0.0,0.5604022192463374,-0.0528972644431839,0.0,0.5604022192463374,-0.0528972644431839,-263.27731514697575,-0.012969555212767036,-0.11463248949204898,0.12841085600012586,0.25,2.0,False,False,False,applied
2026-06-06_run02_cross_pm30_on_r01,23400,23407,7,0.0,0.0,-263.27731514697575,0.000981890578807508,-4.36073905720877e-05,-263.277267501057,0.0,0.0,0.0,-2.2416088769853495,0.2115890577727356,0.029630659142511027,0.5604022192463374,-0.0528972644431839,0.0,0.5604022192463374,-0.0528972644431839,0.0,0.5604022192463374,-0.0528972644431839,-263.27731514697575,-0.012969555212767036,-0.11463248949204898,0.12841085600012586,0.25,2.0,False,False,False,applied
2026-06-06_run02_cross_pm30_on_r01,23500,23500,0,0.0,0.0,-263.27731514697575,0.000825419628742527,-3.66582379633603e-05,-263.277275094191,0.0,0.0,0.0,-2.241586762163589,0.2115771765298922,0.02963201932845744,0.5603966905408972,-0.05289429413247305,0.0,0.5603966905408972,-0.05289429413247305,0.0,0.5603966905408972,-0.05289429413247305,-263.27731514697575,-0.012968817114345109,-0.11463166802567422,0.12840927981806158,0.25,2.0,False,False,True,applied
2026-06-06_run02_cross_pm30_on_r01,23600,23610,10,0.0,0.0,-263.27731514697575,0.000825419628742527,-3.66582379633603e-05,-263.277275094191,0.0,0.0,0.0,-2.241586762163589,0.2115771765298922,0.02963201932845744,0.5603966905408972,-0.05289429413247305,0.0,0.5603966905408972,-0.05289429413247305,0.0,0.5603966905408972,-0.05289429413247305,-263.27731514697575,-0.012968817114345109,-0.11463166802567422,0.12840927981806158,0.25,2.0,False,False,False,applied
2026-06-06_run02_cross_pm30_on_r01,23700,23703,3,0.0,0.0,-263.27731514697575,0.000825419628742527,-3.66582379633603e-05,-263.277275094191,0.0,0.0,0.0,-2.241586762163589,0.2115771765298922,0.02963201932845744,0.5603966905408972,-0.05289429413247305,0.0,0.5603966905408972,-0.05289429413247305,0.0,0.5603966905408972,-0.05289429413247305,-263.27731514697575,-0.012968817114345109,-0.11463166802567422,0.12840927981806158,0.25,2.0,False,False,False,applied
2026-06-06_run02_cross_pm30_on_r01,23800,23813,13,0.0,0.0,-263.27731514697575,0.000825419628742527,-3.66582379633603e-05,-263.277275094191,0.0,0.0,0.0,-2.241586762163589,0.2115771765298922,0.02963201932845744,0.5603966905408972,-0.05289429413247305,0.0,0.5603966905408972,-0.05289429413247305,0.0,0.5603966905408972,-0.05289429413247305,-263.27731514697575,-0.012968817114345109,-0.11463166802567422,0.12840927981806158,0.25,2.0,False,False,False,applied
2026-06-06_run02_cross_pm30_on_r01,23900,23907,7,0.0,0.0,-263.27731514697575,0.000825419628742527,-3.66582379633603e-05,-263.277275094191,0.0,0.0,0.0,-2.241586762163589,0.2115771765298922,0.02963201932845744,0.5603966905408972,-0.05289429413247305,0.0,0.5603966905408972,-0.05289429413247305,0.0,0.5603966905408972,-0.05289429413247305,-263.27731514697575,-0.012968817114345109,-0.11463166802567422,0.12840927981806158,0.25,2.0,False,False,False,applied
2026-06-06_run02_cross_pm30_on_r01,24000,24000,0,0.0,0.0,-263.27731514697575,0.000691683173224919,-3.07187655565953e-05,-263.277281584056,0.0,0.0,0.0,-2.241567860535196,0.2115670216180149,0.02963318188169291,0.560391965133799,-0.05289175540450373,0.0,0.560391965133799,-0.05289175540450373,0.0,0.560391965133799,-0.05289175540450373,-263.27731514697575,-0.012968186260908407,-0.11463096591383969,0.12840793264988473,0.25,2.0,False,False,True,applied
2026-06-06_run02_cross_pm30_on_r01,24100,24110,10,0.0,0.0,-263.27731514697575,0.000691683173224919,-3.07187655565953e-05,-263.277281584056,0.0,0.0,0.0,-2.241567860535196,0.2115670216180149,0.02963318188169291,0.560391965133799,-0.05289175540450373,0.0,0.560391965133799,-0.05289175540450373,0.0,0.560391965133799,-0.05289175540450373,-263.27731514697575,-0.012968186260908407,-0.11463096591383969,0.12840793264988473,0.25,2.0,False,False,False,applied
2026-06-06_run02_cross_pm30_on_r01,24200,24203,3,0.0,0.0,-263.27731514697575,0.000691683173224919,-3.07187655565953e-05,-263.277281584056,0.0,0.0,0.0,-2.241567860535196,0.2115670216180149,0.02963318188169291,0.560391965133799,-0.05289175540450373,0.0,0.560391965133799,-0.05289175540450373,0.0,0.560391965133799,-0.05289175540450373,-263.27731514697575,-0.012968186260908407,-0.11463096591383969,0.12840793264988473,0.25,2.0,False,False,False,applied
2026-06-06_run02_cross_pm30_on_r01,24300,24313,13,0.0,0.0,-263.27731514697575,0.000691683173224919,-3.07187655565953e-05,-263.277281584056,0.0,0.0,0.0,-2.241567860535196,0.2115670216180149,0.02963318188169291,0.560391965133799,-0.05289175540450373,0.0,0.560391965133799,-0.05289175540450373,0.0,0.560391965133799,-0.05289175540450373,-263.27731514697575,-0.012968186260908407,-0.11463096591383969,0.12840793264988473,0.25,2.0,False,False,False,applied
2026-06-06_run02_cross_pm30_on_r01,24400,24407,7,0.0,0.0,-263.27731514697575,0.000691683173224919,-3.07187655565953e-05,-263.277281584056,0.0,0.0,0.0,-2.241567860535196,0.2115670216180149,0.02963318188169291,0.560391965133799,-0.05289175540450373,0.0,0.560391965133799,-0.05289175540450373,0.0,0.560391965133799,-0.05289175540450373,-263.27731514697575,-0.012968186260908407,-0.11463096591383969,0.12840793264988473,0.25,2.0,False,False,False,applied
2026-06-06_run02_cross_pm30_on_r01,24500,24500,0,0.0,0.0,-263.27731514697575,0.000652883018917996,-2.89955870953799e-05,-263.2772834668,0.0,0.0,0.0,-2.24156237679352,0.21156407566486682,0.029633519143988277,0.56039059419838,-0.052891018916216705,0.0,0.56039059419838,-0.052891018916216705,0.0,0.56039059419838,-0.052891018916216705,-263.27731514697575,-0.01296800324947904,-0.11463076221107252,0.12840754181547354,0.25,2.0,False,False,True,applied
2026-06-06_run02_cross_pm30_on_r01,24600,24610,10,0.0,0.0,-263.27731514697575,0.000652883018917996,-2.89955870953799e-05,-263.2772834668,0.0,0.0,0.0,-2.24156237679352,0.21156407566486682,0.029633519143988277,0.56039059419838,-0.052891018916216705,0.0,0.56039059419838,-0.052891018916216705,0.0,0.56039059419838,-0.052891018916216705,-263.27731514697575,-0.01296800324947904,-0.11463076221107252,0.12840754181547354,0.25,2.0,False,False,False,applied
2026-06-06_run02_cross_pm30_on_r01,24700,24703,3,0.0,0.0,-263.27731514697575,0.000652883018917996,-2.89955870953799e-05,-263.2772834668,0.0,0.0,0.0,-2.24156237679352,0.21156407566486682,0.029633519143988277,0.56039059419838,-0.052891018916216705,0.0,0.56039059419838,-0.052891018916216705,0.0,0.56039059419838,-0.052891018916216705,-263.27731514697575,-0.01296800324947904,-0.11463076221107252,0.12840754181547354,0.25,2.0,False,False,False,applied
2026-06-06_run02_cross_pm30_on_r01,24800,24813,13,0.0,0.0,-263.27731514697575,0.000652883018917996,-2.89955870953799e-05,-263.2772834668,0.0,0.0,0.0,-2.24156237679352,0.21156407566486682,0.029633519143988277,0.56039059419838,-0.052891018916216705,0.0,0.56039059419838,-0.052891018916216705,0.0,0.56039059419838,-0.052891018916216705,-263.27731514697575,-0.01296800324947904,-0.11463076221107252,0.12840754181547354,0.25,2.0,False,False,False,applied
2026-06-06_run02_cross_pm30_on_r01,24900,24907,7,0.0,0.0,-263.27731514697575,0.000652883018917996,-2.89955870953799e-05,-263.2772834668,0.0,0.0,0.0,-2.24156237679352,0.21156407566486682,0.029633519143988277,0.56039059419838,-0.052891018916216705,0.0,0.56039059419838,-0.052891018916216705,0.0,0.56039059419838,-0.052891018916216705,-263.27731514697575,-0.01296800324947904,-0.11463076221107252,0.12840754181547354,0.25,2.0,False,False,False,applied
2026-06-06_run02_cross_pm30_on_r01,25000,25000,0,0.0,30.0,-263.27731514697575,4.99810110826272e-08,23.556765546823,-263.422230216695,8.0,-3.0,-3.0,-2.055422253690501,0.9420378553136288,0.07969895797767355,0.5138555634226253,-0.2355094638284072,0.0,0.5138555634226253,-0.2355094638284072,0.0,0.5138555634226253,29.764490536171593,-263.27731514697575,8.145082247312063,-3.0690153745343576,-2.8459456955866838,0.25,2.0,False,False,True,applied
2026-06-06_run02_cross_pm30_on_r01,25100,25110,10,0.0,30.0,-263.27731514697575,4.99810110826272e-08,23.556765546823,-263.422230216695,8.0,-3.0,-3.0,-2.055422253690501,0.9420378553136288,0.07969895797767355,0.5138555634226253,-0.2355094638284072,0.0,0.5138555634226253,-0.2355094638284072,0.0,0.5138555634226253,29.764490536171593,-263.27731514697575,8.145082247312063,-3.0690153745343576,-2.8459456955866838,0.25,2.0,False,False,False,applied
2026-06-06_run02_cross_pm30_on_r01,25200,25203,3,0.0,30.0,-263.27731514697575,4.99810110826272e-08,23.556765546823,-263.422230216695,8.0,-3.0,-3.0,-2.055422253690501,0.9420378553136288,0.07969895797767355,0.5138555634226253,-0.2355094638284072,0.0,0.5138555634226253,-0.2355094638284072,0.0,0.5138555634226253,29.764490536171593,-263.27731514697575,8.145082247312063,-3.0690153745343576,-2.8459456955866838,0.25,2.0,False,False,False,applied
2026-06-06_run02_cross_pm30_on_r01,25300,25313,13,0.0,30.0,-263.27731514697575,4.99810110826272e-08,23.556765546823,-263.422230216695,8.0,-3.0,-3.0,-2.055422253690501,0.9420378553136288,0.07969895797767355,0.5138555634226253,-0.2355094638284072,0.0,0.5138555634226253,-0.2355094638284072,0.0,0.5138555634226253,29.764490536171593,-263.27731514697575,8.145082247312063,-3.0690153745343576,-2.8459456955866838,0.25,2.0,False,False,False,applied
2026-06-06_run02_cross_pm30_on_r01,25400,25407,7,0.0,30.0,-263.27731514697575,4.99810110826272e-08,23.556765546823,-263.422230216695,8.0,-3.0,-3.0,-2.055422253690501,0.9420378553136288,0.07969895797767355,0.5138555634226253,-0.2355094638284072,0.0,0.5138555634226253,-0.2355094638284072,0.0,0.5138555634226253,29.764490536171593,-263.27731514697575,8.145082247312063,-3.0690153745343576,-2.8459456955866838,0.25,2.0,False,False,False,applied
2026-06-06_run02_cross_pm30_on_r01,25500,25500,0,0.0,30.0,-263.27731514697575,1.07530125910071e-13,29.4684242289082,-263.141066002243,8.0,-3.0,-3.0,-2.1481105063455757,1.7068336686244137,0.025203540769943335,0.5370276265863939,-0.4267084171561034,0.0,0.5370276265863939,-0.4267084171561034,0.0,0.5370276265863939,29.573291582843897,-263.27731514697575,8.088670607120681,-3.0599614645700015,-2.826829482114081,0.25,2.0,False,False,True,applied
2026-06-06_run02_cross_pm30_on_r01,25600,25610,10,0.0,30.0,-263.27731514697575,1.07530125910071e-13,29.4684242289082,-263.141066002243,8.0,-3.0,-3.0,-2.1481105063455757,1.7068336686244137,0.025203540769943335,0.5370276265863939,-0.4267084171561034,0.0,0.5370276265863939,-0.4267084171561034,0.0,0.5370276265863939,29.573291582843897,-263.27731514697575,8.088670607120681,-3.0599614645700015,-2.826829482114081,0.25,2.0,False,False,False,applied
2026-06-06_run02_cross_pm30_on_r01,25700,25703,3,0.0,30.0,-263.27731514697575,1.07530125910071e-13,29.4684242289082,-263.141066002243,8.0,-3.0,-3.0,-2.1481105063455757,1.7068336686244137,0.025203540769943335,0.5370276265863939,-0.4267084171561034,0.0,0.5370276265863939,-0.4267084171561034,0.0,0.5370276265863939,29.573291582843897,-263.27731514697575,8.088670607120681,-3.0599614645700015,-2.826829482114081,0.25,2.0,False,False,False,applied
2026-06-06_run02_cross_pm30_on_r01,25800,25813,13,0.0,30.0,-263.27731514697575,1.07530125910071e-13,29.4684242289082,-263.141066002243,8.0,-3.0,-3.0,-2.1481105063455757,1.7068336686244137,0.025203540769943335,0.5370276265863939,-0.4267084171561034,0.0,0.5370276265863939,-0.4267084171561034,0.0,0.5370276265863939,29.573291582843897,-263.27731514697575,8.088670607120681,-3.0599614645700015,-2.826829482114081,0.25,2.0,False,False,False,applied
2026-06-06_run02_cross_pm30_on_r01,25900,25907,7,0.0,30.0,-263.27731514697575,1.07530125910071e-13,29.4684242289082,-263.141066002243,8.0,-3.0,-3.0,-2.1481105063455757,1.7068336686244137,0.025203540769943335,0.5370276265863939,-0.4267084171561034,0.0,0.5370276265863939,-0.4267084171561034,0.0,0.5370276265863939,29.573291582843897,-263.27731514697575,8.088670607120681,-3.0599614645700015,-2.826829482114081,0.25,2.0,False,False,False,applied
2026-06-06_run02_cross_pm30_on_r01,26000,26000,0,0.0,30.0,-263.27731514697575,-3.04354514831179e-13,29.4694460263671,-263.141006350097,8.0,-3.0,-3.0,-2.1481332672468456,1.7069868262157455,0.02519209479095543,0.5370333168117114,-0.4267467065539364,0.0,0.5370333168117114,-0.4267467065539364,0.0,0.5370333168117114,29.573253293446065,-263.27731514697575,8.088659316124405,-3.0599598718116536,-2.826825418529,0.25,2.0,False,False,True,applied
2026-06-06_run02_cross_pm30_on_r01,26100,26110,10,0.0,30.0,-263.27731514697575,-3.04354514831179e-13,29.4694460263671,-263.141006350097,8.0,-3.0,-3.0,-2.1481332672468456,1.7069868262157455,0.02519209479095543,0.5370333168117114,-0.4267467065539364,0.0,0.5370333168117114,-0.4267467065539364,0.0,0.5370333168117114,29.573253293446065,-263.27731514697575,8.088659316124405,-3.0599598718116536,-2.826825418529,0.25,2.0,False,False,False,applied
2026-06-06_run02_cross_pm30_on_r01,26200,26203,3,0.0,30.0,-263.27731514697575,-3.04354514831179e-13,29.4694460263671,-263.141006350097,8.0,-3.0,-3.0,-2.1481332672468456,1.7069868262157455,0.02519209479095543,0.5370333168117114,-0.4267467065539364,0.0,0.5370333168117114,-0.4267467065539364,0.0,0.5370333168117114,29.573253293446065,-263.27731514697575,8.088659316124405,-3.0599598718116536,-2.826825418529,0.25,2.0,False,False,False,applied
2026-06-06_run02_cross_pm30_on_r01,26300,26313,13,0.0,30.0,-263.27731514697575,-3.04354514831179e-13,29.4694460263671,-263.141006350097,8.0,-3.0,-3.0,-2.1481332672468456,1.7069868262157455,0.02519209479095543,0.5370333168117114,-0.4267467065539364,0.0,0.5370333168117114,-0.4267467065539364,0.0,0.5370333168117114,29.573253293446065,-263.27731514697575,8.088659316124405,-3.0599598718116536,-2.826825418529,0.25,2.0,False,False,False,applied
2026-06-06_run02_cross_pm30_on_r01,26400,26407,7,0.0,30.0,-263.27731514697575,-3.04354514831179e-13,29.4694460263671,-263.141006350097,8.0,-3.0,-3.0,-2.1481332672468456,1.7069868262157455,0.02519209479095543,0.5370333168117114,-0.4267467065539364,0.0,0.5370333168117114,-0.4267467065539364,0.0,0.5370333168117114,29.573253293446065,-263.27731514697575,8.088659316124405,-3.0599598718116536,-2.826825418529,0.25,2.0,False,False,False,applied
2026-06-06_run02_cross_pm30_on_r01,26500,26500,0,0.0,30.0,-263.27731514697575,-3.95780973230871e-14,29.4684655096176,-263.141063592404,8.0,-3.0,-3.0,-2.148111425819077,1.706839855990435,0.02520307837209248,0.5370278564547692,-0.42670996399760874,0.0,0.5370278564547692,-0.42670996399760874,0.0,0.5370278564547692,29.57329003600239,-263.27731514697575,8.088670150979244,-3.059961400222669,-2.8268293179527557,0.25,2.0,False,False,True,applied
2026-06-06_run02_cross_pm30_on_r01,26600,26610,10,0.0,30.0,-263.27731514697575,-3.95780973230871e-14,29.4684655096176,-263.141063592404,8.0,-3.0,-3.0,-2.148111425819077,1.706839855990435,0.02520307837209248,0.5370278564547692,-0.42670996399760874,0.0,0.5370278564547692,-0.42670996399760874,0.0,0.5370278564547692,29.57329003600239,-263.27731514697575,8.088670150979244,-3.059961400222669,-2.8268293179527557,0.25,2.0,False,False,False,applied
2026-06-06_run02_cross_pm30_on_r01,26700,26703,3,0.0,30.0,-263.27731514697575,-3.95780973230871e-14,29.4684655096176,-263.141063592404,8.0,-3.0,-3.0,-2.148111425819077,1.706839855990435,0.02520307837209248,0.5370278564547692,-0.42670996399760874,0.0,0.5370278564547692,-0.42670996399760874,0.0,0.5370278564547692,29.57329003600239,-263.27731514697575,8.088670150979244,-3.059961400222669,-2.8268293179527557,0.25,2.0,False,False,False,applied
2026-06-06_run02_cross_pm30_on_r01,26800,26813,13,0.0,30.0,-263.27731514697575,-3.95780973230871e-14,29.4684655096176,-263.141063592404,8.0,-3.0,-3.0,-2.148111425819077,1.706839855990435,0.02520307837209248,0.5370278564547692,-0.42670996399760874,0.0,0.5370278564547692,-0.42670996399760874,0.0,0.5370278564547692,29.57329003600239,-263.27731514697575,8.088670150979244,-3.059961400222669,-2.8268293179527557,0.25,2.0,False,False,False,applied
2026-06-06_run02_cross_pm30_on_r01,26900,26907,7,0.0,30.0,-263.27731514697575,-3.95780973230871e-14,29.4684655096176,-263.141063592404,8.0,-3.0,-3.0,-2.148111425819077,1.706839855990435,0.02520307837209248,0.5370278564547692,-0.42670996399760874,0.0,0.5370278564547692,-0.42670996399760874,0.0,0.5370278564547692,29.57329003600239,-263.27731514697575,8.088670150979244,-3.059961400222669,-2.8268293179527557,0.25,2.0,False,False,False,applied
2026-06-06_run02_cross_pm30_on_r01,27000,27000,0,0.0,30.0,-263.27731514697575,-1.84577087366694e-12,29.4697166304792,-263.140990552061,8.0,-3.0,-3.0,-2.148139295214677,1.7070273876783517,0.02518906348593461,0.5370348238036693,-0.42675684691958793,0.0,0.5370348238036693,-0.42675684691958793,0.0,0.5370348238036693,29.573243153080412,-263.27731514697575,8.088656325875787,-3.0599594499980274,-2.8268243423447235,0.25,2.0,False,False,True,applied
2026-06-06_run02_cross_pm30_on_r01,27100,27110,10,0.0,30.0,-263.27731514697575,-1.84577087366694e-12,29.4697166304792,-263.140990552061,8.0,-3.0,-3.0,-2.148139295214677,1.7070273876783517,0.02518906348593461,0.5370348238036693,-0.42675684691958793,0.0,0.5370348238036693,-0.42675684691958793,0.0,0.5370348238036693,29.573243153080412,-263.27731514697575,8.088656325875787,-3.0599594499980274,-2.8268243423447235,0.25,2.0,False,False,False,applied
2026-06-06_run02_cross_pm30_on_r01,27200,27203,3,0.0,30.0,-263.27731514697575,-1.84577087366694e-12,29.4697166304792,-263.140990552061,8.0,-3.0,-3.0,-2.148139295214677,1.7070273876783517,0.02518906348593461,0.5370348238036693,-0.42675684691958793,0.0,0.5370348238036693,-0.42675684691958793,0.0,0.5370348238036693,29.573243153080412,-263.27731514697575,8.088656325875787,-3.0599594499980274,-2.8268243423447235,0.25,2.0,False,False,False,applied
2026-06-06_run02_cross_pm30_on_r01,27300,27313,13,0.0,30.0,-263.27731514697575,-1.84577087366694e-12,29.4697166304792,-263.140990552061,8.0,-3.0,-3.0,-2.148139295214677,1.7070273876783517,0.02518906348593461,0.5370348238036693,-0.42675684691958793,0.0,0.5370348238036693,-0.42675684691958793,0.0,0.5370348238036693,29.573243153080412,-263.27731514697575,8.088656325875787,-3.0599594499980274,-2.8268243423447235,0.25,2.0,False,False,False,applied
2026-06-06_run02_cross_pm30_on_r01,27400,27407,7,0.0,30.0,-263.27731514697575,-1.84577087366694e-12,29.4697166304792,-263.140990552061,8.0,-3.0,-3.0,-2.148139295214677,1.7070273876783517,0.02518906348593461,0.5370348238036693,-0.42675684691958793,0.0,0.5370348238036693,-0.42675684691958793,0.0,0.5370348238036693,29.573243153080412,-263.27731514697575,8.088656325875787,-3.0599594499980274,-2.8268243423447235,0.25,2.0,False,False,False,applied
2026-06-06_run02_cross_pm30_on_r01,27500,27500,0,0.0,30.0,-263.27731514697575,-5.41396778318171e-13,29.4685310952163,-263.141059763634,8.0,-3.0,-3.0,-2.1481128867052774,1.7068496864646183,0.02520234371171961,0.5370282216763194,-0.4267124216161546,0.0,0.5370282216763194,-0.4267124216161546,0.0,0.5370282216763194,29.573287578383844,-263.27731514697575,8.08866942626249,-3.0599612979891884,-2.826829057131849,0.25,2.0,False,False,True,applied
2026-06-06_run02_cross_pm30_on_r01,27600,27610,10,0.0,30.0,-263.27731514697575,-5.41396778318171e-13,29.4685310952163,-263.141059763634,8.0,-3.0,-3.0,-2.1481128867052774,1.7068496864646183,0.02520234371171961,0.5370282216763194,-0.4267124216161546,0.0,0.5370282216763194,-0.4267124216161546,0.0,0.5370282216763194,29.573287578383844,-263.27731514697575,8.08866942626249,-3.0599612979891884,-2.826829057131849,0.25,2.0,False,False,False,applied
2026-06-06_run02_cross_pm30_on_r01,27700,27703,3,0.0,30.0,-263.27731514697575,-5.41396778318171e-13,29.4685310952163,-263.141059763634,8.0,-3.0,-3.0,-2.1481128867052774,1.7068496864646183,0.02520234371171961,0.5370282216763194,-0.4267124216161546,0.0,0.5370282216763194,-0.4267124216161546,0.0,0.5370282216763194,29.573287578383844,-263.27731514697575,8.08866942626249,-3.0599612979891884,-2.826829057131849,0.25,2.0,False,False,False,applied
2026-06-06_run02_cross_pm30_on_r01,27800,27813,13,0.0,30.0,-263.27731514697575,-5.41396778318171e-13,29.4685310952163,-263.141059763634,8.0,-3.0,-3.0,-2.1481128867052774,1.7068496864646183,0.02520234371171961,0.5370282216763194,-0.4267124216161546,0.0,0.5370282216763194,-0.4267124216161546,0.0,0.5370282216763194,29.573287578383844,-263.27731514697575,8.08866942626249,-3.0599612979891884,-2.826829057131849,0.25,2.0,False,False,False,applied
2026-06-06_run02_cross_pm30_on_r01,27900,27907,7,0.0,30.0,-263.27731514697575,-5.41396778318171e-13,29.4685310952163,-263.141059763634,8.0,-3.0,-3.0,-2.1481128867052774,1.7068496864646183,0.02520234371171961,0.5370282216763194,-0.4267124216161546,0.0,0.5370282216763194,-0.4267124216161546,0.0,0.5370282216763194,29.573287578383844,-263.27731514697575,8.08866942626249,-3.0599612979891884,-2.826829057131849,0.25,2.0,False,False,False,applied
2026-06-06_run02_cross_pm30_on_r01,28000,28000,0,0.0,30.0,-263.27731514697575,-5.05630771423169e-13,29.4685907596377,-263.141056280452,8.0,-3.0,-3.0,-2.148114215748924,1.7068586295784722,0.025201675363086762,0.537028553937231,-0.42671465739461806,0.0,0.537028553937231,-0.42671465739461806,0.0,0.537028553937231,29.57328534260538,-263.27731514697575,8.088668766963314,-3.059961204985489,-2.8268288198528904,0.25,2.0,False,False,True,applied
2026-06-06_run02_cross_pm30_on_r01,28100,28110,10,0.0,30.0,-263.27731514697575,-5.05630771423169e-13,29.4685907596377,-263.141056280452,8.0,-3.0,-3.0,-2.148114215748924,1.7068586295784722,0.025201675363086762,0.537028553937231,-0.42671465739461806,0.0,0.537028553937231,-0.42671465739461806,0.0,0.537028553937231,29.57328534260538,-263.27731514697575,8.088668766963314,-3.059961204985489,-2.8268288198528904,0.25,2.0,False,False,False,applied
2026-06-06_run02_cross_pm30_on_r01,28200,28203,3,0.0,30.0,-263.27731514697575,-5.05630771423169e-13,29.4685907596377,-263.141056280452,8.0,-3.0,-3.0,-2.148114215748924,1.7068586295784722,0.025201675363086762,0.537028553937231,-0.42671465739461806,0.0,0.537028553937231,-0.42671465739461806,0.0,0.537028553937231,29.57328534260538,-263.27731514697575,8.088668766963314,-3.059961204985489,-2.8268288198528904,0.25,2.0,False,False,False,applied
2026-06-06_run02_cross_pm30_on_r01,28300,28313,13,0.0,30.0,-263.27731514697575,-5.05630771423169e-13,29.4685907596377,-263.141056280452,8.0,-3.0,-3.0,-2.148114215748924,1.7068586295784722,0.025201675363086762,0.537028553937231,-0.42671465739461806,0.0,0.537028553937231,-0.42671465739461806,0.0,0.537028553937231,29.57328534260538,-263.27731514697575,8.088668766963314,-3.059961204985489,-2.8268288198528904,0.25,2.0,False,False,False,applied
2026-06-06_run02_cross_pm30_on_r01,28400,28407,7,0.0,30.0,-263.27731514697575,-5.05630771423169e-13,29.4685907596377,-263.141056280452,8.0,-3.0,-3.0,-2.148114215748924,1.7068586295784722,0.025201675363086762,0.537028553937231,-0.42671465739461806,0.0,0.537028553937231,-0.42671465739461806,0.0,0.537028553937231,29.57328534260538,-263.27731514697575,8.088668766963314,-3.059961204985489,-2.8268288198528904,0.25,2.0,False,False,False,applied
2026-06-06_run02_cross_pm30_on_r01,28500,28500,0,0.0,30.0,-263.27731514697575,1.99326284501391e-13,29.4686742422422,-263.14105140684,8.0,-3.0,-3.0,-2.14811607531061,1.7068711426823553,0.025200740219924266,0.5370290188276525,-0.4267177856705888,0.0,0.5370290188276525,-0.4267177856705888,0.0,0.5370290188276525,29.57328221432941,-263.27731514697575,8.088667844479435,-3.059961074854967,-2.8268284878556815,0.25,2.0,False,False,True,applied
2026-06-06_run02_cross_pm30_on_r01,28600,28610,10,0.0,30.0,-263.27731514697575,1.99326284501391e-13,29.4686742422422,-263.14105140684,8.0,-3.0,-3.0,-2.14811607531061,1.7068711426823553,0.025200740219924266,0.5370290188276525,-0.4267177856705888,0.0,0.5370290188276525,-0.4267177856705888,0.0,0.5370290188276525,29.57328221432941,-263.27731514697575,8.088667844479435,-3.059961074854967,-2.8268284878556815,0.25,2.0,False,False,False,applied
2026-06-06_run02_cross_pm30_on_r01,28700,28703,3,0.0,30.0,-263.27731514697575,1.99326284501391e-13,29.4686742422422,-263.14105140684,8.0,-3.0,-3.0,-2.14811607531061,1.7068711426823553,0.025200740219924266,0.5370290188276525,-0.4267177856705888,0.0,0.5370290188276525,-0.4267177856705888,0.0,0.5370290188276525,29.57328221432941,-263.27731514697575,8.088667844479435,-3.059961074854967,-2.8268284878556815,0.25,2.0,False,False,False,applied
2026-06-06_run02_cross_pm30_on_r01,28800,28813,13,0.0,30.0,-263.27731514697575,1.99326284501391e-13,29.4686742422422,-263.14105140684,8.0,-3.0,-3.0,-2.14811607531061,1.7068711426823553,0.025200740219924266,0.5370290188276525,-0.4267177856705888,0.0,0.5370290188276525,-0.4267177856705888,0.0,0.5370290188276525,29.57328221432941,-263.27731514697575,8.088667844479435,-3.059961074854967,-2.8268284878556815,0.25,2.0,False,False,False,applied
2026-06-06_run02_cross_pm30_on_r01,28900,28922,22,0.0,30.0,-263.27731514697575,1.99326284501391e-13,29.4686742422422,-263.14105140684,8.0,-3.0,-3.0,-2.14811607531061,1.7068711426823553,0.025200740219924266,0.5370290188276525,-0.4267177856705888,0.0,0.5370290188276525,-0.4267177856705888,0.0,0.5370290188276525,29.57328221432941,-263.27731514697575,8.088667844479435,-3.059961074854967,-2.8268284878556815,0.25,2.0,False,False,False,applied
2026-06-06_run02_cross_pm30_on_r01,29000,29000,0,0.0,30.0,-263.27731514697575,1.40372580745577e-12,29.468743190994,-263.141047381681,8.0,-3.0,-3.0,-2.1481176111425593,1.7068814773544743,0.02519996787709656,0.5370294027856398,-0.42672036933861857,0.0,0.5370294027856398,-0.42672036933861857,0.0,0.5370294027856398,29.573279630661382,-263.27731514697575,8.088667082592611,-3.0599609673790367,-2.8268282136564484,0.25,2.0,False,False,True,applied
2026-06-06_run02_cross_pm30_on_r01,29100,29110,10,0.0,30.0,-263.27731514697575,1.40372580745577e-12,29.468743190994,-263.141047381681,8.0,-3.0,-3.0,-2.1481176111425593,1.7068814773544743,0.02519996787709656,0.5370294027856398,-0.42672036933861857,0.0,0.5370294027856398,-0.42672036933861857,0.0,0.5370294027856398,29.573279630661382,-263.27731514697575,8.088667082592611,-3.0599609673790367,-2.8268282136564484,0.25,2.0,False,False,False,applied
2026-06-06_run02_cross_pm30_on_r01,29200,29203,3,0.0,30.0,-263.27731514697575,1.40372580745577e-12,29.468743190994,-263.141047381681,8.0,-3.0,-3.0,-2.1481176111425593,1.7068814773544743,0.02519996787709656,0.5370294027856398,-0.42672036933861857,0.0,0.5370294027856398,-0.42672036933861857,0.0,0.5370294027856398,29.573279630661382,-263.27731514697575,8.088667082592611,-3.0599609673790367,-2.8268282136564484,0.25,2.0,False,False,False,applied
2026-06-06_run02_cross_pm30_on_r01,29300,29313,13,0.0,30.0,-263.27731514697575,1.40372580745577e-12,29.468743190994,-263.141047381681,8.0,-3.0,-3.0,-2.1481176111425593,1.7068814773544743,0.02519996787709656,0.5370294027856398,-0.42672036933861857,0.0,0.5370294027856398,-0.42672036933861857,0.0,0.5370294027856398,29.573279630661382,-263.27731514697575,8.088667082592611,-3.0599609673790367,-2.8268282136564484,0.25,2.0,False,False,False,applied
2026-06-06_run02_cross_pm30_on_r01,29400,29407,7,0.0,30.0,-263.27731514697575,1.40372580745577e-12,29.468743190994,-263.141047381681,8.0,-3.0,-3.0,-2.1481176111425593,1.7068814773544743,0.02519996787709656,0.5370294027856398,-0.42672036933861857,0.0,0.5370294027856398,-0.42672036933861857,0.0,0.5370294027856398,29.573279630661382,-263.27731514697575,8.088667082592611,-3.0599609673790367,-2.8268282136564484,0.25,2.0,False,False,False,applied
2026-06-06_run02_cross_pm30_on_r01,29500,29500,0,0.0,30.0,-263.27731514697575,2.75496761102712e-12,29.4688130211563,-263.141043305066,8.0,-3.0,-3.0,-2.1481191666080237,1.7068919441408064,0.025199185660947674,0.5370297916520059,-0.4267229860352016,0.0,0.5370297916520059,-0.4267229860352016,0.0,0.5370297916520059,29.5732770139648,-263.27731514697575,8.088666310966142,-3.0599608585289872,-2.8268279359519104,0.25,2.0,False,False,True,applied
2026-06-06_run02_cross_pm30_on_r01,29600,29610,10,0.0,30.0,-263.27731514697575,2.75496761102712e-12,29.4688130211563,-263.141043305066,8.0,-3.0,-3.0,-2.1481191666080237,1.7068919441408064,0.025199185660947674,0.5370297916520059,-0.4267229860352016,0.0,0.5370297916520059,-0.4267229860352016,0.0,0.5370297916520059,29.5732770139648,-263.27731514697575,8.088666310966142,-3.0599608585289872,-2.8268279359519104,0.25,2.0,False,False,False,applied
2026-06-06_run02_cross_pm30_on_r01,29700,29703,3,0.0,30.0,-263.27731514697575,2.75496761102712e-12,29.4688130211563,-263.141043305066,8.0,-3.0,-3.0,-2.1481191666080237,1.7068919441408064,0.025199185660947674,0.5370297916520059,-0.4267229860352016,0.0,0.5370297916520059,-0.4267229860352016,0.0,0.5370297916520059,29.5732770139648,-263.27731514697575,8.088666310966142,-3.0599608585289872,-2.8268279359519104,0.25,2.0,False,False,False,applied
2026-06-06_run02_cross_pm30_on_r01,29800,29813,13,0.0,30.0,-263.27731514697575,2.75496761102712e-12,29.4688130211563,-263.141043305066,8.0,-3.0,-3.0,-2.1481191666080237,1.7068919441408064,0.025199185660947674,0.5370297916520059,-0.4267229860352016,0.0,0.5370297916520059,-0.4267229860352016,0.0,0.5370297916520059,29.5732770139648,-263.27731514697575,8.088666310966142,-3.0599608585289872,-2.8268279359519104,0.25,2.0,False,False,False,applied
2026-06-06_run02_cross_pm30_on_r01,29900,29907,7,0.0,30.0,-263.27731514697575,2.75496761102712e-12,29.4688130211563,-263.141043305066,8.0,-3.0,-3.0,-2.1481191666080237,1.7068919441408064,0.025199185660947674,0.5370297916520059,-0.4267229860352016,0.0,0.5370297916520059,-0.4267229860352016,0.0,0.5370297916520059,29.5732770139648,-263.27731514697575,8.088666310966142,-3.0599608585289872,-2.8268279359519104,0.25,2.0,False,False,False,applied
2026-06-06_run02_cross_pm30_on_r01,30000,30000,0,0.0,0.0,-263.27731514697575,-2.61468517575259e-14,5.86554733072635,-263.504563138417,0.0,0.0,0.0,-2.024778047500762,0.010205487525140555,0.06838004673959529,0.5061945118751905,-0.002551371881285139,0.0,0.5061945118751905,-0.002551371881285139,0.0,0.5061945118751905,-0.002551371881285139,-263.27731514697575,-0.000415797019511949,-0.10923281262910169,0.11030274155579935,0.25,2.0,False,False,True,applied
2026-06-06_run02_cross_pm30_on_r01,30100,30110,10,0.0,0.0,-263.27731514697575,-2.61468517575259e-14,5.86554733072635,-263.504563138417,0.0,0.0,0.0,-2.024778047500762,0.010205487525140555,0.06838004673959529,0.5061945118751905,-0.002551371881285139,0.0,0.5061945118751905,-0.002551371881285139,0.0,0.5061945118751905,-0.002551371881285139,-263.27731514697575,-0.000415797019511949,-0.10923281262910169,0.11030274155579935,0.25,2.0,False,False,False,applied
2026-06-06_run02_cross_pm30_on_r01,30200,30203,3,0.0,0.0,-263.27731514697575,-2.61468517575259e-14,5.86554733072635,-263.504563138417,0.0,0.0,0.0,-2.024778047500762,0.010205487525140555,0.06838004673959529,0.5061945118751905,-0.002551371881285139,0.0,0.5061945118751905,-0.002551371881285139,0.0,0.5061945118751905,-0.002551371881285139,-263.27731514697575,-0.000415797019511949,-0.10923281262910169,0.11030274155579935,0.25,2.0,False,False,False,applied
2026-06-06_run02_cross_pm30_on_r01,30300,30313,13,0.0,0.0,-263.27731514697575,-2.61468517575259e-14,5.86554733072635,-263.504563138417,0.0,0.0,0.0,-2.024778047500762,0.010205487525140555,0.06838004673959529,0.5061945118751905,-0.002551371881285139,0.0,0.5061945118751905,-0.002551371881285139,0.0,0.5061945118751905,-0.002551371881285139,-263.27731514697575,-0.000415797019511949,-0.10923281262910169,0.11030274155579935,0.25,2.0,False,False,False,applied
2026-06-06_run02_cross_pm30_on_r01,30400,30422,22,0.0,0.0,-263.27731514697575,-2.61468517575259e-14,5.86554733072635,-263.504563138417,0.0,0.0,0.0,-2.024778047500762,0.010205487525140555,0.06838004673959529,0.5061945118751905,-0.002551371881285139,0.0,0.5061945118751905,-0.002551371881285139,0.0,0.5061945118751905,-0.002551371881285139,-263.27731514697575,-0.000415797019511949,-0.10923281262910169,0.11030274155579935,0.25,2.0,False,False,False,applied
2026-06-06_run02_cross_pm30_on_r01,30500,30500,0,0.0,0.0,-263.27731514697575,-7.09521405447058e-14,-0.00109882114337421,-263.27726057466,0.0,0.0,0.0,-2.2415180143913407,0.21157497949159512,0.02962973634853855,0.5603795035978352,-0.05289374487289878,0.0,0.5603795035978352,-0.05289374487289878,0.0,0.5603795035978352,-0.05289374487289878,-263.27731514697575,-0.012968696398733418,-0.11462802612374834,0.1284054678814948,0.25,2.0,False,False,True,applied
2026-06-06_run02_cross_pm30_on_r01,30600,30610,10,0.0,0.0,-263.27731514697575,-7.09521405447058e-14,-0.00109882114337421,-263.27726057466,0.0,0.0,0.0,-2.2415180143913407,0.21157497949159512,0.02962973634853855,0.5603795035978352,-0.05289374487289878,0.0,0.5603795035978352,-0.05289374487289878,0.0,0.5603795035978352,-0.05289374487289878,-263.27731514697575,-0.012968696398733418,-0.11462802612374834,0.1284054678814948,0.25,2.0,False,False,False,applied
2026-06-06_run02_cross_pm30_on_r01,30700,30703,3,0.0,0.0,-263.27731514697575,-7.09521405447058e-14,-0.00109882114337421,-263.27726057466,0.0,0.0,0.0,-2.2415180143913407,0.21157497949159512,0.02962973634853855,0.5603795035978352,-0.05289374487289878,0.0,0.5603795035978352,-0.05289374487289878,0.0,0.5603795035978352,-0.05289374487289878,-263.27731514697575,-0.012968696398733418,-0.11462802612374834,0.1284054678814948,0.25,2.0,False,False,False,applied
2026-06-06_run02_cross_pm30_on_r01,30800,30813,13,0.0,0.0,-263.27731514697575,-7.09521405447058e-14,-0.00109882114337421,-263.27726057466,0.0,0.0,0.0,-2.2415180143913407,0.21157497949159512,0.02962973634853855,0.5603795035978352,-0.05289374487289878,0.0,0.5603795035978352,-0.05289374487289878,0.0,0.5603795035978352,-0.05289374487289878,-263.27731514697575,-0.012968696398733418,-0.11462802612374834,0.1284054678814948,0.25,2.0,False,False,False,applied
2026-06-06_run02_cross_pm30_on_r01,30900,30907,7,0.0,0.0,-263.27731514697575,-7.09521405447058e-14,-0.00109882114337421,-263.27726057466,0.0,0.0,0.0,-2.2415180143913407,0.21157497949159512,0.02962973634853855,0.5603795035978352,-0.05289374487289878,0.0,0.5603795035978352,-0.05289374487289878,0.0,0.5603795035978352,-0.05289374487289878,-263.27731514697575,-0.012968696398733418,-0.11462802612374834,0.1284054678814948,0.25,2.0,False,False,False,applied
2026-06-06_run02_cross_pm30_on_r01,31000,31000,0,0.0,0.0,-263.27731514697575,-2.92370814167183e-14,-0.000347134586270206,-263.277297907426,0.0,0.0,0.0,-2.241485238622562,0.2115336088154752,0.029636206389556434,0.5603713096556405,-0.0528834022038688,0.0,0.5603713096556405,-0.0528834022038688,0.0,0.5603713096556405,-0.0528834022038688,-263.27731514697575,-0.01296611553982313,-0.11462755303490078,0.12840238770787035,0.25,2.0,False,False,True,applied
2026-06-06_run02_cross_pm30_on_r01,31100,31110,10,0.0,0.0,-263.27731514697575,-2.92370814167183e-14,-0.000347134586270206,-263.277297907426,0.0,0.0,0.0,-2.241485238622562,0.2115336088154752,0.029636206389556434,0.5603713096556405,-0.0528834022038688,0.0,0.5603713096556405,-0.0528834022038688,0.0,0.5603713096556405,-0.0528834022038688,-263.27731514697575,-0.01296611553982313,-0.11462755303490078,0.12840238770787035,0.25,2.0,False,False,False,applied
2026-06-06_run02_cross_pm30_on_r01,31200,31203,3,0.0,0.0,-263.27731514697575,-2.92370814167183e-14,-0.000347134586270206,-263.277297907426,0.0,0.0,0.0,-2.241485238622562,0.2115336088154752,0.029636206389556434,0.5603713096556405,-0.0528834022038688,0.0,0.5603713096556405,-0.0528834022038688,0.0,0.5603713096556405,-0.0528834022038688,-263.27731514697575,-0.01296611553982313,-0.11462755303490078,0.12840238770787035,0.25,2.0,False,False,False,applied
2026-06-06_run02_cross_pm30_on_r01,31300,31313,13,0.0,0.0,-263.27731514697575,-2.92370814167183e-14,-0.000347134586270206,-263.277297907426,0.0,0.0,0.0,-2.241485238622562,0.2115336088154752,0.029636206389556434,0.5603713096556405,-0.0528834022038688,0.0,0.5603713096556405,-0.0528834022038688,0.0,0.5603713096556405,-0.0528834022038688,-263.27731514697575,-0.01296611553982313,-0.11462755303490078,0.12840238770787035,0.25,2.0,False,False,False,applied
2026-06-06_run02_cross_pm30_on_r01,31400,31407,7,0.0,0.0,-263.27731514697575,-2.92370814167183e-14,-0.000347134586270206,-263.277297907426,0.0,0.0,0.0,-2.241485238622562,0.2115336088154752,0.029636206389556434,0.5603713096556405,-0.0528834022038688,0.0,0.5603713096556405,-0.0528834022038688,0.0,0.5603713096556405,-0.0528834022038688,-263.27731514697575,-0.01296611553982313,-0.11462755303490078,0.12840238770787035,0.25,2.0,False,False,False,applied
2026-06-06_run02_cross_pm30_on_r01,31500,31500,0,0.0,0.0,-263.27731514697575,-3.99889611392111e-14,-0.000374920195856515,-263.277296527508,0.0,0.0,0.0,-2.24148645011893,0.21153513793512274,0.02963596724032909,0.5603716125297326,-0.052883784483780685,0.0,0.5603716125297326,-0.052883784483780685,0.0,0.5603716125297326,-0.052883784483780685,-263.27731514697575,-0.012966210932077369,-0.11462757052395223,0.12840250155861352,0.25,2.0,False,False,True,applied
2026-06-06_run02_cross_pm30_on_r01,31600,31610,10,0.0,0.0,-263.27731514697575,-3.99889611392111e-14,-0.000374920195856515,-263.277296527508,0.0,0.0,0.0,-2.24148645011893,0.21153513793512274,0.02963596724032909,0.5603716125297326,-0.052883784483780685,0.0,0.5603716125297326,-0.052883784483780685,0.0,0.5603716125297326,-0.052883784483780685,-263.27731514697575,-0.012966210932077369,-0.11462757052395223,0.12840250155861352,0.25,2.0,False,False,False,applied
2026-06-06_run02_cross_pm30_on_r01,31700,31703,3,0.0,0.0,-263.27731514697575,-3.99889611392111e-14,-0.000374920195856515,-263.277296527508,0.0,0.0,0.0,-2.24148645011893,0.21153513793512274,0.02963596724032909,0.5603716125297326,-0.052883784483780685,0.0,0.5603716125297326,-0.052883784483780685,0.0,0.5603716125297326,-0.052883784483780685,-263.27731514697575,-0.012966210932077369,-0.11462757052395223,0.12840250155861352,0.25,2.0,False,False,False,applied
2026-06-06_run02_cross_pm30_on_r01,31800,31813,13,0.0,0.0,-263.27731514697575,-3.99889611392111e-14,-0.000374920195856515,-263.277296527508,0.0,0.0,0.0,-2.24148645011893,0.21153513793512274,0.02963596724032909,0.5603716125297326,-0.052883784483780685,0.0,0.5603716125297326,-0.052883784483780685,0.0,0.5603716125297326,-0.052883784483780685,-263.27731514697575,-0.012966210932077369,-0.11462757052395223,0.12840250155861352,0.25,2.0,False,False,False,applied
2026-06-06_run02_cross_pm30_on_r01,31900,31907,7,0.0,0.0,-263.27731514697575,-3.99889611392111e-14,-0.000374920195856515,-263.277296527508,0.0,0.0,0.0,-2.24148645011893,0.21153513793512274,0.02963596724032909,0.5603716125297326,-0.052883784483780685,0.0,0.5603716125297326,-0.052883784483780685,0.0,0.5603716125297326,-0.052883784483780685,-263.27731514697575,-0.012966210932077369,-0.11462757052395223,0.12840250155861352,0.25,2.0,False,False,False,applied
2026-06-06_run02_cross_pm30_on_r01,32000,32016,16,0.0,0.0,-263.27731514697575,-3.02704529783205e-14,-0.000391231633778904,-263.277295717433,0.0,0.0,0.0,-2.2414871613229126,0.21153603559777323,0.029635826848798022,0.5603717903307281,-0.05288400889944331,0.0,0.5603717903307281,-0.05288400889944331,0.0,0.5603717903307281,-0.05288400889944331,-263.27731514697575,-0.012966266931678093,-0.11462758079097152,0.12840256839419942,0.25,2.0,False,False,True,applied
2026-06-06_run02_cross_pm30_on_r01,32100,32110,10,0.0,0.0,-263.27731514697575,-3.02704529783205e-14,-0.000391231633778904,-263.277295717433,0.0,0.0,0.0,-2.2414871613229126,0.21153603559777323,0.029635826848798022,0.5603717903307281,-0.05288400889944331,0.0,0.5603717903307281,-0.05288400889944331,0.0,0.5603717903307281,-0.05288400889944331,-263.27731514697575,-0.012966266931678093,-0.11462758079097152,0.12840256839419942,0.25,2.0,False,False,False,applied
2026-06-06_run02_cross_pm30_on_r01,32200,32203,3,0.0,0.0,-263.27731514697575,-3.02704529783205e-14,-0.000391231633778904,-263.277295717433,0.0,0.0,0.0,-2.2414871613229126,0.21153603559777323,0.029635826848798022,0.5603717903307281,-0.05288400889944331,0.0,0.5603717903307281,-0.05288400889944331,0.0,0.5603717903307281,-0.05288400889944331,-263.27731514697575,-0.012966266931678093,-0.11462758079097152,0.12840256839419942,0.25,2.0,False,False,False,applied
2026-06-06_run02_cross_pm30_on_r01,32300,32328,28,0.0,0.0,-263.27731514697575,-3.02704529783205e-14,-0.000391231633778904,-263.277295717433,0.0,0.0,0.0,-2.2414871613229126,0.21153603559777323,0.029635826848798022,0.5603717903307281,-0.05288400889944331,0.0,0.5603717903307281,-0.05288400889944331,0.0,0.5603717903307281,-0.05288400889944331,-263.27731514697575,-0.012966266931678093,-0.11462758079097152,0.12840256839419942,0.25,2.0,False,False,False,applied
2026-06-06_run02_cross_pm30_on_r01,32400,32407,7,0.0,0.0,-263.27731514697575,-3.02704529783205e-14,-0.000391231633778904,-263.277295717433,0.0,0.0,0.0,-2.2414871613229126,0.21153603559777323,0.029635826848798022,0.5603717903307281,-0.05288400889944331,0.0,0.5603717903307281,-0.05288400889944331,0.0,0.5603717903307281,-0.05288400889944331,-263.27731514697575,-0.012966266931678093,-0.11462758079097152,0.12840256839419942,0.25,2.0,False,False,False,applied
2026-06-06_run02_cross_pm30_on_r01,32500,32500,0,0.0,0.0,-263.27731514697575,-3.52405001725866e-14,-0.000455844556033592,-263.27729250844,0.0,0.0,0.0,-2.241489978620419,0.21153959165201558,0.029635270707168454,0.5603724946551047,-0.052884897913003895,0.0,0.5603724946551047,-0.052884897913003895,0.0,0.5603724946551047,-0.052884897913003895,-263.27731514697575,-0.012966488771808834,-0.11462762145702787,0.1284028331547169,0.25,2.0,False,False,True,applied
2026-06-06_run02_cross_pm30_on_r01,32600,32610,10,0.0,0.0,-263.27731514697575,-3.52405001725866e-14,-0.000455844556033592,-263.27729250844,0.0,0.0,0.0,-2.241489978620419,0.21153959165201558,0.029635270707168454,0.5603724946551047,-0.052884897913003895,0.0,0.5603724946551047,-0.052884897913003895,0.0,0.5603724946551047,-0.052884897913003895,-263.27731514697575,-0.012966488771808834,-0.11462762145702787,0.1284028331547169,0.25,2.0,False,False,False,applied
2026-06-06_run02_cross_pm30_on_r01,32700,32703,3,0.0,0.0,-263.27731514697575,-3.52405001725866e-14,-0.000455844556033592,-263.27729250844,0.0,0.0,0.0,-2.241489978620419,0.21153959165201558,0.029635270707168454,0.5603724946551047,-0.052884897913003895,0.0,0.5603724946551047,-0.052884897913003895,0.0,0.5603724946551047,-0.052884897913003895,-263.27731514697575,-0.012966488771808834,-0.11462762145702787,0.1284028331547169,0.25,2.0,False,False,False,applied
2026-06-06_run02_cross_pm30_on_r01,32800,32813,13,0.0,0.0,-263.27731514697575,-3.52405001725866e-14,-0.000455844556033592,-263.27729250844,0.0,0.0,0.0,-2.241489978620419,0.21153959165201558,0.029635270707168454,0.5603724946551047,-0.052884897913003895,0.0,0.5603724946551047,-0.052884897913003895,0.0,0.5603724946551047,-0.052884897913003895,-263.27731514697575,-0.012966488771808834,-0.11462762145702787,0.1284028331547169,0.25,2.0,False,False,False,applied
2026-06-06_run02_cross_pm30_on_r01,32900,32907,7,0.0,0.0,-263.27731514697575,-3.52405001725866e-14,-0.000455844556033592,-263.27729250844,0.0,0.0,0.0,-2.241489978620419,0.21153959165201558,0.029635270707168454,0.5603724946551047,-0.052884897913003895,0.0,0.5603724946551047,-0.052884897913003895,0.0,0.5603724946551047,-0.052884897913003895,-263.27731514697575,-0.012966488771808834,-0.11462762145702787,0.1284028331547169,0.25,2.0,False,False,False,applied
2026-06-06_run02_cross_pm30_on_r01,33000,33000,0,0.0,0.0,-263.27731514697575,-3.43154213403138e-14,-0.000533898322639018,-263.277288631898,0.0,0.0,0.0,-2.241493381981706,0.21154388746119743,0.029634598874374092,0.5603733454954265,-0.05288597186529936,0.0,0.5603733454954265,-0.05288597186529936,0.0,0.5603733454954265,-0.05288597186529936,-263.27731514697575,-0.01296675676059249,-0.11462767058251287,0.12840315299207808,0.25,2.0,False,False,True,applied
2026-06-06_run02_cross_pm30_on_r01,33100,33110,10,0.0,0.0,-263.27731514697575,-3.43154213403138e-14,-0.000533898322639018,-263.277288631898,0.0,0.0,0.0,-2.241493381981706,0.21154388746119743,0.029634598874374092,0.5603733454954265,-0.05288597186529936,0.0,0.5603733454954265,-0.05288597186529936,0.0,0.5603733454954265,-0.05288597186529936,-263.27731514697575,-0.01296675676059249,-0.11462767058251287,0.12840315299207808,0.25,2.0,False,False,False,applied
2026-06-06_run02_cross_pm30_on_r01,33200,33203,3,0.0,0.0,-263.27731514697575,-3.43154213403138e-14,-0.000533898322639018,-263.277288631898,0.0,0.0,0.0,-2.241493381981706,0.21154388746119743,0.029634598874374092,0.5603733454954265,-0.05288597186529936,0.0,0.5603733454954265,-0.05288597186529936,0.0,0.5603733454954265,-0.05288597186529936,-263.27731514697575,-0.01296675676059249,-0.11462767058251287,0.12840315299207808,0.25,2.0,False,False,False,applied
2026-06-06_run02_cross_pm30_on_r01,33300,33313,13,0.0,0.0,-263.27731514697575,-3.43154213403138e-14,-0.000533898322639018,-263.277288631898,0.0,0.0,0.0,-2.241493381981706,0.21154388746119743,0.029634598874374092,0.5603733454954265,-0.05288597186529936,0.0,0.5603733454954265,-0.05288597186529936,0.0,0.5603733454954265,-0.05288597186529936,-263.27731514697575,-0.01296675676059249,-0.11462767058251287,0.12840315299207808,0.25,2.0,False,False,False,applied
2026-06-06_run02_cross_pm30_on_r01,33400,33407,7,0.0,0.0,-263.27731514697575,-3.43154213403138e-14,-0.000533898322639018,-263.277288631898,0.0,0.0,0.0,-2.241493381981706,0.21154388746119743,0.029634598874374092,0.5603733454954265,-0.05288597186529936,0.0,0.5603733454954265,-0.05288597186529936,0.0,0.5603733454954265,-0.05288597186529936,-263.27731514697575,-0.01296675676059249,-0.11462767058251287,0.12840315299207808,0.25,2.0,False,False,False,applied
2026-06-06_run02_cross_pm30_on_r01,33500,33500,0,0.0,0.0,-263.27731514697575,-2.92720038037179e-14,-0.000607705524280672,-263.277284966261,0.0,0.0,0.0,-2.241496600181403,0.21154794955554387,0.029633963592935804,0.5603741500453507,-0.05288698738888597,0.0,0.5603741500453507,-0.05288698738888597,0.0,0.5603741500453507,-0.05288698738888597,-263.27731514697575,-0.01296701016929005,-0.11462771703499236,0.12840345542852719,0.25,2.0,False,False,True,applied
2026-06-06_run02_cross_pm30_on_r01,33600,33610,10,0.0,0.0,-263.27731514697575,-2.92720038037179e-14,-0.000607705524280672,-263.277284966261,0.0,0.0,0.0,-2.241496600181403,0.21154794955554387,0.029633963592935804,0.5603741500453507,-0.05288698738888597,0.0,0.5603741500453507,-0.05288698738888597,0.0,0.5603741500453507,-0.05288698738888597,-263.27731514697575,-0.01296701016929005,-0.11462771703499236,0.12840345542852719,0.25,2.0,False,False,False,applied
2026-06-06_run02_cross_pm30_on_r01,33700,33703,3,0.0,0.0,-263.27731514697575,-2.92720038037179e-14,-0.000607705524280672,-263.277284966261,0.0,0.0,0.0,-2.241496600181403,0.21154794955554387,0.029633963592935804,0.5603741500453507,-0.05288698738888597,0.0,0.5603741500453507,-0.05288698738888597,0.0,0.5603741500453507,-0.05288698738888597,-263.27731514697575,-0.01296701016929005,-0.11462771703499236,0.12840345542852719,0.25,2.0,False,False,False,applied
2026-06-06_run02_cross_pm30_on_r01,33800,33813,13,0.0,0.0,-263.27731514697575,-2.92720038037179e-14,-0.000607705524280672,-263.277284966261,0.0,0.0,0.0,-2.241496600181403,0.21154794955554387,0.029633963592935804,0.5603741500453507,-0.05288698738888597,0.0,0.5603741500453507,-0.05288698738888597,0.0,0.5603741500453507,-0.05288698738888597,-263.27731514697575,-0.01296701016929005,-0.11462771703499236,0.12840345542852719,0.25,2.0,False,False,False,applied
2026-06-06_run02_cross_pm30_on_r01,33900,33907,7,0.0,0.0,-263.27731514697575,-2.92720038037179e-14,-0.000607705524280672,-263.277284966261,0.0,0.0,0.0,-2.241496600181403,0.21154794955554387,0.029633963592935804,0.5603741500453507,-0.05288698738888597,0.0,0.5603741500453507,-0.05288698738888597,0.0,0.5603741500453507,-0.05288698738888597,-263.27731514697575,-0.01296701016929005,-0.11462771703499236,0.12840345542852719,0.25,2.0,False,False,False,applied
2026-06-06_run02_cross_pm30_on_r01,34000,34000,0,0.0,0.0,-263.27731514697575,-3.09406394564457e-14,-0.000678366858376492,-263.277281456862,0.0,0.0,0.0,-2.241499681213487,0.2115518385152195,0.029633355388658626,0.5603749203033718,-0.052887959628804875,0.0,0.5603749203033718,-0.052887959628804875,0.0,0.5603749203033718,-0.052887959628804875,-263.27731514697575,-0.012967252777372568,-0.1146277615077372,0.1284037449744086,0.25,2.0,False,False,True,applied
2026-06-06_run02_cross_pm30_on_r01,34100,34110,10,0.0,0.0,-263.27731514697575,-3.09406394564457e-14,-0.000678366858376492,-263.277281456862,0.0,0.0,0.0,-2.241499681213487,0.2115518385152195,0.029633355388658626,0.5603749203033718,-0.052887959628804875,0.0,0.5603749203033718,-0.052887959628804875,0.0,0.5603749203033718,-0.052887959628804875,-263.27731514697575,-0.012967252777372568,-0.1146277615077372,0.1284037449744086,0.25,2.0,False,False,False,applied
2026-06-06_run02_cross_pm30_on_r01,34200,34203,3,0.0,0.0,-263.27731514697575,-3.09406394564457e-14,-0.000678366858376492,-263.277281456862,0.0,0.0,0.0,-2.241499681213487,0.2115518385152195,0.029633355388658626,0.5603749203033718,-0.052887959628804875,0.0,0.5603749203033718,-0.052887959628804875,0.0,0.5603749203033718,-0.052887959628804875,-263.27731514697575,-0.012967252777372568,-0.1146277615077372,0.1284037449744086,0.25,2.0,False,False,False,applied
2026-06-06_run02_cross_pm30_on_r01,34300,34313,13,0.0,0.0,-263.27731514697575,-3.09406394564457e-14,-0.000678366858376492,-263.277281456862,0.0,0.0,0.0,-2.241499681213487,0.2115518385152195,0.029633355388658626,0.5603749203033718,-0.052887959628804875,0.0,0.5603749203033718,-0.052887959628804875,0.0,0.5603749203033718,-0.052887959628804875,-263.27731514697575,-0.012967252777372568,-0.1146277615077372,0.1284037449744086,0.25,2.0,False,False,False,applied
2026-06-06_run02_cross_pm30_on_r01,34400,34407,7,0.0,0.0,-263.27731514697575,-3.09406394564457e-14,-0.000678366858376492,-263.277281456862,0.0,0.0,0.0,-2.241499681213487,0.2115518385152195,0.029633355388658626,0.5603749203033718,-0.052887959628804875,0.0,0.5603749203033718,-0.052887959628804875,0.0,0.5603749203033718,-0.052887959628804875,-263.27731514697575,-0.012967252777372568,-0.1146277615077372,0.1284037449744086,0.25,2.0,False,False,False,applied
2026-06-06_run02_cross_pm30_on_r01,34500,34500,0,0.0,0.0,-263.27731514697575,-3.14015963215857e-14,-0.000746717128071377,-263.277278062243,0.0,0.0,0.0,-2.2415026614761695,0.21155560028014414,0.029632767076594672,0.5603756653690424,-0.052888900070036035,0.0,0.5603756653690424,-0.052888900070036035,0.0,0.5603756653690424,-0.052888900070036035,-263.27731514697575,-0.012967487450347766,-0.1146278045260472,0.1284040250503249,0.25,2.0,False,False,True,applied
2026-06-06_run02_cross_pm30_on_r01,34600,34610,10,0.0,0.0,-263.27731514697575,-3.14015963215857e-14,-0.000746717128071377,-263.277278062243,0.0,0.0,0.0,-2.2415026614761695,0.21155560028014414,0.029632767076594672,0.5603756653690424,-0.052888900070036035,0.0,0.5603756653690424,-0.052888900070036035,0.0,0.5603756653690424,-0.052888900070036035,-263.27731514697575,-0.012967487450347766,-0.1146278045260472,0.1284040250503249,0.25,2.0,False,False,False,applied
2026-06-06_run02_cross_pm30_on_r01,34700,34703,3,0.0,0.0,-263.27731514697575,-3.14015963215857e-14,-0.000746717128071377,-263.277278062243,0.0,0.0,0.0,-2.2415026614761695,0.21155560028014414,0.029632767076594672,0.5603756653690424,-0.052888900070036035,0.0,0.5603756653690424,-0.052888900070036035,0.0,0.5603756653690424,-0.052888900070036035,-263.27731514697575,-0.012967487450347766,-0.1146278045260472,0.1284040250503249,0.25,2.0,False,False,False,applied
2026-06-06_run02_cross_pm30_on_r01,34800,34813,13,0.0,0.0,-263.27731514697575,-3.14015963215857e-14,-0.000746717128071377,-263.277278062243,0.0,0.0,0.0,-2.2415026614761695,0.21155560028014414,0.029632767076594672,0.5603756653690424,-0.052888900070036035,0.0,0.5603756653690424,-0.052888900070036035,0.0,0.5603756653690424,-0.052888900070036035,-263.27731514697575,-0.012967487450347766,-0.1146278045260472,0.1284040250503249,0.25,2.0,False,False,False,applied
2026-06-06_run02_cross_pm30_on_r01,34900,34907,7,0.0,0.0,-263.27731514697575,-3.14015963215857e-14,-0.000746717128071377,-263.277278062243,0.0,0.0,0.0,-2.2415026614761695,0.21155560028014414,0.029632767076594672,0.5603756653690424,-0.052888900070036035,0.0,0.5603756653690424,-0.052888900070036035,0.0,0.5603756653690424,-0.052888900070036035,-263.27731514697575,-0.012967487450347766,-0.1146278045260472,0.1284040250503249,0.25,2.0,False,False,False,applied
2026-06-06_run02_cross_pm30_on_r01,35000,35000,0,0.0,-30.0,-263.27731514697575,-3.36572238845514e-14,-25.6434289283377,-263.797861163386,-7.0,5.0,5.0,-2.6527796282425373,-2.147982140476517,0.10633038442348428,0.6631949070606343,0.5369955351191292,0.0,0.6631949070606343,0.5369955351191292,0.0,0.6631949070606343,-29.46300446488087,-263.27731514697575,-6.620665473003585,4.284865978375347,4.569793335263747,0.25,2.0,False,False,True,applied
2026-06-06_run02_cross_pm30_on_r01,35100,35110,10,0.0,-30.0,-263.27731514697575,-3.36572238845514e-14,-25.6434289283377,-263.797861163386,-7.0,5.0,5.0,-2.6527796282425373,-2.147982140476517,0.10633038442348428,0.6631949070606343,0.5369955351191292,0.0,0.6631949070606343,0.5369955351191292,0.0,0.6631949070606343,-29.46300446488087,-263.27731514697575,-6.620665473003585,4.284865978375347,4.569793335263747,0.25,2.0,False,False,False,applied
2026-06-06_run02_cross_pm30_on_r01,35200,35203,3,0.0,-30.0,-263.27731514697575,-3.36572238845514e-14,-25.6434289283377,-263.797861163386,-7.0,5.0,5.0,-2.6527796282425373,-2.147982140476517,0.10633038442348428,0.6631949070606343,0.5369955351191292,0.0,0.6631949070606343,0.5369955351191292,0.0,0.6631949070606343,-29.46300446488087,-263.27731514697575,-6.620665473003585,4.284865978375347,4.569793335263747,0.25,2.0,False,False,False,applied
2026-06-06_run02_cross_pm30_on_r01,35300,35313,13,0.0,-30.0,-263.27731514697575,-3.36572238845514e-14,-25.6434289283377,-263.797861163386,-7.0,5.0,5.0,-2.6527796282425373,-2.147982140476517,0.10633038442348428,0.6631949070606343,0.5369955351191292,0.0,0.6631949070606343,0.5369955351191292,0.0,0.6631949070606343,-29.46300446488087,-263.27731514697575,-6.620665473003585,4.284865978375347,4.569793335263747,0.25,2.0,False,False,False,applied
2026-06-06_run02_cross_pm30_on_r01,35400,35407,7,0.0,-30.0,-263.27731514697575,-3.36572238845514e-14,-25.6434289283377,-263.797861163386,-7.0,5.0,5.0,-2.6527796282425373,-2.147982140476517,0.10633038442348428,0.6631949070606343,0.5369955351191292,0.0,0.6631949070606343,0.5369955351191292,0.0,0.6631949070606343,-29.46300446488087,-263.27731514697575,-6.620665473003585,4.284865978375347,4.569793335263747,0.25,2.0,False,False,False,applied
2026-06-06_run02_cross_pm30_on_r01,35500,35500,0,0.0,-30.0,-263.27731514697575,4.17852266653366e-14,-32.0523048294259,-263.539767132559,-7.0,5.0,5.0,-2.8955168653498795,-1.9094459235423327,0.0622049396415586,0.7238792163374699,0.47736148088558317,0.0,0.7238792163374699,0.47736148088558317,0.0,0.7238792163374699,-29.522638519114416,-263.27731514697575,-6.632399113449227,4.282338400479797,4.593327995585008,0.25,2.0,False,False,True,applied
2026-06-06_run02_cross_pm30_on_r01,35600,35610,10,0.0,-30.0,-263.27731514697575,4.17852266653366e-14,-32.0523048294259,-263.539767132559,-7.0,5.0,5.0,-2.8955168653498795,-1.9094459235423327,0.0622049396415586,0.7238792163374699,0.47736148088558317,0.0,0.7238792163374699,0.47736148088558317,0.0,0.7238792163374699,-29.522638519114416,-263.27731514697575,-6.632399113449227,4.282338400479797,4.593327995585008,0.25,2.0,False,False,False,applied
2026-06-06_run02_cross_pm30_on_r01,35700,35703,3,0.0,-30.0,-263.27731514697575,4.17852266653366e-14,-32.0523048294259,-263.539767132559,-7.0,5.0,5.0,-2.8955168653498795,-1.9094459235423327,0.0622049396415586,0.7238792163374699,0.47736148088558317,0.0,0.7238792163374699,0.47736148088558317,0.0,0.7238792163374699,-29.522638519114416,-263.27731514697575,-6.632399113449227,4.282338400479797,4.593327995585008,0.25,2.0,False,False,False,applied
2026-06-06_run02_cross_pm30_on_r01,35800,35813,13,0.0,-30.0,-263.27731514697575,4.17852266653366e-14,-32.0523048294259,-263.539767132559,-7.0,5.0,5.0,-2.8955168653498795,-1.9094459235423327,0.0622049396415586,0.7238792163374699,0.47736148088558317,0.0,0.7238792163374699,0.47736148088558317,0.0,0.7238792163374699,-29.522638519114416,-263.27731514697575,-6.632399113449227,4.282338400479797,4.593327995585008,0.25,2.0,False,False,False,applied
2026-06-06_run02_cross_pm30_on_r01,35900,35907,7,0.0,-30.0,-263.27731514697575,4.17852266653366e-14,-32.0523048294259,-263.539767132559,-7.0,5.0,5.0,-2.8955168653498795,-1.9094459235423327,0.0622049396415586,0.7238792163374699,0.47736148088558317,0.0,0.7238792163374699,0.47736148088558317,0.0,0.7238792163374699,-29.522638519114416,-263.27731514697575,-6.632399113449227,4.282338400479797,4.593327995585008,0.25,2.0,False,False,False,applied
2026-06-06_run02_cross_pm30_on_r01,36000,36000,0,0.0,-30.0,-263.27731514697575,-1.80438890495949e-13,-32.0523748409853,-263.539763453127,-7.0,5.0,5.0,-2.895520041400958,-1.909441686636446,0.062204299939268966,0.7238800103502395,0.4773604216591115,0.0,0.7238800103502395,0.4773604216591115,0.0,0.7238800103502395,-29.52263957834089,-263.27731514697575,-6.632399322105463,4.282338416347594,4.593328352405096,0.25,2.0,False,False,True,applied
2026-06-06_run02_cross_pm30_on_r01,36100,36110,10,0.0,-30.0,-263.27731514697575,-1.80438890495949e-13,-32.0523748409853,-263.539763453127,-7.0,5.0,5.0,-2.895520041400958,-1.909441686636446,0.062204299939268966,0.7238800103502395,0.4773604216591115,0.0,0.7238800103502395,0.4773604216591115,0.0,0.7238800103502395,-29.52263957834089,-263.27731514697575,-6.632399322105463,4.282338416347594,4.593328352405096,0.25,2.0,False,False,False,applied
2026-06-06_run02_cross_pm30_on_r01,36200,36203,3,0.0,-30.0,-263.27731514697575,-1.80438890495949e-13,-32.0523748409853,-263.539763453127,-7.0,5.0,5.0,-2.895520041400958,-1.909441686636446,0.062204299939268966,0.7238800103502395,0.4773604216591115,0.0,0.7238800103502395,0.4773604216591115,0.0,0.7238800103502395,-29.52263957834089,-263.27731514697575,-6.632399322105463,4.282338416347594,4.593328352405096,0.25,2.0,False,False,False,applied
2026-06-06_run02_cross_pm30_on_r01,36300,36313,13,0.0,-30.0,-263.27731514697575,-1.80438890495949e-13,-32.0523748409853,-263.539763453127,-7.0,5.0,5.0,-2.895520041400958,-1.909441686636446,0.062204299939268966,0.7238800103502395,0.4773604216591115,0.0,0.7238800103502395,0.4773604216591115,0.0,0.7238800103502395,-29.52263957834089,-263.27731514697575,-6.632399322105463,4.282338416347594,4.593328352405096,0.25,2.0,False,False,False,applied
2026-06-06_run02_cross_pm30_on_r01,36400,36422,22,0.0,-30.0,-263.27731514697575,-1.80438890495949e-13,-32.0523748409853,-263.539763453127,-7.0,5.0,5.0,-2.895520041400958,-1.909441686636446,0.062204299939268966,0.7238800103502395,0.4773604216591115,0.0,0.7238800103502395,0.4773604216591115,0.0,0.7238800103502395,-29.52263957834089,-263.27731514697575,-6.632399322105463,4.282338416347594,4.593328352405096,0.25,2.0,False,False,False,applied
2026-06-06_run02_cross_pm30_on_r01,36500,36500,0,0.0,-30.0,-263.27731514697575,-4.49787188009115e-13,-32.0523735043155,-263.539763523382,-7.0,5.0,5.0,-2.8955199807591985,-1.9094417675409057,0.06220431215379574,0.7238799951897996,0.4773604418852264,0.0,0.7238799951897996,0.4773604418852264,0.0,0.7238799951897996,-29.522639558114772,-263.27731514697575,-6.6323993181213465,4.28233841604424,4.59332834559193,0.25,2.0,False,False,True,applied
2026-06-06_run02_cross_pm30_on_r01,36600,36610,10,0.0,-30.0,-263.27731514697575,-4.49787188009115e-13,-32.0523735043155,-263.539763523382,-7.0,5.0,5.0,-2.8955199807591985,-1.9094417675409057,0.06220431215379574,0.7238799951897996,0.4773604418852264,0.0,0.7238799951897996,0.4773604418852264,0.0,0.7238799951897996,-29.522639558114772,-263.27731514697575,-6.6323993181213465,4.28233841604424,4.59332834559193,0.25,2.0,False,False,False,applied
2026-06-06_run02_cross_pm30_on_r01,36700,36703,3,0.0,-30.0,-263.27731514697575,-4.49787188009115e-13,-32.0523735043155,-263.539763523382,-7.0,5.0,5.0,-2.8955199807591985,-1.9094417675409057,0.06220431215379574,0.7238799951897996,0.4773604418852264,0.0,0.7238799951897996,0.4773604418852264,0.0,0.7238799951897996,-29.522639558114772,-263.27731514697575,-6.6323993181213465,4.28233841604424,4.59332834559193,0.25,2.0,False,False,False,applied
2026-06-06_run02_cross_pm30_on_r01,36800,36813,13,0.0,-30.0,-263.27731514697575,-4.49787188009115e-13,-32.0523735043155,-263.539763523382,-7.0,5.0,5.0,-2.8955199807591985,-1.9094417675409057,0.06220431215379574,0.7238799951897996,0.4773604418852264,0.0,0.7238799951897996,0.4773604418852264,0.0,0.7238799951897996,-29.522639558114772,-263.27731514697575,-6.6323993181213465,4.28233841604424,4.59332834559193,0.25,2.0,False,False,False,applied
2026-06-06_run02_cross_pm30_on_r01,36900,36907,7,0.0,-30.0,-263.27731514697575,-4.49787188009115e-13,-32.0523735043155,-263.539763523382,-7.0,5.0,5.0,-2.8955199807591985,-1.9094417675409057,0.06220431215379574,0.7238799951897996,0.4773604418852264,0.0,0.7238799951897996,0.4773604418852264,0.0,0.7238799951897996,-29.522639558114772,-263.27731514697575,-6.6323993181213465,4.28233841604424,4.59332834559193,0.25,2.0,False,False,False,applied
2026-06-06_run02_cross_pm30_on_r01,37000,37000,0,0.0,-30.0,-263.27731514697575,2.8482193035995e-13,-32.0524094314393,-263.539761635243,-7.0,5.0,5.0,-2.895521610582599,-1.9094395933267396,0.06220398388385183,0.7238804026456498,0.4773598983316849,0.0,0.7238804026456498,0.4773598983316849,0.0,0.7238804026456498,-29.522640101668316,-263.27731514697575,-6.632399425195627,4.282338424186948,4.593328528697895,0.25,2.0,False,False,True,applied
2026-06-06_run02_cross_pm30_on_r01,37100,37110,10,0.0,-30.0,-263.27731514697575,2.8482193035995e-13,-32.0524094314393,-263.539761635243,-7.0,5.0,5.0,-2.895521610582599,-1.9094395933267396,0.06220398388385183,0.7238804026456498,0.4773598983316849,0.0,0.7238804026456498,0.4773598983316849,0.0,0.7238804026456498,-29.522640101668316,-263.27731514697575,-6.632399425195627,4.282338424186948,4.593328528697895,0.25,2.0,False,False,False,applied
2026-06-06_run02_cross_pm30_on_r01,37200,37203,3,0.0,-30.0,-263.27731514697575,2.8482193035995e-13,-32.0524094314393,-263.539761635243,-7.0,5.0,5.0,-2.895521610582599,-1.9094395933267396,0.06220398388385183,0.7238804026456498,0.4773598983316849,0.0,0.7238804026456498,0.4773598983316849,0.0,0.7238804026456498,-29.522640101668316,-263.27731514697575,-6.632399425195627,4.282338424186948,4.593328528697895,0.25,2.0,False,False,False,applied
2026-06-06_run02_cross_pm30_on_r01,37300,37313,13,0.0,-30.0,-263.27731514697575,2.8482193035995e-13,-32.0524094314393,-263.539761635243,-7.0,5.0,5.0,-2.895521610582599,-1.9094395933267396,0.06220398388385183,0.7238804026456498,0.4773598983316849,0.0,0.7238804026456498,0.4773598983316849,0.0,0.7238804026456498,-29.522640101668316,-263.27731514697575,-6.632399425195627,4.282338424186948,4.593328528697895,0.25,2.0,False,False,False,applied
2026-06-06_run02_cross_pm30_on_r01,37400,37407,7,0.0,-30.0,-263.27731514697575,2.8482193035995e-13,-32.0524094314393,-263.539761635243,-7.0,5.0,5.0,-2.895521610582599,-1.9094395933267396,0.06220398388385183,0.7238804026456498,0.4773598983316849,0.0,0.7238804026456498,0.4773598983316849,0.0,0.7238804026456498,-29.522640101668316,-263.27731514697575,-6.632399425195627,4.282338424186948,4.593328528697895,0.25,2.0,False,False,False,applied
2026-06-06_run02_cross_pm30_on_r01,37500,37500,0,0.0,-30.0,-263.27731514697575,2.93255957397721e-13,-32.0524234726834,-263.539760897311,-7.0,5.0,5.0,-2.895522247558683,-1.9094387435903792,0.06220385558775218,0.7238805618896708,0.4773596858975948,0.0,0.7238805618896708,0.4773596858975948,0.0,0.7238805618896708,-29.522640314102404,-263.27731514697575,-6.632399467043005,4.2823384273694165,4.5933286002601745,0.25,2.0,False,False,True,applied
2026-06-06_run02_cross_pm30_on_r01,37600,37610,10,0.0,-30.0,-263.27731514697575,2.93255957397721e-13,-32.0524234726834,-263.539760897311,-7.0,5.0,5.0,-2.895522247558683,-1.9094387435903792,0.06220385558775218,0.7238805618896708,0.4773596858975948,0.0,0.7238805618896708,0.4773596858975948,0.0,0.7238805618896708,-29.522640314102404,-263.27731514697575,-6.632399467043005,4.2823384273694165,4.5933286002601745,0.25,2.0,False,False,False,applied
2026-06-06_run02_cross_pm30_on_r01,37700,37703,3,0.0,-30.0,-263.27731514697575,2.93255957397721e-13,-32.0524234726834,-263.539760897311,-7.0,5.0,5.0,-2.895522247558683,-1.9094387435903792,0.06220385558775218,0.7238805618896708,0.4773596858975948,0.0,0.7238805618896708,0.4773596858975948,0.0,0.7238805618896708,-29.522640314102404,-263.27731514697575,-6.632399467043005,4.2823384273694165,4.5933286002601745,0.25,2.0,False,False,False,applied
2026-06-06_run02_cross_pm30_on_r01,37800,37813,13,0.0,-30.0,-263.27731514697575,2.93255957397721e-13,-32.0524234726834,-263.539760897311,-7.0,5.0,5.0,-2.895522247558683,-1.9094387435903792,0.06220385558775218,0.7238805618896708,0.4773596858975948,0.0,0.7238805618896708,0.4773596858975948,0.0,0.7238805618896708,-29.522640314102404,-263.27731514697575,-6.632399467043005,4.2823384273694165,4.5933286002601745,0.25,2.0,False,False,False,applied
2026-06-06_run02_cross_pm30_on_r01,37900,37907,7,0.0,-30.0,-263.27731514697575,2.93255957397721e-13,-32.0524234726834,-263.539760897311,-7.0,5.0,5.0,-2.895522247558683,-1.9094387435903792,0.06220385558775218,0.7238805618896708,0.4773596858975948,0.0,0.7238805618896708,0.4773596858975948,0.0,0.7238805618896708,-29.522640314102404,-263.27731514697575,-6.632399467043005,4.2823384273694165,4.5933286002601745,0.25,2.0,False,False,False,applied
2026-06-06_run02_cross_pm30_on_r01,38000,38000,0,0.0,-30.0,-263.27731514697575,-4.69099130843267e-13,-32.0525008619074,-263.539756829978,-7.0,5.0,5.0,-2.8955257583989926,-1.9094340598851511,0.06220314844376876,0.7238814395997482,0.4773585149712878,0.0,0.7238814395997482,0.4773585149712878,0.0,0.7238814395997482,-29.52264148502871,-263.27731514697575,-6.6323996977036925,4.282338444917736,4.593328994701066,0.25,2.0,False,False,True,applied
2026-06-06_run02_cross_pm30_on_r01,38100,38110,10,0.0,-30.0,-263.27731514697575,-4.69099130843267e-13,-32.0525008619074,-263.539756829978,-7.0,5.0,5.0,-2.8955257583989926,-1.9094340598851511,0.06220314844376876,0.7238814395997482,0.4773585149712878,0.0,0.7238814395997482,0.4773585149712878,0.0,0.7238814395997482,-29.52264148502871,-263.27731514697575,-6.6323996977036925,4.282338444917736,4.593328994701066,0.25,2.0,False,False,False,applied
2026-06-06_run02_cross_pm30_on_r01,38200,38219,19,0.0,-30.0,-263.27731514697575,-4.69099130843267e-13,-32.0525008619074,-263.539756829978,-7.0,5.0,5.0,-2.8955257583989926,-1.9094340598851511,0.06220314844376876,0.7238814395997482,0.4773585149712878,0.0,0.7238814395997482,0.4773585149712878,0.0,0.7238814395997482,-29.52264148502871,-263.27731514697575,-6.6323996977036925,4.282338444917736,4.593328994701066,0.25,2.0,False,False,False,applied
2026-06-06_run02_cross_pm30_on_r01,38300,38313,13,0.0,-30.0,-263.27731514697575,-4.69099130843267e-13,-32.0525008619074,-263.539756829978,-7.0,5.0,5.0,-2.8955257583989926,-1.9094340598851511,0.06220314844376876,0.7238814395997482,0.4773585149712878,0.0,0.7238814395997482,0.4773585149712878,0.0,0.7238814395997482,-29.52264148502871,-263.27731514697575,-6.6323996977036925,4.282338444917736,4.593328994701066,0.25,2.0,False,False,False,applied
2026-06-06_run02_cross_pm30_on_r01,38400,38422,22,0.0,-30.0,-263.27731514697575,-4.69099130843267e-13,-32.0525008619074,-263.539756829978,-7.0,5.0,5.0,-2.8955257583989926,-1.9094340598851511,0.06220314844376876,0.7238814395997482,0.4773585149712878,0.0,0.7238814395997482,0.4773585149712878,0.0,0.7238814395997482,-29.52264148502871,-263.27731514697575,-6.6323996977036925,4.282338444917736,4.593328994701066,0.25,2.0,False,False,False,applied
2026-06-06_run02_cross_pm30_on_r01,38500,38500,0,0.0,-30.0,-263.27731514697575,-3.69753696764743e-12,-32.0525850208504,-263.539752406839,-7.0,5.0,5.0,-2.8955295763608495,-1.9094289664461632,0.062202379439475014,0.7238823940902124,0.4773572416115408,0.0,0.7238823940902124,0.4773572416115408,0.0,0.7238823940902124,-29.52264275838846,-263.27731514697575,-6.632399948542378,4.282338464001874,4.593329423647409,0.25,2.0,False,False,True,applied
2026-06-06_run02_cross_pm30_on_r01,38600,38610,10,0.0,-30.0,-263.27731514697575,-3.69753696764743e-12,-32.0525850208504,-263.539752406839,-7.0,5.0,5.0,-2.8955295763608495,-1.9094289664461632,0.062202379439475014,0.7238823940902124,0.4773572416115408,0.0,0.7238823940902124,0.4773572416115408,0.0,0.7238823940902124,-29.52264275838846,-263.27731514697575,-6.632399948542378,4.282338464001874,4.593329423647409,0.25,2.0,False,False,False,applied
2026-06-06_run02_cross_pm30_on_r01,38700,38703,3,0.0,-30.0,-263.27731514697575,-3.69753696764743e-12,-32.0525850208504,-263.539752406839,-7.0,5.0,5.0,-2.8955295763608495,-1.9094289664461632,0.062202379439475014,0.7238823940902124,0.4773572416115408,0.0,0.7238823940902124,0.4773572416115408,0.0,0.7238823940902124,-29.52264275838846,-263.27731514697575,-6.632399948542378,4.282338464001874,4.593329423647409,0.25,2.0,False,False,False,applied
2026-06-06_run02_cross_pm30_on_r01,38800,38813,13,0.0,-30.0,-263.27731514697575,-3.69753696764743e-12,-32.0525850208504,-263.539752406839,-7.0,5.0,5.0,-2.8955295763608495,-1.9094289664461632,0.062202379439475014,0.7238823940902124,0.4773572416115408,0.0,0.7238823940902124,0.4773572416115408,0.0,0.7238823940902124,-29.52264275838846,-263.27731514697575,-6.632399948542378,4.282338464001874,4.593329423647409,0.25,2.0,False,False,False,applied
2026-06-06_run02_cross_pm30_on_r01,38900,38907,7,0.0,-30.0,-263.27731514697575,-3.69753696764743e-12,-32.0525850208504,-263.539752406839,-7.0,5.0,5.0,-2.8955295763608495,-1.9094289664461632,0.062202379439475014,0.7238823940902124,0.4773572416115408,0.0,0.7238823940902124,0.4773572416115408,0.0,0.7238823940902124,-29.52264275838846,-263.27731514697575,-6.632399948542378,4.282338464001874,4.593329423647409,0.25,2.0,False,False,False,applied
2026-06-06_run02_cross_pm30_on_r01,39000,39000,0,0.0,-30.0,-263.27731514697575,-9.61768270526845e-12,-32.0526658668923,-263.539748157817,-7.0,5.0,5.0,-2.895533244028475,-1.9094240735111572,0.06220164070706024,0.7238833110071188,0.4773560183777893,0.0,0.7238833110071188,0.4773560183777893,0.0,0.7238833110071188,-29.52264398162221,-263.27731514697575,-6.632400189506603,4.282338482334671,4.593329835708059,0.25,2.0,False,False,True,applied
2026-06-06_run02_cross_pm30_on_r01,39100,39110,10,0.0,-30.0,-263.27731514697575,-9.61768270526845e-12,-32.0526658668923,-263.539748157817,-7.0,5.0,5.0,-2.895533244028475,-1.9094240735111572,0.06220164070706024,0.7238833110071188,0.4773560183777893,0.0,0.7238833110071188,0.4773560183777893,0.0,0.7238833110071188,-29.52264398162221,-263.27731514697575,-6.632400189506603,4.282338482334671,4.593329835708059,0.25,2.0,False,False,False,applied
2026-06-06_run02_cross_pm30_on_r01,39200,39203,3,0.0,-30.0,-263.27731514697575,-9.61768270526845e-12,-32.0526658668923,-263.539748157817,-7.0,5.0,5.0,-2.895533244028475,-1.9094240735111572,0.06220164070706024,0.7238833110071188,0.4773560183777893,0.0,0.7238833110071188,0.4773560183777893,0.0,0.7238833110071188,-29.52264398162221,-263.27731514697575,-6.632400189506603,4.282338482334671,4.593329835708059,0.25,2.0,False,False,False,applied
2026-06-06_run02_cross_pm30_on_r01,39300,39313,13,0.0,-30.0,-263.27731514697575,-9.61768270526845e-12,-32.0526658668923,-263.539748157817,-7.0,5.0,5.0,-2.895533244028475,-1.9094240735111572,0.06220164070706024,0.7238833110071188,0.4773560183777893,0.0,0.7238833110071188,0.4773560183777893,0.0,0.7238833110071188,-29.52264398162221,-263.27731514697575,-6.632400189506603,4.282338482334671,4.593329835708059,0.25,2.0,False,False,False,applied
2026-06-06_run02_cross_pm30_on_r01,39400,39407,7,0.0,-30.0,-263.27731514697575,-9.61768270526845e-12,-32.0526658668923,-263.539748157817,-7.0,5.0,5.0,-2.895533244028475,-1.9094240735111572,0.06220164070706024,0.7238833110071188,0.4773560183777893,0.0,0.7238833110071188,0.4773560183777893,0.0,0.7238833110071188,-29.52264398162221,-263.27731514697575,-6.632400189506603,4.282338482334671,4.593329835708059,0.25,2.0,False,False,False,applied
2026-06-06_run02_cross_pm30_on_r01,39500,39500,0,0.0,-30.0,-263.27731514697575,-1.70902058521622e-11,-32.0527439361457,-263.539744054734,-7.0,5.0,5.0,-2.8955367857242154,-1.9094193486309674,0.062200927347516706,0.7238841964310538,0.47735483715774185,0.0,0.7238841964310538,0.47735483715774185,0.0,0.7238841964310538,-29.52264516284226,-263.27731514697575,-6.632400422195123,4.282338500037959,4.593330233615883,0.25,2.0,False,False,True,applied
2026-06-06_run02_cross_pm30_on_r01,39600,39610,10,0.0,-30.0,-263.27731514697575,-1.70902058521622e-11,-32.0527439361457,-263.539744054734,-7.0,5.0,5.0,-2.8955367857242154,-1.9094193486309674,0.062200927347516706,0.7238841964310538,0.47735483715774185,0.0,0.7238841964310538,0.47735483715774185,0.0,0.7238841964310538,-29.52264516284226,-263.27731514697575,-6.632400422195123,4.282338500037959,4.593330233615883,0.25,2.0,False,False,False,applied
2026-06-06_run02_cross_pm30_on_r01,39700,39703,3,0.0,-30.0,-263.27731514697575,-1.70902058521622e-11,-32.0527439361457,-263.539744054734,-7.0,5.0,5.0,-2.8955367857242154,-1.9094193486309674,0.062200927347516706,0.7238841964310538,0.47735483715774185,0.0,0.7238841964310538,0.47735483715774185,0.0,0.7238841964310538,-29.52264516284226,-263.27731514697575,-6.632400422195123,4.282338500037959,4.593330233615883,0.25,2.0,False,False,False,applied
2026-06-06_run02_cross_pm30_on_r01,39800,39813,13,0.0,-30.0,-263.27731514697575,-1.70902058521622e-11,-32.0527439361457,-263.539744054734,-7.0,5.0,5.0,-2.8955367857242154,-1.9094193486309674,0.062200927347516706,0.7238841964310538,0.47735483715774185,0.0,0.7238841964310538,0.47735483715774185,0.0,0.7238841964310538,-29.52264516284226,-263.27731514697575,-6.632400422195123,4.282338500037959,4.593330233615883,0.25,2.0,False,False,False,applied
2026-06-06_run02_cross_pm30_on_r01,39900,39907,7,0.0,-30.0,-263.27731514697575,-1.70902058521622e-11,-32.0527439361457,-263.539744054734,-7.0,5.0,5.0,-2.8955367857242154,-1.9094193486309674,0.062200927347516706,0.7238841964310538,0.47735483715774185,0.0,0.7238841964310538,0.47735483715774185,0.0,0.7238841964310538,-29.52264516284226,-263.27731514697575,-6.632400422195123,4.282338500037959,4.593330233615883,0.25,2.0,False,False,False,applied
2026-06-06_run02_cross_pm30_on_r01,40000,40000,0,0.0,0.0,-263.27731514697575,-7.00305325529834e-14,-6.40250079717811,-263.637323450884,0.0,0.0,0.0,-2.1072464399078967,-0.7220464874311201,0.09883466419930927,0.5268116099769742,0.18051162185778002,0.0,0.5268116099769742,0.18051162185778002,0.0,0.5268116099769742,0.18051162185778002,-263.27731514697575,0.04546806002453625,-0.13657993865557522,0.09190368434881704,0.25,2.0,False,False,True,applied
2026-06-06_run02_cross_pm30_on_r01,40100,40110,10,0.0,0.0,-263.27731514697575,-7.00305325529834e-14,-6.40250079717811,-263.637323450884,0.0,0.0,0.0,-2.1072464399078967,-0.7220464874311201,0.09883466419930927,0.5268116099769742,0.18051162185778002,0.0,0.5268116099769742,0.18051162185778002,0.0,0.5268116099769742,0.18051162185778002,-263.27731514697575,0.04546806002453625,-0.13657993865557522,0.09190368434881704,0.25,2.0,False,False,False,applied
2026-06-06_run02_cross_pm30_on_r01,40200,40203,3,0.0,0.0,-263.27731514697575,-7.00305325529834e-14,-6.40250079717811,-263.637323450884,0.0,0.0,0.0,-2.1072464399078967,-0.7220464874311201,0.09883466419930927,0.5268116099769742,0.18051162185778002,0.0,0.5268116099769742,0.18051162185778002,0.0,0.5268116099769742,0.18051162185778002,-263.27731514697575,0.04546806002453625,-0.13657993865557522,0.09190368434881704,0.25,2.0,False,False,False,applied
2026-06-06_run02_cross_pm30_on_r01,40300,40313,13,0.0,0.0,-263.27731514697575,-7.00305325529834e-14,-6.40250079717811,-263.637323450884,0.0,0.0,0.0,-2.1072464399078967,-0.7220464874311201,0.09883466419930927,0.5268116099769742,0.18051162185778002,0.0,0.5268116099769742,0.18051162185778002,0.0,0.5268116099769742,0.18051162185778002,-263.27731514697575,0.04546806002453625,-0.13657993865557522,0.09190368434881704,0.25,2.0,False,False,False,applied
2026-06-06_run02_cross_pm30_on_r01,40400,40407,7,0.0,0.0,-263.27731514697575,-7.00305325529834e-14,-6.40250079717811,-263.637323450884,0.0,0.0,0.0,-2.1072464399078967,-0.7220464874311201,0.09883466419930927,0.5268116099769742,0.18051162185778002,0.0,0.5268116099769742,0.18051162185778002,0.0,0.5268116099769742,0.18051162185778002,-263.27731514697575,0.04546806002453625,-0.13657993865557522,0.09190368434881704,0.25,2.0,False,False,False,applied
2026-06-06_run02_cross_pm30_on_r01,40500,40500,0,0.0,0.0,-263.27731514697575,-6.90668587312963e-14,0.00115068147902007,-263.277236569556,0.0,0.0,0.0,-2.241502686559646,0.21170860576646863,0.029624214111126618,0.5603756716399115,-0.05292715144161716,0.0,0.5603756716399115,-0.05292715144161716,0.0,0.5603756716399115,-0.05292715144161716,-263.27731514697575,-0.012977062068910776,-0.11462301268957104,0.1284088181491397,0.25,2.0,False,False,True,applied
2026-06-06_run02_cross_pm30_on_r01,40600,40610,10,0.0,0.0,-263.27731514697575,-6.90668587312963e-14,0.00115068147902007,-263.277236569556,0.0,0.0,0.0,-2.241502686559646,0.21170860576646863,0.029624214111126618,0.5603756716399115,-0.05292715144161716,0.0,0.5603756716399115,-0.05292715144161716,0.0,0.5603756716399115,-0.05292715144161716,-263.27731514697575,-0.012977062068910776,-0.11462301268957104,0.1284088181491397,0.25,2.0,False,False,False,applied
2026-06-06_run02_cross_pm30_on_r01,40700,40703,3,0.0,0.0,-263.27731514697575,-6.90668587312963e-14,0.00115068147902007,-263.277236569556,0.0,0.0,0.0,-2.241502686559646,0.21170860576646863,0.029624214111126618,0.5603756716399115,-0.05292715144161716,0.0,0.5603756716399115,-0.05292715144161716,0.0,0.5603756716399115,-0.05292715144161716,-263.27731514697575,-0.012977062068910776,-0.11462301268957104,0.1284088181491397,0.25,2.0,False,False,False,applied
2026-06-06_run02_cross_pm30_on_r01,40800,40813,13,0.0,0.0,-263.27731514697575,-6.90668587312963e-14,0.00115068147902007,-263.277236569556,0.0,0.0,0.0,-2.241502686559646,0.21170860576646863,0.029624214111126618,0.5603756716399115,-0.05292715144161716,0.0,0.5603756716399115,-0.05292715144161716,0.0,0.5603756716399115,-0.05292715144161716,-263.27731514697575,-0.012977062068910776,-0.11462301268957104,0.1284088181491397,0.25,2.0,False,False,False,applied
2026-06-06_run02_cross_pm30_on_r01,40900,40907,7,0.0,0.0,-263.27731514697575,-6.90668587312963e-14,0.00115068147902007,-263.277236569556,0.0,0.0,0.0,-2.241502686559646,0.21170860576646863,0.029624214111126618,0.5603756716399115,-0.05292715144161716,0.0,0.5603756716399115,-0.05292715144161716,0.0,0.5603756716399115,-0.05292715144161716,-263.27731514697575,-0.012977062068910776,-0.11462301268957104,0.1284088181491397,0.25,2.0,False,False,False,applied
2026-06-06_run02_cross_pm30_on_r01,41000,41000,0,0.0,0.0,-263.27731514697575,-6.86890634724732e-14,0.00224823255688602,-263.277161617104,0.0,0.0,0.0,-2.2415337674520606,0.21189374995391907,0.029609925190422902,0.5603834418630151,-0.05297343748847977,0.0,0.5603834418630151,-0.05297343748847977,0.0,0.5603834418630151,-0.05297343748847977,-263.27731514697575,-0.012988640252791245,-0.11461889031102636,0.12841630865682194,0.25,2.0,False,False,True,applied
2026-06-06_run02_cross_pm30_on_r01,41100,41110,10,0.0,0.0,-263.27731514697575,-6.86890634724732e-14,0.00224823255688602,-263.277161617104,0.0,0.0,0.0,-2.2415337674520606,0.21189374995391907,0.029609925190422902,0.5603834418630151,-0.05297343748847977,0.0,0.5603834418630151,-0.05297343748847977,0.0,0.5603834418630151,-0.05297343748847977,-263.27731514697575,-0.012988640252791245,-0.11461889031102636,0.12841630865682194,0.25,2.0,False,False,False,applied
2026-06-06_run02_cross_pm30_on_r01,41200,41203,3,0.0,0.0,-263.27731514697575,-6.86890634724732e-14,0.00224823255688602,-263.277161617104,0.0,0.0,0.0,-2.2415337674520606,0.21189374995391907,0.029609925190422902,0.5603834418630151,-0.05297343748847977,0.0,0.5603834418630151,-0.05297343748847977,0.0,0.5603834418630151,-0.05297343748847977,-263.27731514697575,-0.012988640252791245,-0.11461889031102636,0.12841630865682194,0.25,2.0,False,False,False,applied
2026-06-06_run02_cross_pm30_on_r01,41300,41313,13,0.0,0.0,-263.27731514697575,-6.86890634724732e-14,0.00224823255688602,-263.277161617104,0.0,0.0,0.0,-2.2415337674520606,0.21189374995391907,0.029609925190422902,0.5603834418630151,-0.05297343748847977,0.0,0.5603834418630151,-0.05297343748847977,0.0,0.5603834418630151,-0.05297343748847977,-263.27731514697575,-0.012988640252791245,-0.11461889031102636,0.12841630865682194,0.25,2.0,False,False,False,applied
2026-06-06_run02_cross_pm30_on_r01,41400,41407,7,0.0,0.0,-263.27731514697575,-6.86890634724732e-14,0.00224823255688602,-263.277161617104,0.0,0.0,0.0,-2.2415337674520606,0.21189374995391907,0.029609925190422902,0.5603834418630151,-0.05297343748847977,0.0,0.5603834418630151,-0.05297343748847977,0.0,0.5603834418630151,-0.05297343748847977,-263.27731514697575,-0.012988640252791245,-0.11461889031102636,0.12841630865682194,0.25,2.0,False,False,False,applied
2026-06-06_run02_cross_pm30_on_r01,41500,41500,0,0.0,0.0,-263.27731514697575,6.25239076632757e-17,0.00159630697361327,-263.277206138165,0.0,0.0,0.0,-2.241515305562861,0.21178377639942442,0.029618412671962767,0.5603788263907152,-0.052945944099856104,0.0,0.5603788263907152,-0.052945944099856104,0.0,0.5603788263907152,-0.052945944099856104,-263.27731514697575,-0.012981762942845865,-0.11462133894759596,0.12841185936907354,0.25,2.0,False,False,True,applied
2026-06-06_run02_cross_pm30_on_r01,41600,41610,10,0.0,0.0,-263.27731514697575,6.25239076632757e-17,0.00159630697361327,-263.277206138165,0.0,0.0,0.0,-2.241515305562861,0.21178377639942442,0.029618412671962767,0.5603788263907152,-0.052945944099856104,0.0,0.5603788263907152,-0.052945944099856104,0.0,0.5603788263907152,-0.052945944099856104,-263.27731514697575,-0.012981762942845865,-0.11462133894759596,0.12841185936907354,0.25,2.0,False,False,False,applied
2026-06-06_run02_cross_pm30_on_r01,41700,41703,3,0.0,0.0,-263.27731514697575,6.25239076632757e-17,0.00159630697361327,-263.277206138165,0.0,0.0,0.0,-2.241515305562861,0.21178377639942442,0.029618412671962767,0.5603788263907152,-0.052945944099856104,0.0,0.5603788263907152,-0.052945944099856104,0.0,0.5603788263907152,-0.052945944099856104,-263.27731514697575,-0.012981762942845865,-0.11462133894759596,0.12841185936907354,0.25,2.0,False,False,False,applied
2026-06-06_run02_cross_pm30_on_r01,41800,41813,13,0.0,0.0,-263.27731514697575,6.25239076632757e-17,0.00159630697361327,-263.277206138165,0.0,0.0,0.0,-2.241515305562861,0.21178377639942442,0.029618412671962767,0.5603788263907152,-0.052945944099856104,0.0,0.5603788263907152,-0.052945944099856104,0.0,0.5603788263907152,-0.052945944099856104,-263.27731514697575,-0.012981762942845865,-0.11462133894759596,0.12841185936907354,0.25,2.0,False,False,False,applied
2026-06-06_run02_cross_pm30_on_r01,41900,41907,7,0.0,0.0,-263.27731514697575,6.25239076632757e-17,0.00159630697361327,-263.277206138165,0.0,0.0,0.0,-2.241515305562861,0.21178377639942442,0.029618412671962767,0.5603788263907152,-0.052945944099856104,0.0,0.5603788263907152,-0.052945944099856104,0.0,0.5603788263907152,-0.052945944099856104,-263.27731514697575,-0.012981762942845865,-0.11462133894759596,0.12841185936907354,0.25,2.0,False,False,False,applied
2026-06-06_run02_cross_pm30_on_r01,42000,42000,0,0.0,0.0,-263.27731514697575,-6.91023599807293e-14,0.00165193063887137,-263.277202339836,0.0,0.0,0.0,-2.241516880586173,0.2117931590026175,0.029617688557468068,0.5603792201465433,-0.052948289750654375,0.0,0.5603792201465433,-0.052948289750654375,0.0,0.5603792201465433,-0.052948289750654375,-263.27731514697575,-0.012982349693754542,-0.1146211300327373,0.1284122389637641,0.25,2.0,False,False,True,applied
2026-06-06_run02_cross_pm30_on_r01,42100,42110,10,0.0,0.0,-263.27731514697575,-6.91023599807293e-14,0.00165193063887137,-263.277202339836,0.0,0.0,0.0,-2.241516880586173,0.2117931590026175,0.029617688557468068,0.5603792201465433,-0.052948289750654375,0.0,0.5603792201465433,-0.052948289750654375,0.0,0.5603792201465433,-0.052948289750654375,-263.27731514697575,-0.012982349693754542,-0.1146211300327373,0.1284122389637641,0.25,2.0,False,False,False,applied
2026-06-06_run02_cross_pm30_on_r01,42200,42203,3,0.0,0.0,-263.27731514697575,-6.91023599807293e-14,0.00165193063887137,-263.277202339836,0.0,0.0,0.0,-2.241516880586173,0.2117931590026175,0.029617688557468068,0.5603792201465433,-0.052948289750654375,0.0,0.5603792201465433,-0.052948289750654375,0.0,0.5603792201465433,-0.052948289750654375,-263.27731514697575,-0.012982349693754542,-0.1146211300327373,0.1284122389637641,0.25,2.0,False,False,False,applied
2026-06-06_run02_cross_pm30_on_r01,42300,42313,13,0.0,0.0,-263.27731514697575,-6.91023599807293e-14,0.00165193063887137,-263.277202339836,0.0,0.0,0.0,-2.241516880586173,0.2117931590026175,0.029617688557468068,0.5603792201465433,-0.052948289750654375,0.0,0.5603792201465433,-0.052948289750654375,0.0,0.5603792201465433,-0.052948289750654375,-263.27731514697575,-0.012982349693754542,-0.1146211300327373,0.1284122389637641,0.25,2.0,False,False,False,applied
2026-06-06_run02_cross_pm30_on_r01,42400,42407,7,0.0,0.0,-263.27731514697575,-6.91023599807293e-14,0.00165193063887137,-263.277202339836,0.0,0.0,0.0,-2.241516880586173,0.2117931590026175,0.029617688557468068,0.5603792201465433,-0.052948289750654375,0.0,0.5603792201465433,-0.052948289750654375,0.0,0.5603792201465433,-0.052948289750654375,-263.27731514697575,-0.012982349693754542,-0.1146211300327373,0.1284122389637641,0.25,2.0,False,False,False,applied
2026-06-06_run02_cross_pm30_on_r01,42500,42500,0,0.0,0.0,-263.27731514697575,-6.43465735539941e-14,0.00162496790486354,-263.277204181112,0.0,0.0,0.0,-2.241516117060508,0.21178861075023878,0.029618039578152948,0.560379029265127,-0.052947152687559694,0.0,0.560379029265127,-0.052947152687559694,0.0,0.560379029265127,-0.052947152687559694,-263.27731514697575,-0.012982065264134394,-0.1146212313034528,0.12841205495230504,0.25,2.0,False,False,True,applied
2026-06-06_run02_cross_pm30_on_r01,42600,42610,10,0.0,0.0,-263.27731514697575,-6.43465735539941e-14,0.00162496790486354,-263.277204181112,0.0,0.0,0.0,-2.241516117060508,0.21178861075023878,0.029618039578152948,0.560379029265127,-0.052947152687559694,0.0,0.560379029265127,-0.052947152687559694,0.0,0.560379029265127,-0.052947152687559694,-263.27731514697575,-0.012982065264134394,-0.1146212313034528,0.12841205495230504,0.25,2.0,False,False,False,applied
2026-06-06_run02_cross_pm30_on_r01,42700,42703,3,0.0,0.0,-263.27731514697575,-6.43465735539941e-14,0.00162496790486354,-263.277204181112,0.0,0.0,0.0,-2.241516117060508,0.21178861075023878,0.029618039578152948,0.560379029265127,-0.052947152687559694,0.0,0.560379029265127,-0.052947152687559694,0.0,0.560379029265127,-0.052947152687559694,-263.27731514697575,-0.012982065264134394,-0.1146212313034528,0.12841205495230504,0.25,2.0,False,False,False,applied
2026-06-06_run02_cross_pm30_on_r01,42800,42813,13,0.0,0.0,-263.27731514697575,-6.43465735539941e-14,0.00162496790486354,-263.277204181112,0.0,0.0,0.0,-2.241516117060508,0.21178861075023878,0.029618039578152948,0.560379029265127,-0.052947152687559694,0.0,0.560379029265127,-0.052947152687559694,0.0,0.560379029265127,-0.052947152687559694,-263.27731514697575,-0.012982065264134394,-0.1146212313034528,0.12841205495230504,0.25,2.0,False,False,False,applied
2026-06-06_run02_cross_pm30_on_r01,42900,42907,7,0.0,0.0,-263.27731514697575,-6.43465735539941e-14,0.00162496790486354,-263.277204181112,0.0,0.0,0.0,-2.241516117060508,0.21178861075023878,0.029618039578152948,0.560379029265127,-0.052947152687559694,0.0,0.560379029265127,-0.052947152687559694,0.0,0.560379029265127,-0.052947152687559694,-263.27731514697575,-0.012982065264134394,-0.1146212313034528,0.12841205495230504,0.25,2.0,False,False,False,applied
2026-06-06_run02_cross_pm30_on_r01,43000,43000,0,0.0,0.0,-263.27731514697575,4.18919599507464e-14,0.00151199116993259,-263.277211896252,0.0,0.0,0.0,-2.2415129178082944,0.21176955309282183,0.02961951039175114,0.5603782294520736,-0.05294238827320546,0.0,0.5603782294520736,-0.05294238827320546,0.0,0.5603782294520736,-0.05294238827320546,-263.27731514697575,-0.012980873473632153,-0.11462165563868185,0.12841128392526385,0.25,2.0,False,False,True,applied
2026-06-06_run02_cross_pm30_on_r01,43100,43110,10,0.0,0.0,-263.27731514697575,4.18919599507464e-14,0.00151199116993259,-263.277211896252,0.0,0.0,0.0,-2.2415129178082944,0.21176955309282183,0.02961951039175114,0.5603782294520736,-0.05294238827320546,0.0,0.5603782294520736,-0.05294238827320546,0.0,0.5603782294520736,-0.05294238827320546,-263.27731514697575,-0.012980873473632153,-0.11462165563868185,0.12841128392526385,0.25,2.0,False,False,False,applied
2026-06-06_run02_cross_pm30_on_r01,43200,43203,3,0.0,0.0,-263.27731514697575,4.18919599507464e-14,0.00151199116993259,-263.277211896252,0.0,0.0,0.0,-2.2415129178082944,0.21176955309282183,0.02961951039175114,0.5603782294520736,-0.05294238827320546,0.0,0.5603782294520736,-0.05294238827320546,0.0,0.5603782294520736,-0.05294238827320546,-263.27731514697575,-0.012980873473632153,-0.11462165563868185,0.12841128392526385,0.25,2.0,False,False,False,applied
2026-06-06_run02_cross_pm30_on_r01,43300,43313,13,0.0,0.0,-263.27731514697575,4.18919599507464e-14,0.00151199116993259,-263.277211896252,0.0,0.0,0.0,-2.2415129178082944,0.21176955309282183,0.02961951039175114,0.5603782294520736,-0.05294238827320546,0.0,0.5603782294520736,-0.05294238827320546,0.0,0.5603782294520736,-0.05294238827320546,-263.27731514697575,-0.012980873473632153,-0.11462165563868185,0.12841128392526385,0.25,2.0,False,False,False,applied
2026-06-06_run02_cross_pm30_on_r01,43400,43407,7,0.0,0.0,-263.27731514697575,4.18919599507464e-14,0.00151199116993259,-263.277211896252,0.0,0.0,0.0,-2.2415129178082944,0.21176955309282183,0.02961951039175114,0.5603782294520736,-0.05294238827320546,0.0,0.5603782294520736,-0.05294238827320546,0.0,0.5603782294520736,-0.05294238827320546,-263.27731514697575,-0.012980873473632153,-0.11462165563868185,0.12841128392526385,0.25,2.0,False,False,False,applied
2026-06-06_run02_cross_pm30_on_r01,43500,43500,0,0.0,0.0,-263.27731514697575,2.97664771226926e-14,0.00141363777036851,-263.277218612759,0.0,0.0,0.0,-2.241510132663319,0.21175296221619294,0.02962079082610791,0.5603775331658297,-0.052938240554048235,0.0,0.5603775331658297,-0.052938240554048235,0.0,0.5603775331658297,-0.052938240554048235,-263.27731514697575,-0.012979835945950601,-0.1146220250489226,0.12841061269839954,0.25,2.0,False,False,True,applied
2026-06-06_run02_cross_pm30_on_r01,43600,43610,10,0.0,0.0,-263.27731514697575,2.97664771226926e-14,0.00141363777036851,-263.277218612759,0.0,0.0,0.0,-2.241510132663319,0.21175296221619294,0.02962079082610791,0.5603775331658297,-0.052938240554048235,0.0,0.5603775331658297,-0.052938240554048235,0.0,0.5603775331658297,-0.052938240554048235,-263.27731514697575,-0.012979835945950601,-0.1146220250489226,0.12841061269839954,0.25,2.0,False,False,False,applied
2026-06-06_run02_cross_pm30_on_r01,43700,43703,3,0.0,0.0,-263.27731514697575,2.97664771226926e-14,0.00141363777036851,-263.277218612759,0.0,0.0,0.0,-2.241510132663319,0.21175296221619294,0.02962079082610791,0.5603775331658297,-0.052938240554048235,0.0,0.5603775331658297,-0.052938240554048235,0.0,0.5603775331658297,-0.052938240554048235,-263.27731514697575,-0.012979835945950601,-0.1146220250489226,0.12841061269839954,0.25,2.0,False,False,False,applied
2026-06-06_run02_cross_pm30_on_r01,43800,43828,28,0.0,0.0,-263.27731514697575,2.97664771226926e-14,0.00141363777036851,-263.277218612759,0.0,0.0,0.0,-2.241510132663319,0.21175296221619294,0.02962079082610791,0.5603775331658297,-0.052938240554048235,0.0,0.5603775331658297,-0.052938240554048235,0.0,0.5603775331658297,-0.052938240554048235,-263.27731514697575,-0.012979835945950601,-0.1146220250489226,0.12841061269839954,0.25,2.0,False,False,False,applied
2026-06-06_run02_cross_pm30_on_r01,43900,43907,7,0.0,0.0,-263.27731514697575,2.97664771226926e-14,0.00141363777036851,-263.277218612759,0.0,0.0,0.0,-2.241510132663319,0.21175296221619294,0.02962079082610791,0.5603775331658297,-0.052938240554048235,0.0,0.5603775331658297,-0.052938240554048235,0.0,0.5603775331658297,-0.052938240554048235,-263.27731514697575,-0.012979835945950601,-0.1146220250489226,0.12841061269839954,0.25,2.0,False,False,False,applied
2026-06-06_run02_cross_pm30_on_r01,44000,44000,0,0.0,0.0,-263.27731514697575,7.17223397184315e-15,0.00131850794207252,-263.277225109131,0.0,0.0,0.0,-2.241507438801829,0.2117369151097784,0.02962202929394636,0.5603768597004573,-0.0529342287774446,0.0,0.5603768597004573,-0.0529342287774446,0.0,0.5603768597004573,-0.0529342287774446,-263.27731514697575,-0.01297883242326519,-0.11462238235168225,0.12840996347108724,0.25,2.0,False,False,True,applied
2026-06-06_run02_cross_pm30_on_r01,44100,44110,10,0.0,0.0,-263.27731514697575,7.17223397184315e-15,0.00131850794207252,-263.277225109131,0.0,0.0,0.0,-2.241507438801829,0.2117369151097784,0.02962202929394636,0.5603768597004573,-0.0529342287774446,0.0,0.5603768597004573,-0.0529342287774446,0.0,0.5603768597004573,-0.0529342287774446,-263.27731514697575,-0.01297883242326519,-0.11462238235168225,0.12840996347108724,0.25,2.0,False,False,False,applied
2026-06-06_run02_cross_pm30_on_r01,44200,44203,3,0.0,0.0,-263.27731514697575,7.17223397184315e-15,0.00131850794207252,-263.277225109131,0.0,0.0,0.0,-2.241507438801829,0.2117369151097784,0.02962202929394636,0.5603768597004573,-0.0529342287774446,0.0,0.5603768597004573,-0.0529342287774446,0.0,0.5603768597004573,-0.0529342287774446,-263.27731514697575,-0.01297883242326519,-0.11462238235168225,0.12840996347108724,0.25,2.0,False,False,False,applied
2026-06-06_run02_cross_pm30_on_r01,44300,44313,13,0.0,0.0,-263.27731514697575,7.17223397184315e-15,0.00131850794207252,-263.277225109131,0.0,0.0,0.0,-2.241507438801829,0.2117369151097784,0.02962202929394636,0.5603768597004573,-0.0529342287774446,0.0,0.5603768597004573,-0.0529342287774446,0.0,0.5603768597004573,-0.0529342287774446,-263.27731514697575,-0.01297883242326519,-0.11462238235168225,0.12840996347108724,0.25,2.0,False,False,False,applied
2026-06-06_run02_cross_pm30_on_r01,44400,44407,7,0.0,0.0,-263.27731514697575,7.17223397184315e-15,0.00131850794207252,-263.277225109131,0.0,0.0,0.0,-2.241507438801829,0.2117369151097784,0.02962202929394636,0.5603768597004573,-0.0529342287774446,0.0,0.5603768597004573,-0.0529342287774446,0.0,0.5603768597004573,-0.0529342287774446,-263.27731514697575,-0.01297883242326519,-0.11462238235168225,0.12840996347108724,0.25,2.0,False,False,False,applied
2026-06-06_run02_cross_pm30_on_r01,44500,44500,0,0.0,0.0,-263.27731514697575,-2.13267854653198e-14,0.00122728476916222,-263.277231338718,0.0,0.0,0.0,-2.241504855568766,0.21172152700536592,0.029623216901927065,0.5603762138921915,-0.05293038175134148,0.0,0.5603762138921915,-0.05293038175134148,0.0,0.5603762138921915,-0.05293038175134148,-263.27731514697575,-0.012977870112096975,-0.11462272498123237,0.12840934090557532,0.25,2.0,False,False,True,applied
2026-06-06_run02_cross_pm30_on_r01,44600,44610,10,0.0,0.0,-263.27731514697575,-2.13267854653198e-14,0.00122728476916222,-263.277231338718,0.0,0.0,0.0,-2.241504855568766,0.21172152700536592,0.029623216901927065,0.5603762138921915,-0.05293038175134148,0.0,0.5603762138921915,-0.05293038175134148,0.0,0.5603762138921915,-0.05293038175134148,-263.27731514697575,-0.012977870112096975,-0.11462272498123237,0.12840934090557532,0.25,2.0,False,False,False,applied
2026-06-06_run02_cross_pm30_on_r01,44700,44703,3,0.0,0.0,-263.27731514697575,-2.13267854653198e-14,0.00122728476916222,-263.277231338718,0.0,0.0,0.0,-2.241504855568766,0.21172152700536592,0.029623216901927065,0.5603762138921915,-0.05293038175134148,0.0,0.5603762138921915,-0.05293038175134148,0.0,0.5603762138921915,-0.05293038175134148,-263.27731514697575,-0.012977870112096975,-0.11462272498123237,0.12840934090557532,0.25,2.0,False,False,False,applied
2026-06-06_run02_cross_pm30_on_r01,44800,44813,13,0.0,0.0,-263.27731514697575,-2.13267854653198e-14,0.00122728476916222,-263.277231338718,0.0,0.0,0.0,-2.241504855568766,0.21172152700536592,0.029623216901927065,0.5603762138921915,-0.05293038175134148,0.0,0.5603762138921915,-0.05293038175134148,0.0,0.5603762138921915,-0.05293038175134148,-263.27731514697575,-0.012977870112096975,-0.11462272498123237,0.12840934090557532,0.25,2.0,False,False,False,applied
2026-06-06_run02_cross_pm30_on_r01,44900,44907,7,0.0,0.0,-263.27731514697575,-2.13267854653198e-14,0.00122728476916222,-263.277231338718,0.0,0.0,0.0,-2.241504855568766,0.21172152700536592,0.029623216901927065,0.5603762138921915,-0.05293038175134148,0.0,0.5603762138921915,-0.05293038175134148,0.0,0.5603762138921915,-0.05293038175134148,-263.27731514697575,-0.012977870112096975,-0.11462272498123237,0.12840934090557532,0.25,2.0,False,False,False,applied
