run_id,time,actual_elapsed_ms,schedule_lag_ms,target_x,target_y,target_z,sim_x,sim_y,sim_z,nominal_theta1,nominal_theta2,nominal_theta3,predicted_error_x,predicted_error_y,predicted_error_z,requested_correction_x,requested_correction_y,requested_correction_z,applied_correction_x,applied_correction_y,applied_correction_z,corrected_target_x,corrected_target_y,corrected_target_z,corrected_theta1,corrected_theta2,corrected_theta3,correction_gain,max_xy_correction_mm,correction_clamped,fallback_used,command_sent,correction_status
2026-06-06_run02_circle_r40_off_r01,0,0,0,0.0,0.0,-263.27731514697575,,,,0.0,0.0,0.0,0.0,0.0,0.0,0.0,0.0,0.0,0.0,0.0,0.0,0.0,0.0,-263.27731514697575,0.0,0.0,0.0,0.25,2.0,False,False,True,disabled
2026-06-06_run02_circle_r40_off_r01,100,109,9,0.0,0.0,-263.27731514697575,,,,0.0,0.0,0.0,0.0,0.0,0.0,0.0,0.0,0.0,0.0,0.0,0.0,0.0,0.0,-263.27731514697575,0.0,0.0,0.0,0.25,2.0,False,False,False,disabled
2026-06-06_run02_circle_r40_off_r01,200,203,3,0.0,0.0,-263.27731514697575,,,,0.0,0.0,0.0,0.0,0.0,0.0,0.0,0.0,0.0,0.0,0.0,0.0,0.0,0.0,-263.27731514697575,0.0,0.0,0.0,0.25,2.0,False,False,False,disabled
2026-06-06_run02_circle_r40_off_r01,300,312,12,0.0,0.0,-263.27731514697575,,,,0.0,0.0,0.0,0.0,0.0,0.0,0.0,0.0,0.0,0.0,0.0,0.0,0.0,0.0,-263.27731514697575,0.0,0.0,0.0,0.25,2.0,False,False,False,disabled
2026-06-06_run02_circle_r40_off_r01,400,421,21,0.0,0.0,-263.27731514697575,,,,0.0,0.0,0.0,0.0,0.0,0.0,0.0,0.0,0.0,0.0,0.0,0.0,0.0,0.0,-263.27731514697575,0.0,0.0,0.0,0.25,2.0,False,False,False,disabled
2026-06-06_run02_circle_r40_off_r01,500,500,0,0.0,0.0,-263.27731514697575,,,,0.0,0.0,0.0,0.0,0.0,0.0,0.0,0.0,0.0,0.0,0.0,0.0,0.0,0.0,-263.27731514697575,0.0,0.0,0.0,0.25,2.0,False,False,True,disabled
2026-06-06_run02_circle_r40_off_r01,600,609,9,0.0,0.0,-263.27731514697575,,,,0.0,0.0,0.0,0.0,0.0,0.0,0.0,0.0,0.0,0.0,0.0,0.0,0.0,0.0,-263.27731514697575,0.0,0.0,0.0,0.25,2.0,False,False,False,disabled
2026-06-06_run02_circle_r40_off_r01,700,703,3,0.0,0.0,-263.27731514697575,,,,0.0,0.0,0.0,0.0,0.0,0.0,0.0,0.0,0.0,0.0,0.0,0.0,0.0,0.0,-263.27731514697575,0.0,0.0,0.0,0.25,2.0,False,False,False,disabled
2026-06-06_run02_circle_r40_off_r01,800,812,12,0.0,0.0,-263.27731514697575,,,,0.0,0.0,0.0,0.0,0.0,0.0,0.0,0.0,0.0,0.0,0.0,0.0,0.0,0.0,-263.27731514697575,0.0,0.0,0.0,0.25,2.0,False,False,False,disabled
2026-06-06_run02_circle_r40_off_r01,900,921,21,0.0,0.0,-263.27731514697575,,,,0.0,0.0,0.0,0.0,0.0,0.0,0.0,0.0,0.0,0.0,0.0,0.0,0.0,0.0,-263.27731514697575,0.0,0.0,0.0,0.25,2.0,False,False,False,disabled
2026-06-06_run02_circle_r40_off_r01,1000,1000,0,0.0,0.0,-263.27731514697575,,,,0.0,0.0,0.0,0.0,0.0,0.0,0.0,0.0,0.0,0.0,0.0,0.0,0.0,0.0,-263.27731514697575,0.0,0.0,0.0,0.25,2.0,False,False,True,disabled
2026-06-06_run02_circle_r40_off_r01,1100,1109,9,0.0,0.0,-263.27731514697575,,,,0.0,0.0,0.0,0.0,0.0,0.0,0.0,0.0,0.0,0.0,0.0,0.0,0.0,0.0,-263.27731514697575,0.0,0.0,0.0,0.25,2.0,False,False,False,disabled
2026-06-06_run02_circle_r40_off_r01,1200,1203,3,0.0,0.0,-263.27731514697575,,,,0.0,0.0,0.0,0.0,0.0,0.0,0.0,0.0,0.0,0.0,0.0,0.0,0.0,0.0,-263.27731514697575,0.0,0.0,0.0,0.25,2.0,False,False,False,disabled
2026-06-06_run02_circle_r40_off_r01,1300,1312,12,0.0,0.0,-263.27731514697575,,,,0.0,0.0,0.0,0.0,0.0,0.0,0.0,0.0,0.0,0.0,0.0,0.0,0.0,0.0,-263.27731514697575,0.0,0.0,0.0,0.25,2.0,False,False,False,disabled
2026-06-06_run02_circle_r40_off_r01,1400,1406,6,0.0,0.0,-263.27731514697575,,,,0.0,0.0,0.0,0.0,0.0,0.0,0.0,0.0,0.0,0.0,0.0,0.0,0.0,0.0,-263.27731514697575,0.0,0.0,0.0,0.25,2.0,False,False,False,disabled
2026-06-06_run02_circle_r40_off_r01,1500,1500,0,0.0,0.0,-263.27731514697575,,,,0.0,0.0,0.0,0.0,0.0,0.0,0.0,0.0,0.0,0.0,0.0,0.0,0.0,0.0,-263.27731514697575,0.0,0.0,0.0,0.25,2.0,False,False,True,disabled
2026-06-06_run02_circle_r40_off_r01,1600,1609,9,0.0,0.0,-263.27731514697575,,,,0.0,0.0,0.0,0.0,0.0,0.0,0.0,0.0,0.0,0.0,0.0,0.0,0.0,0.0,-263.27731514697575,0.0,0.0,0.0,0.25,2.0,False,False,False,disabled
2026-06-06_run02_circle_r40_off_r01,1700,1703,3,0.0,0.0,-263.27731514697575,,,,0.0,0.0,0.0,0.0,0.0,0.0,0.0,0.0,0.0,0.0,0.0,0.0,0.0,0.0,-263.27731514697575,0.0,0.0,0.0,0.25,2.0,False,False,False,disabled
2026-06-06_run02_circle_r40_off_r01,1800,1812,12,0.0,0.0,-263.27731514697575,,,,0.0,0.0,0.0,0.0,0.0,0.0,0.0,0.0,0.0,0.0,0.0,0.0,0.0,0.0,-263.27731514697575,0.0,0.0,0.0,0.25,2.0,False,False,False,disabled
2026-06-06_run02_circle_r40_off_r01,1900,1906,6,0.0,0.0,-263.27731514697575,,,,0.0,0.0,0.0,0.0,0.0,0.0,0.0,0.0,0.0,0.0,0.0,0.0,0.0,0.0,-263.27731514697575,0.0,0.0,0.0,0.25,2.0,False,False,False,disabled
2026-06-06_run02_circle_r40_off_r01,2000,2000,0,0.0,0.0,-263.27731514697575,,,,0.0,0.0,0.0,0.0,0.0,0.0,0.0,0.0,0.0,0.0,0.0,0.0,0.0,0.0,-263.27731514697575,0.0,0.0,0.0,0.25,2.0,False,False,True,disabled
2026-06-06_run02_circle_r40_off_r01,2100,2109,9,0.0,0.0,-263.27731514697575,,,,0.0,0.0,0.0,0.0,0.0,0.0,0.0,0.0,0.0,0.0,0.0,0.0,0.0,0.0,-263.27731514697575,0.0,0.0,0.0,0.25,2.0,False,False,False,disabled
2026-06-06_run02_circle_r40_off_r01,2200,2203,3,0.0,0.0,-263.27731514697575,,,,0.0,0.0,0.0,0.0,0.0,0.0,0.0,0.0,0.0,0.0,0.0,0.0,0.0,0.0,-263.27731514697575,0.0,0.0,0.0,0.25,2.0,False,False,False,disabled
2026-06-06_run02_circle_r40_off_r01,2300,2312,12,0.0,0.0,-263.27731514697575,,,,0.0,0.0,0.0,0.0,0.0,0.0,0.0,0.0,0.0,0.0,0.0,0.0,0.0,0.0,-263.27731514697575,0.0,0.0,0.0,0.25,2.0,False,False,False,disabled
2026-06-06_run02_circle_r40_off_r01,2400,2406,6,0.0,0.0,-263.27731514697575,,,,0.0,0.0,0.0,0.0,0.0,0.0,0.0,0.0,0.0,0.0,0.0,0.0,0.0,0.0,-263.27731514697575,0.0,0.0,0.0,0.25,2.0,False,False,False,disabled
2026-06-06_run02_circle_r40_off_r01,2500,2500,0,0.0,0.0,-263.27731514697575,,,,0.0,0.0,0.0,0.0,0.0,0.0,0.0,0.0,0.0,0.0,0.0,0.0,0.0,0.0,-263.27731514697575,0.0,0.0,0.0,0.25,2.0,False,False,True,disabled
2026-06-06_run02_circle_r40_off_r01,2600,2609,9,0.0,0.0,-263.27731514697575,,,,0.0,0.0,0.0,0.0,0.0,0.0,0.0,0.0,0.0,0.0,0.0,0.0,0.0,0.0,-263.27731514697575,0.0,0.0,0.0,0.25,2.0,False,False,False,disabled
2026-06-06_run02_circle_r40_off_r01,2700,2703,3,0.0,0.0,-263.27731514697575,,,,0.0,0.0,0.0,0.0,0.0,0.0,0.0,0.0,0.0,0.0,0.0,0.0,0.0,0.0,-263.27731514697575,0.0,0.0,0.0,0.25,2.0,False,False,False,disabled
2026-06-06_run02_circle_r40_off_r01,2800,2812,12,0.0,0.0,-263.27731514697575,,,,0.0,0.0,0.0,0.0,0.0,0.0,0.0,0.0,0.0,0.0,0.0,0.0,0.0,0.0,-263.27731514697575,0.0,0.0,0.0,0.25,2.0,False,False,False,disabled
2026-06-06_run02_circle_r40_off_r01,2900,2906,6,0.0,0.0,-263.27731514697575,,,,0.0,0.0,0.0,0.0,0.0,0.0,0.0,0.0,0.0,0.0,0.0,0.0,0.0,0.0,-263.27731514697575,0.0,0.0,0.0,0.25,2.0,False,False,False,disabled
2026-06-06_run02_circle_r40_off_r01,3000,3000,0,0.0,0.0,-263.27731514697575,,,,0.0,0.0,0.0,0.0,0.0,0.0,0.0,0.0,0.0,0.0,0.0,0.0,0.0,0.0,-263.27731514697575,0.0,0.0,0.0,0.25,2.0,False,False,True,disabled
2026-06-06_run02_circle_r40_off_r01,3100,3109,9,0.0,0.0,-263.27731514697575,,,,0.0,0.0,0.0,0.0,0.0,0.0,0.0,0.0,0.0,0.0,0.0,0.0,0.0,0.0,-263.27731514697575,0.0,0.0,0.0,0.25,2.0,False,False,False,disabled
2026-06-06_run02_circle_r40_off_r01,3200,3203,3,0.0,0.0,-263.27731514697575,,,,0.0,0.0,0.0,0.0,0.0,0.0,0.0,0.0,0.0,0.0,0.0,0.0,0.0,0.0,-263.27731514697575,0.0,0.0,0.0,0.25,2.0,False,False,False,disabled
2026-06-06_run02_circle_r40_off_r01,3300,3312,12,0.0,0.0,-263.27731514697575,,,,0.0,0.0,0.0,0.0,0.0,0.0,0.0,0.0,0.0,0.0,0.0,0.0,0.0,0.0,-263.27731514697575,0.0,0.0,0.0,0.25,2.0,False,False,False,disabled
2026-06-06_run02_circle_r40_off_r01,3400,3406,6,0.0,0.0,-263.27731514697575,,,,0.0,0.0,0.0,0.0,0.0,0.0,0.0,0.0,0.0,0.0,0.0,0.0,0.0,0.0,-263.27731514697575,0.0,0.0,0.0,0.25,2.0,False,False,False,disabled
2026-06-06_run02_circle_r40_off_r01,3500,3500,0,0.0,0.0,-263.27731514697575,,,,0.0,0.0,0.0,0.0,0.0,0.0,0.0,0.0,0.0,0.0,0.0,0.0,0.0,0.0,-263.27731514697575,0.0,0.0,0.0,0.25,2.0,False,False,True,disabled
2026-06-06_run02_circle_r40_off_r01,3600,3609,9,0.0,0.0,-263.27731514697575,,,,0.0,0.0,0.0,0.0,0.0,0.0,0.0,0.0,0.0,0.0,0.0,0.0,0.0,0.0,-263.27731514697575,0.0,0.0,0.0,0.25,2.0,False,False,False,disabled
2026-06-06_run02_circle_r40_off_r01,3700,3703,3,0.0,0.0,-263.27731514697575,,,,0.0,0.0,0.0,0.0,0.0,0.0,0.0,0.0,0.0,0.0,0.0,0.0,0.0,0.0,-263.27731514697575,0.0,0.0,0.0,0.25,2.0,False,False,False,disabled
2026-06-06_run02_circle_r40_off_r01,3800,3812,12,0.0,0.0,-263.27731514697575,,,,0.0,0.0,0.0,0.0,0.0,0.0,0.0,0.0,0.0,0.0,0.0,0.0,0.0,0.0,-263.27731514697575,0.0,0.0,0.0,0.25,2.0,False,False,False,disabled
2026-06-06_run02_circle_r40_off_r01,3900,3906,6,0.0,0.0,-263.27731514697575,,,,0.0,0.0,0.0,0.0,0.0,0.0,0.0,0.0,0.0,0.0,0.0,0.0,0.0,0.0,-263.27731514697575,0.0,0.0,0.0,0.25,2.0,False,False,False,disabled
2026-06-06_run02_circle_r40_off_r01,4000,4000,0,0.0,0.0,-263.27731514697575,,,,0.0,0.0,0.0,0.0,0.0,0.0,0.0,0.0,0.0,0.0,0.0,0.0,0.0,0.0,-263.27731514697575,0.0,0.0,0.0,0.25,2.0,False,False,True,disabled
2026-06-06_run02_circle_r40_off_r01,4100,4109,9,0.0,0.0,-263.27731514697575,,,,0.0,0.0,0.0,0.0,0.0,0.0,0.0,0.0,0.0,0.0,0.0,0.0,0.0,0.0,-263.27731514697575,0.0,0.0,0.0,0.25,2.0,False,False,False,disabled
2026-06-06_run02_circle_r40_off_r01,4200,4203,3,0.0,0.0,-263.27731514697575,,,,0.0,0.0,0.0,0.0,0.0,0.0,0.0,0.0,0.0,0.0,0.0,0.0,0.0,0.0,-263.27731514697575,0.0,0.0,0.0,0.25,2.0,False,False,False,disabled
2026-06-06_run02_circle_r40_off_r01,4300,4312,12,0.0,0.0,-263.27731514697575,,,,0.0,0.0,0.0,0.0,0.0,0.0,0.0,0.0,0.0,0.0,0.0,0.0,0.0,0.0,-263.27731514697575,0.0,0.0,0.0,0.25,2.0,False,False,False,disabled
2026-06-06_run02_circle_r40_off_r01,4400,4406,6,0.0,0.0,-263.27731514697575,,,,0.0,0.0,0.0,0.0,0.0,0.0,0.0,0.0,0.0,0.0,0.0,0.0,0.0,0.0,-263.27731514697575,0.0,0.0,0.0,0.25,2.0,False,False,False,disabled
2026-06-06_run02_circle_r40_off_r01,4500,4500,0,0.0,0.0,-263.27731514697575,,,,0.0,0.0,0.0,0.0,0.0,0.0,0.0,0.0,0.0,0.0,0.0,0.0,0.0,0.0,-263.27731514697575,0.0,0.0,0.0,0.25,2.0,False,False,True,disabled
2026-06-06_run02_circle_r40_off_r01,4600,4609,9,0.0,0.0,-263.27731514697575,,,,0.0,0.0,0.0,0.0,0.0,0.0,0.0,0.0,0.0,0.0,0.0,0.0,0.0,0.0,-263.27731514697575,0.0,0.0,0.0,0.25,2.0,False,False,False,disabled
2026-06-06_run02_circle_r40_off_r01,4700,4703,3,0.0,0.0,-263.27731514697575,,,,0.0,0.0,0.0,0.0,0.0,0.0,0.0,0.0,0.0,0.0,0.0,0.0,0.0,0.0,-263.27731514697575,0.0,0.0,0.0,0.25,2.0,False,False,False,disabled
2026-06-06_run02_circle_r40_off_r01,4800,4812,12,0.0,0.0,-263.27731514697575,,,,0.0,0.0,0.0,0.0,0.0,0.0,0.0,0.0,0.0,0.0,0.0,0.0,0.0,0.0,-263.27731514697575,0.0,0.0,0.0,0.25,2.0,False,False,False,disabled
2026-06-06_run02_circle_r40_off_r01,4900,4906,6,0.0,0.0,-263.27731514697575,,,,0.0,0.0,0.0,0.0,0.0,0.0,0.0,0.0,0.0,0.0,0.0,0.0,0.0,0.0,-263.27731514697575,0.0,0.0,0.0,0.25,2.0,False,False,False,disabled
2026-06-06_run02_circle_r40_off_r01,5000,5000,0,40.0,0.0,-263.27731514697575,,,,1.0,-7.0,10.0,0.0,0.0,0.0,0.0,0.0,0.0,0.0,0.0,0.0,40.0,0.0,-263.27731514697575,1.0,-7.0,10.0,0.25,2.0,False,False,True,disabled
2026-06-06_run02_circle_r40_off_r01,5100,5109,9,40.0,0.0,-263.27731514697575,,,,1.0,-7.0,10.0,0.0,0.0,0.0,0.0,0.0,0.0,0.0,0.0,0.0,40.0,0.0,-263.27731514697575,1.0,-7.0,10.0,0.25,2.0,False,False,False,disabled
2026-06-06_run02_circle_r40_off_r01,5200,5203,3,40.0,0.0,-263.27731514697575,,,,1.0,-7.0,10.0,0.0,0.0,0.0,0.0,0.0,0.0,0.0,0.0,0.0,40.0,0.0,-263.27731514697575,1.0,-7.0,10.0,0.25,2.0,False,False,False,disabled
2026-06-06_run02_circle_r40_off_r01,5300,5328,28,40.0,0.0,-263.27731514697575,,,,1.0,-7.0,10.0,0.0,0.0,0.0,0.0,0.0,0.0,0.0,0.0,0.0,40.0,0.0,-263.27731514697575,1.0,-7.0,10.0,0.25,2.0,False,False,False,disabled
2026-06-06_run02_circle_r40_off_r01,5400,5406,6,40.0,0.0,-263.27731514697575,,,,1.0,-7.0,10.0,0.0,0.0,0.0,0.0,0.0,0.0,0.0,0.0,0.0,40.0,0.0,-263.27731514697575,1.0,-7.0,10.0,0.25,2.0,False,False,False,disabled
2026-06-06_run02_circle_r40_off_r01,5500,5500,0,40.0,0.0,-263.27731514697575,,,,1.0,-7.0,10.0,0.0,0.0,0.0,0.0,0.0,0.0,0.0,0.0,0.0,40.0,0.0,-263.27731514697575,1.0,-7.0,10.0,0.25,2.0,False,False,True,disabled
2026-06-06_run02_circle_r40_off_r01,5600,5609,9,40.0,0.0,-263.27731514697575,,,,1.0,-7.0,10.0,0.0,0.0,0.0,0.0,0.0,0.0,0.0,0.0,0.0,40.0,0.0,-263.27731514697575,1.0,-7.0,10.0,0.25,2.0,False,False,False,disabled
2026-06-06_run02_circle_r40_off_r01,5700,5703,3,40.0,0.0,-263.27731514697575,,,,1.0,-7.0,10.0,0.0,0.0,0.0,0.0,0.0,0.0,0.0,0.0,0.0,40.0,0.0,-263.27731514697575,1.0,-7.0,10.0,0.25,2.0,False,False,False,disabled
2026-06-06_run02_circle_r40_off_r01,5800,5812,12,40.0,0.0,-263.27731514697575,,,,1.0,-7.0,10.0,0.0,0.0,0.0,0.0,0.0,0.0,0.0,0.0,0.0,40.0,0.0,-263.27731514697575,1.0,-7.0,10.0,0.25,2.0,False,False,False,disabled
2026-06-06_run02_circle_r40_off_r01,5900,5906,6,40.0,0.0,-263.27731514697575,,,,1.0,-7.0,10.0,0.0,0.0,0.0,0.0,0.0,0.0,0.0,0.0,0.0,40.0,0.0,-263.27731514697575,1.0,-7.0,10.0,0.25,2.0,False,False,False,disabled
2026-06-06_run02_circle_r40_off_r01,6000,6000,0,40.0,0.0,-263.27731514697575,,,,1.0,-7.0,10.0,0.0,0.0,0.0,0.0,0.0,0.0,0.0,0.0,0.0,40.0,0.0,-263.27731514697575,1.0,-7.0,10.0,0.25,2.0,False,False,True,disabled
2026-06-06_run02_circle_r40_off_r01,6100,6109,9,40.0,0.0,-263.27731514697575,,,,1.0,-7.0,10.0,0.0,0.0,0.0,0.0,0.0,0.0,0.0,0.0,0.0,40.0,0.0,-263.27731514697575,1.0,-7.0,10.0,0.25,2.0,False,False,False,disabled
2026-06-06_run02_circle_r40_off_r01,6200,6203,3,40.0,0.0,-263.27731514697575,,,,1.0,-7.0,10.0,0.0,0.0,0.0,0.0,0.0,0.0,0.0,0.0,0.0,40.0,0.0,-263.27731514697575,1.0,-7.0,10.0,0.25,2.0,False,False,False,disabled
2026-06-06_run02_circle_r40_off_r01,6300,6312,12,40.0,0.0,-263.27731514697575,,,,1.0,-7.0,10.0,0.0,0.0,0.0,0.0,0.0,0.0,0.0,0.0,0.0,40.0,0.0,-263.27731514697575,1.0,-7.0,10.0,0.25,2.0,False,False,False,disabled
2026-06-06_run02_circle_r40_off_r01,6400,6406,6,40.0,0.0,-263.27731514697575,,,,1.0,-7.0,10.0,0.0,0.0,0.0,0.0,0.0,0.0,0.0,0.0,0.0,40.0,0.0,-263.27731514697575,1.0,-7.0,10.0,0.25,2.0,False,False,False,disabled
2026-06-06_run02_circle_r40_off_r01,6500,6500,0,40.0,0.0,-263.27731514697575,,,,1.0,-7.0,10.0,0.0,0.0,0.0,0.0,0.0,0.0,0.0,0.0,0.0,40.0,0.0,-263.27731514697575,1.0,-7.0,10.0,0.25,2.0,False,False,True,disabled
2026-06-06_run02_circle_r40_off_r01,6600,6609,9,40.0,0.0,-263.27731514697575,,,,1.0,-7.0,10.0,0.0,0.0,0.0,0.0,0.0,0.0,0.0,0.0,0.0,40.0,0.0,-263.27731514697575,1.0,-7.0,10.0,0.25,2.0,False,False,False,disabled
2026-06-06_run02_circle_r40_off_r01,6700,6703,3,40.0,0.0,-263.27731514697575,,,,1.0,-7.0,10.0,0.0,0.0,0.0,0.0,0.0,0.0,0.0,0.0,0.0,40.0,0.0,-263.27731514697575,1.0,-7.0,10.0,0.25,2.0,False,False,False,disabled
2026-06-06_run02_circle_r40_off_r01,6800,6812,12,40.0,0.0,-263.27731514697575,,,,1.0,-7.0,10.0,0.0,0.0,0.0,0.0,0.0,0.0,0.0,0.0,0.0,40.0,0.0,-263.27731514697575,1.0,-7.0,10.0,0.25,2.0,False,False,False,disabled
2026-06-06_run02_circle_r40_off_r01,6900,6906,6,40.0,0.0,-263.27731514697575,,,,1.0,-7.0,10.0,0.0,0.0,0.0,0.0,0.0,0.0,0.0,0.0,0.0,40.0,0.0,-263.27731514697575,1.0,-7.0,10.0,0.25,2.0,False,False,False,disabled
2026-06-06_run02_circle_r40_off_r01,7000,7000,0,39.84778792366982,3.4862297099063264,-263.27731514697575,,,,2.0,-8.0,9.0,0.0,0.0,0.0,0.0,0.0,0.0,0.0,0.0,0.0,39.84778792366982,3.4862297099063264,-263.27731514697575,2.0,-8.0,9.0,0.25,2.0,False,False,True,disabled
2026-06-06_run02_circle_r40_off_r01,7100,7109,9,39.84778792366982,3.4862297099063264,-263.27731514697575,,,,2.0,-8.0,9.0,0.0,0.0,0.0,0.0,0.0,0.0,0.0,0.0,0.0,39.84778792366982,3.4862297099063264,-263.27731514697575,2.0,-8.0,9.0,0.25,2.0,False,False,False,disabled
2026-06-06_run02_circle_r40_off_r01,7200,7203,3,39.84778792366982,3.4862297099063264,-263.27731514697575,,,,2.0,-8.0,9.0,0.0,0.0,0.0,0.0,0.0,0.0,0.0,0.0,0.0,39.84778792366982,3.4862297099063264,-263.27731514697575,2.0,-8.0,9.0,0.25,2.0,False,False,False,disabled
2026-06-06_run02_circle_r40_off_r01,7300,7312,12,39.84778792366982,3.4862297099063264,-263.27731514697575,,,,2.0,-8.0,9.0,0.0,0.0,0.0,0.0,0.0,0.0,0.0,0.0,0.0,39.84778792366982,3.4862297099063264,-263.27731514697575,2.0,-8.0,9.0,0.25,2.0,False,False,False,disabled
2026-06-06_run02_circle_r40_off_r01,7400,7406,6,39.84778792366982,3.4862297099063264,-263.27731514697575,,,,2.0,-8.0,9.0,0.0,0.0,0.0,0.0,0.0,0.0,0.0,0.0,0.0,39.84778792366982,3.4862297099063264,-263.27731514697575,2.0,-8.0,9.0,0.25,2.0,False,False,False,disabled
2026-06-06_run02_circle_r40_off_r01,7417,7421,4,39.39231012048832,6.945927106677213,-263.27731514697575,,,,3.0,-8.0,9.0,0.0,0.0,0.0,0.0,0.0,0.0,0.0,0.0,0.0,39.39231012048832,6.945927106677213,-263.27731514697575,3.0,-8.0,9.0,0.25,2.0,False,False,True,disabled
2026-06-06_run02_circle_r40_off_r01,7517,7531,14,39.39231012048832,6.945927106677213,-263.27731514697575,,,,3.0,-8.0,9.0,0.0,0.0,0.0,0.0,0.0,0.0,0.0,0.0,0.0,39.39231012048832,6.945927106677213,-263.27731514697575,3.0,-8.0,9.0,0.25,2.0,False,False,False,disabled
2026-06-06_run02_circle_r40_off_r01,7617,7625,8,39.39231012048832,6.945927106677213,-263.27731514697575,,,,3.0,-8.0,9.0,0.0,0.0,0.0,0.0,0.0,0.0,0.0,0.0,0.0,39.39231012048832,6.945927106677213,-263.27731514697575,3.0,-8.0,9.0,0.25,2.0,False,False,False,disabled
2026-06-06_run02_circle_r40_off_r01,7717,7718,1,39.39231012048832,6.945927106677213,-263.27731514697575,,,,3.0,-8.0,9.0,0.0,0.0,0.0,0.0,0.0,0.0,0.0,0.0,0.0,39.39231012048832,6.945927106677213,-263.27731514697575,3.0,-8.0,9.0,0.25,2.0,False,False,False,disabled
2026-06-06_run02_circle_r40_off_r01,7817,7828,11,39.39231012048832,6.945927106677213,-263.27731514697575,,,,3.0,-8.0,9.0,0.0,0.0,0.0,0.0,0.0,0.0,0.0,0.0,0.0,39.39231012048832,6.945927106677213,-263.27731514697575,3.0,-8.0,9.0,0.25,2.0,False,False,False,disabled
2026-06-06_run02_circle_r40_off_r01,7833,7843,10,38.63703305156273,10.35276180410083,-263.27731514697575,,,,4.0,-8.0,8.0,0.0,0.0,0.0,0.0,0.0,0.0,0.0,0.0,0.0,38.63703305156273,10.35276180410083,-263.27731514697575,4.0,-8.0,8.0,0.25,2.0,False,False,True,disabled
2026-06-06_run02_circle_r40_off_r01,7933,7937,4,38.63703305156273,10.35276180410083,-263.27731514697575,,,,4.0,-8.0,8.0,0.0,0.0,0.0,0.0,0.0,0.0,0.0,0.0,0.0,38.63703305156273,10.35276180410083,-263.27731514697575,4.0,-8.0,8.0,0.25,2.0,False,False,False,disabled
2026-06-06_run02_circle_r40_off_r01,8033,8046,13,38.63703305156273,10.35276180410083,-263.27731514697575,,,,4.0,-8.0,8.0,0.0,0.0,0.0,0.0,0.0,0.0,0.0,0.0,0.0,38.63703305156273,10.35276180410083,-263.27731514697575,4.0,-8.0,8.0,0.25,2.0,False,False,False,disabled
2026-06-06_run02_circle_r40_off_r01,8133,8140,7,38.63703305156273,10.35276180410083,-263.27731514697575,,,,4.0,-8.0,8.0,0.0,0.0,0.0,0.0,0.0,0.0,0.0,0.0,0.0,38.63703305156273,10.35276180410083,-263.27731514697575,4.0,-8.0,8.0,0.25,2.0,False,False,False,disabled
2026-06-06_run02_circle_r40_off_r01,8233,8234,1,38.63703305156273,10.35276180410083,-263.27731514697575,,,,4.0,-8.0,8.0,0.0,0.0,0.0,0.0,0.0,0.0,0.0,0.0,0.0,38.63703305156273,10.35276180410083,-263.27731514697575,4.0,-8.0,8.0,0.25,2.0,False,False,False,disabled
2026-06-06_run02_circle_r40_off_r01,8250,8250,0,37.58770483143634,13.680805733026748,-263.27731514697575,,,,5.0,-8.0,8.0,0.0,0.0,0.0,0.0,0.0,0.0,0.0,0.0,0.0,37.58770483143634,13.680805733026748,-263.27731514697575,5.0,-8.0,8.0,0.25,2.0,False,False,True,disabled
2026-06-06_run02_circle_r40_off_r01,8350,8359,9,37.58770483143634,13.680805733026748,-263.27731514697575,,,,5.0,-8.0,8.0,0.0,0.0,0.0,0.0,0.0,0.0,0.0,0.0,0.0,37.58770483143634,13.680805733026748,-263.27731514697575,5.0,-8.0,8.0,0.25,2.0,False,False,False,disabled
2026-06-06_run02_circle_r40_off_r01,8450,8453,3,37.58770483143634,13.680805733026748,-263.27731514697575,,,,5.0,-8.0,8.0,0.0,0.0,0.0,0.0,0.0,0.0,0.0,0.0,0.0,37.58770483143634,13.680805733026748,-263.27731514697575,5.0,-8.0,8.0,0.25,2.0,False,False,False,disabled
2026-06-06_run02_circle_r40_off_r01,8550,8562,12,37.58770483143634,13.680805733026748,-263.27731514697575,,,,5.0,-8.0,8.0,0.0,0.0,0.0,0.0,0.0,0.0,0.0,0.0,0.0,37.58770483143634,13.680805733026748,-263.27731514697575,5.0,-8.0,8.0,0.25,2.0,False,False,False,disabled
2026-06-06_run02_circle_r40_off_r01,8650,8656,6,37.58770483143634,13.680805733026748,-263.27731514697575,,,,5.0,-8.0,8.0,0.0,0.0,0.0,0.0,0.0,0.0,0.0,0.0,0.0,37.58770483143634,13.680805733026748,-263.27731514697575,5.0,-8.0,8.0,0.25,2.0,False,False,False,disabled
2026-06-06_run02_circle_r40_off_r01,8667,8671,4,36.252311481465995,16.904730469627978,-263.27731514697575,,,,6.0,-9.0,7.0,0.0,0.0,0.0,0.0,0.0,0.0,0.0,0.0,0.0,36.252311481465995,16.904730469627978,-263.27731514697575,6.0,-9.0,7.0,0.25,2.0,False,False,True,disabled
2026-06-06_run02_circle_r40_off_r01,8767,8781,14,36.252311481465995,16.904730469627978,-263.27731514697575,,,,6.0,-9.0,7.0,0.0,0.0,0.0,0.0,0.0,0.0,0.0,0.0,0.0,36.252311481465995,16.904730469627978,-263.27731514697575,6.0,-9.0,7.0,0.25,2.0,False,False,False,disabled
2026-06-06_run02_circle_r40_off_r01,8867,8875,8,36.252311481465995,16.904730469627978,-263.27731514697575,,,,6.0,-9.0,7.0,0.0,0.0,0.0,0.0,0.0,0.0,0.0,0.0,0.0,36.252311481465995,16.904730469627978,-263.27731514697575,6.0,-9.0,7.0,0.25,2.0,False,False,False,disabled
2026-06-06_run02_circle_r40_off_r01,8967,8968,1,36.252311481465995,16.904730469627978,-263.27731514697575,,,,6.0,-9.0,7.0,0.0,0.0,0.0,0.0,0.0,0.0,0.0,0.0,0.0,36.252311481465995,16.904730469627978,-263.27731514697575,6.0,-9.0,7.0,0.25,2.0,False,False,False,disabled
2026-06-06_run02_circle_r40_off_r01,9067,9078,11,36.252311481465995,16.904730469627978,-263.27731514697575,,,,6.0,-9.0,7.0,0.0,0.0,0.0,0.0,0.0,0.0,0.0,0.0,0.0,36.252311481465995,16.904730469627978,-263.27731514697575,6.0,-9.0,7.0,0.25,2.0,False,False,False,disabled
2026-06-06_run02_circle_r40_off_r01,9083,9093,10,34.64101615137755,19.999999999999996,-263.27731514697575,,,,6.0,-9.0,6.0,0.0,0.0,0.0,0.0,0.0,0.0,0.0,0.0,0.0,34.64101615137755,19.999999999999996,-263.27731514697575,6.0,-9.0,6.0,0.25,2.0,False,False,True,disabled
2026-06-06_run02_circle_r40_off_r01,9183,9203,20,34.64101615137755,19.999999999999996,-263.27731514697575,,,,6.0,-9.0,6.0,0.0,0.0,0.0,0.0,0.0,0.0,0.0,0.0,0.0,34.64101615137755,19.999999999999996,-263.27731514697575,6.0,-9.0,6.0,0.25,2.0,False,False,False,disabled
2026-06-06_run02_circle_r40_off_r01,9283,9296,13,34.64101615137755,19.999999999999996,-263.27731514697575,,,,6.0,-9.0,6.0,0.0,0.0,0.0,0.0,0.0,0.0,0.0,0.0,0.0,34.64101615137755,19.999999999999996,-263.27731514697575,6.0,-9.0,6.0,0.25,2.0,False,False,False,disabled
2026-06-06_run02_circle_r40_off_r01,9383,9390,7,34.64101615137755,19.999999999999996,-263.27731514697575,,,,6.0,-9.0,6.0,0.0,0.0,0.0,0.0,0.0,0.0,0.0,0.0,0.0,34.64101615137755,19.999999999999996,-263.27731514697575,6.0,-9.0,6.0,0.25,2.0,False,False,False,disabled
2026-06-06_run02_circle_r40_off_r01,9483,9484,1,34.64101615137755,19.999999999999996,-263.27731514697575,,,,6.0,-9.0,6.0,0.0,0.0,0.0,0.0,0.0,0.0,0.0,0.0,0.0,34.64101615137755,19.999999999999996,-263.27731514697575,6.0,-9.0,6.0,0.25,2.0,False,False,False,disabled
2026-06-06_run02_circle_r40_off_r01,9500,9500,0,32.76608177155967,22.943057454041842,-263.27731514697575,,,,7.0,-9.0,6.0,0.0,0.0,0.0,0.0,0.0,0.0,0.0,0.0,0.0,32.76608177155967,22.943057454041842,-263.27731514697575,7.0,-9.0,6.0,0.25,2.0,False,False,True,disabled
2026-06-06_run02_circle_r40_off_r01,9600,9609,9,32.76608177155967,22.943057454041842,-263.27731514697575,,,,7.0,-9.0,6.0,0.0,0.0,0.0,0.0,0.0,0.0,0.0,0.0,0.0,32.76608177155967,22.943057454041842,-263.27731514697575,7.0,-9.0,6.0,0.25,2.0,False,False,False,disabled
2026-06-06_run02_circle_r40_off_r01,9700,9703,3,32.76608177155967,22.943057454041842,-263.27731514697575,,,,7.0,-9.0,6.0,0.0,0.0,0.0,0.0,0.0,0.0,0.0,0.0,0.0,32.76608177155967,22.943057454041842,-263.27731514697575,7.0,-9.0,6.0,0.25,2.0,False,False,False,disabled
2026-06-06_run02_circle_r40_off_r01,9800,9812,12,32.76608177155967,22.943057454041842,-263.27731514697575,,,,7.0,-9.0,6.0,0.0,0.0,0.0,0.0,0.0,0.0,0.0,0.0,0.0,32.76608177155967,22.943057454041842,-263.27731514697575,7.0,-9.0,6.0,0.25,2.0,False,False,False,disabled
2026-06-06_run02_circle_r40_off_r01,9900,9906,6,32.76608177155967,22.943057454041842,-263.27731514697575,,,,7.0,-9.0,6.0,0.0,0.0,0.0,0.0,0.0,0.0,0.0,0.0,0.0,32.76608177155967,22.943057454041842,-263.27731514697575,7.0,-9.0,6.0,0.25,2.0,False,False,False,disabled
2026-06-06_run02_circle_r40_off_r01,9917,9921,4,30.64177772475912,25.71150438746157,-263.27731514697575,,,,8.0,-8.0,5.0,0.0,0.0,0.0,0.0,0.0,0.0,0.0,0.0,0.0,30.64177772475912,25.71150438746157,-263.27731514697575,8.0,-8.0,5.0,0.25,2.0,False,False,True,disabled
2026-06-06_run02_circle_r40_off_r01,10017,10031,14,30.64177772475912,25.71150438746157,-263.27731514697575,,,,8.0,-8.0,5.0,0.0,0.0,0.0,0.0,0.0,0.0,0.0,0.0,0.0,30.64177772475912,25.71150438746157,-263.27731514697575,8.0,-8.0,5.0,0.25,2.0,False,False,False,disabled
2026-06-06_run02_circle_r40_off_r01,10117,10125,8,30.64177772475912,25.71150438746157,-263.27731514697575,,,,8.0,-8.0,5.0,0.0,0.0,0.0,0.0,0.0,0.0,0.0,0.0,0.0,30.64177772475912,25.71150438746157,-263.27731514697575,8.0,-8.0,5.0,0.25,2.0,False,False,False,disabled
2026-06-06_run02_circle_r40_off_r01,10217,10218,1,30.64177772475912,25.71150438746157,-263.27731514697575,,,,8.0,-8.0,5.0,0.0,0.0,0.0,0.0,0.0,0.0,0.0,0.0,0.0,30.64177772475912,25.71150438746157,-263.27731514697575,8.0,-8.0,5.0,0.25,2.0,False,False,False,disabled
2026-06-06_run02_circle_r40_off_r01,10317,10328,11,30.64177772475912,25.71150438746157,-263.27731514697575,,,,8.0,-8.0,5.0,0.0,0.0,0.0,0.0,0.0,0.0,0.0,0.0,0.0,30.64177772475912,25.71150438746157,-263.27731514697575,8.0,-8.0,5.0,0.25,2.0,False,False,False,disabled
2026-06-06_run02_circle_r40_off_r01,10333,10343,10,28.284271247461902,28.284271247461902,-263.27731514697575,,,,8.0,-8.0,4.0,0.0,0.0,0.0,0.0,0.0,0.0,0.0,0.0,0.0,28.284271247461902,28.284271247461902,-263.27731514697575,8.0,-8.0,4.0,0.25,2.0,False,False,True,disabled
2026-06-06_run02_circle_r40_off_r01,10433,10437,4,28.284271247461902,28.284271247461902,-263.27731514697575,,,,8.0,-8.0,4.0,0.0,0.0,0.0,0.0,0.0,0.0,0.0,0.0,0.0,28.284271247461902,28.284271247461902,-263.27731514697575,8.0,-8.0,4.0,0.25,2.0,False,False,False,disabled
2026-06-06_run02_circle_r40_off_r01,10533,10546,13,28.284271247461902,28.284271247461902,-263.27731514697575,,,,8.0,-8.0,4.0,0.0,0.0,0.0,0.0,0.0,0.0,0.0,0.0,0.0,28.284271247461902,28.284271247461902,-263.27731514697575,8.0,-8.0,4.0,0.25,2.0,False,False,False,disabled
2026-06-06_run02_circle_r40_off_r01,10633,10640,7,28.284271247461902,28.284271247461902,-263.27731514697575,,,,8.0,-8.0,4.0,0.0,0.0,0.0,0.0,0.0,0.0,0.0,0.0,0.0,28.284271247461902,28.284271247461902,-263.27731514697575,8.0,-8.0,4.0,0.25,2.0,False,False,False,disabled
2026-06-06_run02_circle_r40_off_r01,10733,10734,1,28.284271247461902,28.284271247461902,-263.27731514697575,,,,8.0,-8.0,4.0,0.0,0.0,0.0,0.0,0.0,0.0,0.0,0.0,0.0,28.284271247461902,28.284271247461902,-263.27731514697575,8.0,-8.0,4.0,0.25,2.0,False,False,False,disabled
2026-06-06_run02_circle_r40_off_r01,10750,10750,0,25.711504387461574,30.64177772475912,-263.27731514697575,,,,9.0,-8.0,3.0,0.0,0.0,0.0,0.0,0.0,0.0,0.0,0.0,0.0,25.711504387461574,30.64177772475912,-263.27731514697575,9.0,-8.0,3.0,0.25,2.0,False,False,True,disabled
2026-06-06_run02_circle_r40_off_r01,10850,10859,9,25.711504387461574,30.64177772475912,-263.27731514697575,,,,9.0,-8.0,3.0,0.0,0.0,0.0,0.0,0.0,0.0,0.0,0.0,0.0,25.711504387461574,30.64177772475912,-263.27731514697575,9.0,-8.0,3.0,0.25,2.0,False,False,False,disabled
2026-06-06_run02_circle_r40_off_r01,10950,10953,3,25.711504387461574,30.64177772475912,-263.27731514697575,,,,9.0,-8.0,3.0,0.0,0.0,0.0,0.0,0.0,0.0,0.0,0.0,0.0,25.711504387461574,30.64177772475912,-263.27731514697575,9.0,-8.0,3.0,0.25,2.0,False,False,False,disabled
2026-06-06_run02_circle_r40_off_r01,11050,11062,12,25.711504387461574,30.64177772475912,-263.27731514697575,,,,9.0,-8.0,3.0,0.0,0.0,0.0,0.0,0.0,0.0,0.0,0.0,0.0,25.711504387461574,30.64177772475912,-263.27731514697575,9.0,-8.0,3.0,0.25,2.0,False,False,False,disabled
2026-06-06_run02_circle_r40_off_r01,11150,11156,6,25.711504387461574,30.64177772475912,-263.27731514697575,,,,9.0,-8.0,3.0,0.0,0.0,0.0,0.0,0.0,0.0,0.0,0.0,0.0,25.711504387461574,30.64177772475912,-263.27731514697575,9.0,-8.0,3.0,0.25,2.0,False,False,False,disabled
2026-06-06_run02_circle_r40_off_r01,11167,11171,4,22.943057454041845,32.76608177155967,-263.27731514697575,,,,9.0,-8.0,2.0,0.0,0.0,0.0,0.0,0.0,0.0,0.0,0.0,0.0,22.943057454041845,32.76608177155967,-263.27731514697575,9.0,-8.0,2.0,0.25,2.0,False,False,True,disabled
2026-06-06_run02_circle_r40_off_r01,11267,11281,14,22.943057454041845,32.76608177155967,-263.27731514697575,,,,9.0,-8.0,2.0,0.0,0.0,0.0,0.0,0.0,0.0,0.0,0.0,0.0,22.943057454041845,32.76608177155967,-263.27731514697575,9.0,-8.0,2.0,0.25,2.0,False,False,False,disabled
2026-06-06_run02_circle_r40_off_r01,11367,11375,8,22.943057454041845,32.76608177155967,-263.27731514697575,,,,9.0,-8.0,2.0,0.0,0.0,0.0,0.0,0.0,0.0,0.0,0.0,0.0,22.943057454041845,32.76608177155967,-263.27731514697575,9.0,-8.0,2.0,0.25,2.0,False,False,False,disabled
2026-06-06_run02_circle_r40_off_r01,11467,11468,1,22.943057454041845,32.76608177155967,-263.27731514697575,,,,9.0,-8.0,2.0,0.0,0.0,0.0,0.0,0.0,0.0,0.0,0.0,0.0,22.943057454041845,32.76608177155967,-263.27731514697575,9.0,-8.0,2.0,0.25,2.0,False,False,False,disabled
2026-06-06_run02_circle_r40_off_r01,11567,11578,11,22.943057454041845,32.76608177155967,-263.27731514697575,,,,9.0,-8.0,2.0,0.0,0.0,0.0,0.0,0.0,0.0,0.0,0.0,0.0,22.943057454041845,32.76608177155967,-263.27731514697575,9.0,-8.0,2.0,0.25,2.0,False,False,False,disabled
2026-06-06_run02_circle_r40_off_r01,11583,11593,10,20.000000000000004,34.64101615137754,-263.27731514697575,,,,10.0,-7.0,1.0,0.0,0.0,0.0,0.0,0.0,0.0,0.0,0.0,0.0,20.000000000000004,34.64101615137754,-263.27731514697575,10.0,-7.0,1.0,0.25,2.0,False,False,True,disabled
2026-06-06_run02_circle_r40_off_r01,11683,11687,4,20.000000000000004,34.64101615137754,-263.27731514697575,,,,10.0,-7.0,1.0,0.0,0.0,0.0,0.0,0.0,0.0,0.0,0.0,0.0,20.000000000000004,34.64101615137754,-263.27731514697575,10.0,-7.0,1.0,0.25,2.0,False,False,False,disabled
2026-06-06_run02_circle_r40_off_r01,11783,11796,13,20.000000000000004,34.64101615137754,-263.27731514697575,,,,10.0,-7.0,1.0,0.0,0.0,0.0,0.0,0.0,0.0,0.0,0.0,0.0,20.000000000000004,34.64101615137754,-263.27731514697575,10.0,-7.0,1.0,0.25,2.0,False,False,False,disabled
2026-06-06_run02_circle_r40_off_r01,11883,11890,7,20.000000000000004,34.64101615137754,-263.27731514697575,,,,10.0,-7.0,1.0,0.0,0.0,0.0,0.0,0.0,0.0,0.0,0.0,0.0,20.000000000000004,34.64101615137754,-263.27731514697575,10.0,-7.0,1.0,0.25,2.0,False,False,False,disabled
2026-06-06_run02_circle_r40_off_r01,11983,11984,1,20.000000000000004,34.64101615137754,-263.27731514697575,,,,10.0,-7.0,1.0,0.0,0.0,0.0,0.0,0.0,0.0,0.0,0.0,0.0,20.000000000000004,34.64101615137754,-263.27731514697575,10.0,-7.0,1.0,0.25,2.0,False,False,False,disabled
2026-06-06_run02_circle_r40_off_r01,12000,12000,0,16.904730469627978,36.252311481465995,-263.27731514697575,,,,10.0,-7.0,1.0,0.0,0.0,0.0,0.0,0.0,0.0,0.0,0.0,0.0,16.904730469627978,36.252311481465995,-263.27731514697575,10.0,-7.0,1.0,0.25,2.0,False,False,True,disabled
2026-06-06_run02_circle_r40_off_r01,12100,12109,9,16.904730469627978,36.252311481465995,-263.27731514697575,,,,10.0,-7.0,1.0,0.0,0.0,0.0,0.0,0.0,0.0,0.0,0.0,0.0,16.904730469627978,36.252311481465995,-263.27731514697575,10.0,-7.0,1.0,0.25,2.0,False,False,False,disabled
2026-06-06_run02_circle_r40_off_r01,12200,12203,3,16.904730469627978,36.252311481465995,-263.27731514697575,,,,10.0,-7.0,1.0,0.0,0.0,0.0,0.0,0.0,0.0,0.0,0.0,0.0,16.904730469627978,36.252311481465995,-263.27731514697575,10.0,-7.0,1.0,0.25,2.0,False,False,False,disabled
2026-06-06_run02_circle_r40_off_r01,12300,12312,12,16.904730469627978,36.252311481465995,-263.27731514697575,,,,10.0,-7.0,1.0,0.0,0.0,0.0,0.0,0.0,0.0,0.0,0.0,0.0,16.904730469627978,36.252311481465995,-263.27731514697575,10.0,-7.0,1.0,0.25,2.0,False,False,False,disabled
2026-06-06_run02_circle_r40_off_r01,12400,12406,6,16.904730469627978,36.252311481465995,-263.27731514697575,,,,10.0,-7.0,1.0,0.0,0.0,0.0,0.0,0.0,0.0,0.0,0.0,0.0,16.904730469627978,36.252311481465995,-263.27731514697575,10.0,-7.0,1.0,0.25,2.0,False,False,False,disabled
2026-06-06_run02_circle_r40_off_r01,12417,12421,4,13.680805733026753,37.587704831436334,-263.27731514697575,,,,11.0,-6.0,0.0,0.0,0.0,0.0,0.0,0.0,0.0,0.0,0.0,0.0,13.680805733026753,37.587704831436334,-263.27731514697575,11.0,-6.0,0.0,0.25,2.0,False,False,True,disabled
2026-06-06_run02_circle_r40_off_r01,12517,12546,29,13.680805733026753,37.587704831436334,-263.27731514697575,,,,11.0,-6.0,0.0,0.0,0.0,0.0,0.0,0.0,0.0,0.0,0.0,0.0,13.680805733026753,37.587704831436334,-263.27731514697575,11.0,-6.0,0.0,0.25,2.0,False,False,False,disabled
2026-06-06_run02_circle_r40_off_r01,12617,12625,8,13.680805733026753,37.587704831436334,-263.27731514697575,,,,11.0,-6.0,0.0,0.0,0.0,0.0,0.0,0.0,0.0,0.0,0.0,0.0,13.680805733026753,37.587704831436334,-263.27731514697575,11.0,-6.0,0.0,0.25,2.0,False,False,False,disabled
2026-06-06_run02_circle_r40_off_r01,12717,12718,1,13.680805733026753,37.587704831436334,-263.27731514697575,,,,11.0,-6.0,0.0,0.0,0.0,0.0,0.0,0.0,0.0,0.0,0.0,0.0,13.680805733026753,37.587704831436334,-263.27731514697575,11.0,-6.0,0.0,0.25,2.0,False,False,False,disabled
2026-06-06_run02_circle_r40_off_r01,12817,12828,11,13.680805733026753,37.587704831436334,-263.27731514697575,,,,11.0,-6.0,0.0,0.0,0.0,0.0,0.0,0.0,0.0,0.0,0.0,0.0,13.680805733026753,37.587704831436334,-263.27731514697575,11.0,-6.0,0.0,0.25,2.0,False,False,False,disabled
2026-06-06_run02_circle_r40_off_r01,12833,12843,10,10.352761804100838,38.637033051562724,-263.27731514697575,,,,11.0,-6.0,-1.0,0.0,0.0,0.0,0.0,0.0,0.0,0.0,0.0,0.0,10.352761804100838,38.637033051562724,-263.27731514697575,11.0,-6.0,-1.0,0.25,2.0,False,False,True,disabled
2026-06-06_run02_circle_r40_off_r01,12933,12937,4,10.352761804100838,38.637033051562724,-263.27731514697575,,,,11.0,-6.0,-1.0,0.0,0.0,0.0,0.0,0.0,0.0,0.0,0.0,0.0,10.352761804100838,38.637033051562724,-263.27731514697575,11.0,-6.0,-1.0,0.25,2.0,False,False,False,disabled
2026-06-06_run02_circle_r40_off_r01,13033,13046,13,10.352761804100838,38.637033051562724,-263.27731514697575,,,,11.0,-6.0,-1.0,0.0,0.0,0.0,0.0,0.0,0.0,0.0,0.0,0.0,10.352761804100838,38.637033051562724,-263.27731514697575,11.0,-6.0,-1.0,0.25,2.0,False,False,False,disabled
2026-06-06_run02_circle_r40_off_r01,13133,13140,7,10.352761804100838,38.637033051562724,-263.27731514697575,,,,11.0,-6.0,-1.0,0.0,0.0,0.0,0.0,0.0,0.0,0.0,0.0,0.0,10.352761804100838,38.637033051562724,-263.27731514697575,11.0,-6.0,-1.0,0.25,2.0,False,False,False,disabled
2026-06-06_run02_circle_r40_off_r01,13233,13234,1,10.352761804100838,38.637033051562724,-263.27731514697575,,,,11.0,-6.0,-1.0,0.0,0.0,0.0,0.0,0.0,0.0,0.0,0.0,0.0,10.352761804100838,38.637033051562724,-263.27731514697575,11.0,-6.0,-1.0,0.25,2.0,False,False,False,disabled
2026-06-06_run02_circle_r40_off_r01,13250,13250,0,6.945927106677217,39.39231012048832,-263.27731514697575,,,,11.0,-5.0,-2.0,0.0,0.0,0.0,0.0,0.0,0.0,0.0,0.0,0.0,6.945927106677217,39.39231012048832,-263.27731514697575,11.0,-5.0,-2.0,0.25,2.0,False,False,True,disabled
2026-06-06_run02_circle_r40_off_r01,13350,13359,9,6.945927106677217,39.39231012048832,-263.27731514697575,,,,11.0,-5.0,-2.0,0.0,0.0,0.0,0.0,0.0,0.0,0.0,0.0,0.0,6.945927106677217,39.39231012048832,-263.27731514697575,11.0,-5.0,-2.0,0.25,2.0,False,False,False,disabled
2026-06-06_run02_circle_r40_off_r01,13450,13453,3,6.945927106677217,39.39231012048832,-263.27731514697575,,,,11.0,-5.0,-2.0,0.0,0.0,0.0,0.0,0.0,0.0,0.0,0.0,0.0,6.945927106677217,39.39231012048832,-263.27731514697575,11.0,-5.0,-2.0,0.25,2.0,False,False,False,disabled
2026-06-06_run02_circle_r40_off_r01,13550,13562,12,6.945927106677217,39.39231012048832,-263.27731514697575,,,,11.0,-5.0,-2.0,0.0,0.0,0.0,0.0,0.0,0.0,0.0,0.0,0.0,6.945927106677217,39.39231012048832,-263.27731514697575,11.0,-5.0,-2.0,0.25,2.0,False,False,False,disabled
2026-06-06_run02_circle_r40_off_r01,13650,13656,6,6.945927106677217,39.39231012048832,-263.27731514697575,,,,11.0,-5.0,-2.0,0.0,0.0,0.0,0.0,0.0,0.0,0.0,0.0,0.0,6.945927106677217,39.39231012048832,-263.27731514697575,11.0,-5.0,-2.0,0.25,2.0,False,False,False,disabled
2026-06-06_run02_circle_r40_off_r01,13667,13671,4,3.4862297099063255,39.84778792366982,-263.27731514697575,,,,11.0,-4.0,-3.0,0.0,0.0,0.0,0.0,0.0,0.0,0.0,0.0,0.0,3.4862297099063255,39.84778792366982,-263.27731514697575,11.0,-4.0,-3.0,0.25,2.0,False,False,True,disabled
2026-06-06_run02_circle_r40_off_r01,13767,13781,14,3.4862297099063255,39.84778792366982,-263.27731514697575,,,,11.0,-4.0,-3.0,0.0,0.0,0.0,0.0,0.0,0.0,0.0,0.0,0.0,3.4862297099063255,39.84778792366982,-263.27731514697575,11.0,-4.0,-3.0,0.25,2.0,False,False,False,disabled
2026-06-06_run02_circle_r40_off_r01,13867,13875,8,3.4862297099063255,39.84778792366982,-263.27731514697575,,,,11.0,-4.0,-3.0,0.0,0.0,0.0,0.0,0.0,0.0,0.0,0.0,0.0,3.4862297099063255,39.84778792366982,-263.27731514697575,11.0,-4.0,-3.0,0.25,2.0,False,False,False,disabled
2026-06-06_run02_circle_r40_off_r01,13967,13968,1,3.4862297099063255,39.84778792366982,-263.27731514697575,,,,11.0,-4.0,-3.0,0.0,0.0,0.0,0.0,0.0,0.0,0.0,0.0,0.0,3.4862297099063255,39.84778792366982,-263.27731514697575,11.0,-4.0,-3.0,0.25,2.0,False,False,False,disabled
2026-06-06_run02_circle_r40_off_r01,14067,14078,11,3.4862297099063255,39.84778792366982,-263.27731514697575,,,,11.0,-4.0,-3.0,0.0,0.0,0.0,0.0,0.0,0.0,0.0,0.0,0.0,3.4862297099063255,39.84778792366982,-263.27731514697575,11.0,-4.0,-3.0,0.25,2.0,False,False,False,disabled
2026-06-06_run02_circle_r40_off_r01,14083,14093,10,0.0,40.0,-263.27731514697575,,,,11.0,-4.0,-4.0,0.0,0.0,0.0,0.0,0.0,0.0,0.0,0.0,0.0,0.0,40.0,-263.27731514697575,11.0,-4.0,-4.0,0.25,2.0,False,False,True,disabled
2026-06-06_run02_circle_r40_off_r01,14183,14187,4,0.0,40.0,-263.27731514697575,,,,11.0,-4.0,-4.0,0.0,0.0,0.0,0.0,0.0,0.0,0.0,0.0,0.0,0.0,40.0,-263.27731514697575,11.0,-4.0,-4.0,0.25,2.0,False,False,False,disabled
2026-06-06_run02_circle_r40_off_r01,14283,14296,13,0.0,40.0,-263.27731514697575,,,,11.0,-4.0,-4.0,0.0,0.0,0.0,0.0,0.0,0.0,0.0,0.0,0.0,0.0,40.0,-263.27731514697575,11.0,-4.0,-4.0,0.25,2.0,False,False,False,disabled
2026-06-06_run02_circle_r40_off_r01,14383,14390,7,0.0,40.0,-263.27731514697575,,,,11.0,-4.0,-4.0,0.0,0.0,0.0,0.0,0.0,0.0,0.0,0.0,0.0,0.0,40.0,-263.27731514697575,11.0,-4.0,-4.0,0.25,2.0,False,False,False,disabled
2026-06-06_run02_circle_r40_off_r01,14483,14484,1,0.0,40.0,-263.27731514697575,,,,11.0,-4.0,-4.0,0.0,0.0,0.0,0.0,0.0,0.0,0.0,0.0,0.0,0.0,40.0,-263.27731514697575,11.0,-4.0,-4.0,0.25,2.0,False,False,False,disabled
2026-06-06_run02_circle_r40_off_r01,14500,14500,0,-3.4862297099063206,39.84778792366982,-263.27731514697575,,,,11.0,-3.0,-4.0,0.0,0.0,0.0,0.0,0.0,0.0,0.0,0.0,0.0,-3.4862297099063206,39.84778792366982,-263.27731514697575,11.0,-3.0,-4.0,0.25,2.0,False,False,True,disabled
2026-06-06_run02_circle_r40_off_r01,14600,14609,9,-3.4862297099063206,39.84778792366982,-263.27731514697575,,,,11.0,-3.0,-4.0,0.0,0.0,0.0,0.0,0.0,0.0,0.0,0.0,0.0,-3.4862297099063206,39.84778792366982,-263.27731514697575,11.0,-3.0,-4.0,0.25,2.0,False,False,False,disabled
2026-06-06_run02_circle_r40_off_r01,14700,14703,3,-3.4862297099063206,39.84778792366982,-263.27731514697575,,,,11.0,-3.0,-4.0,0.0,0.0,0.0,0.0,0.0,0.0,0.0,0.0,0.0,-3.4862297099063206,39.84778792366982,-263.27731514697575,11.0,-3.0,-4.0,0.25,2.0,False,False,False,disabled
2026-06-06_run02_circle_r40_off_r01,14800,14812,12,-3.4862297099063206,39.84778792366982,-263.27731514697575,,,,11.0,-3.0,-4.0,0.0,0.0,0.0,0.0,0.0,0.0,0.0,0.0,0.0,-3.4862297099063206,39.84778792366982,-263.27731514697575,11.0,-3.0,-4.0,0.25,2.0,False,False,False,disabled
2026-06-06_run02_circle_r40_off_r01,14900,14906,6,-3.4862297099063206,39.84778792366982,-263.27731514697575,,,,11.0,-3.0,-4.0,0.0,0.0,0.0,0.0,0.0,0.0,0.0,0.0,0.0,-3.4862297099063206,39.84778792366982,-263.27731514697575,11.0,-3.0,-4.0,0.25,2.0,False,False,False,disabled
2026-06-06_run02_circle_r40_off_r01,14917,14921,4,-6.945927106677212,39.39231012048832,-263.27731514697575,,,,11.0,-2.0,-5.0,0.0,0.0,0.0,0.0,0.0,0.0,0.0,0.0,0.0,-6.945927106677212,39.39231012048832,-263.27731514697575,11.0,-2.0,-5.0,0.25,2.0,False,False,True,disabled
2026-06-06_run02_circle_r40_off_r01,15017,15031,14,-6.945927106677212,39.39231012048832,-263.27731514697575,,,,11.0,-2.0,-5.0,0.0,0.0,0.0,0.0,0.0,0.0,0.0,0.0,0.0,-6.945927106677212,39.39231012048832,-263.27731514697575,11.0,-2.0,-5.0,0.25,2.0,False,False,False,disabled
2026-06-06_run02_circle_r40_off_r01,15117,15125,8,-6.945927106677212,39.39231012048832,-263.27731514697575,,,,11.0,-2.0,-5.0,0.0,0.0,0.0,0.0,0.0,0.0,0.0,0.0,0.0,-6.945927106677212,39.39231012048832,-263.27731514697575,11.0,-2.0,-5.0,0.25,2.0,False,False,False,disabled
2026-06-06_run02_circle_r40_off_r01,15217,15218,1,-6.945927106677212,39.39231012048832,-263.27731514697575,,,,11.0,-2.0,-5.0,0.0,0.0,0.0,0.0,0.0,0.0,0.0,0.0,0.0,-6.945927106677212,39.39231012048832,-263.27731514697575,11.0,-2.0,-5.0,0.25,2.0,False,False,False,disabled
2026-06-06_run02_circle_r40_off_r01,15317,15328,11,-6.945927106677212,39.39231012048832,-263.27731514697575,,,,11.0,-2.0,-5.0,0.0,0.0,0.0,0.0,0.0,0.0,0.0,0.0,0.0,-6.945927106677212,39.39231012048832,-263.27731514697575,11.0,-2.0,-5.0,0.25,2.0,False,False,False,disabled
2026-06-06_run02_circle_r40_off_r01,15333,15343,10,-10.352761804100833,38.63703305156273,-263.27731514697575,,,,11.0,-1.0,-6.0,0.0,0.0,0.0,0.0,0.0,0.0,0.0,0.0,0.0,-10.352761804100833,38.63703305156273,-263.27731514697575,11.0,-1.0,-6.0,0.25,2.0,False,False,True,disabled
2026-06-06_run02_circle_r40_off_r01,15433,15453,20,-10.352761804100833,38.63703305156273,-263.27731514697575,,,,11.0,-1.0,-6.0,0.0,0.0,0.0,0.0,0.0,0.0,0.0,0.0,0.0,-10.352761804100833,38.63703305156273,-263.27731514697575,11.0,-1.0,-6.0,0.25,2.0,False,False,False,disabled
2026-06-06_run02_circle_r40_off_r01,15533,15546,13,-10.352761804100833,38.63703305156273,-263.27731514697575,,,,11.0,-1.0,-6.0,0.0,0.0,0.0,0.0,0.0,0.0,0.0,0.0,0.0,-10.352761804100833,38.63703305156273,-263.27731514697575,11.0,-1.0,-6.0,0.25,2.0,False,False,False,disabled
2026-06-06_run02_circle_r40_off_r01,15633,15640,7,-10.352761804100833,38.63703305156273,-263.27731514697575,,,,11.0,-1.0,-6.0,0.0,0.0,0.0,0.0,0.0,0.0,0.0,0.0,0.0,-10.352761804100833,38.63703305156273,-263.27731514697575,11.0,-1.0,-6.0,0.25,2.0,False,False,False,disabled
2026-06-06_run02_circle_r40_off_r01,15733,15734,1,-10.352761804100833,38.63703305156273,-263.27731514697575,,,,11.0,-1.0,-6.0,0.0,0.0,0.0,0.0,0.0,0.0,0.0,0.0,0.0,-10.352761804100833,38.63703305156273,-263.27731514697575,11.0,-1.0,-6.0,0.25,2.0,False,False,False,disabled
2026-06-06_run02_circle_r40_off_r01,15750,15750,0,-13.68080573302674,37.58770483143634,-263.27731514697575,,,,11.0,0.0,-6.0,0.0,0.0,0.0,0.0,0.0,0.0,0.0,0.0,0.0,-13.68080573302674,37.58770483143634,-263.27731514697575,11.0,0.0,-6.0,0.25,2.0,False,False,True,disabled
2026-06-06_run02_circle_r40_off_r01,15850,15859,9,-13.68080573302674,37.58770483143634,-263.27731514697575,,,,11.0,0.0,-6.0,0.0,0.0,0.0,0.0,0.0,0.0,0.0,0.0,0.0,-13.68080573302674,37.58770483143634,-263.27731514697575,11.0,0.0,-6.0,0.25,2.0,False,False,False,disabled
2026-06-06_run02_circle_r40_off_r01,15950,15953,3,-13.68080573302674,37.58770483143634,-263.27731514697575,,,,11.0,0.0,-6.0,0.0,0.0,0.0,0.0,0.0,0.0,0.0,0.0,0.0,-13.68080573302674,37.58770483143634,-263.27731514697575,11.0,0.0,-6.0,0.25,2.0,False,False,False,disabled
2026-06-06_run02_circle_r40_off_r01,16050,16062,12,-13.68080573302674,37.58770483143634,-263.27731514697575,,,,11.0,0.0,-6.0,0.0,0.0,0.0,0.0,0.0,0.0,0.0,0.0,0.0,-13.68080573302674,37.58770483143634,-263.27731514697575,11.0,0.0,-6.0,0.25,2.0,False,False,False,disabled
2026-06-06_run02_circle_r40_off_r01,16150,16156,6,-13.68080573302674,37.58770483143634,-263.27731514697575,,,,11.0,0.0,-6.0,0.0,0.0,0.0,0.0,0.0,0.0,0.0,0.0,0.0,-13.68080573302674,37.58770483143634,-263.27731514697575,11.0,0.0,-6.0,0.25,2.0,False,False,False,disabled
2026-06-06_run02_circle_r40_off_r01,16167,16171,4,-16.904730469627975,36.252311481466,-263.27731514697575,,,,10.0,1.0,-7.0,0.0,0.0,0.0,0.0,0.0,0.0,0.0,0.0,0.0,-16.904730469627975,36.252311481466,-263.27731514697575,10.0,1.0,-7.0,0.25,2.0,False,False,True,disabled
2026-06-06_run02_circle_r40_off_r01,16267,16281,14,-16.904730469627975,36.252311481466,-263.27731514697575,,,,10.0,1.0,-7.0,0.0,0.0,0.0,0.0,0.0,0.0,0.0,0.0,0.0,-16.904730469627975,36.252311481466,-263.27731514697575,10.0,1.0,-7.0,0.25,2.0,False,False,False,disabled
2026-06-06_run02_circle_r40_off_r01,16367,16375,8,-16.904730469627975,36.252311481466,-263.27731514697575,,,,10.0,1.0,-7.0,0.0,0.0,0.0,0.0,0.0,0.0,0.0,0.0,0.0,-16.904730469627975,36.252311481466,-263.27731514697575,10.0,1.0,-7.0,0.25,2.0,False,False,False,disabled
2026-06-06_run02_circle_r40_off_r01,16467,16468,1,-16.904730469627975,36.252311481466,-263.27731514697575,,,,10.0,1.0,-7.0,0.0,0.0,0.0,0.0,0.0,0.0,0.0,0.0,0.0,-16.904730469627975,36.252311481466,-263.27731514697575,10.0,1.0,-7.0,0.25,2.0,False,False,False,disabled
2026-06-06_run02_circle_r40_off_r01,16567,16578,11,-16.904730469627975,36.252311481466,-263.27731514697575,,,,10.0,1.0,-7.0,0.0,0.0,0.0,0.0,0.0,0.0,0.0,0.0,0.0,-16.904730469627975,36.252311481466,-263.27731514697575,10.0,1.0,-7.0,0.25,2.0,False,False,False,disabled
2026-06-06_run02_circle_r40_off_r01,16583,16593,10,-19.999999999999993,34.64101615137755,-263.27731514697575,,,,10.0,1.0,-7.0,0.0,0.0,0.0,0.0,0.0,0.0,0.0,0.0,0.0,-19.999999999999993,34.64101615137755,-263.27731514697575,10.0,1.0,-7.0,0.25,2.0,False,False,True,disabled
2026-06-06_run02_circle_r40_off_r01,16683,16687,4,-19.999999999999993,34.64101615137755,-263.27731514697575,,,,10.0,1.0,-7.0,0.0,0.0,0.0,0.0,0.0,0.0,0.0,0.0,0.0,-19.999999999999993,34.64101615137755,-263.27731514697575,10.0,1.0,-7.0,0.25,2.0,False,False,False,disabled
2026-06-06_run02_circle_r40_off_r01,16783,16796,13,-19.999999999999993,34.64101615137755,-263.27731514697575,,,,10.0,1.0,-7.0,0.0,0.0,0.0,0.0,0.0,0.0,0.0,0.0,0.0,-19.999999999999993,34.64101615137755,-263.27731514697575,10.0,1.0,-7.0,0.25,2.0,False,False,False,disabled
2026-06-06_run02_circle_r40_off_r01,16883,16890,7,-19.999999999999993,34.64101615137755,-263.27731514697575,,,,10.0,1.0,-7.0,0.0,0.0,0.0,0.0,0.0,0.0,0.0,0.0,0.0,-19.999999999999993,34.64101615137755,-263.27731514697575,10.0,1.0,-7.0,0.25,2.0,False,False,False,disabled
2026-06-06_run02_circle_r40_off_r01,16983,16984,1,-19.999999999999993,34.64101615137755,-263.27731514697575,,,,10.0,1.0,-7.0,0.0,0.0,0.0,0.0,0.0,0.0,0.0,0.0,0.0,-19.999999999999993,34.64101615137755,-263.27731514697575,10.0,1.0,-7.0,0.25,2.0,False,False,False,disabled
2026-06-06_run02_circle_r40_off_r01,17000,17000,0,-22.943057454041845,32.76608177155967,-263.27731514697575,,,,9.0,2.0,-8.0,0.0,0.0,0.0,0.0,0.0,0.0,0.0,0.0,0.0,-22.943057454041845,32.76608177155967,-263.27731514697575,9.0,2.0,-8.0,0.25,2.0,False,False,True,disabled
2026-06-06_run02_circle_r40_off_r01,17100,17109,9,-22.943057454041845,32.76608177155967,-263.27731514697575,,,,9.0,2.0,-8.0,0.0,0.0,0.0,0.0,0.0,0.0,0.0,0.0,0.0,-22.943057454041845,32.76608177155967,-263.27731514697575,9.0,2.0,-8.0,0.25,2.0,False,False,False,disabled
2026-06-06_run02_circle_r40_off_r01,17200,17203,3,-22.943057454041845,32.76608177155967,-263.27731514697575,,,,9.0,2.0,-8.0,0.0,0.0,0.0,0.0,0.0,0.0,0.0,0.0,0.0,-22.943057454041845,32.76608177155967,-263.27731514697575,9.0,2.0,-8.0,0.25,2.0,False,False,False,disabled
2026-06-06_run02_circle_r40_off_r01,17300,17312,12,-22.943057454041845,32.76608177155967,-263.27731514697575,,,,9.0,2.0,-8.0,0.0,0.0,0.0,0.0,0.0,0.0,0.0,0.0,0.0,-22.943057454041845,32.76608177155967,-263.27731514697575,9.0,2.0,-8.0,0.25,2.0,False,False,False,disabled
2026-06-06_run02_circle_r40_off_r01,17400,17406,6,-22.943057454041845,32.76608177155967,-263.27731514697575,,,,9.0,2.0,-8.0,0.0,0.0,0.0,0.0,0.0,0.0,0.0,0.0,0.0,-22.943057454041845,32.76608177155967,-263.27731514697575,9.0,2.0,-8.0,0.25,2.0,False,False,False,disabled
2026-06-06_run02_circle_r40_off_r01,17417,17421,4,-25.711504387461574,30.64177772475912,-263.27731514697575,,,,9.0,3.0,-8.0,0.0,0.0,0.0,0.0,0.0,0.0,0.0,0.0,0.0,-25.711504387461574,30.64177772475912,-263.27731514697575,9.0,3.0,-8.0,0.25,2.0,False,False,True,disabled
2026-06-06_run02_circle_r40_off_r01,17517,17531,14,-25.711504387461574,30.64177772475912,-263.27731514697575,,,,9.0,3.0,-8.0,0.0,0.0,0.0,0.0,0.0,0.0,0.0,0.0,0.0,-25.711504387461574,30.64177772475912,-263.27731514697575,9.0,3.0,-8.0,0.25,2.0,False,False,False,disabled
2026-06-06_run02_circle_r40_off_r01,17617,17625,8,-25.711504387461574,30.64177772475912,-263.27731514697575,,,,9.0,3.0,-8.0,0.0,0.0,0.0,0.0,0.0,0.0,0.0,0.0,0.0,-25.711504387461574,30.64177772475912,-263.27731514697575,9.0,3.0,-8.0,0.25,2.0,False,False,False,disabled
2026-06-06_run02_circle_r40_off_r01,17717,17718,1,-25.711504387461574,30.64177772475912,-263.27731514697575,,,,9.0,3.0,-8.0,0.0,0.0,0.0,0.0,0.0,0.0,0.0,0.0,0.0,-25.711504387461574,30.64177772475912,-263.27731514697575,9.0,3.0,-8.0,0.25,2.0,False,False,False,disabled
2026-06-06_run02_circle_r40_off_r01,17817,17828,11,-25.711504387461574,30.64177772475912,-263.27731514697575,,,,9.0,3.0,-8.0,0.0,0.0,0.0,0.0,0.0,0.0,0.0,0.0,0.0,-25.711504387461574,30.64177772475912,-263.27731514697575,9.0,3.0,-8.0,0.25,2.0,False,False,False,disabled
2026-06-06_run02_circle_r40_off_r01,17833,17843,10,-28.2842712474619,28.284271247461902,-263.27731514697575,,,,8.0,4.0,-8.0,0.0,0.0,0.0,0.0,0.0,0.0,0.0,0.0,0.0,-28.2842712474619,28.284271247461902,-263.27731514697575,8.0,4.0,-8.0,0.25,2.0,False,False,True,disabled
2026-06-06_run02_circle_r40_off_r01,17933,17937,4,-28.2842712474619,28.284271247461902,-263.27731514697575,,,,8.0,4.0,-8.0,0.0,0.0,0.0,0.0,0.0,0.0,0.0,0.0,0.0,-28.2842712474619,28.284271247461902,-263.27731514697575,8.0,4.0,-8.0,0.25,2.0,False,False,False,disabled
2026-06-06_run02_circle_r40_off_r01,18033,18046,13,-28.2842712474619,28.284271247461902,-263.27731514697575,,,,8.0,4.0,-8.0,0.0,0.0,0.0,0.0,0.0,0.0,0.0,0.0,0.0,-28.2842712474619,28.284271247461902,-263.27731514697575,8.0,4.0,-8.0,0.25,2.0,False,False,False,disabled
2026-06-06_run02_circle_r40_off_r01,18133,18140,7,-28.2842712474619,28.284271247461902,-263.27731514697575,,,,8.0,4.0,-8.0,0.0,0.0,0.0,0.0,0.0,0.0,0.0,0.0,0.0,-28.2842712474619,28.284271247461902,-263.27731514697575,8.0,4.0,-8.0,0.25,2.0,False,False,False,disabled
2026-06-06_run02_circle_r40_off_r01,18233,18234,1,-28.2842712474619,28.284271247461902,-263.27731514697575,,,,8.0,4.0,-8.0,0.0,0.0,0.0,0.0,0.0,0.0,0.0,0.0,0.0,-28.2842712474619,28.284271247461902,-263.27731514697575,8.0,4.0,-8.0,0.25,2.0,False,False,False,disabled
2026-06-06_run02_circle_r40_off_r01,18250,18250,0,-30.641777724759116,25.71150438746158,-263.27731514697575,,,,8.0,5.0,-8.0,0.0,0.0,0.0,0.0,0.0,0.0,0.0,0.0,0.0,-30.641777724759116,25.71150438746158,-263.27731514697575,8.0,5.0,-8.0,0.25,2.0,False,False,True,disabled
2026-06-06_run02_circle_r40_off_r01,18350,18359,9,-30.641777724759116,25.71150438746158,-263.27731514697575,,,,8.0,5.0,-8.0,0.0,0.0,0.0,0.0,0.0,0.0,0.0,0.0,0.0,-30.641777724759116,25.71150438746158,-263.27731514697575,8.0,5.0,-8.0,0.25,2.0,False,False,False,disabled
2026-06-06_run02_circle_r40_off_r01,18450,18453,3,-30.641777724759116,25.71150438746158,-263.27731514697575,,,,8.0,5.0,-8.0,0.0,0.0,0.0,0.0,0.0,0.0,0.0,0.0,0.0,-30.641777724759116,25.71150438746158,-263.27731514697575,8.0,5.0,-8.0,0.25,2.0,False,False,False,disabled
2026-06-06_run02_circle_r40_off_r01,18550,18562,12,-30.641777724759116,25.71150438746158,-263.27731514697575,,,,8.0,5.0,-8.0,0.0,0.0,0.0,0.0,0.0,0.0,0.0,0.0,0.0,-30.641777724759116,25.71150438746158,-263.27731514697575,8.0,5.0,-8.0,0.25,2.0,False,False,False,disabled
2026-06-06_run02_circle_r40_off_r01,18650,18656,6,-30.641777724759116,25.71150438746158,-263.27731514697575,,,,8.0,5.0,-8.0,0.0,0.0,0.0,0.0,0.0,0.0,0.0,0.0,0.0,-30.641777724759116,25.71150438746158,-263.27731514697575,8.0,5.0,-8.0,0.25,2.0,False,False,False,disabled
2026-06-06_run02_circle_r40_off_r01,18667,18671,4,-32.766081771559676,22.94305745404184,-263.27731514697575,,,,7.0,6.0,-9.0,0.0,0.0,0.0,0.0,0.0,0.0,0.0,0.0,0.0,-32.766081771559676,22.94305745404184,-263.27731514697575,7.0,6.0,-9.0,0.25,2.0,False,False,True,disabled
2026-06-06_run02_circle_r40_off_r01,18767,18781,14,-32.766081771559676,22.94305745404184,-263.27731514697575,,,,7.0,6.0,-9.0,0.0,0.0,0.0,0.0,0.0,0.0,0.0,0.0,0.0,-32.766081771559676,22.94305745404184,-263.27731514697575,7.0,6.0,-9.0,0.25,2.0,False,False,False,disabled
2026-06-06_run02_circle_r40_off_r01,18867,18875,8,-32.766081771559676,22.94305745404184,-263.27731514697575,,,,7.0,6.0,-9.0,0.0,0.0,0.0,0.0,0.0,0.0,0.0,0.0,0.0,-32.766081771559676,22.94305745404184,-263.27731514697575,7.0,6.0,-9.0,0.25,2.0,False,False,False,disabled
2026-06-06_run02_circle_r40_off_r01,18967,18968,1,-32.766081771559676,22.94305745404184,-263.27731514697575,,,,7.0,6.0,-9.0,0.0,0.0,0.0,0.0,0.0,0.0,0.0,0.0,0.0,-32.766081771559676,22.94305745404184,-263.27731514697575,7.0,6.0,-9.0,0.25,2.0,False,False,False,disabled
2026-06-06_run02_circle_r40_off_r01,19067,19078,11,-32.766081771559676,22.94305745404184,-263.27731514697575,,,,7.0,6.0,-9.0,0.0,0.0,0.0,0.0,0.0,0.0,0.0,0.0,0.0,-32.766081771559676,22.94305745404184,-263.27731514697575,7.0,6.0,-9.0,0.25,2.0,False,False,False,disabled
2026-06-06_run02_circle_r40_off_r01,19083,19093,10,-34.64101615137754,20.000000000000014,-263.27731514697575,,,,6.0,6.0,-9.0,0.0,0.0,0.0,0.0,0.0,0.0,0.0,0.0,0.0,-34.64101615137754,20.000000000000014,-263.27731514697575,6.0,6.0,-9.0,0.25,2.0,False,False,True,disabled
2026-06-06_run02_circle_r40_off_r01,19183,19203,20,-34.64101615137754,20.000000000000014,-263.27731514697575,,,,6.0,6.0,-9.0,0.0,0.0,0.0,0.0,0.0,0.0,0.0,0.0,0.0,-34.64101615137754,20.000000000000014,-263.27731514697575,6.0,6.0,-9.0,0.25,2.0,False,False,False,disabled
2026-06-06_run02_circle_r40_off_r01,19283,19296,13,-34.64101615137754,20.000000000000014,-263.27731514697575,,,,6.0,6.0,-9.0,0.0,0.0,0.0,0.0,0.0,0.0,0.0,0.0,0.0,-34.64101615137754,20.000000000000014,-263.27731514697575,6.0,6.0,-9.0,0.25,2.0,False,False,False,disabled
2026-06-06_run02_circle_r40_off_r01,19383,19390,7,-34.64101615137754,20.000000000000014,-263.27731514697575,,,,6.0,6.0,-9.0,0.0,0.0,0.0,0.0,0.0,0.0,0.0,0.0,0.0,-34.64101615137754,20.000000000000014,-263.27731514697575,6.0,6.0,-9.0,0.25,2.0,False,False,False,disabled
2026-06-06_run02_circle_r40_off_r01,19483,19484,1,-34.64101615137754,20.000000000000014,-263.27731514697575,,,,6.0,6.0,-9.0,0.0,0.0,0.0,0.0,0.0,0.0,0.0,0.0,0.0,-34.64101615137754,20.000000000000014,-263.27731514697575,6.0,6.0,-9.0,0.25,2.0,False,False,False,disabled
2026-06-06_run02_circle_r40_off_r01,19500,19500,0,-36.252311481465995,16.904730469627978,-263.27731514697575,,,,6.0,7.0,-9.0,0.0,0.0,0.0,0.0,0.0,0.0,0.0,0.0,0.0,-36.252311481465995,16.904730469627978,-263.27731514697575,6.0,7.0,-9.0,0.25,2.0,False,False,True,disabled
2026-06-06_run02_circle_r40_off_r01,19600,19625,25,-36.252311481465995,16.904730469627978,-263.27731514697575,,,,6.0,7.0,-9.0,0.0,0.0,0.0,0.0,0.0,0.0,0.0,0.0,0.0,-36.252311481465995,16.904730469627978,-263.27731514697575,6.0,7.0,-9.0,0.25,2.0,False,False,False,disabled
2026-06-06_run02_circle_r40_off_r01,19700,19703,3,-36.252311481465995,16.904730469627978,-263.27731514697575,,,,6.0,7.0,-9.0,0.0,0.0,0.0,0.0,0.0,0.0,0.0,0.0,0.0,-36.252311481465995,16.904730469627978,-263.27731514697575,6.0,7.0,-9.0,0.25,2.0,False,False,False,disabled
2026-06-06_run02_circle_r40_off_r01,19800,19812,12,-36.252311481465995,16.904730469627978,-263.27731514697575,,,,6.0,7.0,-9.0,0.0,0.0,0.0,0.0,0.0,0.0,0.0,0.0,0.0,-36.252311481465995,16.904730469627978,-263.27731514697575,6.0,7.0,-9.0,0.25,2.0,False,False,False,disabled
2026-06-06_run02_circle_r40_off_r01,19900,19906,6,-36.252311481465995,16.904730469627978,-263.27731514697575,,,,6.0,7.0,-9.0,0.0,0.0,0.0,0.0,0.0,0.0,0.0,0.0,0.0,-36.252311481465995,16.904730469627978,-263.27731514697575,6.0,7.0,-9.0,0.25,2.0,False,False,False,disabled
2026-06-06_run02_circle_r40_off_r01,19917,19921,4,-37.587704831436334,13.680805733026755,-263.27731514697575,,,,5.0,8.0,-8.0,0.0,0.0,0.0,0.0,0.0,0.0,0.0,0.0,0.0,-37.587704831436334,13.680805733026755,-263.27731514697575,5.0,8.0,-8.0,0.25,2.0,False,False,True,disabled
2026-06-06_run02_circle_r40_off_r01,20017,20031,14,-37.587704831436334,13.680805733026755,-263.27731514697575,,,,5.0,8.0,-8.0,0.0,0.0,0.0,0.0,0.0,0.0,0.0,0.0,0.0,-37.587704831436334,13.680805733026755,-263.27731514697575,5.0,8.0,-8.0,0.25,2.0,False,False,False,disabled
2026-06-06_run02_circle_r40_off_r01,20117,20125,8,-37.587704831436334,13.680805733026755,-263.27731514697575,,,,5.0,8.0,-8.0,0.0,0.0,0.0,0.0,0.0,0.0,0.0,0.0,0.0,-37.587704831436334,13.680805733026755,-263.27731514697575,5.0,8.0,-8.0,0.25,2.0,False,False,False,disabled
2026-06-06_run02_circle_r40_off_r01,20217,20218,1,-37.587704831436334,13.680805733026755,-263.27731514697575,,,,5.0,8.0,-8.0,0.0,0.0,0.0,0.0,0.0,0.0,0.0,0.0,0.0,-37.587704831436334,13.680805733026755,-263.27731514697575,5.0,8.0,-8.0,0.25,2.0,False,False,False,disabled
2026-06-06_run02_circle_r40_off_r01,20317,20328,11,-37.587704831436334,13.680805733026755,-263.27731514697575,,,,5.0,8.0,-8.0,0.0,0.0,0.0,0.0,0.0,0.0,0.0,0.0,0.0,-37.587704831436334,13.680805733026755,-263.27731514697575,5.0,8.0,-8.0,0.25,2.0,False,False,False,disabled
2026-06-06_run02_circle_r40_off_r01,20333,20343,10,-38.63703305156273,10.352761804100822,-263.27731514697575,,,,4.0,8.0,-8.0,0.0,0.0,0.0,0.0,0.0,0.0,0.0,0.0,0.0,-38.63703305156273,10.352761804100822,-263.27731514697575,4.0,8.0,-8.0,0.25,2.0,False,False,True,disabled
2026-06-06_run02_circle_r40_off_r01,20433,20437,4,-38.63703305156273,10.352761804100822,-263.27731514697575,,,,4.0,8.0,-8.0,0.0,0.0,0.0,0.0,0.0,0.0,0.0,0.0,0.0,-38.63703305156273,10.352761804100822,-263.27731514697575,4.0,8.0,-8.0,0.25,2.0,False,False,False,disabled
2026-06-06_run02_circle_r40_off_r01,20533,20546,13,-38.63703305156273,10.352761804100822,-263.27731514697575,,,,4.0,8.0,-8.0,0.0,0.0,0.0,0.0,0.0,0.0,0.0,0.0,0.0,-38.63703305156273,10.352761804100822,-263.27731514697575,4.0,8.0,-8.0,0.25,2.0,False,False,False,disabled
2026-06-06_run02_circle_r40_off_r01,20633,20640,7,-38.63703305156273,10.352761804100822,-263.27731514697575,,,,4.0,8.0,-8.0,0.0,0.0,0.0,0.0,0.0,0.0,0.0,0.0,0.0,-38.63703305156273,10.352761804100822,-263.27731514697575,4.0,8.0,-8.0,0.25,2.0,False,False,False,disabled
2026-06-06_run02_circle_r40_off_r01,20733,20734,1,-38.63703305156273,10.352761804100822,-263.27731514697575,,,,4.0,8.0,-8.0,0.0,0.0,0.0,0.0,0.0,0.0,0.0,0.0,0.0,-38.63703305156273,10.352761804100822,-263.27731514697575,4.0,8.0,-8.0,0.25,2.0,False,False,False,disabled
2026-06-06_run02_circle_r40_off_r01,20750,20750,0,-39.39231012048832,6.945927106677211,-263.27731514697575,,,,3.0,9.0,-8.0,0.0,0.0,0.0,0.0,0.0,0.0,0.0,0.0,0.0,-39.39231012048832,6.945927106677211,-263.27731514697575,3.0,9.0,-8.0,0.25,2.0,False,False,True,disabled
2026-06-06_run02_circle_r40_off_r01,20850,20859,9,-39.39231012048832,6.945927106677211,-263.27731514697575,,,,3.0,9.0,-8.0,0.0,0.0,0.0,0.0,0.0,0.0,0.0,0.0,0.0,-39.39231012048832,6.945927106677211,-263.27731514697575,3.0,9.0,-8.0,0.25,2.0,False,False,False,disabled
2026-06-06_run02_circle_r40_off_r01,20950,20953,3,-39.39231012048832,6.945927106677211,-263.27731514697575,,,,3.0,9.0,-8.0,0.0,0.0,0.0,0.0,0.0,0.0,0.0,0.0,0.0,-39.39231012048832,6.945927106677211,-263.27731514697575,3.0,9.0,-8.0,0.25,2.0,False,False,False,disabled
2026-06-06_run02_circle_r40_off_r01,21050,21062,12,-39.39231012048832,6.945927106677211,-263.27731514697575,,,,3.0,9.0,-8.0,0.0,0.0,0.0,0.0,0.0,0.0,0.0,0.0,0.0,-39.39231012048832,6.945927106677211,-263.27731514697575,3.0,9.0,-8.0,0.25,2.0,False,False,False,disabled
2026-06-06_run02_circle_r40_off_r01,21150,21156,6,-39.39231012048832,6.945927106677211,-263.27731514697575,,,,3.0,9.0,-8.0,0.0,0.0,0.0,0.0,0.0,0.0,0.0,0.0,0.0,-39.39231012048832,6.945927106677211,-263.27731514697575,3.0,9.0,-8.0,0.25,2.0,False,False,False,disabled
2026-06-06_run02_circle_r40_off_r01,21167,21171,4,-39.84778792366982,3.4862297099063277,-263.27731514697575,,,,2.0,9.0,-8.0,0.0,0.0,0.0,0.0,0.0,0.0,0.0,0.0,0.0,-39.84778792366982,3.4862297099063277,-263.27731514697575,2.0,9.0,-8.0,0.25,2.0,False,False,True,disabled
2026-06-06_run02_circle_r40_off_r01,21267,21281,14,-39.84778792366982,3.4862297099063277,-263.27731514697575,,,,2.0,9.0,-8.0,0.0,0.0,0.0,0.0,0.0,0.0,0.0,0.0,0.0,-39.84778792366982,3.4862297099063277,-263.27731514697575,2.0,9.0,-8.0,0.25,2.0,False,False,False,disabled
2026-06-06_run02_circle_r40_off_r01,21367,21375,8,-39.84778792366982,3.4862297099063277,-263.27731514697575,,,,2.0,9.0,-8.0,0.0,0.0,0.0,0.0,0.0,0.0,0.0,0.0,0.0,-39.84778792366982,3.4862297099063277,-263.27731514697575,2.0,9.0,-8.0,0.25,2.0,False,False,False,disabled
2026-06-06_run02_circle_r40_off_r01,21467,21468,1,-39.84778792366982,3.4862297099063277,-263.27731514697575,,,,2.0,9.0,-8.0,0.0,0.0,0.0,0.0,0.0,0.0,0.0,0.0,0.0,-39.84778792366982,3.4862297099063277,-263.27731514697575,2.0,9.0,-8.0,0.25,2.0,False,False,False,disabled
2026-06-06_run02_circle_r40_off_r01,21567,21578,11,-39.84778792366982,3.4862297099063277,-263.27731514697575,,,,2.0,9.0,-8.0,0.0,0.0,0.0,0.0,0.0,0.0,0.0,0.0,0.0,-39.84778792366982,3.4862297099063277,-263.27731514697575,2.0,9.0,-8.0,0.25,2.0,False,False,False,disabled
2026-06-06_run02_circle_r40_off_r01,21583,21593,10,-40.0,0.0,-263.27731514697575,,,,1.0,10.0,-7.0,0.0,0.0,0.0,0.0,0.0,0.0,0.0,0.0,0.0,-40.0,0.0,-263.27731514697575,1.0,10.0,-7.0,0.25,2.0,False,False,True,disabled
2026-06-06_run02_circle_r40_off_r01,21683,21687,4,-40.0,0.0,-263.27731514697575,,,,1.0,10.0,-7.0,0.0,0.0,0.0,0.0,0.0,0.0,0.0,0.0,0.0,-40.0,0.0,-263.27731514697575,1.0,10.0,-7.0,0.25,2.0,False,False,False,disabled
2026-06-06_run02_circle_r40_off_r01,21783,21796,13,-40.0,0.0,-263.27731514697575,,,,1.0,10.0,-7.0,0.0,0.0,0.0,0.0,0.0,0.0,0.0,0.0,0.0,-40.0,0.0,-263.27731514697575,1.0,10.0,-7.0,0.25,2.0,False,False,False,disabled
2026-06-06_run02_circle_r40_off_r01,21883,21890,7,-40.0,0.0,-263.27731514697575,,,,1.0,10.0,-7.0,0.0,0.0,0.0,0.0,0.0,0.0,0.0,0.0,0.0,-40.0,0.0,-263.27731514697575,1.0,10.0,-7.0,0.25,2.0,False,False,False,disabled
2026-06-06_run02_circle_r40_off_r01,21983,21984,1,-40.0,0.0,-263.27731514697575,,,,1.0,10.0,-7.0,0.0,0.0,0.0,0.0,0.0,0.0,0.0,0.0,0.0,-40.0,0.0,-263.27731514697575,1.0,10.0,-7.0,0.25,2.0,False,False,False,disabled
2026-06-06_run02_circle_r40_off_r01,22000,22000,0,-39.84778792366982,-3.4862297099063175,-263.27731514697575,,,,1.0,10.0,-7.0,0.0,0.0,0.0,0.0,0.0,0.0,0.0,0.0,0.0,-39.84778792366982,-3.4862297099063175,-263.27731514697575,1.0,10.0,-7.0,0.25,2.0,False,False,True,disabled
2026-06-06_run02_circle_r40_off_r01,22100,22125,25,-39.84778792366982,-3.4862297099063175,-263.27731514697575,,,,1.0,10.0,-7.0,0.0,0.0,0.0,0.0,0.0,0.0,0.0,0.0,0.0,-39.84778792366982,-3.4862297099063175,-263.27731514697575,1.0,10.0,-7.0,0.25,2.0,False,False,False,disabled
2026-06-06_run02_circle_r40_off_r01,22200,22203,3,-39.84778792366982,-3.4862297099063175,-263.27731514697575,,,,1.0,10.0,-7.0,0.0,0.0,0.0,0.0,0.0,0.0,0.0,0.0,0.0,-39.84778792366982,-3.4862297099063175,-263.27731514697575,1.0,10.0,-7.0,0.25,2.0,False,False,False,disabled
2026-06-06_run02_circle_r40_off_r01,22300,22312,12,-39.84778792366982,-3.4862297099063175,-263.27731514697575,,,,1.0,10.0,-7.0,0.0,0.0,0.0,0.0,0.0,0.0,0.0,0.0,0.0,-39.84778792366982,-3.4862297099063175,-263.27731514697575,1.0,10.0,-7.0,0.25,2.0,False,False,False,disabled
2026-06-06_run02_circle_r40_off_r01,22400,22406,6,-39.84778792366982,-3.4862297099063175,-263.27731514697575,,,,1.0,10.0,-7.0,0.0,0.0,0.0,0.0,0.0,0.0,0.0,0.0,0.0,-39.84778792366982,-3.4862297099063175,-263.27731514697575,1.0,10.0,-7.0,0.25,2.0,False,False,False,disabled
2026-06-06_run02_circle_r40_off_r01,22417,22421,4,-39.392310120488325,-6.9459271066772015,-263.27731514697575,,,,0.0,11.0,-6.0,0.0,0.0,0.0,0.0,0.0,0.0,0.0,0.0,0.0,-39.392310120488325,-6.9459271066772015,-263.27731514697575,0.0,11.0,-6.0,0.25,2.0,False,False,True,disabled
2026-06-06_run02_circle_r40_off_r01,22517,22531,14,-39.392310120488325,-6.9459271066772015,-263.27731514697575,,,,0.0,11.0,-6.0,0.0,0.0,0.0,0.0,0.0,0.0,0.0,0.0,0.0,-39.392310120488325,-6.9459271066772015,-263.27731514697575,0.0,11.0,-6.0,0.25,2.0,False,False,False,disabled
2026-06-06_run02_circle_r40_off_r01,22617,22625,8,-39.392310120488325,-6.9459271066772015,-263.27731514697575,,,,0.0,11.0,-6.0,0.0,0.0,0.0,0.0,0.0,0.0,0.0,0.0,0.0,-39.392310120488325,-6.9459271066772015,-263.27731514697575,0.0,11.0,-6.0,0.25,2.0,False,False,False,disabled
2026-06-06_run02_circle_r40_off_r01,22717,22718,1,-39.392310120488325,-6.9459271066772015,-263.27731514697575,,,,0.0,11.0,-6.0,0.0,0.0,0.0,0.0,0.0,0.0,0.0,0.0,0.0,-39.392310120488325,-6.9459271066772015,-263.27731514697575,0.0,11.0,-6.0,0.25,2.0,False,False,False,disabled
2026-06-06_run02_circle_r40_off_r01,22817,22828,11,-39.392310120488325,-6.9459271066772015,-263.27731514697575,,,,0.0,11.0,-6.0,0.0,0.0,0.0,0.0,0.0,0.0,0.0,0.0,0.0,-39.392310120488325,-6.9459271066772015,-263.27731514697575,0.0,11.0,-6.0,0.25,2.0,False,False,False,disabled
2026-06-06_run02_circle_r40_off_r01,22833,22843,10,-38.63703305156274,-10.352761804100814,-263.27731514697575,,,,-1.0,11.0,-6.0,0.0,0.0,0.0,0.0,0.0,0.0,0.0,0.0,0.0,-38.63703305156274,-10.352761804100814,-263.27731514697575,-1.0,11.0,-6.0,0.25,2.0,False,False,True,disabled
2026-06-06_run02_circle_r40_off_r01,22933,22937,4,-38.63703305156274,-10.352761804100814,-263.27731514697575,,,,-1.0,11.0,-6.0,0.0,0.0,0.0,0.0,0.0,0.0,0.0,0.0,0.0,-38.63703305156274,-10.352761804100814,-263.27731514697575,-1.0,11.0,-6.0,0.25,2.0,False,False,False,disabled
2026-06-06_run02_circle_r40_off_r01,23033,23046,13,-38.63703305156274,-10.352761804100814,-263.27731514697575,,,,-1.0,11.0,-6.0,0.0,0.0,0.0,0.0,0.0,0.0,0.0,0.0,0.0,-38.63703305156274,-10.352761804100814,-263.27731514697575,-1.0,11.0,-6.0,0.25,2.0,False,False,False,disabled
2026-06-06_run02_circle_r40_off_r01,23133,23140,7,-38.63703305156274,-10.352761804100814,-263.27731514697575,,,,-1.0,11.0,-6.0,0.0,0.0,0.0,0.0,0.0,0.0,0.0,0.0,0.0,-38.63703305156274,-10.352761804100814,-263.27731514697575,-1.0,11.0,-6.0,0.25,2.0,False,False,False,disabled
2026-06-06_run02_circle_r40_off_r01,23233,23234,1,-38.63703305156274,-10.352761804100814,-263.27731514697575,,,,-1.0,11.0,-6.0,0.0,0.0,0.0,0.0,0.0,0.0,0.0,0.0,0.0,-38.63703305156274,-10.352761804100814,-263.27731514697575,-1.0,11.0,-6.0,0.25,2.0,False,False,False,disabled
2026-06-06_run02_circle_r40_off_r01,23250,23250,0,-37.58770483143634,-13.680805733026746,-263.27731514697575,,,,-2.0,11.0,-5.0,0.0,0.0,0.0,0.0,0.0,0.0,0.0,0.0,0.0,-37.58770483143634,-13.680805733026746,-263.27731514697575,-2.0,11.0,-5.0,0.25,2.0,False,False,True,disabled
2026-06-06_run02_circle_r40_off_r01,23350,23359,9,-37.58770483143634,-13.680805733026746,-263.27731514697575,,,,-2.0,11.0,-5.0,0.0,0.0,0.0,0.0,0.0,0.0,0.0,0.0,0.0,-37.58770483143634,-13.680805733026746,-263.27731514697575,-2.0,11.0,-5.0,0.25,2.0,False,False,False,disabled
2026-06-06_run02_circle_r40_off_r01,23450,23453,3,-37.58770483143634,-13.680805733026746,-263.27731514697575,,,,-2.0,11.0,-5.0,0.0,0.0,0.0,0.0,0.0,0.0,0.0,0.0,0.0,-37.58770483143634,-13.680805733026746,-263.27731514697575,-2.0,11.0,-5.0,0.25,2.0,False,False,False,disabled
2026-06-06_run02_circle_r40_off_r01,23550,23562,12,-37.58770483143634,-13.680805733026746,-263.27731514697575,,,,-2.0,11.0,-5.0,0.0,0.0,0.0,0.0,0.0,0.0,0.0,0.0,0.0,-37.58770483143634,-13.680805733026746,-263.27731514697575,-2.0,11.0,-5.0,0.25,2.0,False,False,False,disabled
2026-06-06_run02_circle_r40_off_r01,23650,23656,6,-37.58770483143634,-13.680805733026746,-263.27731514697575,,,,-2.0,11.0,-5.0,0.0,0.0,0.0,0.0,0.0,0.0,0.0,0.0,0.0,-37.58770483143634,-13.680805733026746,-263.27731514697575,-2.0,11.0,-5.0,0.25,2.0,False,False,False,disabled
2026-06-06_run02_circle_r40_off_r01,23667,23671,4,-36.25231148146601,-16.904730469627957,-263.27731514697575,,,,-3.0,11.0,-4.0,0.0,0.0,0.0,0.0,0.0,0.0,0.0,0.0,0.0,-36.25231148146601,-16.904730469627957,-263.27731514697575,-3.0,11.0,-4.0,0.25,2.0,False,False,True,disabled
2026-06-06_run02_circle_r40_off_r01,23767,23781,14,-36.25231148146601,-16.904730469627957,-263.27731514697575,,,,-3.0,11.0,-4.0,0.0,0.0,0.0,0.0,0.0,0.0,0.0,0.0,0.0,-36.25231148146601,-16.904730469627957,-263.27731514697575,-3.0,11.0,-4.0,0.25,2.0,False,False,False,disabled
2026-06-06_run02_circle_r40_off_r01,23867,23875,8,-36.25231148146601,-16.904730469627957,-263.27731514697575,,,,-3.0,11.0,-4.0,0.0,0.0,0.0,0.0,0.0,0.0,0.0,0.0,0.0,-36.25231148146601,-16.904730469627957,-263.27731514697575,-3.0,11.0,-4.0,0.25,2.0,False,False,False,disabled
2026-06-06_run02_circle_r40_off_r01,23967,23984,17,-36.25231148146601,-16.904730469627957,-263.27731514697575,,,,-3.0,11.0,-4.0,0.0,0.0,0.0,0.0,0.0,0.0,0.0,0.0,0.0,-36.25231148146601,-16.904730469627957,-263.27731514697575,-3.0,11.0,-4.0,0.25,2.0,False,False,False,disabled
2026-06-06_run02_circle_r40_off_r01,24067,24078,11,-36.25231148146601,-16.904730469627957,-263.27731514697575,,,,-3.0,11.0,-4.0,0.0,0.0,0.0,0.0,0.0,0.0,0.0,0.0,0.0,-36.25231148146601,-16.904730469627957,-263.27731514697575,-3.0,11.0,-4.0,0.25,2.0,False,False,False,disabled
2026-06-06_run02_circle_r40_off_r01,24083,24093,10,-34.64101615137754,-20.000000000000004,-263.27731514697575,,,,-4.0,11.0,-4.0,0.0,0.0,0.0,0.0,0.0,0.0,0.0,0.0,0.0,-34.64101615137754,-20.000000000000004,-263.27731514697575,-4.0,11.0,-4.0,0.25,2.0,False,False,True,disabled
2026-06-06_run02_circle_r40_off_r01,24183,24187,4,-34.64101615137754,-20.000000000000004,-263.27731514697575,,,,-4.0,11.0,-4.0,0.0,0.0,0.0,0.0,0.0,0.0,0.0,0.0,0.0,-34.64101615137754,-20.000000000000004,-263.27731514697575,-4.0,11.0,-4.0,0.25,2.0,False,False,False,disabled
2026-06-06_run02_circle_r40_off_r01,24283,24296,13,-34.64101615137754,-20.000000000000004,-263.27731514697575,,,,-4.0,11.0,-4.0,0.0,0.0,0.0,0.0,0.0,0.0,0.0,0.0,0.0,-34.64101615137754,-20.000000000000004,-263.27731514697575,-4.0,11.0,-4.0,0.25,2.0,False,False,False,disabled
2026-06-06_run02_circle_r40_off_r01,24383,24390,7,-34.64101615137754,-20.000000000000004,-263.27731514697575,,,,-4.0,11.0,-4.0,0.0,0.0,0.0,0.0,0.0,0.0,0.0,0.0,0.0,-34.64101615137754,-20.000000000000004,-263.27731514697575,-4.0,11.0,-4.0,0.25,2.0,False,False,False,disabled
2026-06-06_run02_circle_r40_off_r01,24483,24484,1,-34.64101615137754,-20.000000000000004,-263.27731514697575,,,,-4.0,11.0,-4.0,0.0,0.0,0.0,0.0,0.0,0.0,0.0,0.0,0.0,-34.64101615137754,-20.000000000000004,-263.27731514697575,-4.0,11.0,-4.0,0.25,2.0,False,False,False,disabled
2026-06-06_run02_circle_r40_off_r01,24500,24500,0,-32.76608177155968,-22.943057454041835,-263.27731514697575,,,,-4.0,11.0,-3.0,0.0,0.0,0.0,0.0,0.0,0.0,0.0,0.0,0.0,-32.76608177155968,-22.943057454041835,-263.27731514697575,-4.0,11.0,-3.0,0.25,2.0,False,False,True,disabled
2026-06-06_run02_circle_r40_off_r01,24600,24609,9,-32.76608177155968,-22.943057454041835,-263.27731514697575,,,,-4.0,11.0,-3.0,0.0,0.0,0.0,0.0,0.0,0.0,0.0,0.0,0.0,-32.76608177155968,-22.943057454041835,-263.27731514697575,-4.0,11.0,-3.0,0.25,2.0,False,False,False,disabled
2026-06-06_run02_circle_r40_off_r01,24700,24703,3,-32.76608177155968,-22.943057454041835,-263.27731514697575,,,,-4.0,11.0,-3.0,0.0,0.0,0.0,0.0,0.0,0.0,0.0,0.0,0.0,-32.76608177155968,-22.943057454041835,-263.27731514697575,-4.0,11.0,-3.0,0.25,2.0,False,False,False,disabled
2026-06-06_run02_circle_r40_off_r01,24800,24812,12,-32.76608177155968,-22.943057454041835,-263.27731514697575,,,,-4.0,11.0,-3.0,0.0,0.0,0.0,0.0,0.0,0.0,0.0,0.0,0.0,-32.76608177155968,-22.943057454041835,-263.27731514697575,-4.0,11.0,-3.0,0.25,2.0,False,False,False,disabled
2026-06-06_run02_circle_r40_off_r01,24900,24921,21,-32.76608177155968,-22.943057454041835,-263.27731514697575,,,,-4.0,11.0,-3.0,0.0,0.0,0.0,0.0,0.0,0.0,0.0,0.0,0.0,-32.76608177155968,-22.943057454041835,-263.27731514697575,-4.0,11.0,-3.0,0.25,2.0,False,False,False,disabled
2026-06-06_run02_circle_r40_off_r01,24917,24921,4,-30.641777724759134,-25.711504387461556,-263.27731514697575,,,,-5.0,11.0,-2.0,0.0,0.0,0.0,0.0,0.0,0.0,0.0,0.0,0.0,-30.641777724759134,-25.711504387461556,-263.27731514697575,-5.0,11.0,-2.0,0.25,2.0,False,False,True,disabled
2026-06-06_run02_circle_r40_off_r01,25017,25031,14,-30.641777724759134,-25.711504387461556,-263.27731514697575,,,,-5.0,11.0,-2.0,0.0,0.0,0.0,0.0,0.0,0.0,0.0,0.0,0.0,-30.641777724759134,-25.711504387461556,-263.27731514697575,-5.0,11.0,-2.0,0.25,2.0,False,False,False,disabled
2026-06-06_run02_circle_r40_off_r01,25117,25125,8,-30.641777724759134,-25.711504387461556,-263.27731514697575,,,,-5.0,11.0,-2.0,0.0,0.0,0.0,0.0,0.0,0.0,0.0,0.0,0.0,-30.641777724759134,-25.711504387461556,-263.27731514697575,-5.0,11.0,-2.0,0.25,2.0,False,False,False,disabled
2026-06-06_run02_circle_r40_off_r01,25217,25218,1,-30.641777724759134,-25.711504387461556,-263.27731514697575,,,,-5.0,11.0,-2.0,0.0,0.0,0.0,0.0,0.0,0.0,0.0,0.0,0.0,-30.641777724759134,-25.711504387461556,-263.27731514697575,-5.0,11.0,-2.0,0.25,2.0,False,False,False,disabled
2026-06-06_run02_circle_r40_off_r01,25317,25328,11,-30.641777724759134,-25.711504387461556,-263.27731514697575,,,,-5.0,11.0,-2.0,0.0,0.0,0.0,0.0,0.0,0.0,0.0,0.0,0.0,-30.641777724759134,-25.711504387461556,-263.27731514697575,-5.0,11.0,-2.0,0.25,2.0,False,False,False,disabled
2026-06-06_run02_circle_r40_off_r01,25333,25343,10,-28.28427124746191,-28.2842712474619,-263.27731514697575,,,,-6.0,11.0,-1.0,0.0,0.0,0.0,0.0,0.0,0.0,0.0,0.0,0.0,-28.28427124746191,-28.2842712474619,-263.27731514697575,-6.0,11.0,-1.0,0.25,2.0,False,False,True,disabled
2026-06-06_run02_circle_r40_off_r01,25433,25453,20,-28.28427124746191,-28.2842712474619,-263.27731514697575,,,,-6.0,11.0,-1.0,0.0,0.0,0.0,0.0,0.0,0.0,0.0,0.0,0.0,-28.28427124746191,-28.2842712474619,-263.27731514697575,-6.0,11.0,-1.0,0.25,2.0,False,False,False,disabled
2026-06-06_run02_circle_r40_off_r01,25533,25546,13,-28.28427124746191,-28.2842712474619,-263.27731514697575,,,,-6.0,11.0,-1.0,0.0,0.0,0.0,0.0,0.0,0.0,0.0,0.0,0.0,-28.28427124746191,-28.2842712474619,-263.27731514697575,-6.0,11.0,-1.0,0.25,2.0,False,False,False,disabled
2026-06-06_run02_circle_r40_off_r01,25633,25640,7,-28.28427124746191,-28.2842712474619,-263.27731514697575,,,,-6.0,11.0,-1.0,0.0,0.0,0.0,0.0,0.0,0.0,0.0,0.0,0.0,-28.28427124746191,-28.2842712474619,-263.27731514697575,-6.0,11.0,-1.0,0.25,2.0,False,False,False,disabled
2026-06-06_run02_circle_r40_off_r01,25733,25734,1,-28.28427124746191,-28.2842712474619,-263.27731514697575,,,,-6.0,11.0,-1.0,0.0,0.0,0.0,0.0,0.0,0.0,0.0,0.0,0.0,-28.28427124746191,-28.2842712474619,-263.27731514697575,-6.0,11.0,-1.0,0.25,2.0,False,False,False,disabled
2026-06-06_run02_circle_r40_off_r01,25750,25750,0,-25.71150438746158,-30.641777724759116,-263.27731514697575,,,,-6.0,11.0,0.0,0.0,0.0,0.0,0.0,0.0,0.0,0.0,0.0,0.0,-25.71150438746158,-30.641777724759116,-263.27731514697575,-6.0,11.0,0.0,0.25,2.0,False,False,True,disabled
2026-06-06_run02_circle_r40_off_r01,25850,25859,9,-25.71150438746158,-30.641777724759116,-263.27731514697575,,,,-6.0,11.0,0.0,0.0,0.0,0.0,0.0,0.0,0.0,0.0,0.0,0.0,-25.71150438746158,-30.641777724759116,-263.27731514697575,-6.0,11.0,0.0,0.25,2.0,False,False,False,disabled
2026-06-06_run02_circle_r40_off_r01,25950,25953,3,-25.71150438746158,-30.641777724759116,-263.27731514697575,,,,-6.0,11.0,0.0,0.0,0.0,0.0,0.0,0.0,0.0,0.0,0.0,0.0,-25.71150438746158,-30.641777724759116,-263.27731514697575,-6.0,11.0,0.0,0.25,2.0,False,False,False,disabled
2026-06-06_run02_circle_r40_off_r01,26050,26062,12,-25.71150438746158,-30.641777724759116,-263.27731514697575,,,,-6.0,11.0,0.0,0.0,0.0,0.0,0.0,0.0,0.0,0.0,0.0,0.0,-25.71150438746158,-30.641777724759116,-263.27731514697575,-6.0,11.0,0.0,0.25,2.0,False,False,False,disabled
2026-06-06_run02_circle_r40_off_r01,26150,26156,6,-25.71150438746158,-30.641777724759116,-263.27731514697575,,,,-6.0,11.0,0.0,0.0,0.0,0.0,0.0,0.0,0.0,0.0,0.0,0.0,-25.71150438746158,-30.641777724759116,-263.27731514697575,-6.0,11.0,0.0,0.25,2.0,False,False,False,disabled
2026-06-06_run02_circle_r40_off_r01,26167,26171,4,-22.943057454041824,-32.76608177155968,-263.27731514697575,,,,-7.0,10.0,1.0,0.0,0.0,0.0,0.0,0.0,0.0,0.0,0.0,0.0,-22.943057454041824,-32.76608177155968,-263.27731514697575,-7.0,10.0,1.0,0.25,2.0,False,False,True,disabled
2026-06-06_run02_circle_r40_off_r01,26267,26281,14,-22.943057454041824,-32.76608177155968,-263.27731514697575,,,,-7.0,10.0,1.0,0.0,0.0,0.0,0.0,0.0,0.0,0.0,0.0,0.0,-22.943057454041824,-32.76608177155968,-263.27731514697575,-7.0,10.0,1.0,0.25,2.0,False,False,False,disabled
2026-06-06_run02_circle_r40_off_r01,26367,26375,8,-22.943057454041824,-32.76608177155968,-263.27731514697575,,,,-7.0,10.0,1.0,0.0,0.0,0.0,0.0,0.0,0.0,0.0,0.0,0.0,-22.943057454041824,-32.76608177155968,-263.27731514697575,-7.0,10.0,1.0,0.25,2.0,False,False,False,disabled
2026-06-06_run02_circle_r40_off_r01,26467,26468,1,-22.943057454041824,-32.76608177155968,-263.27731514697575,,,,-7.0,10.0,1.0,0.0,0.0,0.0,0.0,0.0,0.0,0.0,0.0,0.0,-22.943057454041824,-32.76608177155968,-263.27731514697575,-7.0,10.0,1.0,0.25,2.0,False,False,False,disabled
2026-06-06_run02_circle_r40_off_r01,26567,26578,11,-22.943057454041824,-32.76608177155968,-263.27731514697575,,,,-7.0,10.0,1.0,0.0,0.0,0.0,0.0,0.0,0.0,0.0,0.0,0.0,-22.943057454041824,-32.76608177155968,-263.27731514697575,-7.0,10.0,1.0,0.25,2.0,False,False,False,disabled
2026-06-06_run02_circle_r40_off_r01,26583,26593,10,-20.000000000000018,-34.64101615137754,-263.27731514697575,,,,-7.0,10.0,1.0,0.0,0.0,0.0,0.0,0.0,0.0,0.0,0.0,0.0,-20.000000000000018,-34.64101615137754,-263.27731514697575,-7.0,10.0,1.0,0.25,2.0,False,False,True,disabled
2026-06-06_run02_circle_r40_off_r01,26683,26687,4,-20.000000000000018,-34.64101615137754,-263.27731514697575,,,,-7.0,10.0,1.0,0.0,0.0,0.0,0.0,0.0,0.0,0.0,0.0,0.0,-20.000000000000018,-34.64101615137754,-263.27731514697575,-7.0,10.0,1.0,0.25,2.0,False,False,False,disabled
2026-06-06_run02_circle_r40_off_r01,26783,26796,13,-20.000000000000018,-34.64101615137754,-263.27731514697575,,,,-7.0,10.0,1.0,0.0,0.0,0.0,0.0,0.0,0.0,0.0,0.0,0.0,-20.000000000000018,-34.64101615137754,-263.27731514697575,-7.0,10.0,1.0,0.25,2.0,False,False,False,disabled
2026-06-06_run02_circle_r40_off_r01,26883,26890,7,-20.000000000000018,-34.64101615137754,-263.27731514697575,,,,-7.0,10.0,1.0,0.0,0.0,0.0,0.0,0.0,0.0,0.0,0.0,0.0,-20.000000000000018,-34.64101615137754,-263.27731514697575,-7.0,10.0,1.0,0.25,2.0,False,False,False,disabled
2026-06-06_run02_circle_r40_off_r01,26983,26984,1,-20.000000000000018,-34.64101615137754,-263.27731514697575,,,,-7.0,10.0,1.0,0.0,0.0,0.0,0.0,0.0,0.0,0.0,0.0,0.0,-20.000000000000018,-34.64101615137754,-263.27731514697575,-7.0,10.0,1.0,0.25,2.0,False,False,False,disabled
2026-06-06_run02_circle_r40_off_r01,27000,27000,0,-16.904730469628,-36.25231148146599,-263.27731514697575,,,,-8.0,9.0,2.0,0.0,0.0,0.0,0.0,0.0,0.0,0.0,0.0,0.0,-16.904730469628,-36.25231148146599,-263.27731514697575,-8.0,9.0,2.0,0.25,2.0,False,False,True,disabled
2026-06-06_run02_circle_r40_off_r01,27100,27109,9,-16.904730469628,-36.25231148146599,-263.27731514697575,,,,-8.0,9.0,2.0,0.0,0.0,0.0,0.0,0.0,0.0,0.0,0.0,0.0,-16.904730469628,-36.25231148146599,-263.27731514697575,-8.0,9.0,2.0,0.25,2.0,False,False,False,disabled
2026-06-06_run02_circle_r40_off_r01,27200,27203,3,-16.904730469628,-36.25231148146599,-263.27731514697575,,,,-8.0,9.0,2.0,0.0,0.0,0.0,0.0,0.0,0.0,0.0,0.0,0.0,-16.904730469628,-36.25231148146599,-263.27731514697575,-8.0,9.0,2.0,0.25,2.0,False,False,False,disabled
2026-06-06_run02_circle_r40_off_r01,27300,27312,12,-16.904730469628,-36.25231148146599,-263.27731514697575,,,,-8.0,9.0,2.0,0.0,0.0,0.0,0.0,0.0,0.0,0.0,0.0,0.0,-16.904730469628,-36.25231148146599,-263.27731514697575,-8.0,9.0,2.0,0.25,2.0,False,False,False,disabled
2026-06-06_run02_circle_r40_off_r01,27400,27406,6,-16.904730469628,-36.25231148146599,-263.27731514697575,,,,-8.0,9.0,2.0,0.0,0.0,0.0,0.0,0.0,0.0,0.0,0.0,0.0,-16.904730469628,-36.25231148146599,-263.27731514697575,-8.0,9.0,2.0,0.25,2.0,False,False,False,disabled
2026-06-06_run02_circle_r40_off_r01,27417,27421,4,-13.680805733026741,-37.58770483143634,-263.27731514697575,,,,-8.0,9.0,3.0,0.0,0.0,0.0,0.0,0.0,0.0,0.0,0.0,0.0,-13.680805733026741,-37.58770483143634,-263.27731514697575,-8.0,9.0,3.0,0.25,2.0,False,False,True,disabled
2026-06-06_run02_circle_r40_off_r01,27517,27531,14,-13.680805733026741,-37.58770483143634,-263.27731514697575,,,,-8.0,9.0,3.0,0.0,0.0,0.0,0.0,0.0,0.0,0.0,0.0,0.0,-13.680805733026741,-37.58770483143634,-263.27731514697575,-8.0,9.0,3.0,0.25,2.0,False,False,False,disabled
2026-06-06_run02_circle_r40_off_r01,27617,27625,8,-13.680805733026741,-37.58770483143634,-263.27731514697575,,,,-8.0,9.0,3.0,0.0,0.0,0.0,0.0,0.0,0.0,0.0,0.0,0.0,-13.680805733026741,-37.58770483143634,-263.27731514697575,-8.0,9.0,3.0,0.25,2.0,False,False,False,disabled
2026-06-06_run02_circle_r40_off_r01,27717,27718,1,-13.680805733026741,-37.58770483143634,-263.27731514697575,,,,-8.0,9.0,3.0,0.0,0.0,0.0,0.0,0.0,0.0,0.0,0.0,0.0,-13.680805733026741,-37.58770483143634,-263.27731514697575,-8.0,9.0,3.0,0.25,2.0,False,False,False,disabled
2026-06-06_run02_circle_r40_off_r01,27817,27828,11,-13.680805733026741,-37.58770483143634,-263.27731514697575,,,,-8.0,9.0,3.0,0.0,0.0,0.0,0.0,0.0,0.0,0.0,0.0,0.0,-13.680805733026741,-37.58770483143634,-263.27731514697575,-8.0,9.0,3.0,0.25,2.0,False,False,False,disabled
2026-06-06_run02_circle_r40_off_r01,27833,27843,10,-10.352761804100826,-38.63703305156273,-263.27731514697575,,,,-8.0,8.0,4.0,0.0,0.0,0.0,0.0,0.0,0.0,0.0,0.0,0.0,-10.352761804100826,-38.63703305156273,-263.27731514697575,-8.0,8.0,4.0,0.25,2.0,False,False,True,disabled
2026-06-06_run02_circle_r40_off_r01,27933,27937,4,-10.352761804100826,-38.63703305156273,-263.27731514697575,,,,-8.0,8.0,4.0,0.0,0.0,0.0,0.0,0.0,0.0,0.0,0.0,0.0,-10.352761804100826,-38.63703305156273,-263.27731514697575,-8.0,8.0,4.0,0.25,2.0,False,False,False,disabled
2026-06-06_run02_circle_r40_off_r01,28033,28046,13,-10.352761804100826,-38.63703305156273,-263.27731514697575,,,,-8.0,8.0,4.0,0.0,0.0,0.0,0.0,0.0,0.0,0.0,0.0,0.0,-10.352761804100826,-38.63703305156273,-263.27731514697575,-8.0,8.0,4.0,0.25,2.0,False,False,False,disabled
2026-06-06_run02_circle_r40_off_r01,28133,28140,7,-10.352761804100826,-38.63703305156273,-263.27731514697575,,,,-8.0,8.0,4.0,0.0,0.0,0.0,0.0,0.0,0.0,0.0,0.0,0.0,-10.352761804100826,-38.63703305156273,-263.27731514697575,-8.0,8.0,4.0,0.25,2.0,False,False,False,disabled
2026-06-06_run02_circle_r40_off_r01,28233,28234,1,-10.352761804100826,-38.63703305156273,-263.27731514697575,,,,-8.0,8.0,4.0,0.0,0.0,0.0,0.0,0.0,0.0,0.0,0.0,0.0,-10.352761804100826,-38.63703305156273,-263.27731514697575,-8.0,8.0,4.0,0.25,2.0,False,False,False,disabled
2026-06-06_run02_circle_r40_off_r01,28250,28250,0,-6.945927106677213,-39.39231012048832,-263.27731514697575,,,,-8.0,8.0,5.0,0.0,0.0,0.0,0.0,0.0,0.0,0.0,0.0,0.0,-6.945927106677213,-39.39231012048832,-263.27731514697575,-8.0,8.0,5.0,0.25,2.0,False,False,True,disabled
2026-06-06_run02_circle_r40_off_r01,28350,28359,9,-6.945927106677213,-39.39231012048832,-263.27731514697575,,,,-8.0,8.0,5.0,0.0,0.0,0.0,0.0,0.0,0.0,0.0,0.0,0.0,-6.945927106677213,-39.39231012048832,-263.27731514697575,-8.0,8.0,5.0,0.25,2.0,False,False,False,disabled
2026-06-06_run02_circle_r40_off_r01,28450,28453,3,-6.945927106677213,-39.39231012048832,-263.27731514697575,,,,-8.0,8.0,5.0,0.0,0.0,0.0,0.0,0.0,0.0,0.0,0.0,0.0,-6.945927106677213,-39.39231012048832,-263.27731514697575,-8.0,8.0,5.0,0.25,2.0,False,False,False,disabled
2026-06-06_run02_circle_r40_off_r01,28550,28562,12,-6.945927106677213,-39.39231012048832,-263.27731514697575,,,,-8.0,8.0,5.0,0.0,0.0,0.0,0.0,0.0,0.0,0.0,0.0,0.0,-6.945927106677213,-39.39231012048832,-263.27731514697575,-8.0,8.0,5.0,0.25,2.0,False,False,False,disabled
2026-06-06_run02_circle_r40_off_r01,28650,28656,6,-6.945927106677213,-39.39231012048832,-263.27731514697575,,,,-8.0,8.0,5.0,0.0,0.0,0.0,0.0,0.0,0.0,0.0,0.0,0.0,-6.945927106677213,-39.39231012048832,-263.27731514697575,-8.0,8.0,5.0,0.25,2.0,False,False,False,disabled
2026-06-06_run02_circle_r40_off_r01,28667,28671,4,-3.48622970990633,-39.84778792366982,-263.27731514697575,,,,-9.0,7.0,6.0,0.0,0.0,0.0,0.0,0.0,0.0,0.0,0.0,0.0,-3.48622970990633,-39.84778792366982,-263.27731514697575,-9.0,7.0,6.0,0.25,2.0,False,False,True,disabled
2026-06-06_run02_circle_r40_off_r01,28767,28781,14,-3.48622970990633,-39.84778792366982,-263.27731514697575,,,,-9.0,7.0,6.0,0.0,0.0,0.0,0.0,0.0,0.0,0.0,0.0,0.0,-3.48622970990633,-39.84778792366982,-263.27731514697575,-9.0,7.0,6.0,0.25,2.0,False,False,False,disabled
2026-06-06_run02_circle_r40_off_r01,28867,28875,8,-3.48622970990633,-39.84778792366982,-263.27731514697575,,,,-9.0,7.0,6.0,0.0,0.0,0.0,0.0,0.0,0.0,0.0,0.0,0.0,-3.48622970990633,-39.84778792366982,-263.27731514697575,-9.0,7.0,6.0,0.25,2.0,False,False,False,disabled
2026-06-06_run02_circle_r40_off_r01,28967,28968,1,-3.48622970990633,-39.84778792366982,-263.27731514697575,,,,-9.0,7.0,6.0,0.0,0.0,0.0,0.0,0.0,0.0,0.0,0.0,0.0,-3.48622970990633,-39.84778792366982,-263.27731514697575,-9.0,7.0,6.0,0.25,2.0,False,False,False,disabled
2026-06-06_run02_circle_r40_off_r01,29067,29078,11,-3.48622970990633,-39.84778792366982,-263.27731514697575,,,,-9.0,7.0,6.0,0.0,0.0,0.0,0.0,0.0,0.0,0.0,0.0,0.0,-3.48622970990633,-39.84778792366982,-263.27731514697575,-9.0,7.0,6.0,0.25,2.0,False,False,False,disabled
2026-06-06_run02_circle_r40_off_r01,29083,29093,10,0.0,-40.0,-263.27731514697575,,,,-9.0,6.0,6.0,0.0,0.0,0.0,0.0,0.0,0.0,0.0,0.0,0.0,0.0,-40.0,-263.27731514697575,-9.0,6.0,6.0,0.25,2.0,False,False,True,disabled
2026-06-06_run02_circle_r40_off_r01,29183,29203,20,0.0,-40.0,-263.27731514697575,,,,-9.0,6.0,6.0,0.0,0.0,0.0,0.0,0.0,0.0,0.0,0.0,0.0,0.0,-40.0,-263.27731514697575,-9.0,6.0,6.0,0.25,2.0,False,False,False,disabled
2026-06-06_run02_circle_r40_off_r01,29283,29296,13,0.0,-40.0,-263.27731514697575,,,,-9.0,6.0,6.0,0.0,0.0,0.0,0.0,0.0,0.0,0.0,0.0,0.0,0.0,-40.0,-263.27731514697575,-9.0,6.0,6.0,0.25,2.0,False,False,False,disabled
2026-06-06_run02_circle_r40_off_r01,29383,29390,7,0.0,-40.0,-263.27731514697575,,,,-9.0,6.0,6.0,0.0,0.0,0.0,0.0,0.0,0.0,0.0,0.0,0.0,0.0,-40.0,-263.27731514697575,-9.0,6.0,6.0,0.25,2.0,False,False,False,disabled
2026-06-06_run02_circle_r40_off_r01,29483,29484,1,0.0,-40.0,-263.27731514697575,,,,-9.0,6.0,6.0,0.0,0.0,0.0,0.0,0.0,0.0,0.0,0.0,0.0,0.0,-40.0,-263.27731514697575,-9.0,6.0,6.0,0.25,2.0,False,False,False,disabled
2026-06-06_run02_circle_r40_off_r01,29500,29500,0,3.4862297099063158,-39.84778792366982,-263.27731514697575,,,,-9.0,6.0,7.0,0.0,0.0,0.0,0.0,0.0,0.0,0.0,0.0,0.0,3.4862297099063158,-39.84778792366982,-263.27731514697575,-9.0,6.0,7.0,0.25,2.0,False,False,True,disabled
2026-06-06_run02_circle_r40_off_r01,29600,29609,9,3.4862297099063158,-39.84778792366982,-263.27731514697575,,,,-9.0,6.0,7.0,0.0,0.0,0.0,0.0,0.0,0.0,0.0,0.0,0.0,3.4862297099063158,-39.84778792366982,-263.27731514697575,-9.0,6.0,7.0,0.25,2.0,False,False,False,disabled
2026-06-06_run02_circle_r40_off_r01,29700,29703,3,3.4862297099063158,-39.84778792366982,-263.27731514697575,,,,-9.0,6.0,7.0,0.0,0.0,0.0,0.0,0.0,0.0,0.0,0.0,0.0,3.4862297099063158,-39.84778792366982,-263.27731514697575,-9.0,6.0,7.0,0.25,2.0,False,False,False,disabled
2026-06-06_run02_circle_r40_off_r01,29800,29812,12,3.4862297099063158,-39.84778792366982,-263.27731514697575,,,,-9.0,6.0,7.0,0.0,0.0,0.0,0.0,0.0,0.0,0.0,0.0,0.0,3.4862297099063158,-39.84778792366982,-263.27731514697575,-9.0,6.0,7.0,0.25,2.0,False,False,False,disabled
2026-06-06_run02_circle_r40_off_r01,29900,29906,6,3.4862297099063158,-39.84778792366982,-263.27731514697575,,,,-9.0,6.0,7.0,0.0,0.0,0.0,0.0,0.0,0.0,0.0,0.0,0.0,3.4862297099063158,-39.84778792366982,-263.27731514697575,-9.0,6.0,7.0,0.25,2.0,False,False,False,disabled
2026-06-06_run02_circle_r40_off_r01,29917,29921,4,6.945927106677199,-39.392310120488325,-263.27731514697575,,,,-8.0,5.0,8.0,0.0,0.0,0.0,0.0,0.0,0.0,0.0,0.0,0.0,6.945927106677199,-39.392310120488325,-263.27731514697575,-8.0,5.0,8.0,0.25,2.0,False,False,True,disabled
2026-06-06_run02_circle_r40_off_r01,30017,30031,14,6.945927106677199,-39.392310120488325,-263.27731514697575,,,,-8.0,5.0,8.0,0.0,0.0,0.0,0.0,0.0,0.0,0.0,0.0,0.0,6.945927106677199,-39.392310120488325,-263.27731514697575,-8.0,5.0,8.0,0.25,2.0,False,False,False,disabled
2026-06-06_run02_circle_r40_off_r01,30117,30125,8,6.945927106677199,-39.392310120488325,-263.27731514697575,,,,-8.0,5.0,8.0,0.0,0.0,0.0,0.0,0.0,0.0,0.0,0.0,0.0,6.945927106677199,-39.392310120488325,-263.27731514697575,-8.0,5.0,8.0,0.25,2.0,False,False,False,disabled
2026-06-06_run02_circle_r40_off_r01,30217,30218,1,6.945927106677199,-39.392310120488325,-263.27731514697575,,,,-8.0,5.0,8.0,0.0,0.0,0.0,0.0,0.0,0.0,0.0,0.0,0.0,6.945927106677199,-39.392310120488325,-263.27731514697575,-8.0,5.0,8.0,0.25,2.0,False,False,False,disabled
2026-06-06_run02_circle_r40_off_r01,30317,30328,11,6.945927106677199,-39.392310120488325,-263.27731514697575,,,,-8.0,5.0,8.0,0.0,0.0,0.0,0.0,0.0,0.0,0.0,0.0,0.0,6.945927106677199,-39.392310120488325,-263.27731514697575,-8.0,5.0,8.0,0.25,2.0,False,False,False,disabled
2026-06-06_run02_circle_r40_off_r01,30333,30343,10,10.352761804100812,-38.63703305156274,-263.27731514697575,,,,-8.0,4.0,8.0,0.0,0.0,0.0,0.0,0.0,0.0,0.0,0.0,0.0,10.352761804100812,-38.63703305156274,-263.27731514697575,-8.0,4.0,8.0,0.25,2.0,False,False,True,disabled
2026-06-06_run02_circle_r40_off_r01,30433,30453,20,10.352761804100812,-38.63703305156274,-263.27731514697575,,,,-8.0,4.0,8.0,0.0,0.0,0.0,0.0,0.0,0.0,0.0,0.0,0.0,10.352761804100812,-38.63703305156274,-263.27731514697575,-8.0,4.0,8.0,0.25,2.0,False,False,False,disabled
2026-06-06_run02_circle_r40_off_r01,30533,30546,13,10.352761804100812,-38.63703305156274,-263.27731514697575,,,,-8.0,4.0,8.0,0.0,0.0,0.0,0.0,0.0,0.0,0.0,0.0,0.0,10.352761804100812,-38.63703305156274,-263.27731514697575,-8.0,4.0,8.0,0.25,2.0,False,False,False,disabled
2026-06-06_run02_circle_r40_off_r01,30633,30640,7,10.352761804100812,-38.63703305156274,-263.27731514697575,,,,-8.0,4.0,8.0,0.0,0.0,0.0,0.0,0.0,0.0,0.0,0.0,0.0,10.352761804100812,-38.63703305156274,-263.27731514697575,-8.0,4.0,8.0,0.25,2.0,False,False,False,disabled
2026-06-06_run02_circle_r40_off_r01,30733,30734,1,10.352761804100812,-38.63703305156274,-263.27731514697575,,,,-8.0,4.0,8.0,0.0,0.0,0.0,0.0,0.0,0.0,0.0,0.0,0.0,10.352761804100812,-38.63703305156274,-263.27731514697575,-8.0,4.0,8.0,0.25,2.0,False,False,False,disabled
2026-06-06_run02_circle_r40_off_r01,30750,30750,0,13.680805733026759,-37.587704831436334,-263.27731514697575,,,,-8.0,3.0,9.0,0.0,0.0,0.0,0.0,0.0,0.0,0.0,0.0,0.0,13.680805733026759,-37.587704831436334,-263.27731514697575,-8.0,3.0,9.0,0.25,2.0,False,False,True,disabled
2026-06-06_run02_circle_r40_off_r01,30850,30859,9,13.680805733026759,-37.587704831436334,-263.27731514697575,,,,-8.0,3.0,9.0,0.0,0.0,0.0,0.0,0.0,0.0,0.0,0.0,0.0,13.680805733026759,-37.587704831436334,-263.27731514697575,-8.0,3.0,9.0,0.25,2.0,False,False,False,disabled
2026-06-06_run02_circle_r40_off_r01,30950,30953,3,13.680805733026759,-37.587704831436334,-263.27731514697575,,,,-8.0,3.0,9.0,0.0,0.0,0.0,0.0,0.0,0.0,0.0,0.0,0.0,13.680805733026759,-37.587704831436334,-263.27731514697575,-8.0,3.0,9.0,0.25,2.0,False,False,False,disabled
2026-06-06_run02_circle_r40_off_r01,31050,31062,12,13.680805733026759,-37.587704831436334,-263.27731514697575,,,,-8.0,3.0,9.0,0.0,0.0,0.0,0.0,0.0,0.0,0.0,0.0,0.0,13.680805733026759,-37.587704831436334,-263.27731514697575,-8.0,3.0,9.0,0.25,2.0,False,False,False,disabled
2026-06-06_run02_circle_r40_off_r01,31150,31156,6,13.680805733026759,-37.587704831436334,-263.27731514697575,,,,-8.0,3.0,9.0,0.0,0.0,0.0,0.0,0.0,0.0,0.0,0.0,0.0,13.680805733026759,-37.587704831436334,-263.27731514697575,-8.0,3.0,9.0,0.25,2.0,False,False,False,disabled
2026-06-06_run02_circle_r40_off_r01,31167,31171,4,16.904730469627953,-36.25231148146601,-263.27731514697575,,,,-8.0,2.0,9.0,0.0,0.0,0.0,0.0,0.0,0.0,0.0,0.0,0.0,16.904730469627953,-36.25231148146601,-263.27731514697575,-8.0,2.0,9.0,0.25,2.0,False,False,True,disabled
2026-06-06_run02_circle_r40_off_r01,31267,31296,29,16.904730469627953,-36.25231148146601,-263.27731514697575,,,,-8.0,2.0,9.0,0.0,0.0,0.0,0.0,0.0,0.0,0.0,0.0,0.0,16.904730469627953,-36.25231148146601,-263.27731514697575,-8.0,2.0,9.0,0.25,2.0,False,False,False,disabled
2026-06-06_run02_circle_r40_off_r01,31367,31375,8,16.904730469627953,-36.25231148146601,-263.27731514697575,,,,-8.0,2.0,9.0,0.0,0.0,0.0,0.0,0.0,0.0,0.0,0.0,0.0,16.904730469627953,-36.25231148146601,-263.27731514697575,-8.0,2.0,9.0,0.25,2.0,False,False,False,disabled
2026-06-06_run02_circle_r40_off_r01,31467,31468,1,16.904730469627953,-36.25231148146601,-263.27731514697575,,,,-8.0,2.0,9.0,0.0,0.0,0.0,0.0,0.0,0.0,0.0,0.0,0.0,16.904730469627953,-36.25231148146601,-263.27731514697575,-8.0,2.0,9.0,0.25,2.0,False,False,False,disabled
2026-06-06_run02_circle_r40_off_r01,31567,31578,11,16.904730469627953,-36.25231148146601,-263.27731514697575,,,,-8.0,2.0,9.0,0.0,0.0,0.0,0.0,0.0,0.0,0.0,0.0,0.0,16.904730469627953,-36.25231148146601,-263.27731514697575,-8.0,2.0,9.0,0.25,2.0,False,False,False,disabled
2026-06-06_run02_circle_r40_off_r01,31583,31593,10,19.99999999999997,-34.64101615137756,-263.27731514697575,,,,-7.0,1.0,10.0,0.0,0.0,0.0,0.0,0.0,0.0,0.0,0.0,0.0,19.99999999999997,-34.64101615137756,-263.27731514697575,-7.0,1.0,10.0,0.25,2.0,False,False,True,disabled
2026-06-06_run02_circle_r40_off_r01,31683,31687,4,19.99999999999997,-34.64101615137756,-263.27731514697575,,,,-7.0,1.0,10.0,0.0,0.0,0.0,0.0,0.0,0.0,0.0,0.0,0.0,19.99999999999997,-34.64101615137756,-263.27731514697575,-7.0,1.0,10.0,0.25,2.0,False,False,False,disabled
2026-06-06_run02_circle_r40_off_r01,31783,31796,13,19.99999999999997,-34.64101615137756,-263.27731514697575,,,,-7.0,1.0,10.0,0.0,0.0,0.0,0.0,0.0,0.0,0.0,0.0,0.0,19.99999999999997,-34.64101615137756,-263.27731514697575,-7.0,1.0,10.0,0.25,2.0,False,False,False,disabled
2026-06-06_run02_circle_r40_off_r01,31883,31890,7,19.99999999999997,-34.64101615137756,-263.27731514697575,,,,-7.0,1.0,10.0,0.0,0.0,0.0,0.0,0.0,0.0,0.0,0.0,0.0,19.99999999999997,-34.64101615137756,-263.27731514697575,-7.0,1.0,10.0,0.25,2.0,False,False,False,disabled
2026-06-06_run02_circle_r40_off_r01,31983,31984,1,19.99999999999997,-34.64101615137756,-263.27731514697575,,,,-7.0,1.0,10.0,0.0,0.0,0.0,0.0,0.0,0.0,0.0,0.0,0.0,19.99999999999997,-34.64101615137756,-263.27731514697575,-7.0,1.0,10.0,0.25,2.0,False,False,False,disabled
2026-06-06_run02_circle_r40_off_r01,32000,32000,0,22.943057454041842,-32.76608177155967,-263.27731514697575,,,,-7.0,1.0,10.0,0.0,0.0,0.0,0.0,0.0,0.0,0.0,0.0,0.0,22.943057454041842,-32.76608177155967,-263.27731514697575,-7.0,1.0,10.0,0.25,2.0,False,False,True,disabled
2026-06-06_run02_circle_r40_off_r01,32100,32109,9,22.943057454041842,-32.76608177155967,-263.27731514697575,,,,-7.0,1.0,10.0,0.0,0.0,0.0,0.0,0.0,0.0,0.0,0.0,0.0,22.943057454041842,-32.76608177155967,-263.27731514697575,-7.0,1.0,10.0,0.25,2.0,False,False,False,disabled
2026-06-06_run02_circle_r40_off_r01,32200,32203,3,22.943057454041842,-32.76608177155967,-263.27731514697575,,,,-7.0,1.0,10.0,0.0,0.0,0.0,0.0,0.0,0.0,0.0,0.0,0.0,22.943057454041842,-32.76608177155967,-263.27731514697575,-7.0,1.0,10.0,0.25,2.0,False,False,False,disabled
2026-06-06_run02_circle_r40_off_r01,32300,32312,12,22.943057454041842,-32.76608177155967,-263.27731514697575,,,,-7.0,1.0,10.0,0.0,0.0,0.0,0.0,0.0,0.0,0.0,0.0,0.0,22.943057454041842,-32.76608177155967,-263.27731514697575,-7.0,1.0,10.0,0.25,2.0,False,False,False,disabled
2026-06-06_run02_circle_r40_off_r01,32400,32406,6,22.943057454041842,-32.76608177155967,-263.27731514697575,,,,-7.0,1.0,10.0,0.0,0.0,0.0,0.0,0.0,0.0,0.0,0.0,0.0,22.943057454041842,-32.76608177155967,-263.27731514697575,-7.0,1.0,10.0,0.25,2.0,False,False,False,disabled
2026-06-06_run02_circle_r40_off_r01,32417,32421,4,25.71150438746157,-30.641777724759123,-263.27731514697575,,,,-6.0,0.0,11.0,0.0,0.0,0.0,0.0,0.0,0.0,0.0,0.0,0.0,25.71150438746157,-30.641777724759123,-263.27731514697575,-6.0,0.0,11.0,0.25,2.0,False,False,True,disabled
2026-06-06_run02_circle_r40_off_r01,32517,32531,14,25.71150438746157,-30.641777724759123,-263.27731514697575,,,,-6.0,0.0,11.0,0.0,0.0,0.0,0.0,0.0,0.0,0.0,0.0,0.0,25.71150438746157,-30.641777724759123,-263.27731514697575,-6.0,0.0,11.0,0.25,2.0,False,False,False,disabled
2026-06-06_run02_circle_r40_off_r01,32617,32625,8,25.71150438746157,-30.641777724759123,-263.27731514697575,,,,-6.0,0.0,11.0,0.0,0.0,0.0,0.0,0.0,0.0,0.0,0.0,0.0,25.71150438746157,-30.641777724759123,-263.27731514697575,-6.0,0.0,11.0,0.25,2.0,False,False,False,disabled
2026-06-06_run02_circle_r40_off_r01,32717,32718,1,25.71150438746157,-30.641777724759123,-263.27731514697575,,,,-6.0,0.0,11.0,0.0,0.0,0.0,0.0,0.0,0.0,0.0,0.0,0.0,25.71150438746157,-30.641777724759123,-263.27731514697575,-6.0,0.0,11.0,0.25,2.0,False,False,False,disabled
2026-06-06_run02_circle_r40_off_r01,32817,32828,11,25.71150438746157,-30.641777724759123,-263.27731514697575,,,,-6.0,0.0,11.0,0.0,0.0,0.0,0.0,0.0,0.0,0.0,0.0,0.0,25.71150438746157,-30.641777724759123,-263.27731514697575,-6.0,0.0,11.0,0.25,2.0,False,False,False,disabled
2026-06-06_run02_circle_r40_off_r01,32833,32843,10,28.284271247461895,-28.28427124746191,-263.27731514697575,,,,-6.0,-1.0,11.0,0.0,0.0,0.0,0.0,0.0,0.0,0.0,0.0,0.0,28.284271247461895,-28.28427124746191,-263.27731514697575,-6.0,-1.0,11.0,0.25,2.0,False,False,True,disabled
2026-06-06_run02_circle_r40_off_r01,32933,32953,20,28.284271247461895,-28.28427124746191,-263.27731514697575,,,,-6.0,-1.0,11.0,0.0,0.0,0.0,0.0,0.0,0.0,0.0,0.0,0.0,28.284271247461895,-28.28427124746191,-263.27731514697575,-6.0,-1.0,11.0,0.25,2.0,False,False,False,disabled
2026-06-06_run02_circle_r40_off_r01,33033,33046,13,28.284271247461895,-28.28427124746191,-263.27731514697575,,,,-6.0,-1.0,11.0,0.0,0.0,0.0,0.0,0.0,0.0,0.0,0.0,0.0,28.284271247461895,-28.28427124746191,-263.27731514697575,-6.0,-1.0,11.0,0.25,2.0,False,False,False,disabled
2026-06-06_run02_circle_r40_off_r01,33133,33140,7,28.284271247461895,-28.28427124746191,-263.27731514697575,,,,-6.0,-1.0,11.0,0.0,0.0,0.0,0.0,0.0,0.0,0.0,0.0,0.0,28.284271247461895,-28.28427124746191,-263.27731514697575,-6.0,-1.0,11.0,0.25,2.0,False,False,False,disabled
2026-06-06_run02_circle_r40_off_r01,33233,33234,1,28.284271247461895,-28.28427124746191,-263.27731514697575,,,,-6.0,-1.0,11.0,0.0,0.0,0.0,0.0,0.0,0.0,0.0,0.0,0.0,28.284271247461895,-28.28427124746191,-263.27731514697575,-6.0,-1.0,11.0,0.25,2.0,False,False,False,disabled
2026-06-06_run02_circle_r40_off_r01,33250,33250,0,30.641777724759113,-25.711504387461584,-263.27731514697575,,,,-5.0,-2.0,11.0,0.0,0.0,0.0,0.0,0.0,0.0,0.0,0.0,0.0,30.641777724759113,-25.711504387461584,-263.27731514697575,-5.0,-2.0,11.0,0.25,2.0,False,False,True,disabled
2026-06-06_run02_circle_r40_off_r01,33350,33359,9,30.641777724759113,-25.711504387461584,-263.27731514697575,,,,-5.0,-2.0,11.0,0.0,0.0,0.0,0.0,0.0,0.0,0.0,0.0,0.0,30.641777724759113,-25.711504387461584,-263.27731514697575,-5.0,-2.0,11.0,0.25,2.0,False,False,False,disabled
2026-06-06_run02_circle_r40_off_r01,33450,33453,3,30.641777724759113,-25.711504387461584,-263.27731514697575,,,,-5.0,-2.0,11.0,0.0,0.0,0.0,0.0,0.0,0.0,0.0,0.0,0.0,30.641777724759113,-25.711504387461584,-263.27731514697575,-5.0,-2.0,11.0,0.25,2.0,False,False,False,disabled
2026-06-06_run02_circle_r40_off_r01,33550,33562,12,30.641777724759113,-25.711504387461584,-263.27731514697575,,,,-5.0,-2.0,11.0,0.0,0.0,0.0,0.0,0.0,0.0,0.0,0.0,0.0,30.641777724759113,-25.711504387461584,-263.27731514697575,-5.0,-2.0,11.0,0.25,2.0,False,False,False,disabled
2026-06-06_run02_circle_r40_off_r01,33650,33656,6,30.641777724759113,-25.711504387461584,-263.27731514697575,,,,-5.0,-2.0,11.0,0.0,0.0,0.0,0.0,0.0,0.0,0.0,0.0,0.0,30.641777724759113,-25.711504387461584,-263.27731514697575,-5.0,-2.0,11.0,0.25,2.0,False,False,False,disabled
2026-06-06_run02_circle_r40_off_r01,33667,33671,4,32.76608177155966,-22.94305745404186,-263.27731514697575,,,,-4.0,-3.0,11.0,0.0,0.0,0.0,0.0,0.0,0.0,0.0,0.0,0.0,32.76608177155966,-22.94305745404186,-263.27731514697575,-4.0,-3.0,11.0,0.25,2.0,False,False,True,disabled
2026-06-06_run02_circle_r40_off_r01,33767,33781,14,32.76608177155966,-22.94305745404186,-263.27731514697575,,,,-4.0,-3.0,11.0,0.0,0.0,0.0,0.0,0.0,0.0,0.0,0.0,0.0,32.76608177155966,-22.94305745404186,-263.27731514697575,-4.0,-3.0,11.0,0.25,2.0,False,False,False,disabled
2026-06-06_run02_circle_r40_off_r01,33867,33875,8,32.76608177155966,-22.94305745404186,-263.27731514697575,,,,-4.0,-3.0,11.0,0.0,0.0,0.0,0.0,0.0,0.0,0.0,0.0,0.0,32.76608177155966,-22.94305745404186,-263.27731514697575,-4.0,-3.0,11.0,0.25,2.0,False,False,False,disabled
2026-06-06_run02_circle_r40_off_r01,33967,33968,1,32.76608177155966,-22.94305745404186,-263.27731514697575,,,,-4.0,-3.0,11.0,0.0,0.0,0.0,0.0,0.0,0.0,0.0,0.0,0.0,32.76608177155966,-22.94305745404186,-263.27731514697575,-4.0,-3.0,11.0,0.25,2.0,False,False,False,disabled
2026-06-06_run02_circle_r40_off_r01,34067,34078,11,32.76608177155966,-22.94305745404186,-263.27731514697575,,,,-4.0,-3.0,11.0,0.0,0.0,0.0,0.0,0.0,0.0,0.0,0.0,0.0,32.76608177155966,-22.94305745404186,-263.27731514697575,-4.0,-3.0,11.0,0.25,2.0,False,False,False,disabled
2026-06-06_run02_circle_r40_off_r01,34083,34093,10,34.641016151377556,-19.999999999999986,-263.27731514697575,,,,-4.0,-4.0,11.0,0.0,0.0,0.0,0.0,0.0,0.0,0.0,0.0,0.0,34.641016151377556,-19.999999999999986,-263.27731514697575,-4.0,-4.0,11.0,0.25,2.0,False,False,True,disabled
2026-06-06_run02_circle_r40_off_r01,34183,34187,4,34.641016151377556,-19.999999999999986,-263.27731514697575,,,,-4.0,-4.0,11.0,0.0,0.0,0.0,0.0,0.0,0.0,0.0,0.0,0.0,34.641016151377556,-19.999999999999986,-263.27731514697575,-4.0,-4.0,11.0,0.25,2.0,False,False,False,disabled
2026-06-06_run02_circle_r40_off_r01,34283,34296,13,34.641016151377556,-19.999999999999986,-263.27731514697575,,,,-4.0,-4.0,11.0,0.0,0.0,0.0,0.0,0.0,0.0,0.0,0.0,0.0,34.641016151377556,-19.999999999999986,-263.27731514697575,-4.0,-4.0,11.0,0.25,2.0,False,False,False,disabled
2026-06-06_run02_circle_r40_off_r01,34383,34390,7,34.641016151377556,-19.999999999999986,-263.27731514697575,,,,-4.0,-4.0,11.0,0.0,0.0,0.0,0.0,0.0,0.0,0.0,0.0,0.0,34.641016151377556,-19.999999999999986,-263.27731514697575,-4.0,-4.0,11.0,0.25,2.0,False,False,False,disabled
2026-06-06_run02_circle_r40_off_r01,34483,34484,1,34.641016151377556,-19.999999999999986,-263.27731514697575,,,,-4.0,-4.0,11.0,0.0,0.0,0.0,0.0,0.0,0.0,0.0,0.0,0.0,34.641016151377556,-19.999999999999986,-263.27731514697575,-4.0,-4.0,11.0,0.25,2.0,False,False,False,disabled
2026-06-06_run02_circle_r40_off_r01,34500,34500,0,36.25231148146599,-16.904730469628,-263.27731514697575,,,,-3.0,-4.0,11.0,0.0,0.0,0.0,0.0,0.0,0.0,0.0,0.0,0.0,36.25231148146599,-16.904730469628,-263.27731514697575,-3.0,-4.0,11.0,0.25,2.0,False,False,True,disabled
2026-06-06_run02_circle_r40_off_r01,34600,34609,9,36.25231148146599,-16.904730469628,-263.27731514697575,,,,-3.0,-4.0,11.0,0.0,0.0,0.0,0.0,0.0,0.0,0.0,0.0,0.0,36.25231148146599,-16.904730469628,-263.27731514697575,-3.0,-4.0,11.0,0.25,2.0,False,False,False,disabled
2026-06-06_run02_circle_r40_off_r01,34700,34703,3,36.25231148146599,-16.904730469628,-263.27731514697575,,,,-3.0,-4.0,11.0,0.0,0.0,0.0,0.0,0.0,0.0,0.0,0.0,0.0,36.25231148146599,-16.904730469628,-263.27731514697575,-3.0,-4.0,11.0,0.25,2.0,False,False,False,disabled
2026-06-06_run02_circle_r40_off_r01,34800,34812,12,36.25231148146599,-16.904730469628,-263.27731514697575,,,,-3.0,-4.0,11.0,0.0,0.0,0.0,0.0,0.0,0.0,0.0,0.0,0.0,36.25231148146599,-16.904730469628,-263.27731514697575,-3.0,-4.0,11.0,0.25,2.0,False,False,False,disabled
2026-06-06_run02_circle_r40_off_r01,34900,34906,6,36.25231148146599,-16.904730469628,-263.27731514697575,,,,-3.0,-4.0,11.0,0.0,0.0,0.0,0.0,0.0,0.0,0.0,0.0,0.0,36.25231148146599,-16.904730469628,-263.27731514697575,-3.0,-4.0,11.0,0.25,2.0,False,False,False,disabled
2026-06-06_run02_circle_r40_off_r01,34917,34921,4,37.58770483143634,-13.680805733026745,-263.27731514697575,,,,-2.0,-5.0,11.0,0.0,0.0,0.0,0.0,0.0,0.0,0.0,0.0,0.0,37.58770483143634,-13.680805733026745,-263.27731514697575,-2.0,-5.0,11.0,0.25,2.0,False,False,True,disabled
2026-06-06_run02_circle_r40_off_r01,35017,35031,14,37.58770483143634,-13.680805733026745,-263.27731514697575,,,,-2.0,-5.0,11.0,0.0,0.0,0.0,0.0,0.0,0.0,0.0,0.0,0.0,37.58770483143634,-13.680805733026745,-263.27731514697575,-2.0,-5.0,11.0,0.25,2.0,False,False,False,disabled
2026-06-06_run02_circle_r40_off_r01,35117,35125,8,37.58770483143634,-13.680805733026745,-263.27731514697575,,,,-2.0,-5.0,11.0,0.0,0.0,0.0,0.0,0.0,0.0,0.0,0.0,0.0,37.58770483143634,-13.680805733026745,-263.27731514697575,-2.0,-5.0,11.0,0.25,2.0,False,False,False,disabled
2026-06-06_run02_circle_r40_off_r01,35217,35218,1,37.58770483143634,-13.680805733026745,-263.27731514697575,,,,-2.0,-5.0,11.0,0.0,0.0,0.0,0.0,0.0,0.0,0.0,0.0,0.0,37.58770483143634,-13.680805733026745,-263.27731514697575,-2.0,-5.0,11.0,0.25,2.0,False,False,False,disabled
2026-06-06_run02_circle_r40_off_r01,35317,35328,11,37.58770483143634,-13.680805733026745,-263.27731514697575,,,,-2.0,-5.0,11.0,0.0,0.0,0.0,0.0,0.0,0.0,0.0,0.0,0.0,37.58770483143634,-13.680805733026745,-263.27731514697575,-2.0,-5.0,11.0,0.25,2.0,False,False,False,disabled
2026-06-06_run02_circle_r40_off_r01,35333,35343,10,38.63703305156273,-10.352761804100828,-263.27731514697575,,,,-1.0,-6.0,11.0,0.0,0.0,0.0,0.0,0.0,0.0,0.0,0.0,0.0,38.63703305156273,-10.352761804100828,-263.27731514697575,-1.0,-6.0,11.0,0.25,2.0,False,False,True,disabled
2026-06-06_run02_circle_r40_off_r01,35433,35437,4,38.63703305156273,-10.352761804100828,-263.27731514697575,,,,-1.0,-6.0,11.0,0.0,0.0,0.0,0.0,0.0,0.0,0.0,0.0,0.0,38.63703305156273,-10.352761804100828,-263.27731514697575,-1.0,-6.0,11.0,0.25,2.0,False,False,False,disabled
2026-06-06_run02_circle_r40_off_r01,35533,35546,13,38.63703305156273,-10.352761804100828,-263.27731514697575,,,,-1.0,-6.0,11.0,0.0,0.0,0.0,0.0,0.0,0.0,0.0,0.0,0.0,38.63703305156273,-10.352761804100828,-263.27731514697575,-1.0,-6.0,11.0,0.25,2.0,False,False,False,disabled
2026-06-06_run02_circle_r40_off_r01,35633,35640,7,38.63703305156273,-10.352761804100828,-263.27731514697575,,,,-1.0,-6.0,11.0,0.0,0.0,0.0,0.0,0.0,0.0,0.0,0.0,0.0,38.63703305156273,-10.352761804100828,-263.27731514697575,-1.0,-6.0,11.0,0.25,2.0,False,False,False,disabled
2026-06-06_run02_circle_r40_off_r01,35733,35734,1,38.63703305156273,-10.352761804100828,-263.27731514697575,,,,-1.0,-6.0,11.0,0.0,0.0,0.0,0.0,0.0,0.0,0.0,0.0,0.0,38.63703305156273,-10.352761804100828,-263.27731514697575,-1.0,-6.0,11.0,0.25,2.0,False,False,False,disabled
2026-06-06_run02_circle_r40_off_r01,35750,35750,0,39.39231012048832,-6.945927106677216,-263.27731514697575,,,,0.0,-6.0,11.0,0.0,0.0,0.0,0.0,0.0,0.0,0.0,0.0,0.0,39.39231012048832,-6.945927106677216,-263.27731514697575,0.0,-6.0,11.0,0.25,2.0,False,False,True,disabled
2026-06-06_run02_circle_r40_off_r01,35850,35859,9,39.39231012048832,-6.945927106677216,-263.27731514697575,,,,0.0,-6.0,11.0,0.0,0.0,0.0,0.0,0.0,0.0,0.0,0.0,0.0,39.39231012048832,-6.945927106677216,-263.27731514697575,0.0,-6.0,11.0,0.25,2.0,False,False,False,disabled
2026-06-06_run02_circle_r40_off_r01,35950,35953,3,39.39231012048832,-6.945927106677216,-263.27731514697575,,,,0.0,-6.0,11.0,0.0,0.0,0.0,0.0,0.0,0.0,0.0,0.0,0.0,39.39231012048832,-6.945927106677216,-263.27731514697575,0.0,-6.0,11.0,0.25,2.0,False,False,False,disabled
2026-06-06_run02_circle_r40_off_r01,36050,36062,12,39.39231012048832,-6.945927106677216,-263.27731514697575,,,,0.0,-6.0,11.0,0.0,0.0,0.0,0.0,0.0,0.0,0.0,0.0,0.0,39.39231012048832,-6.945927106677216,-263.27731514697575,0.0,-6.0,11.0,0.25,2.0,False,False,False,disabled
2026-06-06_run02_circle_r40_off_r01,36150,36171,21,39.39231012048832,-6.945927106677216,-263.27731514697575,,,,0.0,-6.0,11.0,0.0,0.0,0.0,0.0,0.0,0.0,0.0,0.0,0.0,39.39231012048832,-6.945927106677216,-263.27731514697575,0.0,-6.0,11.0,0.25,2.0,False,False,False,disabled
2026-06-06_run02_circle_r40_off_r01,36167,36171,4,39.84778792366982,-3.4862297099063326,-263.27731514697575,,,,1.0,-7.0,10.0,0.0,0.0,0.0,0.0,0.0,0.0,0.0,0.0,0.0,39.84778792366982,-3.4862297099063326,-263.27731514697575,1.0,-7.0,10.0,0.25,2.0,False,False,True,disabled
2026-06-06_run02_circle_r40_off_r01,36267,36281,14,39.84778792366982,-3.4862297099063326,-263.27731514697575,,,,1.0,-7.0,10.0,0.0,0.0,0.0,0.0,0.0,0.0,0.0,0.0,0.0,39.84778792366982,-3.4862297099063326,-263.27731514697575,1.0,-7.0,10.0,0.25,2.0,False,False,False,disabled
2026-06-06_run02_circle_r40_off_r01,36367,36375,8,39.84778792366982,-3.4862297099063326,-263.27731514697575,,,,1.0,-7.0,10.0,0.0,0.0,0.0,0.0,0.0,0.0,0.0,0.0,0.0,39.84778792366982,-3.4862297099063326,-263.27731514697575,1.0,-7.0,10.0,0.25,2.0,False,False,False,disabled
2026-06-06_run02_circle_r40_off_r01,36467,36468,1,39.84778792366982,-3.4862297099063326,-263.27731514697575,,,,1.0,-7.0,10.0,0.0,0.0,0.0,0.0,0.0,0.0,0.0,0.0,0.0,39.84778792366982,-3.4862297099063326,-263.27731514697575,1.0,-7.0,10.0,0.25,2.0,False,False,False,disabled
2026-06-06_run02_circle_r40_off_r01,36567,36578,11,39.84778792366982,-3.4862297099063326,-263.27731514697575,,,,1.0,-7.0,10.0,0.0,0.0,0.0,0.0,0.0,0.0,0.0,0.0,0.0,39.84778792366982,-3.4862297099063326,-263.27731514697575,1.0,-7.0,10.0,0.25,2.0,False,False,False,disabled
2026-06-06_run02_circle_r40_off_r01,36583,36593,10,40.0,0.0,-263.27731514697575,,,,1.0,-7.0,10.0,0.0,0.0,0.0,0.0,0.0,0.0,0.0,0.0,0.0,40.0,0.0,-263.27731514697575,1.0,-7.0,10.0,0.25,2.0,False,False,True,disabled
2026-06-06_run02_circle_r40_off_r01,36683,36687,4,40.0,0.0,-263.27731514697575,,,,1.0,-7.0,10.0,0.0,0.0,0.0,0.0,0.0,0.0,0.0,0.0,0.0,40.0,0.0,-263.27731514697575,1.0,-7.0,10.0,0.25,2.0,False,False,False,disabled
2026-06-06_run02_circle_r40_off_r01,36783,36796,13,40.0,0.0,-263.27731514697575,,,,1.0,-7.0,10.0,0.0,0.0,0.0,0.0,0.0,0.0,0.0,0.0,0.0,40.0,0.0,-263.27731514697575,1.0,-7.0,10.0,0.25,2.0,False,False,False,disabled
2026-06-06_run02_circle_r40_off_r01,36883,36890,7,40.0,0.0,-263.27731514697575,,,,1.0,-7.0,10.0,0.0,0.0,0.0,0.0,0.0,0.0,0.0,0.0,0.0,40.0,0.0,-263.27731514697575,1.0,-7.0,10.0,0.25,2.0,False,False,False,disabled
2026-06-06_run02_circle_r40_off_r01,36983,36984,1,40.0,0.0,-263.27731514697575,,,,1.0,-7.0,10.0,0.0,0.0,0.0,0.0,0.0,0.0,0.0,0.0,0.0,40.0,0.0,-263.27731514697575,1.0,-7.0,10.0,0.25,2.0,False,False,False,disabled
2026-06-06_run02_circle_r40_off_r01,37000,37000,0,40.0,0.0,-263.27731514697575,,,,1.0,-7.0,10.0,0.0,0.0,0.0,0.0,0.0,0.0,0.0,0.0,0.0,40.0,0.0,-263.27731514697575,1.0,-7.0,10.0,0.25,2.0,False,False,True,disabled
2026-06-06_run02_circle_r40_off_r01,37100,37109,9,40.0,0.0,-263.27731514697575,,,,1.0,-7.0,10.0,0.0,0.0,0.0,0.0,0.0,0.0,0.0,0.0,0.0,40.0,0.0,-263.27731514697575,1.0,-7.0,10.0,0.25,2.0,False,False,False,disabled
2026-06-06_run02_circle_r40_off_r01,37200,37203,3,40.0,0.0,-263.27731514697575,,,,1.0,-7.0,10.0,0.0,0.0,0.0,0.0,0.0,0.0,0.0,0.0,0.0,40.0,0.0,-263.27731514697575,1.0,-7.0,10.0,0.25,2.0,False,False,False,disabled
2026-06-06_run02_circle_r40_off_r01,37300,37312,12,40.0,0.0,-263.27731514697575,,,,1.0,-7.0,10.0,0.0,0.0,0.0,0.0,0.0,0.0,0.0,0.0,0.0,40.0,0.0,-263.27731514697575,1.0,-7.0,10.0,0.25,2.0,False,False,False,disabled
2026-06-06_run02_circle_r40_off_r01,37400,37406,6,40.0,0.0,-263.27731514697575,,,,1.0,-7.0,10.0,0.0,0.0,0.0,0.0,0.0,0.0,0.0,0.0,0.0,40.0,0.0,-263.27731514697575,1.0,-7.0,10.0,0.25,2.0,False,False,False,disabled
2026-06-06_run02_circle_r40_off_r01,37500,37500,0,40.0,0.0,-263.27731514697575,,,,1.0,-7.0,10.0,0.0,0.0,0.0,0.0,0.0,0.0,0.0,0.0,0.0,40.0,0.0,-263.27731514697575,1.0,-7.0,10.0,0.25,2.0,False,False,True,disabled
2026-06-06_run02_circle_r40_off_r01,37600,37609,9,40.0,0.0,-263.27731514697575,,,,1.0,-7.0,10.0,0.0,0.0,0.0,0.0,0.0,0.0,0.0,0.0,0.0,40.0,0.0,-263.27731514697575,1.0,-7.0,10.0,0.25,2.0,False,False,False,disabled
2026-06-06_run02_circle_r40_off_r01,37700,37703,3,40.0,0.0,-263.27731514697575,,,,1.0,-7.0,10.0,0.0,0.0,0.0,0.0,0.0,0.0,0.0,0.0,0.0,40.0,0.0,-263.27731514697575,1.0,-7.0,10.0,0.25,2.0,False,False,False,disabled
2026-06-06_run02_circle_r40_off_r01,37800,37828,28,40.0,0.0,-263.27731514697575,,,,1.0,-7.0,10.0,0.0,0.0,0.0,0.0,0.0,0.0,0.0,0.0,0.0,40.0,0.0,-263.27731514697575,1.0,-7.0,10.0,0.25,2.0,False,False,False,disabled
2026-06-06_run02_circle_r40_off_r01,37900,37906,6,40.0,0.0,-263.27731514697575,,,,1.0,-7.0,10.0,0.0,0.0,0.0,0.0,0.0,0.0,0.0,0.0,0.0,40.0,0.0,-263.27731514697575,1.0,-7.0,10.0,0.25,2.0,False,False,False,disabled
2026-06-06_run02_circle_r40_off_r01,38000,38000,0,40.0,0.0,-263.27731514697575,,,,1.0,-7.0,10.0,0.0,0.0,0.0,0.0,0.0,0.0,0.0,0.0,0.0,40.0,0.0,-263.27731514697575,1.0,-7.0,10.0,0.25,2.0,False,False,True,disabled
2026-06-06_run02_circle_r40_off_r01,38100,38109,9,40.0,0.0,-263.27731514697575,,,,1.0,-7.0,10.0,0.0,0.0,0.0,0.0,0.0,0.0,0.0,0.0,0.0,40.0,0.0,-263.27731514697575,1.0,-7.0,10.0,0.25,2.0,False,False,False,disabled
2026-06-06_run02_circle_r40_off_r01,38200,38203,3,40.0,0.0,-263.27731514697575,,,,1.0,-7.0,10.0,0.0,0.0,0.0,0.0,0.0,0.0,0.0,0.0,0.0,40.0,0.0,-263.27731514697575,1.0,-7.0,10.0,0.25,2.0,False,False,False,disabled
2026-06-06_run02_circle_r40_off_r01,38300,38312,12,40.0,0.0,-263.27731514697575,,,,1.0,-7.0,10.0,0.0,0.0,0.0,0.0,0.0,0.0,0.0,0.0,0.0,40.0,0.0,-263.27731514697575,1.0,-7.0,10.0,0.25,2.0,False,False,False,disabled
2026-06-06_run02_circle_r40_off_r01,38400,38406,6,40.0,0.0,-263.27731514697575,,,,1.0,-7.0,10.0,0.0,0.0,0.0,0.0,0.0,0.0,0.0,0.0,0.0,40.0,0.0,-263.27731514697575,1.0,-7.0,10.0,0.25,2.0,False,False,False,disabled
2026-06-06_run02_circle_r40_off_r01,38500,38500,0,40.0,0.0,-263.27731514697575,,,,1.0,-7.0,10.0,0.0,0.0,0.0,0.0,0.0,0.0,0.0,0.0,0.0,40.0,0.0,-263.27731514697575,1.0,-7.0,10.0,0.25,2.0,False,False,True,disabled
2026-06-06_run02_circle_r40_off_r01,38600,38609,9,40.0,0.0,-263.27731514697575,,,,1.0,-7.0,10.0,0.0,0.0,0.0,0.0,0.0,0.0,0.0,0.0,0.0,40.0,0.0,-263.27731514697575,1.0,-7.0,10.0,0.25,2.0,False,False,False,disabled
2026-06-06_run02_circle_r40_off_r01,38700,38703,3,40.0,0.0,-263.27731514697575,,,,1.0,-7.0,10.0,0.0,0.0,0.0,0.0,0.0,0.0,0.0,0.0,0.0,40.0,0.0,-263.27731514697575,1.0,-7.0,10.0,0.25,2.0,False,False,False,disabled
2026-06-06_run02_circle_r40_off_r01,38800,38812,12,40.0,0.0,-263.27731514697575,,,,1.0,-7.0,10.0,0.0,0.0,0.0,0.0,0.0,0.0,0.0,0.0,0.0,40.0,0.0,-263.27731514697575,1.0,-7.0,10.0,0.25,2.0,False,False,False,disabled
2026-06-06_run02_circle_r40_off_r01,38900,38906,6,40.0,0.0,-263.27731514697575,,,,1.0,-7.0,10.0,0.0,0.0,0.0,0.0,0.0,0.0,0.0,0.0,0.0,40.0,0.0,-263.27731514697575,1.0,-7.0,10.0,0.25,2.0,False,False,False,disabled
2026-06-06_run02_circle_r40_off_r01,39000,39000,0,0.0,0.0,-263.27731514697575,,,,0.0,0.0,0.0,0.0,0.0,0.0,0.0,0.0,0.0,0.0,0.0,0.0,0.0,0.0,-263.27731514697575,0.0,0.0,0.0,0.25,2.0,False,False,True,disabled
2026-06-06_run02_circle_r40_off_r01,39100,39109,9,0.0,0.0,-263.27731514697575,,,,0.0,0.0,0.0,0.0,0.0,0.0,0.0,0.0,0.0,0.0,0.0,0.0,0.0,0.0,-263.27731514697575,0.0,0.0,0.0,0.25,2.0,False,False,False,disabled
2026-06-06_run02_circle_r40_off_r01,39200,39203,3,0.0,0.0,-263.27731514697575,,,,0.0,0.0,0.0,0.0,0.0,0.0,0.0,0.0,0.0,0.0,0.0,0.0,0.0,0.0,-263.27731514697575,0.0,0.0,0.0,0.25,2.0,False,False,False,disabled
2026-06-06_run02_circle_r40_off_r01,39300,39312,12,0.0,0.0,-263.27731514697575,,,,0.0,0.0,0.0,0.0,0.0,0.0,0.0,0.0,0.0,0.0,0.0,0.0,0.0,0.0,-263.27731514697575,0.0,0.0,0.0,0.25,2.0,False,False,False,disabled
2026-06-06_run02_circle_r40_off_r01,39400,39406,6,0.0,0.0,-263.27731514697575,,,,0.0,0.0,0.0,0.0,0.0,0.0,0.0,0.0,0.0,0.0,0.0,0.0,0.0,0.0,-263.27731514697575,0.0,0.0,0.0,0.25,2.0,False,False,False,disabled
2026-06-06_run02_circle_r40_off_r01,39500,39500,0,0.0,0.0,-263.27731514697575,,,,0.0,0.0,0.0,0.0,0.0,0.0,0.0,0.0,0.0,0.0,0.0,0.0,0.0,0.0,-263.27731514697575,0.0,0.0,0.0,0.25,2.0,False,False,True,disabled
2026-06-06_run02_circle_r40_off_r01,39600,39609,9,0.0,0.0,-263.27731514697575,,,,0.0,0.0,0.0,0.0,0.0,0.0,0.0,0.0,0.0,0.0,0.0,0.0,0.0,0.0,-263.27731514697575,0.0,0.0,0.0,0.25,2.0,False,False,False,disabled
2026-06-06_run02_circle_r40_off_r01,39700,39703,3,0.0,0.0,-263.27731514697575,,,,0.0,0.0,0.0,0.0,0.0,0.0,0.0,0.0,0.0,0.0,0.0,0.0,0.0,0.0,-263.27731514697575,0.0,0.0,0.0,0.25,2.0,False,False,False,disabled
2026-06-06_run02_circle_r40_off_r01,39800,39812,12,0.0,0.0,-263.27731514697575,,,,0.0,0.0,0.0,0.0,0.0,0.0,0.0,0.0,0.0,0.0,0.0,0.0,0.0,0.0,-263.27731514697575,0.0,0.0,0.0,0.25,2.0,False,False,False,disabled
2026-06-06_run02_circle_r40_off_r01,39900,39906,6,0.0,0.0,-263.27731514697575,,,,0.0,0.0,0.0,0.0,0.0,0.0,0.0,0.0,0.0,0.0,0.0,0.0,0.0,0.0,-263.27731514697575,0.0,0.0,0.0,0.25,2.0,False,False,False,disabled
2026-06-06_run02_circle_r40_off_r01,40000,40000,0,0.0,0.0,-263.27731514697575,,,,0.0,0.0,0.0,0.0,0.0,0.0,0.0,0.0,0.0,0.0,0.0,0.0,0.0,0.0,-263.27731514697575,0.0,0.0,0.0,0.25,2.0,False,False,True,disabled
2026-06-06_run02_circle_r40_off_r01,40100,40109,9,0.0,0.0,-263.27731514697575,,,,0.0,0.0,0.0,0.0,0.0,0.0,0.0,0.0,0.0,0.0,0.0,0.0,0.0,0.0,-263.27731514697575,0.0,0.0,0.0,0.25,2.0,False,False,False,disabled
2026-06-06_run02_circle_r40_off_r01,40200,40203,3,0.0,0.0,-263.27731514697575,,,,0.0,0.0,0.0,0.0,0.0,0.0,0.0,0.0,0.0,0.0,0.0,0.0,0.0,0.0,-263.27731514697575,0.0,0.0,0.0,0.25,2.0,False,False,False,disabled
2026-06-06_run02_circle_r40_off_r01,40300,40312,12,0.0,0.0,-263.27731514697575,,,,0.0,0.0,0.0,0.0,0.0,0.0,0.0,0.0,0.0,0.0,0.0,0.0,0.0,0.0,-263.27731514697575,0.0,0.0,0.0,0.25,2.0,False,False,False,disabled
2026-06-06_run02_circle_r40_off_r01,40400,40406,6,0.0,0.0,-263.27731514697575,,,,0.0,0.0,0.0,0.0,0.0,0.0,0.0,0.0,0.0,0.0,0.0,0.0,0.0,0.0,-263.27731514697575,0.0,0.0,0.0,0.25,2.0,False,False,False,disabled
2026-06-06_run02_circle_r40_off_r01,40500,40500,0,0.0,0.0,-263.27731514697575,,,,0.0,0.0,0.0,0.0,0.0,0.0,0.0,0.0,0.0,0.0,0.0,0.0,0.0,0.0,-263.27731514697575,0.0,0.0,0.0,0.25,2.0,False,False,True,disabled
2026-06-06_run02_circle_r40_off_r01,40600,40609,9,0.0,0.0,-263.27731514697575,,,,0.0,0.0,0.0,0.0,0.0,0.0,0.0,0.0,0.0,0.0,0.0,0.0,0.0,0.0,-263.27731514697575,0.0,0.0,0.0,0.25,2.0,False,False,False,disabled
2026-06-06_run02_circle_r40_off_r01,40700,40703,3,0.0,0.0,-263.27731514697575,,,,0.0,0.0,0.0,0.0,0.0,0.0,0.0,0.0,0.0,0.0,0.0,0.0,0.0,0.0,-263.27731514697575,0.0,0.0,0.0,0.25,2.0,False,False,False,disabled
2026-06-06_run02_circle_r40_off_r01,40800,40812,12,0.0,0.0,-263.27731514697575,,,,0.0,0.0,0.0,0.0,0.0,0.0,0.0,0.0,0.0,0.0,0.0,0.0,0.0,0.0,-263.27731514697575,0.0,0.0,0.0,0.25,2.0,False,False,False,disabled
2026-06-06_run02_circle_r40_off_r01,40900,40906,6,0.0,0.0,-263.27731514697575,,,,0.0,0.0,0.0,0.0,0.0,0.0,0.0,0.0,0.0,0.0,0.0,0.0,0.0,0.0,-263.27731514697575,0.0,0.0,0.0,0.25,2.0,False,False,False,disabled
2026-06-06_run02_circle_r40_off_r01,41000,41000,0,0.0,0.0,-263.27731514697575,,,,0.0,0.0,0.0,0.0,0.0,0.0,0.0,0.0,0.0,0.0,0.0,0.0,0.0,0.0,-263.27731514697575,0.0,0.0,0.0,0.25,2.0,False,False,True,disabled
2026-06-06_run02_circle_r40_off_r01,41100,41109,9,0.0,0.0,-263.27731514697575,,,,0.0,0.0,0.0,0.0,0.0,0.0,0.0,0.0,0.0,0.0,0.0,0.0,0.0,0.0,-263.27731514697575,0.0,0.0,0.0,0.25,2.0,False,False,False,disabled
2026-06-06_run02_circle_r40_off_r01,41200,41203,3,0.0,0.0,-263.27731514697575,,,,0.0,0.0,0.0,0.0,0.0,0.0,0.0,0.0,0.0,0.0,0.0,0.0,0.0,0.0,-263.27731514697575,0.0,0.0,0.0,0.25,2.0,False,False,False,disabled
2026-06-06_run02_circle_r40_off_r01,41300,41312,12,0.0,0.0,-263.27731514697575,,,,0.0,0.0,0.0,0.0,0.0,0.0,0.0,0.0,0.0,0.0,0.0,0.0,0.0,0.0,-263.27731514697575,0.0,0.0,0.0,0.25,2.0,False,False,False,disabled
2026-06-06_run02_circle_r40_off_r01,41400,41406,6,0.0,0.0,-263.27731514697575,,,,0.0,0.0,0.0,0.0,0.0,0.0,0.0,0.0,0.0,0.0,0.0,0.0,0.0,0.0,-263.27731514697575,0.0,0.0,0.0,0.25,2.0,False,False,False,disabled
2026-06-06_run02_circle_r40_off_r01,41500,41500,0,0.0,0.0,-263.27731514697575,,,,0.0,0.0,0.0,0.0,0.0,0.0,0.0,0.0,0.0,0.0,0.0,0.0,0.0,0.0,-263.27731514697575,0.0,0.0,0.0,0.25,2.0,False,False,True,disabled
2026-06-06_run02_circle_r40_off_r01,41600,41609,9,0.0,0.0,-263.27731514697575,,,,0.0,0.0,0.0,0.0,0.0,0.0,0.0,0.0,0.0,0.0,0.0,0.0,0.0,0.0,-263.27731514697575,0.0,0.0,0.0,0.25,2.0,False,False,False,disabled
2026-06-06_run02_circle_r40_off_r01,41700,41703,3,0.0,0.0,-263.27731514697575,,,,0.0,0.0,0.0,0.0,0.0,0.0,0.0,0.0,0.0,0.0,0.0,0.0,0.0,0.0,-263.27731514697575,0.0,0.0,0.0,0.25,2.0,False,False,False,disabled
2026-06-06_run02_circle_r40_off_r01,41800,41812,12,0.0,0.0,-263.27731514697575,,,,0.0,0.0,0.0,0.0,0.0,0.0,0.0,0.0,0.0,0.0,0.0,0.0,0.0,0.0,-263.27731514697575,0.0,0.0,0.0,0.25,2.0,False,False,False,disabled
2026-06-06_run02_circle_r40_off_r01,41900,41906,6,0.0,0.0,-263.27731514697575,,,,0.0,0.0,0.0,0.0,0.0,0.0,0.0,0.0,0.0,0.0,0.0,0.0,0.0,0.0,-263.27731514697575,0.0,0.0,0.0,0.25,2.0,False,False,False,disabled
2026-06-06_run02_circle_r40_off_r01,42000,42000,0,0.0,0.0,-263.27731514697575,,,,0.0,0.0,0.0,0.0,0.0,0.0,0.0,0.0,0.0,0.0,0.0,0.0,0.0,0.0,-263.27731514697575,0.0,0.0,0.0,0.25,2.0,False,False,True,disabled
2026-06-06_run02_circle_r40_off_r01,42100,42109,9,0.0,0.0,-263.27731514697575,,,,0.0,0.0,0.0,0.0,0.0,0.0,0.0,0.0,0.0,0.0,0.0,0.0,0.0,0.0,-263.27731514697575,0.0,0.0,0.0,0.25,2.0,False,False,False,disabled
2026-06-06_run02_circle_r40_off_r01,42200,42203,3,0.0,0.0,-263.27731514697575,,,,0.0,0.0,0.0,0.0,0.0,0.0,0.0,0.0,0.0,0.0,0.0,0.0,0.0,0.0,-263.27731514697575,0.0,0.0,0.0,0.25,2.0,False,False,False,disabled
2026-06-06_run02_circle_r40_off_r01,42300,42312,12,0.0,0.0,-263.27731514697575,,,,0.0,0.0,0.0,0.0,0.0,0.0,0.0,0.0,0.0,0.0,0.0,0.0,0.0,0.0,-263.27731514697575,0.0,0.0,0.0,0.25,2.0,False,False,False,disabled
2026-06-06_run02_circle_r40_off_r01,42400,42406,6,0.0,0.0,-263.27731514697575,,,,0.0,0.0,0.0,0.0,0.0,0.0,0.0,0.0,0.0,0.0,0.0,0.0,0.0,0.0,-263.27731514697575,0.0,0.0,0.0,0.25,2.0,False,False,False,disabled
2026-06-06_run02_circle_r40_off_r01,42500,42500,0,0.0,0.0,-263.27731514697575,,,,0.0,0.0,0.0,0.0,0.0,0.0,0.0,0.0,0.0,0.0,0.0,0.0,0.0,0.0,-263.27731514697575,0.0,0.0,0.0,0.25,2.0,False,False,True,disabled
2026-06-06_run02_circle_r40_off_r01,42600,42609,9,0.0,0.0,-263.27731514697575,,,,0.0,0.0,0.0,0.0,0.0,0.0,0.0,0.0,0.0,0.0,0.0,0.0,0.0,0.0,-263.27731514697575,0.0,0.0,0.0,0.25,2.0,False,False,False,disabled
2026-06-06_run02_circle_r40_off_r01,42700,42703,3,0.0,0.0,-263.27731514697575,,,,0.0,0.0,0.0,0.0,0.0,0.0,0.0,0.0,0.0,0.0,0.0,0.0,0.0,0.0,-263.27731514697575,0.0,0.0,0.0,0.25,2.0,False,False,False,disabled
2026-06-06_run02_circle_r40_off_r01,42800,42812,12,0.0,0.0,-263.27731514697575,,,,0.0,0.0,0.0,0.0,0.0,0.0,0.0,0.0,0.0,0.0,0.0,0.0,0.0,0.0,-263.27731514697575,0.0,0.0,0.0,0.25,2.0,False,False,False,disabled
2026-06-06_run02_circle_r40_off_r01,42900,42906,6,0.0,0.0,-263.27731514697575,,,,0.0,0.0,0.0,0.0,0.0,0.0,0.0,0.0,0.0,0.0,0.0,0.0,0.0,0.0,-263.27731514697575,0.0,0.0,0.0,0.25,2.0,False,False,False,disabled
2026-06-06_run02_circle_r40_off_r01,43000,43015,15,0.0,0.0,-263.27731514697575,,,,0.0,0.0,0.0,0.0,0.0,0.0,0.0,0.0,0.0,0.0,0.0,0.0,0.0,0.0,-263.27731514697575,0.0,0.0,0.0,0.25,2.0,False,False,True,disabled
2026-06-06_run02_circle_r40_off_r01,43100,43109,9,0.0,0.0,-263.27731514697575,,,,0.0,0.0,0.0,0.0,0.0,0.0,0.0,0.0,0.0,0.0,0.0,0.0,0.0,0.0,-263.27731514697575,0.0,0.0,0.0,0.25,2.0,False,False,False,disabled
2026-06-06_run02_circle_r40_off_r01,43200,43203,3,0.0,0.0,-263.27731514697575,,,,0.0,0.0,0.0,0.0,0.0,0.0,0.0,0.0,0.0,0.0,0.0,0.0,0.0,0.0,-263.27731514697575,0.0,0.0,0.0,0.25,2.0,False,False,False,disabled
2026-06-06_run02_circle_r40_off_r01,43300,43312,12,0.0,0.0,-263.27731514697575,,,,0.0,0.0,0.0,0.0,0.0,0.0,0.0,0.0,0.0,0.0,0.0,0.0,0.0,0.0,-263.27731514697575,0.0,0.0,0.0,0.25,2.0,False,False,False,disabled
2026-06-06_run02_circle_r40_off_r01,43400,43406,6,0.0,0.0,-263.27731514697575,,,,0.0,0.0,0.0,0.0,0.0,0.0,0.0,0.0,0.0,0.0,0.0,0.0,0.0,0.0,-263.27731514697575,0.0,0.0,0.0,0.25,2.0,False,False,False,disabled
2026-06-06_run02_circle_r40_off_r01,43500,43500,0,0.0,0.0,-263.27731514697575,,,,0.0,0.0,0.0,0.0,0.0,0.0,0.0,0.0,0.0,0.0,0.0,0.0,0.0,0.0,-263.27731514697575,0.0,0.0,0.0,0.25,2.0,False,False,True,disabled
2026-06-06_run02_circle_r40_off_r01,43600,43609,9,0.0,0.0,-263.27731514697575,,,,0.0,0.0,0.0,0.0,0.0,0.0,0.0,0.0,0.0,0.0,0.0,0.0,0.0,0.0,-263.27731514697575,0.0,0.0,0.0,0.25,2.0,False,False,False,disabled
2026-06-06_run02_circle_r40_off_r01,43700,43703,3,0.0,0.0,-263.27731514697575,,,,0.0,0.0,0.0,0.0,0.0,0.0,0.0,0.0,0.0,0.0,0.0,0.0,0.0,0.0,-263.27731514697575,0.0,0.0,0.0,0.25,2.0,False,False,False,disabled
2026-06-06_run02_circle_r40_off_r01,43800,43812,12,0.0,0.0,-263.27731514697575,,,,0.0,0.0,0.0,0.0,0.0,0.0,0.0,0.0,0.0,0.0,0.0,0.0,0.0,0.0,-263.27731514697575,0.0,0.0,0.0,0.25,2.0,False,False,False,disabled
2026-06-06_run02_circle_r40_off_r01,43900,43906,6,0.0,0.0,-263.27731514697575,,,,0.0,0.0,0.0,0.0,0.0,0.0,0.0,0.0,0.0,0.0,0.0,0.0,0.0,0.0,-263.27731514697575,0.0,0.0,0.0,0.25,2.0,False,False,False,disabled
