run_id,time,actual_elapsed_ms,schedule_lag_ms,target_x,target_y,target_z,sim_x,sim_y,sim_z,nominal_theta1,nominal_theta2,nominal_theta3,predicted_error_x,predicted_error_y,predicted_error_z,requested_correction_x,requested_correction_y,requested_correction_z,applied_correction_x,applied_correction_y,applied_correction_z,corrected_target_x,corrected_target_y,corrected_target_z,corrected_theta1,corrected_theta2,corrected_theta3,correction_gain,max_xy_correction_mm,correction_clamped,fallback_used,command_sent,correction_status
2026-06-06_run02_circle_r40_off_r02,0,0,0,0.0,0.0,-263.27731514697575,,,,0.0,0.0,0.0,0.0,0.0,0.0,0.0,0.0,0.0,0.0,0.0,0.0,0.0,0.0,-263.27731514697575,0.0,0.0,0.0,0.25,2.0,False,False,True,disabled
2026-06-06_run02_circle_r40_off_r02,100,110,10,0.0,0.0,-263.27731514697575,,,,0.0,0.0,0.0,0.0,0.0,0.0,0.0,0.0,0.0,0.0,0.0,0.0,0.0,0.0,-263.27731514697575,0.0,0.0,0.0,0.25,2.0,False,False,False,disabled
2026-06-06_run02_circle_r40_off_r02,200,204,4,0.0,0.0,-263.27731514697575,,,,0.0,0.0,0.0,0.0,0.0,0.0,0.0,0.0,0.0,0.0,0.0,0.0,0.0,0.0,-263.27731514697575,0.0,0.0,0.0,0.25,2.0,False,False,False,disabled
2026-06-06_run02_circle_r40_off_r02,300,313,13,0.0,0.0,-263.27731514697575,,,,0.0,0.0,0.0,0.0,0.0,0.0,0.0,0.0,0.0,0.0,0.0,0.0,0.0,0.0,-263.27731514697575,0.0,0.0,0.0,0.25,2.0,False,False,False,disabled
2026-06-06_run02_circle_r40_off_r02,400,407,7,0.0,0.0,-263.27731514697575,,,,0.0,0.0,0.0,0.0,0.0,0.0,0.0,0.0,0.0,0.0,0.0,0.0,0.0,0.0,-263.27731514697575,0.0,0.0,0.0,0.25,2.0,False,False,False,disabled
2026-06-06_run02_circle_r40_off_r02,500,500,0,0.0,0.0,-263.27731514697575,,,,0.0,0.0,0.0,0.0,0.0,0.0,0.0,0.0,0.0,0.0,0.0,0.0,0.0,0.0,-263.27731514697575,0.0,0.0,0.0,0.25,2.0,False,False,True,disabled
2026-06-06_run02_circle_r40_off_r02,600,610,10,0.0,0.0,-263.27731514697575,,,,0.0,0.0,0.0,0.0,0.0,0.0,0.0,0.0,0.0,0.0,0.0,0.0,0.0,0.0,-263.27731514697575,0.0,0.0,0.0,0.25,2.0,False,False,False,disabled
2026-06-06_run02_circle_r40_off_r02,700,704,4,0.0,0.0,-263.27731514697575,,,,0.0,0.0,0.0,0.0,0.0,0.0,0.0,0.0,0.0,0.0,0.0,0.0,0.0,0.0,-263.27731514697575,0.0,0.0,0.0,0.25,2.0,False,False,False,disabled
2026-06-06_run02_circle_r40_off_r02,800,813,13,0.0,0.0,-263.27731514697575,,,,0.0,0.0,0.0,0.0,0.0,0.0,0.0,0.0,0.0,0.0,0.0,0.0,0.0,0.0,-263.27731514697575,0.0,0.0,0.0,0.25,2.0,False,False,False,disabled
2026-06-06_run02_circle_r40_off_r02,900,907,7,0.0,0.0,-263.27731514697575,,,,0.0,0.0,0.0,0.0,0.0,0.0,0.0,0.0,0.0,0.0,0.0,0.0,0.0,0.0,-263.27731514697575,0.0,0.0,0.0,0.25,2.0,False,False,False,disabled
2026-06-06_run02_circle_r40_off_r02,1000,1000,0,0.0,0.0,-263.27731514697575,,,,0.0,0.0,0.0,0.0,0.0,0.0,0.0,0.0,0.0,0.0,0.0,0.0,0.0,0.0,-263.27731514697575,0.0,0.0,0.0,0.25,2.0,False,False,True,disabled
2026-06-06_run02_circle_r40_off_r02,1100,1110,10,0.0,0.0,-263.27731514697575,,,,0.0,0.0,0.0,0.0,0.0,0.0,0.0,0.0,0.0,0.0,0.0,0.0,0.0,0.0,-263.27731514697575,0.0,0.0,0.0,0.25,2.0,False,False,False,disabled
2026-06-06_run02_circle_r40_off_r02,1200,1204,4,0.0,0.0,-263.27731514697575,,,,0.0,0.0,0.0,0.0,0.0,0.0,0.0,0.0,0.0,0.0,0.0,0.0,0.0,0.0,-263.27731514697575,0.0,0.0,0.0,0.25,2.0,False,False,False,disabled
2026-06-06_run02_circle_r40_off_r02,1300,1313,13,0.0,0.0,-263.27731514697575,,,,0.0,0.0,0.0,0.0,0.0,0.0,0.0,0.0,0.0,0.0,0.0,0.0,0.0,0.0,-263.27731514697575,0.0,0.0,0.0,0.25,2.0,False,False,False,disabled
2026-06-06_run02_circle_r40_off_r02,1400,1407,7,0.0,0.0,-263.27731514697575,,,,0.0,0.0,0.0,0.0,0.0,0.0,0.0,0.0,0.0,0.0,0.0,0.0,0.0,0.0,-263.27731514697575,0.0,0.0,0.0,0.25,2.0,False,False,False,disabled
2026-06-06_run02_circle_r40_off_r02,1500,1500,0,0.0,0.0,-263.27731514697575,,,,0.0,0.0,0.0,0.0,0.0,0.0,0.0,0.0,0.0,0.0,0.0,0.0,0.0,0.0,-263.27731514697575,0.0,0.0,0.0,0.25,2.0,False,False,True,disabled
2026-06-06_run02_circle_r40_off_r02,1600,1610,10,0.0,0.0,-263.27731514697575,,,,0.0,0.0,0.0,0.0,0.0,0.0,0.0,0.0,0.0,0.0,0.0,0.0,0.0,0.0,-263.27731514697575,0.0,0.0,0.0,0.25,2.0,False,False,False,disabled
2026-06-06_run02_circle_r40_off_r02,1700,1704,4,0.0,0.0,-263.27731514697575,,,,0.0,0.0,0.0,0.0,0.0,0.0,0.0,0.0,0.0,0.0,0.0,0.0,0.0,0.0,-263.27731514697575,0.0,0.0,0.0,0.25,2.0,False,False,False,disabled
2026-06-06_run02_circle_r40_off_r02,1800,1813,13,0.0,0.0,-263.27731514697575,,,,0.0,0.0,0.0,0.0,0.0,0.0,0.0,0.0,0.0,0.0,0.0,0.0,0.0,0.0,-263.27731514697575,0.0,0.0,0.0,0.25,2.0,False,False,False,disabled
2026-06-06_run02_circle_r40_off_r02,1900,1907,7,0.0,0.0,-263.27731514697575,,,,0.0,0.0,0.0,0.0,0.0,0.0,0.0,0.0,0.0,0.0,0.0,0.0,0.0,0.0,-263.27731514697575,0.0,0.0,0.0,0.25,2.0,False,False,False,disabled
2026-06-06_run02_circle_r40_off_r02,2000,2000,0,0.0,0.0,-263.27731514697575,,,,0.0,0.0,0.0,0.0,0.0,0.0,0.0,0.0,0.0,0.0,0.0,0.0,0.0,0.0,-263.27731514697575,0.0,0.0,0.0,0.25,2.0,False,False,True,disabled
2026-06-06_run02_circle_r40_off_r02,2100,2110,10,0.0,0.0,-263.27731514697575,,,,0.0,0.0,0.0,0.0,0.0,0.0,0.0,0.0,0.0,0.0,0.0,0.0,0.0,0.0,-263.27731514697575,0.0,0.0,0.0,0.25,2.0,False,False,False,disabled
2026-06-06_run02_circle_r40_off_r02,2200,2204,4,0.0,0.0,-263.27731514697575,,,,0.0,0.0,0.0,0.0,0.0,0.0,0.0,0.0,0.0,0.0,0.0,0.0,0.0,0.0,-263.27731514697575,0.0,0.0,0.0,0.25,2.0,False,False,False,disabled
2026-06-06_run02_circle_r40_off_r02,2300,2313,13,0.0,0.0,-263.27731514697575,,,,0.0,0.0,0.0,0.0,0.0,0.0,0.0,0.0,0.0,0.0,0.0,0.0,0.0,0.0,-263.27731514697575,0.0,0.0,0.0,0.25,2.0,False,False,False,disabled
2026-06-06_run02_circle_r40_off_r02,2400,2407,7,0.0,0.0,-263.27731514697575,,,,0.0,0.0,0.0,0.0,0.0,0.0,0.0,0.0,0.0,0.0,0.0,0.0,0.0,0.0,-263.27731514697575,0.0,0.0,0.0,0.25,2.0,False,False,False,disabled
2026-06-06_run02_circle_r40_off_r02,2500,2500,0,0.0,0.0,-263.27731514697575,,,,0.0,0.0,0.0,0.0,0.0,0.0,0.0,0.0,0.0,0.0,0.0,0.0,0.0,0.0,-263.27731514697575,0.0,0.0,0.0,0.25,2.0,False,False,True,disabled
2026-06-06_run02_circle_r40_off_r02,2600,2610,10,0.0,0.0,-263.27731514697575,,,,0.0,0.0,0.0,0.0,0.0,0.0,0.0,0.0,0.0,0.0,0.0,0.0,0.0,0.0,-263.27731514697575,0.0,0.0,0.0,0.25,2.0,False,False,False,disabled
2026-06-06_run02_circle_r40_off_r02,2700,2704,4,0.0,0.0,-263.27731514697575,,,,0.0,0.0,0.0,0.0,0.0,0.0,0.0,0.0,0.0,0.0,0.0,0.0,0.0,0.0,-263.27731514697575,0.0,0.0,0.0,0.25,2.0,False,False,False,disabled
2026-06-06_run02_circle_r40_off_r02,2800,2813,13,0.0,0.0,-263.27731514697575,,,,0.0,0.0,0.0,0.0,0.0,0.0,0.0,0.0,0.0,0.0,0.0,0.0,0.0,0.0,-263.27731514697575,0.0,0.0,0.0,0.25,2.0,False,False,False,disabled
2026-06-06_run02_circle_r40_off_r02,2900,2907,7,0.0,0.0,-263.27731514697575,,,,0.0,0.0,0.0,0.0,0.0,0.0,0.0,0.0,0.0,0.0,0.0,0.0,0.0,0.0,-263.27731514697575,0.0,0.0,0.0,0.25,2.0,False,False,False,disabled
2026-06-06_run02_circle_r40_off_r02,3000,3000,0,0.0,0.0,-263.27731514697575,,,,0.0,0.0,0.0,0.0,0.0,0.0,0.0,0.0,0.0,0.0,0.0,0.0,0.0,0.0,-263.27731514697575,0.0,0.0,0.0,0.25,2.0,False,False,True,disabled
2026-06-06_run02_circle_r40_off_r02,3100,3110,10,0.0,0.0,-263.27731514697575,,,,0.0,0.0,0.0,0.0,0.0,0.0,0.0,0.0,0.0,0.0,0.0,0.0,0.0,0.0,-263.27731514697575,0.0,0.0,0.0,0.25,2.0,False,False,False,disabled
2026-06-06_run02_circle_r40_off_r02,3200,3204,4,0.0,0.0,-263.27731514697575,,,,0.0,0.0,0.0,0.0,0.0,0.0,0.0,0.0,0.0,0.0,0.0,0.0,0.0,0.0,-263.27731514697575,0.0,0.0,0.0,0.25,2.0,False,False,False,disabled
2026-06-06_run02_circle_r40_off_r02,3300,3313,13,0.0,0.0,-263.27731514697575,,,,0.0,0.0,0.0,0.0,0.0,0.0,0.0,0.0,0.0,0.0,0.0,0.0,0.0,0.0,-263.27731514697575,0.0,0.0,0.0,0.25,2.0,False,False,False,disabled
2026-06-06_run02_circle_r40_off_r02,3400,3407,7,0.0,0.0,-263.27731514697575,,,,0.0,0.0,0.0,0.0,0.0,0.0,0.0,0.0,0.0,0.0,0.0,0.0,0.0,0.0,-263.27731514697575,0.0,0.0,0.0,0.25,2.0,False,False,False,disabled
2026-06-06_run02_circle_r40_off_r02,3500,3500,0,0.0,0.0,-263.27731514697575,,,,0.0,0.0,0.0,0.0,0.0,0.0,0.0,0.0,0.0,0.0,0.0,0.0,0.0,0.0,-263.27731514697575,0.0,0.0,0.0,0.25,2.0,False,False,True,disabled
2026-06-06_run02_circle_r40_off_r02,3600,3610,10,0.0,0.0,-263.27731514697575,,,,0.0,0.0,0.0,0.0,0.0,0.0,0.0,0.0,0.0,0.0,0.0,0.0,0.0,0.0,-263.27731514697575,0.0,0.0,0.0,0.25,2.0,False,False,False,disabled
2026-06-06_run02_circle_r40_off_r02,3700,3704,4,0.0,0.0,-263.27731514697575,,,,0.0,0.0,0.0,0.0,0.0,0.0,0.0,0.0,0.0,0.0,0.0,0.0,0.0,0.0,-263.27731514697575,0.0,0.0,0.0,0.25,2.0,False,False,False,disabled
2026-06-06_run02_circle_r40_off_r02,3800,3813,13,0.0,0.0,-263.27731514697575,,,,0.0,0.0,0.0,0.0,0.0,0.0,0.0,0.0,0.0,0.0,0.0,0.0,0.0,0.0,-263.27731514697575,0.0,0.0,0.0,0.25,2.0,False,False,False,disabled
2026-06-06_run02_circle_r40_off_r02,3900,3907,7,0.0,0.0,-263.27731514697575,,,,0.0,0.0,0.0,0.0,0.0,0.0,0.0,0.0,0.0,0.0,0.0,0.0,0.0,0.0,-263.27731514697575,0.0,0.0,0.0,0.25,2.0,False,False,False,disabled
2026-06-06_run02_circle_r40_off_r02,4000,4000,0,0.0,0.0,-263.27731514697575,,,,0.0,0.0,0.0,0.0,0.0,0.0,0.0,0.0,0.0,0.0,0.0,0.0,0.0,0.0,-263.27731514697575,0.0,0.0,0.0,0.25,2.0,False,False,True,disabled
2026-06-06_run02_circle_r40_off_r02,4100,4110,10,0.0,0.0,-263.27731514697575,,,,0.0,0.0,0.0,0.0,0.0,0.0,0.0,0.0,0.0,0.0,0.0,0.0,0.0,0.0,-263.27731514697575,0.0,0.0,0.0,0.25,2.0,False,False,False,disabled
2026-06-06_run02_circle_r40_off_r02,4200,4204,4,0.0,0.0,-263.27731514697575,,,,0.0,0.0,0.0,0.0,0.0,0.0,0.0,0.0,0.0,0.0,0.0,0.0,0.0,0.0,-263.27731514697575,0.0,0.0,0.0,0.25,2.0,False,False,False,disabled
2026-06-06_run02_circle_r40_off_r02,4300,4313,13,0.0,0.0,-263.27731514697575,,,,0.0,0.0,0.0,0.0,0.0,0.0,0.0,0.0,0.0,0.0,0.0,0.0,0.0,0.0,-263.27731514697575,0.0,0.0,0.0,0.25,2.0,False,False,False,disabled
2026-06-06_run02_circle_r40_off_r02,4400,4407,7,0.0,0.0,-263.27731514697575,,,,0.0,0.0,0.0,0.0,0.0,0.0,0.0,0.0,0.0,0.0,0.0,0.0,0.0,0.0,-263.27731514697575,0.0,0.0,0.0,0.25,2.0,False,False,False,disabled
2026-06-06_run02_circle_r40_off_r02,4500,4500,0,0.0,0.0,-263.27731514697575,,,,0.0,0.0,0.0,0.0,0.0,0.0,0.0,0.0,0.0,0.0,0.0,0.0,0.0,0.0,-263.27731514697575,0.0,0.0,0.0,0.25,2.0,False,False,True,disabled
2026-06-06_run02_circle_r40_off_r02,4600,4610,10,0.0,0.0,-263.27731514697575,,,,0.0,0.0,0.0,0.0,0.0,0.0,0.0,0.0,0.0,0.0,0.0,0.0,0.0,0.0,-263.27731514697575,0.0,0.0,0.0,0.25,2.0,False,False,False,disabled
2026-06-06_run02_circle_r40_off_r02,4700,4704,4,0.0,0.0,-263.27731514697575,,,,0.0,0.0,0.0,0.0,0.0,0.0,0.0,0.0,0.0,0.0,0.0,0.0,0.0,0.0,-263.27731514697575,0.0,0.0,0.0,0.25,2.0,False,False,False,disabled
2026-06-06_run02_circle_r40_off_r02,4800,4813,13,0.0,0.0,-263.27731514697575,,,,0.0,0.0,0.0,0.0,0.0,0.0,0.0,0.0,0.0,0.0,0.0,0.0,0.0,0.0,-263.27731514697575,0.0,0.0,0.0,0.25,2.0,False,False,False,disabled
2026-06-06_run02_circle_r40_off_r02,4900,4907,7,0.0,0.0,-263.27731514697575,,,,0.0,0.0,0.0,0.0,0.0,0.0,0.0,0.0,0.0,0.0,0.0,0.0,0.0,0.0,-263.27731514697575,0.0,0.0,0.0,0.25,2.0,False,False,False,disabled
2026-06-06_run02_circle_r40_off_r02,5000,5000,0,40.0,0.0,-263.27731514697575,,,,1.0,-7.0,10.0,0.0,0.0,0.0,0.0,0.0,0.0,0.0,0.0,0.0,40.0,0.0,-263.27731514697575,1.0,-7.0,10.0,0.25,2.0,False,False,True,disabled
2026-06-06_run02_circle_r40_off_r02,5100,5110,10,40.0,0.0,-263.27731514697575,,,,1.0,-7.0,10.0,0.0,0.0,0.0,0.0,0.0,0.0,0.0,0.0,0.0,40.0,0.0,-263.27731514697575,1.0,-7.0,10.0,0.25,2.0,False,False,False,disabled
2026-06-06_run02_circle_r40_off_r02,5200,5204,4,40.0,0.0,-263.27731514697575,,,,1.0,-7.0,10.0,0.0,0.0,0.0,0.0,0.0,0.0,0.0,0.0,0.0,40.0,0.0,-263.27731514697575,1.0,-7.0,10.0,0.25,2.0,False,False,False,disabled
2026-06-06_run02_circle_r40_off_r02,5300,5313,13,40.0,0.0,-263.27731514697575,,,,1.0,-7.0,10.0,0.0,0.0,0.0,0.0,0.0,0.0,0.0,0.0,0.0,40.0,0.0,-263.27731514697575,1.0,-7.0,10.0,0.25,2.0,False,False,False,disabled
2026-06-06_run02_circle_r40_off_r02,5400,5407,7,40.0,0.0,-263.27731514697575,,,,1.0,-7.0,10.0,0.0,0.0,0.0,0.0,0.0,0.0,0.0,0.0,0.0,40.0,0.0,-263.27731514697575,1.0,-7.0,10.0,0.25,2.0,False,False,False,disabled
2026-06-06_run02_circle_r40_off_r02,5500,5500,0,40.0,0.0,-263.27731514697575,,,,1.0,-7.0,10.0,0.0,0.0,0.0,0.0,0.0,0.0,0.0,0.0,0.0,40.0,0.0,-263.27731514697575,1.0,-7.0,10.0,0.25,2.0,False,False,True,disabled
2026-06-06_run02_circle_r40_off_r02,5600,5610,10,40.0,0.0,-263.27731514697575,,,,1.0,-7.0,10.0,0.0,0.0,0.0,0.0,0.0,0.0,0.0,0.0,0.0,40.0,0.0,-263.27731514697575,1.0,-7.0,10.0,0.25,2.0,False,False,False,disabled
2026-06-06_run02_circle_r40_off_r02,5700,5704,4,40.0,0.0,-263.27731514697575,,,,1.0,-7.0,10.0,0.0,0.0,0.0,0.0,0.0,0.0,0.0,0.0,0.0,40.0,0.0,-263.27731514697575,1.0,-7.0,10.0,0.25,2.0,False,False,False,disabled
2026-06-06_run02_circle_r40_off_r02,5800,5813,13,40.0,0.0,-263.27731514697575,,,,1.0,-7.0,10.0,0.0,0.0,0.0,0.0,0.0,0.0,0.0,0.0,0.0,40.0,0.0,-263.27731514697575,1.0,-7.0,10.0,0.25,2.0,False,False,False,disabled
2026-06-06_run02_circle_r40_off_r02,5900,5907,7,40.0,0.0,-263.27731514697575,,,,1.0,-7.0,10.0,0.0,0.0,0.0,0.0,0.0,0.0,0.0,0.0,0.0,40.0,0.0,-263.27731514697575,1.0,-7.0,10.0,0.25,2.0,False,False,False,disabled
2026-06-06_run02_circle_r40_off_r02,6000,6000,0,40.0,0.0,-263.27731514697575,,,,1.0,-7.0,10.0,0.0,0.0,0.0,0.0,0.0,0.0,0.0,0.0,0.0,40.0,0.0,-263.27731514697575,1.0,-7.0,10.0,0.25,2.0,False,False,True,disabled
2026-06-06_run02_circle_r40_off_r02,6100,6110,10,40.0,0.0,-263.27731514697575,,,,1.0,-7.0,10.0,0.0,0.0,0.0,0.0,0.0,0.0,0.0,0.0,0.0,40.0,0.0,-263.27731514697575,1.0,-7.0,10.0,0.25,2.0,False,False,False,disabled
2026-06-06_run02_circle_r40_off_r02,6200,6204,4,40.0,0.0,-263.27731514697575,,,,1.0,-7.0,10.0,0.0,0.0,0.0,0.0,0.0,0.0,0.0,0.0,0.0,40.0,0.0,-263.27731514697575,1.0,-7.0,10.0,0.25,2.0,False,False,False,disabled
2026-06-06_run02_circle_r40_off_r02,6300,6313,13,40.0,0.0,-263.27731514697575,,,,1.0,-7.0,10.0,0.0,0.0,0.0,0.0,0.0,0.0,0.0,0.0,0.0,40.0,0.0,-263.27731514697575,1.0,-7.0,10.0,0.25,2.0,False,False,False,disabled
2026-06-06_run02_circle_r40_off_r02,6400,6407,7,40.0,0.0,-263.27731514697575,,,,1.0,-7.0,10.0,0.0,0.0,0.0,0.0,0.0,0.0,0.0,0.0,0.0,40.0,0.0,-263.27731514697575,1.0,-7.0,10.0,0.25,2.0,False,False,False,disabled
2026-06-06_run02_circle_r40_off_r02,6500,6500,0,40.0,0.0,-263.27731514697575,,,,1.0,-7.0,10.0,0.0,0.0,0.0,0.0,0.0,0.0,0.0,0.0,0.0,40.0,0.0,-263.27731514697575,1.0,-7.0,10.0,0.25,2.0,False,False,True,disabled
2026-06-06_run02_circle_r40_off_r02,6600,6610,10,40.0,0.0,-263.27731514697575,,,,1.0,-7.0,10.0,0.0,0.0,0.0,0.0,0.0,0.0,0.0,0.0,0.0,40.0,0.0,-263.27731514697575,1.0,-7.0,10.0,0.25,2.0,False,False,False,disabled
2026-06-06_run02_circle_r40_off_r02,6700,6704,4,40.0,0.0,-263.27731514697575,,,,1.0,-7.0,10.0,0.0,0.0,0.0,0.0,0.0,0.0,0.0,0.0,0.0,40.0,0.0,-263.27731514697575,1.0,-7.0,10.0,0.25,2.0,False,False,False,disabled
2026-06-06_run02_circle_r40_off_r02,6800,6813,13,40.0,0.0,-263.27731514697575,,,,1.0,-7.0,10.0,0.0,0.0,0.0,0.0,0.0,0.0,0.0,0.0,0.0,40.0,0.0,-263.27731514697575,1.0,-7.0,10.0,0.25,2.0,False,False,False,disabled
2026-06-06_run02_circle_r40_off_r02,6900,6907,7,40.0,0.0,-263.27731514697575,,,,1.0,-7.0,10.0,0.0,0.0,0.0,0.0,0.0,0.0,0.0,0.0,0.0,40.0,0.0,-263.27731514697575,1.0,-7.0,10.0,0.25,2.0,False,False,False,disabled
2026-06-06_run02_circle_r40_off_r02,7000,7000,0,39.84778792366982,3.4862297099063264,-263.27731514697575,,,,2.0,-8.0,9.0,0.0,0.0,0.0,0.0,0.0,0.0,0.0,0.0,0.0,39.84778792366982,3.4862297099063264,-263.27731514697575,2.0,-8.0,9.0,0.25,2.0,False,False,True,disabled
2026-06-06_run02_circle_r40_off_r02,7100,7110,10,39.84778792366982,3.4862297099063264,-263.27731514697575,,,,2.0,-8.0,9.0,0.0,0.0,0.0,0.0,0.0,0.0,0.0,0.0,0.0,39.84778792366982,3.4862297099063264,-263.27731514697575,2.0,-8.0,9.0,0.25,2.0,False,False,False,disabled
2026-06-06_run02_circle_r40_off_r02,7200,7204,4,39.84778792366982,3.4862297099063264,-263.27731514697575,,,,2.0,-8.0,9.0,0.0,0.0,0.0,0.0,0.0,0.0,0.0,0.0,0.0,39.84778792366982,3.4862297099063264,-263.27731514697575,2.0,-8.0,9.0,0.25,2.0,False,False,False,disabled
2026-06-06_run02_circle_r40_off_r02,7300,7313,13,39.84778792366982,3.4862297099063264,-263.27731514697575,,,,2.0,-8.0,9.0,0.0,0.0,0.0,0.0,0.0,0.0,0.0,0.0,0.0,39.84778792366982,3.4862297099063264,-263.27731514697575,2.0,-8.0,9.0,0.25,2.0,False,False,False,disabled
2026-06-06_run02_circle_r40_off_r02,7400,7407,7,39.84778792366982,3.4862297099063264,-263.27731514697575,,,,2.0,-8.0,9.0,0.0,0.0,0.0,0.0,0.0,0.0,0.0,0.0,0.0,39.84778792366982,3.4862297099063264,-263.27731514697575,2.0,-8.0,9.0,0.25,2.0,False,False,False,disabled
2026-06-06_run02_circle_r40_off_r02,7417,7438,21,39.39231012048832,6.945927106677213,-263.27731514697575,,,,3.0,-8.0,9.0,0.0,0.0,0.0,0.0,0.0,0.0,0.0,0.0,0.0,39.39231012048832,6.945927106677213,-263.27731514697575,3.0,-8.0,9.0,0.25,2.0,False,False,True,disabled
2026-06-06_run02_circle_r40_off_r02,7517,7547,30,39.39231012048832,6.945927106677213,-263.27731514697575,,,,3.0,-8.0,9.0,0.0,0.0,0.0,0.0,0.0,0.0,0.0,0.0,0.0,39.39231012048832,6.945927106677213,-263.27731514697575,3.0,-8.0,9.0,0.25,2.0,False,False,False,disabled
2026-06-06_run02_circle_r40_off_r02,7617,7625,8,39.39231012048832,6.945927106677213,-263.27731514697575,,,,3.0,-8.0,9.0,0.0,0.0,0.0,0.0,0.0,0.0,0.0,0.0,0.0,39.39231012048832,6.945927106677213,-263.27731514697575,3.0,-8.0,9.0,0.25,2.0,False,False,False,disabled
2026-06-06_run02_circle_r40_off_r02,7717,7719,2,39.39231012048832,6.945927106677213,-263.27731514697575,,,,3.0,-8.0,9.0,0.0,0.0,0.0,0.0,0.0,0.0,0.0,0.0,0.0,39.39231012048832,6.945927106677213,-263.27731514697575,3.0,-8.0,9.0,0.25,2.0,False,False,False,disabled
2026-06-06_run02_circle_r40_off_r02,7817,7829,12,39.39231012048832,6.945927106677213,-263.27731514697575,,,,3.0,-8.0,9.0,0.0,0.0,0.0,0.0,0.0,0.0,0.0,0.0,0.0,39.39231012048832,6.945927106677213,-263.27731514697575,3.0,-8.0,9.0,0.25,2.0,False,False,False,disabled
2026-06-06_run02_circle_r40_off_r02,7833,7844,11,38.63703305156273,10.35276180410083,-263.27731514697575,,,,4.0,-8.0,8.0,0.0,0.0,0.0,0.0,0.0,0.0,0.0,0.0,0.0,38.63703305156273,10.35276180410083,-263.27731514697575,4.0,-8.0,8.0,0.25,2.0,False,False,True,disabled
2026-06-06_run02_circle_r40_off_r02,7933,7938,5,38.63703305156273,10.35276180410083,-263.27731514697575,,,,4.0,-8.0,8.0,0.0,0.0,0.0,0.0,0.0,0.0,0.0,0.0,0.0,38.63703305156273,10.35276180410083,-263.27731514697575,4.0,-8.0,8.0,0.25,2.0,False,False,False,disabled
2026-06-06_run02_circle_r40_off_r02,8033,8047,14,38.63703305156273,10.35276180410083,-263.27731514697575,,,,4.0,-8.0,8.0,0.0,0.0,0.0,0.0,0.0,0.0,0.0,0.0,0.0,38.63703305156273,10.35276180410083,-263.27731514697575,4.0,-8.0,8.0,0.25,2.0,False,False,False,disabled
2026-06-06_run02_circle_r40_off_r02,8133,8141,8,38.63703305156273,10.35276180410083,-263.27731514697575,,,,4.0,-8.0,8.0,0.0,0.0,0.0,0.0,0.0,0.0,0.0,0.0,0.0,38.63703305156273,10.35276180410083,-263.27731514697575,4.0,-8.0,8.0,0.25,2.0,False,False,False,disabled
2026-06-06_run02_circle_r40_off_r02,8233,8235,2,38.63703305156273,10.35276180410083,-263.27731514697575,,,,4.0,-8.0,8.0,0.0,0.0,0.0,0.0,0.0,0.0,0.0,0.0,0.0,38.63703305156273,10.35276180410083,-263.27731514697575,4.0,-8.0,8.0,0.25,2.0,False,False,False,disabled
2026-06-06_run02_circle_r40_off_r02,8250,8250,0,37.58770483143634,13.680805733026748,-263.27731514697575,,,,5.0,-8.0,8.0,0.0,0.0,0.0,0.0,0.0,0.0,0.0,0.0,0.0,37.58770483143634,13.680805733026748,-263.27731514697575,5.0,-8.0,8.0,0.25,2.0,False,False,True,disabled
2026-06-06_run02_circle_r40_off_r02,8350,8360,10,37.58770483143634,13.680805733026748,-263.27731514697575,,,,5.0,-8.0,8.0,0.0,0.0,0.0,0.0,0.0,0.0,0.0,0.0,0.0,37.58770483143634,13.680805733026748,-263.27731514697575,5.0,-8.0,8.0,0.25,2.0,False,False,False,disabled
2026-06-06_run02_circle_r40_off_r02,8450,8454,4,37.58770483143634,13.680805733026748,-263.27731514697575,,,,5.0,-8.0,8.0,0.0,0.0,0.0,0.0,0.0,0.0,0.0,0.0,0.0,37.58770483143634,13.680805733026748,-263.27731514697575,5.0,-8.0,8.0,0.25,2.0,False,False,False,disabled
2026-06-06_run02_circle_r40_off_r02,8550,8563,13,37.58770483143634,13.680805733026748,-263.27731514697575,,,,5.0,-8.0,8.0,0.0,0.0,0.0,0.0,0.0,0.0,0.0,0.0,0.0,37.58770483143634,13.680805733026748,-263.27731514697575,5.0,-8.0,8.0,0.25,2.0,False,False,False,disabled
2026-06-06_run02_circle_r40_off_r02,8650,8657,7,37.58770483143634,13.680805733026748,-263.27731514697575,,,,5.0,-8.0,8.0,0.0,0.0,0.0,0.0,0.0,0.0,0.0,0.0,0.0,37.58770483143634,13.680805733026748,-263.27731514697575,5.0,-8.0,8.0,0.25,2.0,False,False,False,disabled
2026-06-06_run02_circle_r40_off_r02,8667,8672,5,36.252311481465995,16.904730469627978,-263.27731514697575,,,,6.0,-9.0,7.0,0.0,0.0,0.0,0.0,0.0,0.0,0.0,0.0,0.0,36.252311481465995,16.904730469627978,-263.27731514697575,6.0,-9.0,7.0,0.25,2.0,False,False,True,disabled
2026-06-06_run02_circle_r40_off_r02,8767,8782,15,36.252311481465995,16.904730469627978,-263.27731514697575,,,,6.0,-9.0,7.0,0.0,0.0,0.0,0.0,0.0,0.0,0.0,0.0,0.0,36.252311481465995,16.904730469627978,-263.27731514697575,6.0,-9.0,7.0,0.25,2.0,False,False,False,disabled
2026-06-06_run02_circle_r40_off_r02,8867,8875,8,36.252311481465995,16.904730469627978,-263.27731514697575,,,,6.0,-9.0,7.0,0.0,0.0,0.0,0.0,0.0,0.0,0.0,0.0,0.0,36.252311481465995,16.904730469627978,-263.27731514697575,6.0,-9.0,7.0,0.25,2.0,False,False,False,disabled
2026-06-06_run02_circle_r40_off_r02,8967,8969,2,36.252311481465995,16.904730469627978,-263.27731514697575,,,,6.0,-9.0,7.0,0.0,0.0,0.0,0.0,0.0,0.0,0.0,0.0,0.0,36.252311481465995,16.904730469627978,-263.27731514697575,6.0,-9.0,7.0,0.25,2.0,False,False,False,disabled
2026-06-06_run02_circle_r40_off_r02,9067,9079,12,36.252311481465995,16.904730469627978,-263.27731514697575,,,,6.0,-9.0,7.0,0.0,0.0,0.0,0.0,0.0,0.0,0.0,0.0,0.0,36.252311481465995,16.904730469627978,-263.27731514697575,6.0,-9.0,7.0,0.25,2.0,False,False,False,disabled
2026-06-06_run02_circle_r40_off_r02,9083,9094,11,34.64101615137755,19.999999999999996,-263.27731514697575,,,,6.0,-9.0,6.0,0.0,0.0,0.0,0.0,0.0,0.0,0.0,0.0,0.0,34.64101615137755,19.999999999999996,-263.27731514697575,6.0,-9.0,6.0,0.25,2.0,False,False,True,disabled
2026-06-06_run02_circle_r40_off_r02,9183,9204,21,34.64101615137755,19.999999999999996,-263.27731514697575,,,,6.0,-9.0,6.0,0.0,0.0,0.0,0.0,0.0,0.0,0.0,0.0,0.0,34.64101615137755,19.999999999999996,-263.27731514697575,6.0,-9.0,6.0,0.25,2.0,False,False,False,disabled
2026-06-06_run02_circle_r40_off_r02,9283,9297,14,34.64101615137755,19.999999999999996,-263.27731514697575,,,,6.0,-9.0,6.0,0.0,0.0,0.0,0.0,0.0,0.0,0.0,0.0,0.0,34.64101615137755,19.999999999999996,-263.27731514697575,6.0,-9.0,6.0,0.25,2.0,False,False,False,disabled
2026-06-06_run02_circle_r40_off_r02,9383,9391,8,34.64101615137755,19.999999999999996,-263.27731514697575,,,,6.0,-9.0,6.0,0.0,0.0,0.0,0.0,0.0,0.0,0.0,0.0,0.0,34.64101615137755,19.999999999999996,-263.27731514697575,6.0,-9.0,6.0,0.25,2.0,False,False,False,disabled
2026-06-06_run02_circle_r40_off_r02,9483,9485,2,34.64101615137755,19.999999999999996,-263.27731514697575,,,,6.0,-9.0,6.0,0.0,0.0,0.0,0.0,0.0,0.0,0.0,0.0,0.0,34.64101615137755,19.999999999999996,-263.27731514697575,6.0,-9.0,6.0,0.25,2.0,False,False,False,disabled
2026-06-06_run02_circle_r40_off_r02,9500,9500,0,32.76608177155967,22.943057454041842,-263.27731514697575,,,,7.0,-9.0,6.0,0.0,0.0,0.0,0.0,0.0,0.0,0.0,0.0,0.0,32.76608177155967,22.943057454041842,-263.27731514697575,7.0,-9.0,6.0,0.25,2.0,False,False,True,disabled
2026-06-06_run02_circle_r40_off_r02,9600,9610,10,32.76608177155967,22.943057454041842,-263.27731514697575,,,,7.0,-9.0,6.0,0.0,0.0,0.0,0.0,0.0,0.0,0.0,0.0,0.0,32.76608177155967,22.943057454041842,-263.27731514697575,7.0,-9.0,6.0,0.25,2.0,False,False,False,disabled
2026-06-06_run02_circle_r40_off_r02,9700,9704,4,32.76608177155967,22.943057454041842,-263.27731514697575,,,,7.0,-9.0,6.0,0.0,0.0,0.0,0.0,0.0,0.0,0.0,0.0,0.0,32.76608177155967,22.943057454041842,-263.27731514697575,7.0,-9.0,6.0,0.25,2.0,False,False,False,disabled
2026-06-06_run02_circle_r40_off_r02,9800,9813,13,32.76608177155967,22.943057454041842,-263.27731514697575,,,,7.0,-9.0,6.0,0.0,0.0,0.0,0.0,0.0,0.0,0.0,0.0,0.0,32.76608177155967,22.943057454041842,-263.27731514697575,7.0,-9.0,6.0,0.25,2.0,False,False,False,disabled
2026-06-06_run02_circle_r40_off_r02,9900,9907,7,32.76608177155967,22.943057454041842,-263.27731514697575,,,,7.0,-9.0,6.0,0.0,0.0,0.0,0.0,0.0,0.0,0.0,0.0,0.0,32.76608177155967,22.943057454041842,-263.27731514697575,7.0,-9.0,6.0,0.25,2.0,False,False,False,disabled
2026-06-06_run02_circle_r40_off_r02,9917,9922,5,30.64177772475912,25.71150438746157,-263.27731514697575,,,,8.0,-8.0,5.0,0.0,0.0,0.0,0.0,0.0,0.0,0.0,0.0,0.0,30.64177772475912,25.71150438746157,-263.27731514697575,8.0,-8.0,5.0,0.25,2.0,False,False,True,disabled
2026-06-06_run02_circle_r40_off_r02,10017,10032,15,30.64177772475912,25.71150438746157,-263.27731514697575,,,,8.0,-8.0,5.0,0.0,0.0,0.0,0.0,0.0,0.0,0.0,0.0,0.0,30.64177772475912,25.71150438746157,-263.27731514697575,8.0,-8.0,5.0,0.25,2.0,False,False,False,disabled
2026-06-06_run02_circle_r40_off_r02,10117,10125,8,30.64177772475912,25.71150438746157,-263.27731514697575,,,,8.0,-8.0,5.0,0.0,0.0,0.0,0.0,0.0,0.0,0.0,0.0,0.0,30.64177772475912,25.71150438746157,-263.27731514697575,8.0,-8.0,5.0,0.25,2.0,False,False,False,disabled
2026-06-06_run02_circle_r40_off_r02,10217,10235,18,30.64177772475912,25.71150438746157,-263.27731514697575,,,,8.0,-8.0,5.0,0.0,0.0,0.0,0.0,0.0,0.0,0.0,0.0,0.0,30.64177772475912,25.71150438746157,-263.27731514697575,8.0,-8.0,5.0,0.25,2.0,False,False,False,disabled
2026-06-06_run02_circle_r40_off_r02,10317,10329,12,30.64177772475912,25.71150438746157,-263.27731514697575,,,,8.0,-8.0,5.0,0.0,0.0,0.0,0.0,0.0,0.0,0.0,0.0,0.0,30.64177772475912,25.71150438746157,-263.27731514697575,8.0,-8.0,5.0,0.25,2.0,False,False,False,disabled
2026-06-06_run02_circle_r40_off_r02,10333,10344,11,28.284271247461902,28.284271247461902,-263.27731514697575,,,,8.0,-8.0,4.0,0.0,0.0,0.0,0.0,0.0,0.0,0.0,0.0,0.0,28.284271247461902,28.284271247461902,-263.27731514697575,8.0,-8.0,4.0,0.25,2.0,False,False,True,disabled
2026-06-06_run02_circle_r40_off_r02,10433,10438,5,28.284271247461902,28.284271247461902,-263.27731514697575,,,,8.0,-8.0,4.0,0.0,0.0,0.0,0.0,0.0,0.0,0.0,0.0,0.0,28.284271247461902,28.284271247461902,-263.27731514697575,8.0,-8.0,4.0,0.25,2.0,False,False,False,disabled
2026-06-06_run02_circle_r40_off_r02,10533,10547,14,28.284271247461902,28.284271247461902,-263.27731514697575,,,,8.0,-8.0,4.0,0.0,0.0,0.0,0.0,0.0,0.0,0.0,0.0,0.0,28.284271247461902,28.284271247461902,-263.27731514697575,8.0,-8.0,4.0,0.25,2.0,False,False,False,disabled
2026-06-06_run02_circle_r40_off_r02,10633,10641,8,28.284271247461902,28.284271247461902,-263.27731514697575,,,,8.0,-8.0,4.0,0.0,0.0,0.0,0.0,0.0,0.0,0.0,0.0,0.0,28.284271247461902,28.284271247461902,-263.27731514697575,8.0,-8.0,4.0,0.25,2.0,False,False,False,disabled
2026-06-06_run02_circle_r40_off_r02,10733,10735,2,28.284271247461902,28.284271247461902,-263.27731514697575,,,,8.0,-8.0,4.0,0.0,0.0,0.0,0.0,0.0,0.0,0.0,0.0,0.0,28.284271247461902,28.284271247461902,-263.27731514697575,8.0,-8.0,4.0,0.25,2.0,False,False,False,disabled
2026-06-06_run02_circle_r40_off_r02,10750,10750,0,25.711504387461574,30.64177772475912,-263.27731514697575,,,,9.0,-8.0,3.0,0.0,0.0,0.0,0.0,0.0,0.0,0.0,0.0,0.0,25.711504387461574,30.64177772475912,-263.27731514697575,9.0,-8.0,3.0,0.25,2.0,False,False,True,disabled
2026-06-06_run02_circle_r40_off_r02,10850,10860,10,25.711504387461574,30.64177772475912,-263.27731514697575,,,,9.0,-8.0,3.0,0.0,0.0,0.0,0.0,0.0,0.0,0.0,0.0,0.0,25.711504387461574,30.64177772475912,-263.27731514697575,9.0,-8.0,3.0,0.25,2.0,False,False,False,disabled
2026-06-06_run02_circle_r40_off_r02,10950,10954,4,25.711504387461574,30.64177772475912,-263.27731514697575,,,,9.0,-8.0,3.0,0.0,0.0,0.0,0.0,0.0,0.0,0.0,0.0,0.0,25.711504387461574,30.64177772475912,-263.27731514697575,9.0,-8.0,3.0,0.25,2.0,False,False,False,disabled
2026-06-06_run02_circle_r40_off_r02,11050,11063,13,25.711504387461574,30.64177772475912,-263.27731514697575,,,,9.0,-8.0,3.0,0.0,0.0,0.0,0.0,0.0,0.0,0.0,0.0,0.0,25.711504387461574,30.64177772475912,-263.27731514697575,9.0,-8.0,3.0,0.25,2.0,False,False,False,disabled
2026-06-06_run02_circle_r40_off_r02,11150,11157,7,25.711504387461574,30.64177772475912,-263.27731514697575,,,,9.0,-8.0,3.0,0.0,0.0,0.0,0.0,0.0,0.0,0.0,0.0,0.0,25.711504387461574,30.64177772475912,-263.27731514697575,9.0,-8.0,3.0,0.25,2.0,False,False,False,disabled
2026-06-06_run02_circle_r40_off_r02,11167,11172,5,22.943057454041845,32.76608177155967,-263.27731514697575,,,,9.0,-8.0,2.0,0.0,0.0,0.0,0.0,0.0,0.0,0.0,0.0,0.0,22.943057454041845,32.76608177155967,-263.27731514697575,9.0,-8.0,2.0,0.25,2.0,False,False,True,disabled
2026-06-06_run02_circle_r40_off_r02,11267,11282,15,22.943057454041845,32.76608177155967,-263.27731514697575,,,,9.0,-8.0,2.0,0.0,0.0,0.0,0.0,0.0,0.0,0.0,0.0,0.0,22.943057454041845,32.76608177155967,-263.27731514697575,9.0,-8.0,2.0,0.25,2.0,False,False,False,disabled
2026-06-06_run02_circle_r40_off_r02,11367,11375,8,22.943057454041845,32.76608177155967,-263.27731514697575,,,,9.0,-8.0,2.0,0.0,0.0,0.0,0.0,0.0,0.0,0.0,0.0,0.0,22.943057454041845,32.76608177155967,-263.27731514697575,9.0,-8.0,2.0,0.25,2.0,False,False,False,disabled
2026-06-06_run02_circle_r40_off_r02,11467,11469,2,22.943057454041845,32.76608177155967,-263.27731514697575,,,,9.0,-8.0,2.0,0.0,0.0,0.0,0.0,0.0,0.0,0.0,0.0,0.0,22.943057454041845,32.76608177155967,-263.27731514697575,9.0,-8.0,2.0,0.25,2.0,False,False,False,disabled
2026-06-06_run02_circle_r40_off_r02,11567,11594,27,22.943057454041845,32.76608177155967,-263.27731514697575,,,,9.0,-8.0,2.0,0.0,0.0,0.0,0.0,0.0,0.0,0.0,0.0,0.0,22.943057454041845,32.76608177155967,-263.27731514697575,9.0,-8.0,2.0,0.25,2.0,False,False,False,disabled
2026-06-06_run02_circle_r40_off_r02,11583,11594,11,20.000000000000004,34.64101615137754,-263.27731514697575,,,,10.0,-7.0,1.0,0.0,0.0,0.0,0.0,0.0,0.0,0.0,0.0,0.0,20.000000000000004,34.64101615137754,-263.27731514697575,10.0,-7.0,1.0,0.25,2.0,False,False,True,disabled
2026-06-06_run02_circle_r40_off_r02,11683,11688,5,20.000000000000004,34.64101615137754,-263.27731514697575,,,,10.0,-7.0,1.0,0.0,0.0,0.0,0.0,0.0,0.0,0.0,0.0,0.0,20.000000000000004,34.64101615137754,-263.27731514697575,10.0,-7.0,1.0,0.25,2.0,False,False,False,disabled
2026-06-06_run02_circle_r40_off_r02,11783,11797,14,20.000000000000004,34.64101615137754,-263.27731514697575,,,,10.0,-7.0,1.0,0.0,0.0,0.0,0.0,0.0,0.0,0.0,0.0,0.0,20.000000000000004,34.64101615137754,-263.27731514697575,10.0,-7.0,1.0,0.25,2.0,False,False,False,disabled
2026-06-06_run02_circle_r40_off_r02,11883,11891,8,20.000000000000004,34.64101615137754,-263.27731514697575,,,,10.0,-7.0,1.0,0.0,0.0,0.0,0.0,0.0,0.0,0.0,0.0,0.0,20.000000000000004,34.64101615137754,-263.27731514697575,10.0,-7.0,1.0,0.25,2.0,False,False,False,disabled
2026-06-06_run02_circle_r40_off_r02,11983,11985,2,20.000000000000004,34.64101615137754,-263.27731514697575,,,,10.0,-7.0,1.0,0.0,0.0,0.0,0.0,0.0,0.0,0.0,0.0,0.0,20.000000000000004,34.64101615137754,-263.27731514697575,10.0,-7.0,1.0,0.25,2.0,False,False,False,disabled
2026-06-06_run02_circle_r40_off_r02,12000,12000,0,16.904730469627978,36.252311481465995,-263.27731514697575,,,,10.0,-7.0,1.0,0.0,0.0,0.0,0.0,0.0,0.0,0.0,0.0,0.0,16.904730469627978,36.252311481465995,-263.27731514697575,10.0,-7.0,1.0,0.25,2.0,False,False,True,disabled
2026-06-06_run02_circle_r40_off_r02,12100,12110,10,16.904730469627978,36.252311481465995,-263.27731514697575,,,,10.0,-7.0,1.0,0.0,0.0,0.0,0.0,0.0,0.0,0.0,0.0,0.0,16.904730469627978,36.252311481465995,-263.27731514697575,10.0,-7.0,1.0,0.25,2.0,False,False,False,disabled
2026-06-06_run02_circle_r40_off_r02,12200,12204,4,16.904730469627978,36.252311481465995,-263.27731514697575,,,,10.0,-7.0,1.0,0.0,0.0,0.0,0.0,0.0,0.0,0.0,0.0,0.0,16.904730469627978,36.252311481465995,-263.27731514697575,10.0,-7.0,1.0,0.25,2.0,False,False,False,disabled
2026-06-06_run02_circle_r40_off_r02,12300,12313,13,16.904730469627978,36.252311481465995,-263.27731514697575,,,,10.0,-7.0,1.0,0.0,0.0,0.0,0.0,0.0,0.0,0.0,0.0,0.0,16.904730469627978,36.252311481465995,-263.27731514697575,10.0,-7.0,1.0,0.25,2.0,False,False,False,disabled
2026-06-06_run02_circle_r40_off_r02,12400,12407,7,16.904730469627978,36.252311481465995,-263.27731514697575,,,,10.0,-7.0,1.0,0.0,0.0,0.0,0.0,0.0,0.0,0.0,0.0,0.0,16.904730469627978,36.252311481465995,-263.27731514697575,10.0,-7.0,1.0,0.25,2.0,False,False,False,disabled
2026-06-06_run02_circle_r40_off_r02,12417,12422,5,13.680805733026753,37.587704831436334,-263.27731514697575,,,,11.0,-6.0,0.0,0.0,0.0,0.0,0.0,0.0,0.0,0.0,0.0,0.0,13.680805733026753,37.587704831436334,-263.27731514697575,11.0,-6.0,0.0,0.25,2.0,False,False,True,disabled
2026-06-06_run02_circle_r40_off_r02,12517,12532,15,13.680805733026753,37.587704831436334,-263.27731514697575,,,,11.0,-6.0,0.0,0.0,0.0,0.0,0.0,0.0,0.0,0.0,0.0,0.0,13.680805733026753,37.587704831436334,-263.27731514697575,11.0,-6.0,0.0,0.25,2.0,False,False,False,disabled
2026-06-06_run02_circle_r40_off_r02,12617,12625,8,13.680805733026753,37.587704831436334,-263.27731514697575,,,,11.0,-6.0,0.0,0.0,0.0,0.0,0.0,0.0,0.0,0.0,0.0,0.0,13.680805733026753,37.587704831436334,-263.27731514697575,11.0,-6.0,0.0,0.25,2.0,False,False,False,disabled
2026-06-06_run02_circle_r40_off_r02,12717,12719,2,13.680805733026753,37.587704831436334,-263.27731514697575,,,,11.0,-6.0,0.0,0.0,0.0,0.0,0.0,0.0,0.0,0.0,0.0,0.0,13.680805733026753,37.587704831436334,-263.27731514697575,11.0,-6.0,0.0,0.25,2.0,False,False,False,disabled
2026-06-06_run02_circle_r40_off_r02,12817,12829,12,13.680805733026753,37.587704831436334,-263.27731514697575,,,,11.0,-6.0,0.0,0.0,0.0,0.0,0.0,0.0,0.0,0.0,0.0,0.0,13.680805733026753,37.587704831436334,-263.27731514697575,11.0,-6.0,0.0,0.25,2.0,False,False,False,disabled
2026-06-06_run02_circle_r40_off_r02,12833,12844,11,10.352761804100838,38.637033051562724,-263.27731514697575,,,,11.0,-6.0,-1.0,0.0,0.0,0.0,0.0,0.0,0.0,0.0,0.0,0.0,10.352761804100838,38.637033051562724,-263.27731514697575,11.0,-6.0,-1.0,0.25,2.0,False,False,True,disabled
2026-06-06_run02_circle_r40_off_r02,12933,12938,5,10.352761804100838,38.637033051562724,-263.27731514697575,,,,11.0,-6.0,-1.0,0.0,0.0,0.0,0.0,0.0,0.0,0.0,0.0,0.0,10.352761804100838,38.637033051562724,-263.27731514697575,11.0,-6.0,-1.0,0.25,2.0,False,False,False,disabled
2026-06-06_run02_circle_r40_off_r02,13033,13047,14,10.352761804100838,38.637033051562724,-263.27731514697575,,,,11.0,-6.0,-1.0,0.0,0.0,0.0,0.0,0.0,0.0,0.0,0.0,0.0,10.352761804100838,38.637033051562724,-263.27731514697575,11.0,-6.0,-1.0,0.25,2.0,False,False,False,disabled
2026-06-06_run02_circle_r40_off_r02,13133,13141,8,10.352761804100838,38.637033051562724,-263.27731514697575,,,,11.0,-6.0,-1.0,0.0,0.0,0.0,0.0,0.0,0.0,0.0,0.0,0.0,10.352761804100838,38.637033051562724,-263.27731514697575,11.0,-6.0,-1.0,0.25,2.0,False,False,False,disabled
2026-06-06_run02_circle_r40_off_r02,13233,13235,2,10.352761804100838,38.637033051562724,-263.27731514697575,,,,11.0,-6.0,-1.0,0.0,0.0,0.0,0.0,0.0,0.0,0.0,0.0,0.0,10.352761804100838,38.637033051562724,-263.27731514697575,11.0,-6.0,-1.0,0.25,2.0,False,False,False,disabled
2026-06-06_run02_circle_r40_off_r02,13250,13250,0,6.945927106677217,39.39231012048832,-263.27731514697575,,,,11.0,-5.0,-2.0,0.0,0.0,0.0,0.0,0.0,0.0,0.0,0.0,0.0,6.945927106677217,39.39231012048832,-263.27731514697575,11.0,-5.0,-2.0,0.25,2.0,False,False,True,disabled
2026-06-06_run02_circle_r40_off_r02,13350,13360,10,6.945927106677217,39.39231012048832,-263.27731514697575,,,,11.0,-5.0,-2.0,0.0,0.0,0.0,0.0,0.0,0.0,0.0,0.0,0.0,6.945927106677217,39.39231012048832,-263.27731514697575,11.0,-5.0,-2.0,0.25,2.0,False,False,False,disabled
2026-06-06_run02_circle_r40_off_r02,13450,13454,4,6.945927106677217,39.39231012048832,-263.27731514697575,,,,11.0,-5.0,-2.0,0.0,0.0,0.0,0.0,0.0,0.0,0.0,0.0,0.0,6.945927106677217,39.39231012048832,-263.27731514697575,11.0,-5.0,-2.0,0.25,2.0,False,False,False,disabled
2026-06-06_run02_circle_r40_off_r02,13550,13563,13,6.945927106677217,39.39231012048832,-263.27731514697575,,,,11.0,-5.0,-2.0,0.0,0.0,0.0,0.0,0.0,0.0,0.0,0.0,0.0,6.945927106677217,39.39231012048832,-263.27731514697575,11.0,-5.0,-2.0,0.25,2.0,False,False,False,disabled
2026-06-06_run02_circle_r40_off_r02,13650,13657,7,6.945927106677217,39.39231012048832,-263.27731514697575,,,,11.0,-5.0,-2.0,0.0,0.0,0.0,0.0,0.0,0.0,0.0,0.0,0.0,6.945927106677217,39.39231012048832,-263.27731514697575,11.0,-5.0,-2.0,0.25,2.0,False,False,False,disabled
2026-06-06_run02_circle_r40_off_r02,13667,13672,5,3.4862297099063255,39.84778792366982,-263.27731514697575,,,,11.0,-4.0,-3.0,0.0,0.0,0.0,0.0,0.0,0.0,0.0,0.0,0.0,3.4862297099063255,39.84778792366982,-263.27731514697575,11.0,-4.0,-3.0,0.25,2.0,False,False,True,disabled
2026-06-06_run02_circle_r40_off_r02,13767,13782,15,3.4862297099063255,39.84778792366982,-263.27731514697575,,,,11.0,-4.0,-3.0,0.0,0.0,0.0,0.0,0.0,0.0,0.0,0.0,0.0,3.4862297099063255,39.84778792366982,-263.27731514697575,11.0,-4.0,-3.0,0.25,2.0,False,False,False,disabled
2026-06-06_run02_circle_r40_off_r02,13867,13875,8,3.4862297099063255,39.84778792366982,-263.27731514697575,,,,11.0,-4.0,-3.0,0.0,0.0,0.0,0.0,0.0,0.0,0.0,0.0,0.0,3.4862297099063255,39.84778792366982,-263.27731514697575,11.0,-4.0,-3.0,0.25,2.0,False,False,False,disabled
2026-06-06_run02_circle_r40_off_r02,13967,13985,18,3.4862297099063255,39.84778792366982,-263.27731514697575,,,,11.0,-4.0,-3.0,0.0,0.0,0.0,0.0,0.0,0.0,0.0,0.0,0.0,3.4862297099063255,39.84778792366982,-263.27731514697575,11.0,-4.0,-3.0,0.25,2.0,False,False,False,disabled
2026-06-06_run02_circle_r40_off_r02,14067,14079,12,3.4862297099063255,39.84778792366982,-263.27731514697575,,,,11.0,-4.0,-3.0,0.0,0.0,0.0,0.0,0.0,0.0,0.0,0.0,0.0,3.4862297099063255,39.84778792366982,-263.27731514697575,11.0,-4.0,-3.0,0.25,2.0,False,False,False,disabled
2026-06-06_run02_circle_r40_off_r02,14083,14094,11,0.0,40.0,-263.27731514697575,,,,11.0,-4.0,-4.0,0.0,0.0,0.0,0.0,0.0,0.0,0.0,0.0,0.0,0.0,40.0,-263.27731514697575,11.0,-4.0,-4.0,0.25,2.0,False,False,True,disabled
2026-06-06_run02_circle_r40_off_r02,14183,14188,5,0.0,40.0,-263.27731514697575,,,,11.0,-4.0,-4.0,0.0,0.0,0.0,0.0,0.0,0.0,0.0,0.0,0.0,0.0,40.0,-263.27731514697575,11.0,-4.0,-4.0,0.25,2.0,False,False,False,disabled
2026-06-06_run02_circle_r40_off_r02,14283,14297,14,0.0,40.0,-263.27731514697575,,,,11.0,-4.0,-4.0,0.0,0.0,0.0,0.0,0.0,0.0,0.0,0.0,0.0,0.0,40.0,-263.27731514697575,11.0,-4.0,-4.0,0.25,2.0,False,False,False,disabled
2026-06-06_run02_circle_r40_off_r02,14383,14391,8,0.0,40.0,-263.27731514697575,,,,11.0,-4.0,-4.0,0.0,0.0,0.0,0.0,0.0,0.0,0.0,0.0,0.0,0.0,40.0,-263.27731514697575,11.0,-4.0,-4.0,0.25,2.0,False,False,False,disabled
2026-06-06_run02_circle_r40_off_r02,14483,14485,2,0.0,40.0,-263.27731514697575,,,,11.0,-4.0,-4.0,0.0,0.0,0.0,0.0,0.0,0.0,0.0,0.0,0.0,0.0,40.0,-263.27731514697575,11.0,-4.0,-4.0,0.25,2.0,False,False,False,disabled
2026-06-06_run02_circle_r40_off_r02,14500,14500,0,-3.4862297099063206,39.84778792366982,-263.27731514697575,,,,11.0,-3.0,-4.0,0.0,0.0,0.0,0.0,0.0,0.0,0.0,0.0,0.0,-3.4862297099063206,39.84778792366982,-263.27731514697575,11.0,-3.0,-4.0,0.25,2.0,False,False,True,disabled
2026-06-06_run02_circle_r40_off_r02,14600,14610,10,-3.4862297099063206,39.84778792366982,-263.27731514697575,,,,11.0,-3.0,-4.0,0.0,0.0,0.0,0.0,0.0,0.0,0.0,0.0,0.0,-3.4862297099063206,39.84778792366982,-263.27731514697575,11.0,-3.0,-4.0,0.25,2.0,False,False,False,disabled
2026-06-06_run02_circle_r40_off_r02,14700,14704,4,-3.4862297099063206,39.84778792366982,-263.27731514697575,,,,11.0,-3.0,-4.0,0.0,0.0,0.0,0.0,0.0,0.0,0.0,0.0,0.0,-3.4862297099063206,39.84778792366982,-263.27731514697575,11.0,-3.0,-4.0,0.25,2.0,False,False,False,disabled
2026-06-06_run02_circle_r40_off_r02,14800,14813,13,-3.4862297099063206,39.84778792366982,-263.27731514697575,,,,11.0,-3.0,-4.0,0.0,0.0,0.0,0.0,0.0,0.0,0.0,0.0,0.0,-3.4862297099063206,39.84778792366982,-263.27731514697575,11.0,-3.0,-4.0,0.25,2.0,False,False,False,disabled
2026-06-06_run02_circle_r40_off_r02,14900,14907,7,-3.4862297099063206,39.84778792366982,-263.27731514697575,,,,11.0,-3.0,-4.0,0.0,0.0,0.0,0.0,0.0,0.0,0.0,0.0,0.0,-3.4862297099063206,39.84778792366982,-263.27731514697575,11.0,-3.0,-4.0,0.25,2.0,False,False,False,disabled
2026-06-06_run02_circle_r40_off_r02,14917,14938,21,-6.945927106677212,39.39231012048832,-263.27731514697575,,,,11.0,-2.0,-5.0,0.0,0.0,0.0,0.0,0.0,0.0,0.0,0.0,0.0,-6.945927106677212,39.39231012048832,-263.27731514697575,11.0,-2.0,-5.0,0.25,2.0,False,False,True,disabled
2026-06-06_run02_circle_r40_off_r02,15017,15032,15,-6.945927106677212,39.39231012048832,-263.27731514697575,,,,11.0,-2.0,-5.0,0.0,0.0,0.0,0.0,0.0,0.0,0.0,0.0,0.0,-6.945927106677212,39.39231012048832,-263.27731514697575,11.0,-2.0,-5.0,0.25,2.0,False,False,False,disabled
2026-06-06_run02_circle_r40_off_r02,15117,15125,8,-6.945927106677212,39.39231012048832,-263.27731514697575,,,,11.0,-2.0,-5.0,0.0,0.0,0.0,0.0,0.0,0.0,0.0,0.0,0.0,-6.945927106677212,39.39231012048832,-263.27731514697575,11.0,-2.0,-5.0,0.25,2.0,False,False,False,disabled
2026-06-06_run02_circle_r40_off_r02,15217,15219,2,-6.945927106677212,39.39231012048832,-263.27731514697575,,,,11.0,-2.0,-5.0,0.0,0.0,0.0,0.0,0.0,0.0,0.0,0.0,0.0,-6.945927106677212,39.39231012048832,-263.27731514697575,11.0,-2.0,-5.0,0.25,2.0,False,False,False,disabled
2026-06-06_run02_circle_r40_off_r02,15317,15329,12,-6.945927106677212,39.39231012048832,-263.27731514697575,,,,11.0,-2.0,-5.0,0.0,0.0,0.0,0.0,0.0,0.0,0.0,0.0,0.0,-6.945927106677212,39.39231012048832,-263.27731514697575,11.0,-2.0,-5.0,0.25,2.0,False,False,False,disabled
2026-06-06_run02_circle_r40_off_r02,15333,15344,11,-10.352761804100833,38.63703305156273,-263.27731514697575,,,,11.0,-1.0,-6.0,0.0,0.0,0.0,0.0,0.0,0.0,0.0,0.0,0.0,-10.352761804100833,38.63703305156273,-263.27731514697575,11.0,-1.0,-6.0,0.25,2.0,False,False,True,disabled
2026-06-06_run02_circle_r40_off_r02,15433,15454,21,-10.352761804100833,38.63703305156273,-263.27731514697575,,,,11.0,-1.0,-6.0,0.0,0.0,0.0,0.0,0.0,0.0,0.0,0.0,0.0,-10.352761804100833,38.63703305156273,-263.27731514697575,11.0,-1.0,-6.0,0.25,2.0,False,False,False,disabled
2026-06-06_run02_circle_r40_off_r02,15533,15547,14,-10.352761804100833,38.63703305156273,-263.27731514697575,,,,11.0,-1.0,-6.0,0.0,0.0,0.0,0.0,0.0,0.0,0.0,0.0,0.0,-10.352761804100833,38.63703305156273,-263.27731514697575,11.0,-1.0,-6.0,0.25,2.0,False,False,False,disabled
2026-06-06_run02_circle_r40_off_r02,15633,15641,8,-10.352761804100833,38.63703305156273,-263.27731514697575,,,,11.0,-1.0,-6.0,0.0,0.0,0.0,0.0,0.0,0.0,0.0,0.0,0.0,-10.352761804100833,38.63703305156273,-263.27731514697575,11.0,-1.0,-6.0,0.25,2.0,False,False,False,disabled
2026-06-06_run02_circle_r40_off_r02,15733,15735,2,-10.352761804100833,38.63703305156273,-263.27731514697575,,,,11.0,-1.0,-6.0,0.0,0.0,0.0,0.0,0.0,0.0,0.0,0.0,0.0,-10.352761804100833,38.63703305156273,-263.27731514697575,11.0,-1.0,-6.0,0.25,2.0,False,False,False,disabled
2026-06-06_run02_circle_r40_off_r02,15750,15750,0,-13.68080573302674,37.58770483143634,-263.27731514697575,,,,11.0,0.0,-6.0,0.0,0.0,0.0,0.0,0.0,0.0,0.0,0.0,0.0,-13.68080573302674,37.58770483143634,-263.27731514697575,11.0,0.0,-6.0,0.25,2.0,False,False,True,disabled
2026-06-06_run02_circle_r40_off_r02,15850,15860,10,-13.68080573302674,37.58770483143634,-263.27731514697575,,,,11.0,0.0,-6.0,0.0,0.0,0.0,0.0,0.0,0.0,0.0,0.0,0.0,-13.68080573302674,37.58770483143634,-263.27731514697575,11.0,0.0,-6.0,0.25,2.0,False,False,False,disabled
2026-06-06_run02_circle_r40_off_r02,15950,15954,4,-13.68080573302674,37.58770483143634,-263.27731514697575,,,,11.0,0.0,-6.0,0.0,0.0,0.0,0.0,0.0,0.0,0.0,0.0,0.0,-13.68080573302674,37.58770483143634,-263.27731514697575,11.0,0.0,-6.0,0.25,2.0,False,False,False,disabled
2026-06-06_run02_circle_r40_off_r02,16050,16063,13,-13.68080573302674,37.58770483143634,-263.27731514697575,,,,11.0,0.0,-6.0,0.0,0.0,0.0,0.0,0.0,0.0,0.0,0.0,0.0,-13.68080573302674,37.58770483143634,-263.27731514697575,11.0,0.0,-6.0,0.25,2.0,False,False,False,disabled
2026-06-06_run02_circle_r40_off_r02,16150,16157,7,-13.68080573302674,37.58770483143634,-263.27731514697575,,,,11.0,0.0,-6.0,0.0,0.0,0.0,0.0,0.0,0.0,0.0,0.0,0.0,-13.68080573302674,37.58770483143634,-263.27731514697575,11.0,0.0,-6.0,0.25,2.0,False,False,False,disabled
2026-06-06_run02_circle_r40_off_r02,16167,16172,5,-16.904730469627975,36.252311481466,-263.27731514697575,,,,10.0,1.0,-7.0,0.0,0.0,0.0,0.0,0.0,0.0,0.0,0.0,0.0,-16.904730469627975,36.252311481466,-263.27731514697575,10.0,1.0,-7.0,0.25,2.0,False,False,True,disabled
2026-06-06_run02_circle_r40_off_r02,16267,16282,15,-16.904730469627975,36.252311481466,-263.27731514697575,,,,10.0,1.0,-7.0,0.0,0.0,0.0,0.0,0.0,0.0,0.0,0.0,0.0,-16.904730469627975,36.252311481466,-263.27731514697575,10.0,1.0,-7.0,0.25,2.0,False,False,False,disabled
2026-06-06_run02_circle_r40_off_r02,16367,16375,8,-16.904730469627975,36.252311481466,-263.27731514697575,,,,10.0,1.0,-7.0,0.0,0.0,0.0,0.0,0.0,0.0,0.0,0.0,0.0,-16.904730469627975,36.252311481466,-263.27731514697575,10.0,1.0,-7.0,0.25,2.0,False,False,False,disabled
2026-06-06_run02_circle_r40_off_r02,16467,16469,2,-16.904730469627975,36.252311481466,-263.27731514697575,,,,10.0,1.0,-7.0,0.0,0.0,0.0,0.0,0.0,0.0,0.0,0.0,0.0,-16.904730469627975,36.252311481466,-263.27731514697575,10.0,1.0,-7.0,0.25,2.0,False,False,False,disabled
2026-06-06_run02_circle_r40_off_r02,16567,16579,12,-16.904730469627975,36.252311481466,-263.27731514697575,,,,10.0,1.0,-7.0,0.0,0.0,0.0,0.0,0.0,0.0,0.0,0.0,0.0,-16.904730469627975,36.252311481466,-263.27731514697575,10.0,1.0,-7.0,0.25,2.0,False,False,False,disabled
2026-06-06_run02_circle_r40_off_r02,16583,16594,11,-19.999999999999993,34.64101615137755,-263.27731514697575,,,,10.0,1.0,-7.0,0.0,0.0,0.0,0.0,0.0,0.0,0.0,0.0,0.0,-19.999999999999993,34.64101615137755,-263.27731514697575,10.0,1.0,-7.0,0.25,2.0,False,False,True,disabled
2026-06-06_run02_circle_r40_off_r02,16683,16688,5,-19.999999999999993,34.64101615137755,-263.27731514697575,,,,10.0,1.0,-7.0,0.0,0.0,0.0,0.0,0.0,0.0,0.0,0.0,0.0,-19.999999999999993,34.64101615137755,-263.27731514697575,10.0,1.0,-7.0,0.25,2.0,False,False,False,disabled
2026-06-06_run02_circle_r40_off_r02,16783,16797,14,-19.999999999999993,34.64101615137755,-263.27731514697575,,,,10.0,1.0,-7.0,0.0,0.0,0.0,0.0,0.0,0.0,0.0,0.0,0.0,-19.999999999999993,34.64101615137755,-263.27731514697575,10.0,1.0,-7.0,0.25,2.0,False,False,False,disabled
2026-06-06_run02_circle_r40_off_r02,16883,16891,8,-19.999999999999993,34.64101615137755,-263.27731514697575,,,,10.0,1.0,-7.0,0.0,0.0,0.0,0.0,0.0,0.0,0.0,0.0,0.0,-19.999999999999993,34.64101615137755,-263.27731514697575,10.0,1.0,-7.0,0.25,2.0,False,False,False,disabled
2026-06-06_run02_circle_r40_off_r02,16983,16985,2,-19.999999999999993,34.64101615137755,-263.27731514697575,,,,10.0,1.0,-7.0,0.0,0.0,0.0,0.0,0.0,0.0,0.0,0.0,0.0,-19.999999999999993,34.64101615137755,-263.27731514697575,10.0,1.0,-7.0,0.25,2.0,False,False,False,disabled
2026-06-06_run02_circle_r40_off_r02,17000,17000,0,-22.943057454041845,32.76608177155967,-263.27731514697575,,,,9.0,2.0,-8.0,0.0,0.0,0.0,0.0,0.0,0.0,0.0,0.0,0.0,-22.943057454041845,32.76608177155967,-263.27731514697575,9.0,2.0,-8.0,0.25,2.0,False,False,True,disabled
2026-06-06_run02_circle_r40_off_r02,17100,17110,10,-22.943057454041845,32.76608177155967,-263.27731514697575,,,,9.0,2.0,-8.0,0.0,0.0,0.0,0.0,0.0,0.0,0.0,0.0,0.0,-22.943057454041845,32.76608177155967,-263.27731514697575,9.0,2.0,-8.0,0.25,2.0,False,False,False,disabled
2026-06-06_run02_circle_r40_off_r02,17200,17204,4,-22.943057454041845,32.76608177155967,-263.27731514697575,,,,9.0,2.0,-8.0,0.0,0.0,0.0,0.0,0.0,0.0,0.0,0.0,0.0,-22.943057454041845,32.76608177155967,-263.27731514697575,9.0,2.0,-8.0,0.25,2.0,False,False,False,disabled
2026-06-06_run02_circle_r40_off_r02,17300,17313,13,-22.943057454041845,32.76608177155967,-263.27731514697575,,,,9.0,2.0,-8.0,0.0,0.0,0.0,0.0,0.0,0.0,0.0,0.0,0.0,-22.943057454041845,32.76608177155967,-263.27731514697575,9.0,2.0,-8.0,0.25,2.0,False,False,False,disabled
2026-06-06_run02_circle_r40_off_r02,17400,17407,7,-22.943057454041845,32.76608177155967,-263.27731514697575,,,,9.0,2.0,-8.0,0.0,0.0,0.0,0.0,0.0,0.0,0.0,0.0,0.0,-22.943057454041845,32.76608177155967,-263.27731514697575,9.0,2.0,-8.0,0.25,2.0,False,False,False,disabled
2026-06-06_run02_circle_r40_off_r02,17417,17422,5,-25.711504387461574,30.64177772475912,-263.27731514697575,,,,9.0,3.0,-8.0,0.0,0.0,0.0,0.0,0.0,0.0,0.0,0.0,0.0,-25.711504387461574,30.64177772475912,-263.27731514697575,9.0,3.0,-8.0,0.25,2.0,False,False,True,disabled
2026-06-06_run02_circle_r40_off_r02,17517,17532,15,-25.711504387461574,30.64177772475912,-263.27731514697575,,,,9.0,3.0,-8.0,0.0,0.0,0.0,0.0,0.0,0.0,0.0,0.0,0.0,-25.711504387461574,30.64177772475912,-263.27731514697575,9.0,3.0,-8.0,0.25,2.0,False,False,False,disabled
2026-06-06_run02_circle_r40_off_r02,17617,17625,8,-25.711504387461574,30.64177772475912,-263.27731514697575,,,,9.0,3.0,-8.0,0.0,0.0,0.0,0.0,0.0,0.0,0.0,0.0,0.0,-25.711504387461574,30.64177772475912,-263.27731514697575,9.0,3.0,-8.0,0.25,2.0,False,False,False,disabled
2026-06-06_run02_circle_r40_off_r02,17717,17719,2,-25.711504387461574,30.64177772475912,-263.27731514697575,,,,9.0,3.0,-8.0,0.0,0.0,0.0,0.0,0.0,0.0,0.0,0.0,0.0,-25.711504387461574,30.64177772475912,-263.27731514697575,9.0,3.0,-8.0,0.25,2.0,False,False,False,disabled
2026-06-06_run02_circle_r40_off_r02,17817,17829,12,-25.711504387461574,30.64177772475912,-263.27731514697575,,,,9.0,3.0,-8.0,0.0,0.0,0.0,0.0,0.0,0.0,0.0,0.0,0.0,-25.711504387461574,30.64177772475912,-263.27731514697575,9.0,3.0,-8.0,0.25,2.0,False,False,False,disabled
2026-06-06_run02_circle_r40_off_r02,17833,17844,11,-28.2842712474619,28.284271247461902,-263.27731514697575,,,,8.0,4.0,-8.0,0.0,0.0,0.0,0.0,0.0,0.0,0.0,0.0,0.0,-28.2842712474619,28.284271247461902,-263.27731514697575,8.0,4.0,-8.0,0.25,2.0,False,False,True,disabled
2026-06-06_run02_circle_r40_off_r02,17933,17938,5,-28.2842712474619,28.284271247461902,-263.27731514697575,,,,8.0,4.0,-8.0,0.0,0.0,0.0,0.0,0.0,0.0,0.0,0.0,0.0,-28.2842712474619,28.284271247461902,-263.27731514697575,8.0,4.0,-8.0,0.25,2.0,False,False,False,disabled
2026-06-06_run02_circle_r40_off_r02,18033,18047,14,-28.2842712474619,28.284271247461902,-263.27731514697575,,,,8.0,4.0,-8.0,0.0,0.0,0.0,0.0,0.0,0.0,0.0,0.0,0.0,-28.2842712474619,28.284271247461902,-263.27731514697575,8.0,4.0,-8.0,0.25,2.0,False,False,False,disabled
2026-06-06_run02_circle_r40_off_r02,18133,18141,8,-28.2842712474619,28.284271247461902,-263.27731514697575,,,,8.0,4.0,-8.0,0.0,0.0,0.0,0.0,0.0,0.0,0.0,0.0,0.0,-28.2842712474619,28.284271247461902,-263.27731514697575,8.0,4.0,-8.0,0.25,2.0,False,False,False,disabled
2026-06-06_run02_circle_r40_off_r02,18233,18250,17,-28.2842712474619,28.284271247461902,-263.27731514697575,,,,8.0,4.0,-8.0,0.0,0.0,0.0,0.0,0.0,0.0,0.0,0.0,0.0,-28.2842712474619,28.284271247461902,-263.27731514697575,8.0,4.0,-8.0,0.25,2.0,False,False,False,disabled
2026-06-06_run02_circle_r40_off_r02,18250,18250,0,-30.641777724759116,25.71150438746158,-263.27731514697575,,,,8.0,5.0,-8.0,0.0,0.0,0.0,0.0,0.0,0.0,0.0,0.0,0.0,-30.641777724759116,25.71150438746158,-263.27731514697575,8.0,5.0,-8.0,0.25,2.0,False,False,True,disabled
2026-06-06_run02_circle_r40_off_r02,18350,18360,10,-30.641777724759116,25.71150438746158,-263.27731514697575,,,,8.0,5.0,-8.0,0.0,0.0,0.0,0.0,0.0,0.0,0.0,0.0,0.0,-30.641777724759116,25.71150438746158,-263.27731514697575,8.0,5.0,-8.0,0.25,2.0,False,False,False,disabled
2026-06-06_run02_circle_r40_off_r02,18450,18454,4,-30.641777724759116,25.71150438746158,-263.27731514697575,,,,8.0,5.0,-8.0,0.0,0.0,0.0,0.0,0.0,0.0,0.0,0.0,0.0,-30.641777724759116,25.71150438746158,-263.27731514697575,8.0,5.0,-8.0,0.25,2.0,False,False,False,disabled
2026-06-06_run02_circle_r40_off_r02,18550,18563,13,-30.641777724759116,25.71150438746158,-263.27731514697575,,,,8.0,5.0,-8.0,0.0,0.0,0.0,0.0,0.0,0.0,0.0,0.0,0.0,-30.641777724759116,25.71150438746158,-263.27731514697575,8.0,5.0,-8.0,0.25,2.0,False,False,False,disabled
2026-06-06_run02_circle_r40_off_r02,18650,18657,7,-30.641777724759116,25.71150438746158,-263.27731514697575,,,,8.0,5.0,-8.0,0.0,0.0,0.0,0.0,0.0,0.0,0.0,0.0,0.0,-30.641777724759116,25.71150438746158,-263.27731514697575,8.0,5.0,-8.0,0.25,2.0,False,False,False,disabled
2026-06-06_run02_circle_r40_off_r02,18667,18672,5,-32.766081771559676,22.94305745404184,-263.27731514697575,,,,7.0,6.0,-9.0,0.0,0.0,0.0,0.0,0.0,0.0,0.0,0.0,0.0,-32.766081771559676,22.94305745404184,-263.27731514697575,7.0,6.0,-9.0,0.25,2.0,False,False,True,disabled
2026-06-06_run02_circle_r40_off_r02,18767,18782,15,-32.766081771559676,22.94305745404184,-263.27731514697575,,,,7.0,6.0,-9.0,0.0,0.0,0.0,0.0,0.0,0.0,0.0,0.0,0.0,-32.766081771559676,22.94305745404184,-263.27731514697575,7.0,6.0,-9.0,0.25,2.0,False,False,False,disabled
2026-06-06_run02_circle_r40_off_r02,18867,18875,8,-32.766081771559676,22.94305745404184,-263.27731514697575,,,,7.0,6.0,-9.0,0.0,0.0,0.0,0.0,0.0,0.0,0.0,0.0,0.0,-32.766081771559676,22.94305745404184,-263.27731514697575,7.0,6.0,-9.0,0.25,2.0,False,False,False,disabled
2026-06-06_run02_circle_r40_off_r02,18967,18969,2,-32.766081771559676,22.94305745404184,-263.27731514697575,,,,7.0,6.0,-9.0,0.0,0.0,0.0,0.0,0.0,0.0,0.0,0.0,0.0,-32.766081771559676,22.94305745404184,-263.27731514697575,7.0,6.0,-9.0,0.25,2.0,False,False,False,disabled
2026-06-06_run02_circle_r40_off_r02,19067,19079,12,-32.766081771559676,22.94305745404184,-263.27731514697575,,,,7.0,6.0,-9.0,0.0,0.0,0.0,0.0,0.0,0.0,0.0,0.0,0.0,-32.766081771559676,22.94305745404184,-263.27731514697575,7.0,6.0,-9.0,0.25,2.0,False,False,False,disabled
2026-06-06_run02_circle_r40_off_r02,19083,19094,11,-34.64101615137754,20.000000000000014,-263.27731514697575,,,,6.0,6.0,-9.0,0.0,0.0,0.0,0.0,0.0,0.0,0.0,0.0,0.0,-34.64101615137754,20.000000000000014,-263.27731514697575,6.0,6.0,-9.0,0.25,2.0,False,False,True,disabled
2026-06-06_run02_circle_r40_off_r02,19183,19219,36,-34.64101615137754,20.000000000000014,-263.27731514697575,,,,6.0,6.0,-9.0,0.0,0.0,0.0,0.0,0.0,0.0,0.0,0.0,0.0,-34.64101615137754,20.000000000000014,-263.27731514697575,6.0,6.0,-9.0,0.25,2.0,False,False,False,disabled
2026-06-06_run02_circle_r40_off_r02,19283,19297,14,-34.64101615137754,20.000000000000014,-263.27731514697575,,,,6.0,6.0,-9.0,0.0,0.0,0.0,0.0,0.0,0.0,0.0,0.0,0.0,-34.64101615137754,20.000000000000014,-263.27731514697575,6.0,6.0,-9.0,0.25,2.0,False,False,False,disabled
2026-06-06_run02_circle_r40_off_r02,19383,19391,8,-34.64101615137754,20.000000000000014,-263.27731514697575,,,,6.0,6.0,-9.0,0.0,0.0,0.0,0.0,0.0,0.0,0.0,0.0,0.0,-34.64101615137754,20.000000000000014,-263.27731514697575,6.0,6.0,-9.0,0.25,2.0,False,False,False,disabled
2026-06-06_run02_circle_r40_off_r02,19483,19485,2,-34.64101615137754,20.000000000000014,-263.27731514697575,,,,6.0,6.0,-9.0,0.0,0.0,0.0,0.0,0.0,0.0,0.0,0.0,0.0,-34.64101615137754,20.000000000000014,-263.27731514697575,6.0,6.0,-9.0,0.25,2.0,False,False,False,disabled
2026-06-06_run02_circle_r40_off_r02,19500,19500,0,-36.252311481465995,16.904730469627978,-263.27731514697575,,,,6.0,7.0,-9.0,0.0,0.0,0.0,0.0,0.0,0.0,0.0,0.0,0.0,-36.252311481465995,16.904730469627978,-263.27731514697575,6.0,7.0,-9.0,0.25,2.0,False,False,True,disabled
2026-06-06_run02_circle_r40_off_r02,19600,19625,25,-36.252311481465995,16.904730469627978,-263.27731514697575,,,,6.0,7.0,-9.0,0.0,0.0,0.0,0.0,0.0,0.0,0.0,0.0,0.0,-36.252311481465995,16.904730469627978,-263.27731514697575,6.0,7.0,-9.0,0.25,2.0,False,False,False,disabled
2026-06-06_run02_circle_r40_off_r02,19700,19704,4,-36.252311481465995,16.904730469627978,-263.27731514697575,,,,6.0,7.0,-9.0,0.0,0.0,0.0,0.0,0.0,0.0,0.0,0.0,0.0,-36.252311481465995,16.904730469627978,-263.27731514697575,6.0,7.0,-9.0,0.25,2.0,False,False,False,disabled
2026-06-06_run02_circle_r40_off_r02,19800,19813,13,-36.252311481465995,16.904730469627978,-263.27731514697575,,,,6.0,7.0,-9.0,0.0,0.0,0.0,0.0,0.0,0.0,0.0,0.0,0.0,-36.252311481465995,16.904730469627978,-263.27731514697575,6.0,7.0,-9.0,0.25,2.0,False,False,False,disabled
2026-06-06_run02_circle_r40_off_r02,19900,19907,7,-36.252311481465995,16.904730469627978,-263.27731514697575,,,,6.0,7.0,-9.0,0.0,0.0,0.0,0.0,0.0,0.0,0.0,0.0,0.0,-36.252311481465995,16.904730469627978,-263.27731514697575,6.0,7.0,-9.0,0.25,2.0,False,False,False,disabled
2026-06-06_run02_circle_r40_off_r02,19917,19922,5,-37.587704831436334,13.680805733026755,-263.27731514697575,,,,5.0,8.0,-8.0,0.0,0.0,0.0,0.0,0.0,0.0,0.0,0.0,0.0,-37.587704831436334,13.680805733026755,-263.27731514697575,5.0,8.0,-8.0,0.25,2.0,False,False,True,disabled
2026-06-06_run02_circle_r40_off_r02,20017,20032,15,-37.587704831436334,13.680805733026755,-263.27731514697575,,,,5.0,8.0,-8.0,0.0,0.0,0.0,0.0,0.0,0.0,0.0,0.0,0.0,-37.587704831436334,13.680805733026755,-263.27731514697575,5.0,8.0,-8.0,0.25,2.0,False,False,False,disabled
2026-06-06_run02_circle_r40_off_r02,20117,20125,8,-37.587704831436334,13.680805733026755,-263.27731514697575,,,,5.0,8.0,-8.0,0.0,0.0,0.0,0.0,0.0,0.0,0.0,0.0,0.0,-37.587704831436334,13.680805733026755,-263.27731514697575,5.0,8.0,-8.0,0.25,2.0,False,False,False,disabled
2026-06-06_run02_circle_r40_off_r02,20217,20219,2,-37.587704831436334,13.680805733026755,-263.27731514697575,,,,5.0,8.0,-8.0,0.0,0.0,0.0,0.0,0.0,0.0,0.0,0.0,0.0,-37.587704831436334,13.680805733026755,-263.27731514697575,5.0,8.0,-8.0,0.25,2.0,False,False,False,disabled
2026-06-06_run02_circle_r40_off_r02,20317,20329,12,-37.587704831436334,13.680805733026755,-263.27731514697575,,,,5.0,8.0,-8.0,0.0,0.0,0.0,0.0,0.0,0.0,0.0,0.0,0.0,-37.587704831436334,13.680805733026755,-263.27731514697575,5.0,8.0,-8.0,0.25,2.0,False,False,False,disabled
2026-06-06_run02_circle_r40_off_r02,20333,20344,11,-38.63703305156273,10.352761804100822,-263.27731514697575,,,,4.0,8.0,-8.0,0.0,0.0,0.0,0.0,0.0,0.0,0.0,0.0,0.0,-38.63703305156273,10.352761804100822,-263.27731514697575,4.0,8.0,-8.0,0.25,2.0,False,False,True,disabled
2026-06-06_run02_circle_r40_off_r02,20433,20438,5,-38.63703305156273,10.352761804100822,-263.27731514697575,,,,4.0,8.0,-8.0,0.0,0.0,0.0,0.0,0.0,0.0,0.0,0.0,0.0,-38.63703305156273,10.352761804100822,-263.27731514697575,4.0,8.0,-8.0,0.25,2.0,False,False,False,disabled
2026-06-06_run02_circle_r40_off_r02,20533,20547,14,-38.63703305156273,10.352761804100822,-263.27731514697575,,,,4.0,8.0,-8.0,0.0,0.0,0.0,0.0,0.0,0.0,0.0,0.0,0.0,-38.63703305156273,10.352761804100822,-263.27731514697575,4.0,8.0,-8.0,0.25,2.0,False,False,False,disabled
2026-06-06_run02_circle_r40_off_r02,20633,20641,8,-38.63703305156273,10.352761804100822,-263.27731514697575,,,,4.0,8.0,-8.0,0.0,0.0,0.0,0.0,0.0,0.0,0.0,0.0,0.0,-38.63703305156273,10.352761804100822,-263.27731514697575,4.0,8.0,-8.0,0.25,2.0,False,False,False,disabled
2026-06-06_run02_circle_r40_off_r02,20733,20735,2,-38.63703305156273,10.352761804100822,-263.27731514697575,,,,4.0,8.0,-8.0,0.0,0.0,0.0,0.0,0.0,0.0,0.0,0.0,0.0,-38.63703305156273,10.352761804100822,-263.27731514697575,4.0,8.0,-8.0,0.25,2.0,False,False,False,disabled
2026-06-06_run02_circle_r40_off_r02,20750,20750,0,-39.39231012048832,6.945927106677211,-263.27731514697575,,,,3.0,9.0,-8.0,0.0,0.0,0.0,0.0,0.0,0.0,0.0,0.0,0.0,-39.39231012048832,6.945927106677211,-263.27731514697575,3.0,9.0,-8.0,0.25,2.0,False,False,True,disabled
2026-06-06_run02_circle_r40_off_r02,20850,20860,10,-39.39231012048832,6.945927106677211,-263.27731514697575,,,,3.0,9.0,-8.0,0.0,0.0,0.0,0.0,0.0,0.0,0.0,0.0,0.0,-39.39231012048832,6.945927106677211,-263.27731514697575,3.0,9.0,-8.0,0.25,2.0,False,False,False,disabled
2026-06-06_run02_circle_r40_off_r02,20950,20954,4,-39.39231012048832,6.945927106677211,-263.27731514697575,,,,3.0,9.0,-8.0,0.0,0.0,0.0,0.0,0.0,0.0,0.0,0.0,0.0,-39.39231012048832,6.945927106677211,-263.27731514697575,3.0,9.0,-8.0,0.25,2.0,False,False,False,disabled
2026-06-06_run02_circle_r40_off_r02,21050,21063,13,-39.39231012048832,6.945927106677211,-263.27731514697575,,,,3.0,9.0,-8.0,0.0,0.0,0.0,0.0,0.0,0.0,0.0,0.0,0.0,-39.39231012048832,6.945927106677211,-263.27731514697575,3.0,9.0,-8.0,0.25,2.0,False,False,False,disabled
2026-06-06_run02_circle_r40_off_r02,21150,21157,7,-39.39231012048832,6.945927106677211,-263.27731514697575,,,,3.0,9.0,-8.0,0.0,0.0,0.0,0.0,0.0,0.0,0.0,0.0,0.0,-39.39231012048832,6.945927106677211,-263.27731514697575,3.0,9.0,-8.0,0.25,2.0,False,False,False,disabled
2026-06-06_run02_circle_r40_off_r02,21167,21172,5,-39.84778792366982,3.4862297099063277,-263.27731514697575,,,,2.0,9.0,-8.0,0.0,0.0,0.0,0.0,0.0,0.0,0.0,0.0,0.0,-39.84778792366982,3.4862297099063277,-263.27731514697575,2.0,9.0,-8.0,0.25,2.0,False,False,True,disabled
2026-06-06_run02_circle_r40_off_r02,21267,21282,15,-39.84778792366982,3.4862297099063277,-263.27731514697575,,,,2.0,9.0,-8.0,0.0,0.0,0.0,0.0,0.0,0.0,0.0,0.0,0.0,-39.84778792366982,3.4862297099063277,-263.27731514697575,2.0,9.0,-8.0,0.25,2.0,False,False,False,disabled
2026-06-06_run02_circle_r40_off_r02,21367,21375,8,-39.84778792366982,3.4862297099063277,-263.27731514697575,,,,2.0,9.0,-8.0,0.0,0.0,0.0,0.0,0.0,0.0,0.0,0.0,0.0,-39.84778792366982,3.4862297099063277,-263.27731514697575,2.0,9.0,-8.0,0.25,2.0,False,False,False,disabled
2026-06-06_run02_circle_r40_off_r02,21467,21469,2,-39.84778792366982,3.4862297099063277,-263.27731514697575,,,,2.0,9.0,-8.0,0.0,0.0,0.0,0.0,0.0,0.0,0.0,0.0,0.0,-39.84778792366982,3.4862297099063277,-263.27731514697575,2.0,9.0,-8.0,0.25,2.0,False,False,False,disabled
2026-06-06_run02_circle_r40_off_r02,21567,21579,12,-39.84778792366982,3.4862297099063277,-263.27731514697575,,,,2.0,9.0,-8.0,0.0,0.0,0.0,0.0,0.0,0.0,0.0,0.0,0.0,-39.84778792366982,3.4862297099063277,-263.27731514697575,2.0,9.0,-8.0,0.25,2.0,False,False,False,disabled
2026-06-06_run02_circle_r40_off_r02,21583,21594,11,-40.0,0.0,-263.27731514697575,,,,1.0,10.0,-7.0,0.0,0.0,0.0,0.0,0.0,0.0,0.0,0.0,0.0,-40.0,0.0,-263.27731514697575,1.0,10.0,-7.0,0.25,2.0,False,False,True,disabled
2026-06-06_run02_circle_r40_off_r02,21683,21688,5,-40.0,0.0,-263.27731514697575,,,,1.0,10.0,-7.0,0.0,0.0,0.0,0.0,0.0,0.0,0.0,0.0,0.0,-40.0,0.0,-263.27731514697575,1.0,10.0,-7.0,0.25,2.0,False,False,False,disabled
2026-06-06_run02_circle_r40_off_r02,21783,21797,14,-40.0,0.0,-263.27731514697575,,,,1.0,10.0,-7.0,0.0,0.0,0.0,0.0,0.0,0.0,0.0,0.0,0.0,-40.0,0.0,-263.27731514697575,1.0,10.0,-7.0,0.25,2.0,False,False,False,disabled
2026-06-06_run02_circle_r40_off_r02,21883,21891,8,-40.0,0.0,-263.27731514697575,,,,1.0,10.0,-7.0,0.0,0.0,0.0,0.0,0.0,0.0,0.0,0.0,0.0,-40.0,0.0,-263.27731514697575,1.0,10.0,-7.0,0.25,2.0,False,False,False,disabled
2026-06-06_run02_circle_r40_off_r02,21983,21985,2,-40.0,0.0,-263.27731514697575,,,,1.0,10.0,-7.0,0.0,0.0,0.0,0.0,0.0,0.0,0.0,0.0,0.0,-40.0,0.0,-263.27731514697575,1.0,10.0,-7.0,0.25,2.0,False,False,False,disabled
2026-06-06_run02_circle_r40_off_r02,22000,22000,0,-39.84778792366982,-3.4862297099063175,-263.27731514697575,,,,1.0,10.0,-7.0,0.0,0.0,0.0,0.0,0.0,0.0,0.0,0.0,0.0,-39.84778792366982,-3.4862297099063175,-263.27731514697575,1.0,10.0,-7.0,0.25,2.0,False,False,True,disabled
2026-06-06_run02_circle_r40_off_r02,22100,22110,10,-39.84778792366982,-3.4862297099063175,-263.27731514697575,,,,1.0,10.0,-7.0,0.0,0.0,0.0,0.0,0.0,0.0,0.0,0.0,0.0,-39.84778792366982,-3.4862297099063175,-263.27731514697575,1.0,10.0,-7.0,0.25,2.0,False,False,False,disabled
2026-06-06_run02_circle_r40_off_r02,22200,22204,4,-39.84778792366982,-3.4862297099063175,-263.27731514697575,,,,1.0,10.0,-7.0,0.0,0.0,0.0,0.0,0.0,0.0,0.0,0.0,0.0,-39.84778792366982,-3.4862297099063175,-263.27731514697575,1.0,10.0,-7.0,0.25,2.0,False,False,False,disabled
2026-06-06_run02_circle_r40_off_r02,22300,22313,13,-39.84778792366982,-3.4862297099063175,-263.27731514697575,,,,1.0,10.0,-7.0,0.0,0.0,0.0,0.0,0.0,0.0,0.0,0.0,0.0,-39.84778792366982,-3.4862297099063175,-263.27731514697575,1.0,10.0,-7.0,0.25,2.0,False,False,False,disabled
2026-06-06_run02_circle_r40_off_r02,22400,22407,7,-39.84778792366982,-3.4862297099063175,-263.27731514697575,,,,1.0,10.0,-7.0,0.0,0.0,0.0,0.0,0.0,0.0,0.0,0.0,0.0,-39.84778792366982,-3.4862297099063175,-263.27731514697575,1.0,10.0,-7.0,0.25,2.0,False,False,False,disabled
2026-06-06_run02_circle_r40_off_r02,22417,22422,5,-39.392310120488325,-6.9459271066772015,-263.27731514697575,,,,0.0,11.0,-6.0,0.0,0.0,0.0,0.0,0.0,0.0,0.0,0.0,0.0,-39.392310120488325,-6.9459271066772015,-263.27731514697575,0.0,11.0,-6.0,0.25,2.0,False,False,True,disabled
2026-06-06_run02_circle_r40_off_r02,22517,22532,15,-39.392310120488325,-6.9459271066772015,-263.27731514697575,,,,0.0,11.0,-6.0,0.0,0.0,0.0,0.0,0.0,0.0,0.0,0.0,0.0,-39.392310120488325,-6.9459271066772015,-263.27731514697575,0.0,11.0,-6.0,0.25,2.0,False,False,False,disabled
2026-06-06_run02_circle_r40_off_r02,22617,22625,8,-39.392310120488325,-6.9459271066772015,-263.27731514697575,,,,0.0,11.0,-6.0,0.0,0.0,0.0,0.0,0.0,0.0,0.0,0.0,0.0,-39.392310120488325,-6.9459271066772015,-263.27731514697575,0.0,11.0,-6.0,0.25,2.0,False,False,False,disabled
2026-06-06_run02_circle_r40_off_r02,22717,22719,2,-39.392310120488325,-6.9459271066772015,-263.27731514697575,,,,0.0,11.0,-6.0,0.0,0.0,0.0,0.0,0.0,0.0,0.0,0.0,0.0,-39.392310120488325,-6.9459271066772015,-263.27731514697575,0.0,11.0,-6.0,0.25,2.0,False,False,False,disabled
2026-06-06_run02_circle_r40_off_r02,22817,22829,12,-39.392310120488325,-6.9459271066772015,-263.27731514697575,,,,0.0,11.0,-6.0,0.0,0.0,0.0,0.0,0.0,0.0,0.0,0.0,0.0,-39.392310120488325,-6.9459271066772015,-263.27731514697575,0.0,11.0,-6.0,0.25,2.0,False,False,False,disabled
2026-06-06_run02_circle_r40_off_r02,22833,22844,11,-38.63703305156274,-10.352761804100814,-263.27731514697575,,,,-1.0,11.0,-6.0,0.0,0.0,0.0,0.0,0.0,0.0,0.0,0.0,0.0,-38.63703305156274,-10.352761804100814,-263.27731514697575,-1.0,11.0,-6.0,0.25,2.0,False,False,True,disabled
2026-06-06_run02_circle_r40_off_r02,22933,22954,21,-38.63703305156274,-10.352761804100814,-263.27731514697575,,,,-1.0,11.0,-6.0,0.0,0.0,0.0,0.0,0.0,0.0,0.0,0.0,0.0,-38.63703305156274,-10.352761804100814,-263.27731514697575,-1.0,11.0,-6.0,0.25,2.0,False,False,False,disabled
2026-06-06_run02_circle_r40_off_r02,23033,23047,14,-38.63703305156274,-10.352761804100814,-263.27731514697575,,,,-1.0,11.0,-6.0,0.0,0.0,0.0,0.0,0.0,0.0,0.0,0.0,0.0,-38.63703305156274,-10.352761804100814,-263.27731514697575,-1.0,11.0,-6.0,0.25,2.0,False,False,False,disabled
2026-06-06_run02_circle_r40_off_r02,23133,23141,8,-38.63703305156274,-10.352761804100814,-263.27731514697575,,,,-1.0,11.0,-6.0,0.0,0.0,0.0,0.0,0.0,0.0,0.0,0.0,0.0,-38.63703305156274,-10.352761804100814,-263.27731514697575,-1.0,11.0,-6.0,0.25,2.0,False,False,False,disabled
2026-06-06_run02_circle_r40_off_r02,23233,23235,2,-38.63703305156274,-10.352761804100814,-263.27731514697575,,,,-1.0,11.0,-6.0,0.0,0.0,0.0,0.0,0.0,0.0,0.0,0.0,0.0,-38.63703305156274,-10.352761804100814,-263.27731514697575,-1.0,11.0,-6.0,0.25,2.0,False,False,False,disabled
2026-06-06_run02_circle_r40_off_r02,23250,23250,0,-37.58770483143634,-13.680805733026746,-263.27731514697575,,,,-2.0,11.0,-5.0,0.0,0.0,0.0,0.0,0.0,0.0,0.0,0.0,0.0,-37.58770483143634,-13.680805733026746,-263.27731514697575,-2.0,11.0,-5.0,0.25,2.0,False,False,True,disabled
2026-06-06_run02_circle_r40_off_r02,23350,23360,10,-37.58770483143634,-13.680805733026746,-263.27731514697575,,,,-2.0,11.0,-5.0,0.0,0.0,0.0,0.0,0.0,0.0,0.0,0.0,0.0,-37.58770483143634,-13.680805733026746,-263.27731514697575,-2.0,11.0,-5.0,0.25,2.0,False,False,False,disabled
2026-06-06_run02_circle_r40_off_r02,23450,23469,19,-37.58770483143634,-13.680805733026746,-263.27731514697575,,,,-2.0,11.0,-5.0,0.0,0.0,0.0,0.0,0.0,0.0,0.0,0.0,0.0,-37.58770483143634,-13.680805733026746,-263.27731514697575,-2.0,11.0,-5.0,0.25,2.0,False,False,False,disabled
2026-06-06_run02_circle_r40_off_r02,23550,23563,13,-37.58770483143634,-13.680805733026746,-263.27731514697575,,,,-2.0,11.0,-5.0,0.0,0.0,0.0,0.0,0.0,0.0,0.0,0.0,0.0,-37.58770483143634,-13.680805733026746,-263.27731514697575,-2.0,11.0,-5.0,0.25,2.0,False,False,False,disabled
2026-06-06_run02_circle_r40_off_r02,23650,23657,7,-37.58770483143634,-13.680805733026746,-263.27731514697575,,,,-2.0,11.0,-5.0,0.0,0.0,0.0,0.0,0.0,0.0,0.0,0.0,0.0,-37.58770483143634,-13.680805733026746,-263.27731514697575,-2.0,11.0,-5.0,0.25,2.0,False,False,False,disabled
2026-06-06_run02_circle_r40_off_r02,23667,23672,5,-36.25231148146601,-16.904730469627957,-263.27731514697575,,,,-3.0,11.0,-4.0,0.0,0.0,0.0,0.0,0.0,0.0,0.0,0.0,0.0,-36.25231148146601,-16.904730469627957,-263.27731514697575,-3.0,11.0,-4.0,0.25,2.0,False,False,True,disabled
2026-06-06_run02_circle_r40_off_r02,23767,23782,15,-36.25231148146601,-16.904730469627957,-263.27731514697575,,,,-3.0,11.0,-4.0,0.0,0.0,0.0,0.0,0.0,0.0,0.0,0.0,0.0,-36.25231148146601,-16.904730469627957,-263.27731514697575,-3.0,11.0,-4.0,0.25,2.0,False,False,False,disabled
2026-06-06_run02_circle_r40_off_r02,23867,23875,8,-36.25231148146601,-16.904730469627957,-263.27731514697575,,,,-3.0,11.0,-4.0,0.0,0.0,0.0,0.0,0.0,0.0,0.0,0.0,0.0,-36.25231148146601,-16.904730469627957,-263.27731514697575,-3.0,11.0,-4.0,0.25,2.0,False,False,False,disabled
2026-06-06_run02_circle_r40_off_r02,23967,23969,2,-36.25231148146601,-16.904730469627957,-263.27731514697575,,,,-3.0,11.0,-4.0,0.0,0.0,0.0,0.0,0.0,0.0,0.0,0.0,0.0,-36.25231148146601,-16.904730469627957,-263.27731514697575,-3.0,11.0,-4.0,0.25,2.0,False,False,False,disabled
2026-06-06_run02_circle_r40_off_r02,24067,24079,12,-36.25231148146601,-16.904730469627957,-263.27731514697575,,,,-3.0,11.0,-4.0,0.0,0.0,0.0,0.0,0.0,0.0,0.0,0.0,0.0,-36.25231148146601,-16.904730469627957,-263.27731514697575,-3.0,11.0,-4.0,0.25,2.0,False,False,False,disabled
2026-06-06_run02_circle_r40_off_r02,24083,24094,11,-34.64101615137754,-20.000000000000004,-263.27731514697575,,,,-4.0,11.0,-4.0,0.0,0.0,0.0,0.0,0.0,0.0,0.0,0.0,0.0,-34.64101615137754,-20.000000000000004,-263.27731514697575,-4.0,11.0,-4.0,0.25,2.0,False,False,True,disabled
2026-06-06_run02_circle_r40_off_r02,24183,24188,5,-34.64101615137754,-20.000000000000004,-263.27731514697575,,,,-4.0,11.0,-4.0,0.0,0.0,0.0,0.0,0.0,0.0,0.0,0.0,0.0,-34.64101615137754,-20.000000000000004,-263.27731514697575,-4.0,11.0,-4.0,0.25,2.0,False,False,False,disabled
2026-06-06_run02_circle_r40_off_r02,24283,24313,30,-34.64101615137754,-20.000000000000004,-263.27731514697575,,,,-4.0,11.0,-4.0,0.0,0.0,0.0,0.0,0.0,0.0,0.0,0.0,0.0,-34.64101615137754,-20.000000000000004,-263.27731514697575,-4.0,11.0,-4.0,0.25,2.0,False,False,False,disabled
2026-06-06_run02_circle_r40_off_r02,24383,24391,8,-34.64101615137754,-20.000000000000004,-263.27731514697575,,,,-4.0,11.0,-4.0,0.0,0.0,0.0,0.0,0.0,0.0,0.0,0.0,0.0,-34.64101615137754,-20.000000000000004,-263.27731514697575,-4.0,11.0,-4.0,0.25,2.0,False,False,False,disabled
2026-06-06_run02_circle_r40_off_r02,24483,24485,2,-34.64101615137754,-20.000000000000004,-263.27731514697575,,,,-4.0,11.0,-4.0,0.0,0.0,0.0,0.0,0.0,0.0,0.0,0.0,0.0,-34.64101615137754,-20.000000000000004,-263.27731514697575,-4.0,11.0,-4.0,0.25,2.0,False,False,False,disabled
2026-06-06_run02_circle_r40_off_r02,24500,24500,0,-32.76608177155968,-22.943057454041835,-263.27731514697575,,,,-4.0,11.0,-3.0,0.0,0.0,0.0,0.0,0.0,0.0,0.0,0.0,0.0,-32.76608177155968,-22.943057454041835,-263.27731514697575,-4.0,11.0,-3.0,0.25,2.0,False,False,True,disabled
2026-06-06_run02_circle_r40_off_r02,24600,24610,10,-32.76608177155968,-22.943057454041835,-263.27731514697575,,,,-4.0,11.0,-3.0,0.0,0.0,0.0,0.0,0.0,0.0,0.0,0.0,0.0,-32.76608177155968,-22.943057454041835,-263.27731514697575,-4.0,11.0,-3.0,0.25,2.0,False,False,False,disabled
2026-06-06_run02_circle_r40_off_r02,24700,24704,4,-32.76608177155968,-22.943057454041835,-263.27731514697575,,,,-4.0,11.0,-3.0,0.0,0.0,0.0,0.0,0.0,0.0,0.0,0.0,0.0,-32.76608177155968,-22.943057454041835,-263.27731514697575,-4.0,11.0,-3.0,0.25,2.0,False,False,False,disabled
2026-06-06_run02_circle_r40_off_r02,24800,24813,13,-32.76608177155968,-22.943057454041835,-263.27731514697575,,,,-4.0,11.0,-3.0,0.0,0.0,0.0,0.0,0.0,0.0,0.0,0.0,0.0,-32.76608177155968,-22.943057454041835,-263.27731514697575,-4.0,11.0,-3.0,0.25,2.0,False,False,False,disabled
2026-06-06_run02_circle_r40_off_r02,24900,24907,7,-32.76608177155968,-22.943057454041835,-263.27731514697575,,,,-4.0,11.0,-3.0,0.0,0.0,0.0,0.0,0.0,0.0,0.0,0.0,0.0,-32.76608177155968,-22.943057454041835,-263.27731514697575,-4.0,11.0,-3.0,0.25,2.0,False,False,False,disabled
2026-06-06_run02_circle_r40_off_r02,24917,24922,5,-30.641777724759134,-25.711504387461556,-263.27731514697575,,,,-5.0,11.0,-2.0,0.0,0.0,0.0,0.0,0.0,0.0,0.0,0.0,0.0,-30.641777724759134,-25.711504387461556,-263.27731514697575,-5.0,11.0,-2.0,0.25,2.0,False,False,True,disabled
2026-06-06_run02_circle_r40_off_r02,25017,25032,15,-30.641777724759134,-25.711504387461556,-263.27731514697575,,,,-5.0,11.0,-2.0,0.0,0.0,0.0,0.0,0.0,0.0,0.0,0.0,0.0,-30.641777724759134,-25.711504387461556,-263.27731514697575,-5.0,11.0,-2.0,0.25,2.0,False,False,False,disabled
2026-06-06_run02_circle_r40_off_r02,25117,25125,8,-30.641777724759134,-25.711504387461556,-263.27731514697575,,,,-5.0,11.0,-2.0,0.0,0.0,0.0,0.0,0.0,0.0,0.0,0.0,0.0,-30.641777724759134,-25.711504387461556,-263.27731514697575,-5.0,11.0,-2.0,0.25,2.0,False,False,False,disabled
2026-06-06_run02_circle_r40_off_r02,25217,25219,2,-30.641777724759134,-25.711504387461556,-263.27731514697575,,,,-5.0,11.0,-2.0,0.0,0.0,0.0,0.0,0.0,0.0,0.0,0.0,0.0,-30.641777724759134,-25.711504387461556,-263.27731514697575,-5.0,11.0,-2.0,0.25,2.0,False,False,False,disabled
2026-06-06_run02_circle_r40_off_r02,25317,25329,12,-30.641777724759134,-25.711504387461556,-263.27731514697575,,,,-5.0,11.0,-2.0,0.0,0.0,0.0,0.0,0.0,0.0,0.0,0.0,0.0,-30.641777724759134,-25.711504387461556,-263.27731514697575,-5.0,11.0,-2.0,0.25,2.0,False,False,False,disabled
2026-06-06_run02_circle_r40_off_r02,25333,25344,11,-28.28427124746191,-28.2842712474619,-263.27731514697575,,,,-6.0,11.0,-1.0,0.0,0.0,0.0,0.0,0.0,0.0,0.0,0.0,0.0,-28.28427124746191,-28.2842712474619,-263.27731514697575,-6.0,11.0,-1.0,0.25,2.0,False,False,True,disabled
2026-06-06_run02_circle_r40_off_r02,25433,25454,21,-28.28427124746191,-28.2842712474619,-263.27731514697575,,,,-6.0,11.0,-1.0,0.0,0.0,0.0,0.0,0.0,0.0,0.0,0.0,0.0,-28.28427124746191,-28.2842712474619,-263.27731514697575,-6.0,11.0,-1.0,0.25,2.0,False,False,False,disabled
2026-06-06_run02_circle_r40_off_r02,25533,25547,14,-28.28427124746191,-28.2842712474619,-263.27731514697575,,,,-6.0,11.0,-1.0,0.0,0.0,0.0,0.0,0.0,0.0,0.0,0.0,0.0,-28.28427124746191,-28.2842712474619,-263.27731514697575,-6.0,11.0,-1.0,0.25,2.0,False,False,False,disabled
2026-06-06_run02_circle_r40_off_r02,25633,25641,8,-28.28427124746191,-28.2842712474619,-263.27731514697575,,,,-6.0,11.0,-1.0,0.0,0.0,0.0,0.0,0.0,0.0,0.0,0.0,0.0,-28.28427124746191,-28.2842712474619,-263.27731514697575,-6.0,11.0,-1.0,0.25,2.0,False,False,False,disabled
2026-06-06_run02_circle_r40_off_r02,25733,25735,2,-28.28427124746191,-28.2842712474619,-263.27731514697575,,,,-6.0,11.0,-1.0,0.0,0.0,0.0,0.0,0.0,0.0,0.0,0.0,0.0,-28.28427124746191,-28.2842712474619,-263.27731514697575,-6.0,11.0,-1.0,0.25,2.0,False,False,False,disabled
2026-06-06_run02_circle_r40_off_r02,25750,25750,0,-25.71150438746158,-30.641777724759116,-263.27731514697575,,,,-6.0,11.0,0.0,0.0,0.0,0.0,0.0,0.0,0.0,0.0,0.0,0.0,-25.71150438746158,-30.641777724759116,-263.27731514697575,-6.0,11.0,0.0,0.25,2.0,False,False,True,disabled
2026-06-06_run02_circle_r40_off_r02,25850,25860,10,-25.71150438746158,-30.641777724759116,-263.27731514697575,,,,-6.0,11.0,0.0,0.0,0.0,0.0,0.0,0.0,0.0,0.0,0.0,0.0,-25.71150438746158,-30.641777724759116,-263.27731514697575,-6.0,11.0,0.0,0.25,2.0,False,False,False,disabled
2026-06-06_run02_circle_r40_off_r02,25950,25954,4,-25.71150438746158,-30.641777724759116,-263.27731514697575,,,,-6.0,11.0,0.0,0.0,0.0,0.0,0.0,0.0,0.0,0.0,0.0,0.0,-25.71150438746158,-30.641777724759116,-263.27731514697575,-6.0,11.0,0.0,0.25,2.0,False,False,False,disabled
2026-06-06_run02_circle_r40_off_r02,26050,26063,13,-25.71150438746158,-30.641777724759116,-263.27731514697575,,,,-6.0,11.0,0.0,0.0,0.0,0.0,0.0,0.0,0.0,0.0,0.0,0.0,-25.71150438746158,-30.641777724759116,-263.27731514697575,-6.0,11.0,0.0,0.25,2.0,False,False,False,disabled
2026-06-06_run02_circle_r40_off_r02,26150,26157,7,-25.71150438746158,-30.641777724759116,-263.27731514697575,,,,-6.0,11.0,0.0,0.0,0.0,0.0,0.0,0.0,0.0,0.0,0.0,0.0,-25.71150438746158,-30.641777724759116,-263.27731514697575,-6.0,11.0,0.0,0.25,2.0,False,False,False,disabled
2026-06-06_run02_circle_r40_off_r02,26167,26172,5,-22.943057454041824,-32.76608177155968,-263.27731514697575,,,,-7.0,10.0,1.0,0.0,0.0,0.0,0.0,0.0,0.0,0.0,0.0,0.0,-22.943057454041824,-32.76608177155968,-263.27731514697575,-7.0,10.0,1.0,0.25,2.0,False,False,True,disabled
2026-06-06_run02_circle_r40_off_r02,26267,26282,15,-22.943057454041824,-32.76608177155968,-263.27731514697575,,,,-7.0,10.0,1.0,0.0,0.0,0.0,0.0,0.0,0.0,0.0,0.0,0.0,-22.943057454041824,-32.76608177155968,-263.27731514697575,-7.0,10.0,1.0,0.25,2.0,False,False,False,disabled
2026-06-06_run02_circle_r40_off_r02,26367,26375,8,-22.943057454041824,-32.76608177155968,-263.27731514697575,,,,-7.0,10.0,1.0,0.0,0.0,0.0,0.0,0.0,0.0,0.0,0.0,0.0,-22.943057454041824,-32.76608177155968,-263.27731514697575,-7.0,10.0,1.0,0.25,2.0,False,False,False,disabled
2026-06-06_run02_circle_r40_off_r02,26467,26469,2,-22.943057454041824,-32.76608177155968,-263.27731514697575,,,,-7.0,10.0,1.0,0.0,0.0,0.0,0.0,0.0,0.0,0.0,0.0,0.0,-22.943057454041824,-32.76608177155968,-263.27731514697575,-7.0,10.0,1.0,0.25,2.0,False,False,False,disabled
2026-06-06_run02_circle_r40_off_r02,26567,26579,12,-22.943057454041824,-32.76608177155968,-263.27731514697575,,,,-7.0,10.0,1.0,0.0,0.0,0.0,0.0,0.0,0.0,0.0,0.0,0.0,-22.943057454041824,-32.76608177155968,-263.27731514697575,-7.0,10.0,1.0,0.25,2.0,False,False,False,disabled
2026-06-06_run02_circle_r40_off_r02,26583,26594,11,-20.000000000000018,-34.64101615137754,-263.27731514697575,,,,-7.0,10.0,1.0,0.0,0.0,0.0,0.0,0.0,0.0,0.0,0.0,0.0,-20.000000000000018,-34.64101615137754,-263.27731514697575,-7.0,10.0,1.0,0.25,2.0,False,False,True,disabled
2026-06-06_run02_circle_r40_off_r02,26683,26688,5,-20.000000000000018,-34.64101615137754,-263.27731514697575,,,,-7.0,10.0,1.0,0.0,0.0,0.0,0.0,0.0,0.0,0.0,0.0,0.0,-20.000000000000018,-34.64101615137754,-263.27731514697575,-7.0,10.0,1.0,0.25,2.0,False,False,False,disabled
2026-06-06_run02_circle_r40_off_r02,26783,26797,14,-20.000000000000018,-34.64101615137754,-263.27731514697575,,,,-7.0,10.0,1.0,0.0,0.0,0.0,0.0,0.0,0.0,0.0,0.0,0.0,-20.000000000000018,-34.64101615137754,-263.27731514697575,-7.0,10.0,1.0,0.25,2.0,False,False,False,disabled
2026-06-06_run02_circle_r40_off_r02,26883,26891,8,-20.000000000000018,-34.64101615137754,-263.27731514697575,,,,-7.0,10.0,1.0,0.0,0.0,0.0,0.0,0.0,0.0,0.0,0.0,0.0,-20.000000000000018,-34.64101615137754,-263.27731514697575,-7.0,10.0,1.0,0.25,2.0,False,False,False,disabled
2026-06-06_run02_circle_r40_off_r02,26983,26985,2,-20.000000000000018,-34.64101615137754,-263.27731514697575,,,,-7.0,10.0,1.0,0.0,0.0,0.0,0.0,0.0,0.0,0.0,0.0,0.0,-20.000000000000018,-34.64101615137754,-263.27731514697575,-7.0,10.0,1.0,0.25,2.0,False,False,False,disabled
2026-06-06_run02_circle_r40_off_r02,27000,27000,0,-16.904730469628,-36.25231148146599,-263.27731514697575,,,,-8.0,9.0,2.0,0.0,0.0,0.0,0.0,0.0,0.0,0.0,0.0,0.0,-16.904730469628,-36.25231148146599,-263.27731514697575,-8.0,9.0,2.0,0.25,2.0,False,False,True,disabled
2026-06-06_run02_circle_r40_off_r02,27100,27110,10,-16.904730469628,-36.25231148146599,-263.27731514697575,,,,-8.0,9.0,2.0,0.0,0.0,0.0,0.0,0.0,0.0,0.0,0.0,0.0,-16.904730469628,-36.25231148146599,-263.27731514697575,-8.0,9.0,2.0,0.25,2.0,False,False,False,disabled
2026-06-06_run02_circle_r40_off_r02,27200,27204,4,-16.904730469628,-36.25231148146599,-263.27731514697575,,,,-8.0,9.0,2.0,0.0,0.0,0.0,0.0,0.0,0.0,0.0,0.0,0.0,-16.904730469628,-36.25231148146599,-263.27731514697575,-8.0,9.0,2.0,0.25,2.0,False,False,False,disabled
2026-06-06_run02_circle_r40_off_r02,27300,27313,13,-16.904730469628,-36.25231148146599,-263.27731514697575,,,,-8.0,9.0,2.0,0.0,0.0,0.0,0.0,0.0,0.0,0.0,0.0,0.0,-16.904730469628,-36.25231148146599,-263.27731514697575,-8.0,9.0,2.0,0.25,2.0,False,False,False,disabled
2026-06-06_run02_circle_r40_off_r02,27400,27407,7,-16.904730469628,-36.25231148146599,-263.27731514697575,,,,-8.0,9.0,2.0,0.0,0.0,0.0,0.0,0.0,0.0,0.0,0.0,0.0,-16.904730469628,-36.25231148146599,-263.27731514697575,-8.0,9.0,2.0,0.25,2.0,False,False,False,disabled
2026-06-06_run02_circle_r40_off_r02,27417,27422,5,-13.680805733026741,-37.58770483143634,-263.27731514697575,,,,-8.0,9.0,3.0,0.0,0.0,0.0,0.0,0.0,0.0,0.0,0.0,0.0,-13.680805733026741,-37.58770483143634,-263.27731514697575,-8.0,9.0,3.0,0.25,2.0,False,False,True,disabled
2026-06-06_run02_circle_r40_off_r02,27517,27532,15,-13.680805733026741,-37.58770483143634,-263.27731514697575,,,,-8.0,9.0,3.0,0.0,0.0,0.0,0.0,0.0,0.0,0.0,0.0,0.0,-13.680805733026741,-37.58770483143634,-263.27731514697575,-8.0,9.0,3.0,0.25,2.0,False,False,False,disabled
2026-06-06_run02_circle_r40_off_r02,27617,27625,8,-13.680805733026741,-37.58770483143634,-263.27731514697575,,,,-8.0,9.0,3.0,0.0,0.0,0.0,0.0,0.0,0.0,0.0,0.0,0.0,-13.680805733026741,-37.58770483143634,-263.27731514697575,-8.0,9.0,3.0,0.25,2.0,False,False,False,disabled
2026-06-06_run02_circle_r40_off_r02,27717,27719,2,-13.680805733026741,-37.58770483143634,-263.27731514697575,,,,-8.0,9.0,3.0,0.0,0.0,0.0,0.0,0.0,0.0,0.0,0.0,0.0,-13.680805733026741,-37.58770483143634,-263.27731514697575,-8.0,9.0,3.0,0.25,2.0,False,False,False,disabled
2026-06-06_run02_circle_r40_off_r02,27817,27829,12,-13.680805733026741,-37.58770483143634,-263.27731514697575,,,,-8.0,9.0,3.0,0.0,0.0,0.0,0.0,0.0,0.0,0.0,0.0,0.0,-13.680805733026741,-37.58770483143634,-263.27731514697575,-8.0,9.0,3.0,0.25,2.0,False,False,False,disabled
2026-06-06_run02_circle_r40_off_r02,27833,27844,11,-10.352761804100826,-38.63703305156273,-263.27731514697575,,,,-8.0,8.0,4.0,0.0,0.0,0.0,0.0,0.0,0.0,0.0,0.0,0.0,-10.352761804100826,-38.63703305156273,-263.27731514697575,-8.0,8.0,4.0,0.25,2.0,False,False,True,disabled
2026-06-06_run02_circle_r40_off_r02,27933,27938,5,-10.352761804100826,-38.63703305156273,-263.27731514697575,,,,-8.0,8.0,4.0,0.0,0.0,0.0,0.0,0.0,0.0,0.0,0.0,0.0,-10.352761804100826,-38.63703305156273,-263.27731514697575,-8.0,8.0,4.0,0.25,2.0,False,False,False,disabled
2026-06-06_run02_circle_r40_off_r02,28033,28047,14,-10.352761804100826,-38.63703305156273,-263.27731514697575,,,,-8.0,8.0,4.0,0.0,0.0,0.0,0.0,0.0,0.0,0.0,0.0,0.0,-10.352761804100826,-38.63703305156273,-263.27731514697575,-8.0,8.0,4.0,0.25,2.0,False,False,False,disabled
2026-06-06_run02_circle_r40_off_r02,28133,28141,8,-10.352761804100826,-38.63703305156273,-263.27731514697575,,,,-8.0,8.0,4.0,0.0,0.0,0.0,0.0,0.0,0.0,0.0,0.0,0.0,-10.352761804100826,-38.63703305156273,-263.27731514697575,-8.0,8.0,4.0,0.25,2.0,False,False,False,disabled
2026-06-06_run02_circle_r40_off_r02,28233,28235,2,-10.352761804100826,-38.63703305156273,-263.27731514697575,,,,-8.0,8.0,4.0,0.0,0.0,0.0,0.0,0.0,0.0,0.0,0.0,0.0,-10.352761804100826,-38.63703305156273,-263.27731514697575,-8.0,8.0,4.0,0.25,2.0,False,False,False,disabled
2026-06-06_run02_circle_r40_off_r02,28250,28250,0,-6.945927106677213,-39.39231012048832,-263.27731514697575,,,,-8.0,8.0,5.0,0.0,0.0,0.0,0.0,0.0,0.0,0.0,0.0,0.0,-6.945927106677213,-39.39231012048832,-263.27731514697575,-8.0,8.0,5.0,0.25,2.0,False,False,True,disabled
2026-06-06_run02_circle_r40_off_r02,28350,28360,10,-6.945927106677213,-39.39231012048832,-263.27731514697575,,,,-8.0,8.0,5.0,0.0,0.0,0.0,0.0,0.0,0.0,0.0,0.0,0.0,-6.945927106677213,-39.39231012048832,-263.27731514697575,-8.0,8.0,5.0,0.25,2.0,False,False,False,disabled
2026-06-06_run02_circle_r40_off_r02,28450,28454,4,-6.945927106677213,-39.39231012048832,-263.27731514697575,,,,-8.0,8.0,5.0,0.0,0.0,0.0,0.0,0.0,0.0,0.0,0.0,0.0,-6.945927106677213,-39.39231012048832,-263.27731514697575,-8.0,8.0,5.0,0.25,2.0,False,False,False,disabled
2026-06-06_run02_circle_r40_off_r02,28550,28563,13,-6.945927106677213,-39.39231012048832,-263.27731514697575,,,,-8.0,8.0,5.0,0.0,0.0,0.0,0.0,0.0,0.0,0.0,0.0,0.0,-6.945927106677213,-39.39231012048832,-263.27731514697575,-8.0,8.0,5.0,0.25,2.0,False,False,False,disabled
2026-06-06_run02_circle_r40_off_r02,28650,28657,7,-6.945927106677213,-39.39231012048832,-263.27731514697575,,,,-8.0,8.0,5.0,0.0,0.0,0.0,0.0,0.0,0.0,0.0,0.0,0.0,-6.945927106677213,-39.39231012048832,-263.27731514697575,-8.0,8.0,5.0,0.25,2.0,False,False,False,disabled
2026-06-06_run02_circle_r40_off_r02,28667,28672,5,-3.48622970990633,-39.84778792366982,-263.27731514697575,,,,-9.0,7.0,6.0,0.0,0.0,0.0,0.0,0.0,0.0,0.0,0.0,0.0,-3.48622970990633,-39.84778792366982,-263.27731514697575,-9.0,7.0,6.0,0.25,2.0,False,False,True,disabled
2026-06-06_run02_circle_r40_off_r02,28767,28782,15,-3.48622970990633,-39.84778792366982,-263.27731514697575,,,,-9.0,7.0,6.0,0.0,0.0,0.0,0.0,0.0,0.0,0.0,0.0,0.0,-3.48622970990633,-39.84778792366982,-263.27731514697575,-9.0,7.0,6.0,0.25,2.0,False,False,False,disabled
2026-06-06_run02_circle_r40_off_r02,28867,28875,8,-3.48622970990633,-39.84778792366982,-263.27731514697575,,,,-9.0,7.0,6.0,0.0,0.0,0.0,0.0,0.0,0.0,0.0,0.0,0.0,-3.48622970990633,-39.84778792366982,-263.27731514697575,-9.0,7.0,6.0,0.25,2.0,False,False,False,disabled
2026-06-06_run02_circle_r40_off_r02,28967,28969,2,-3.48622970990633,-39.84778792366982,-263.27731514697575,,,,-9.0,7.0,6.0,0.0,0.0,0.0,0.0,0.0,0.0,0.0,0.0,0.0,-3.48622970990633,-39.84778792366982,-263.27731514697575,-9.0,7.0,6.0,0.25,2.0,False,False,False,disabled
2026-06-06_run02_circle_r40_off_r02,29067,29079,12,-3.48622970990633,-39.84778792366982,-263.27731514697575,,,,-9.0,7.0,6.0,0.0,0.0,0.0,0.0,0.0,0.0,0.0,0.0,0.0,-3.48622970990633,-39.84778792366982,-263.27731514697575,-9.0,7.0,6.0,0.25,2.0,False,False,False,disabled
2026-06-06_run02_circle_r40_off_r02,29083,29094,11,0.0,-40.0,-263.27731514697575,,,,-9.0,6.0,6.0,0.0,0.0,0.0,0.0,0.0,0.0,0.0,0.0,0.0,0.0,-40.0,-263.27731514697575,-9.0,6.0,6.0,0.25,2.0,False,False,True,disabled
2026-06-06_run02_circle_r40_off_r02,29183,29204,21,0.0,-40.0,-263.27731514697575,,,,-9.0,6.0,6.0,0.0,0.0,0.0,0.0,0.0,0.0,0.0,0.0,0.0,0.0,-40.0,-263.27731514697575,-9.0,6.0,6.0,0.25,2.0,False,False,False,disabled
2026-06-06_run02_circle_r40_off_r02,29283,29297,14,0.0,-40.0,-263.27731514697575,,,,-9.0,6.0,6.0,0.0,0.0,0.0,0.0,0.0,0.0,0.0,0.0,0.0,0.0,-40.0,-263.27731514697575,-9.0,6.0,6.0,0.25,2.0,False,False,False,disabled
2026-06-06_run02_circle_r40_off_r02,29383,29391,8,0.0,-40.0,-263.27731514697575,,,,-9.0,6.0,6.0,0.0,0.0,0.0,0.0,0.0,0.0,0.0,0.0,0.0,0.0,-40.0,-263.27731514697575,-9.0,6.0,6.0,0.25,2.0,False,False,False,disabled
2026-06-06_run02_circle_r40_off_r02,29483,29485,2,0.0,-40.0,-263.27731514697575,,,,-9.0,6.0,6.0,0.0,0.0,0.0,0.0,0.0,0.0,0.0,0.0,0.0,0.0,-40.0,-263.27731514697575,-9.0,6.0,6.0,0.25,2.0,False,False,False,disabled
2026-06-06_run02_circle_r40_off_r02,29500,29500,0,3.4862297099063158,-39.84778792366982,-263.27731514697575,,,,-9.0,6.0,7.0,0.0,0.0,0.0,0.0,0.0,0.0,0.0,0.0,0.0,3.4862297099063158,-39.84778792366982,-263.27731514697575,-9.0,6.0,7.0,0.25,2.0,False,False,True,disabled
2026-06-06_run02_circle_r40_off_r02,29600,29625,25,3.4862297099063158,-39.84778792366982,-263.27731514697575,,,,-9.0,6.0,7.0,0.0,0.0,0.0,0.0,0.0,0.0,0.0,0.0,0.0,3.4862297099063158,-39.84778792366982,-263.27731514697575,-9.0,6.0,7.0,0.25,2.0,False,False,False,disabled
2026-06-06_run02_circle_r40_off_r02,29700,29704,4,3.4862297099063158,-39.84778792366982,-263.27731514697575,,,,-9.0,6.0,7.0,0.0,0.0,0.0,0.0,0.0,0.0,0.0,0.0,0.0,3.4862297099063158,-39.84778792366982,-263.27731514697575,-9.0,6.0,7.0,0.25,2.0,False,False,False,disabled
2026-06-06_run02_circle_r40_off_r02,29800,29813,13,3.4862297099063158,-39.84778792366982,-263.27731514697575,,,,-9.0,6.0,7.0,0.0,0.0,0.0,0.0,0.0,0.0,0.0,0.0,0.0,3.4862297099063158,-39.84778792366982,-263.27731514697575,-9.0,6.0,7.0,0.25,2.0,False,False,False,disabled
2026-06-06_run02_circle_r40_off_r02,29900,29907,7,3.4862297099063158,-39.84778792366982,-263.27731514697575,,,,-9.0,6.0,7.0,0.0,0.0,0.0,0.0,0.0,0.0,0.0,0.0,0.0,3.4862297099063158,-39.84778792366982,-263.27731514697575,-9.0,6.0,7.0,0.25,2.0,False,False,False,disabled
2026-06-06_run02_circle_r40_off_r02,29917,29922,5,6.945927106677199,-39.392310120488325,-263.27731514697575,,,,-8.0,5.0,8.0,0.0,0.0,0.0,0.0,0.0,0.0,0.0,0.0,0.0,6.945927106677199,-39.392310120488325,-263.27731514697575,-8.0,5.0,8.0,0.25,2.0,False,False,True,disabled
2026-06-06_run02_circle_r40_off_r02,30017,30032,15,6.945927106677199,-39.392310120488325,-263.27731514697575,,,,-8.0,5.0,8.0,0.0,0.0,0.0,0.0,0.0,0.0,0.0,0.0,0.0,6.945927106677199,-39.392310120488325,-263.27731514697575,-8.0,5.0,8.0,0.25,2.0,False,False,False,disabled
2026-06-06_run02_circle_r40_off_r02,30117,30125,8,6.945927106677199,-39.392310120488325,-263.27731514697575,,,,-8.0,5.0,8.0,0.0,0.0,0.0,0.0,0.0,0.0,0.0,0.0,0.0,6.945927106677199,-39.392310120488325,-263.27731514697575,-8.0,5.0,8.0,0.25,2.0,False,False,False,disabled
2026-06-06_run02_circle_r40_off_r02,30217,30219,2,6.945927106677199,-39.392310120488325,-263.27731514697575,,,,-8.0,5.0,8.0,0.0,0.0,0.0,0.0,0.0,0.0,0.0,0.0,0.0,6.945927106677199,-39.392310120488325,-263.27731514697575,-8.0,5.0,8.0,0.25,2.0,False,False,False,disabled
2026-06-06_run02_circle_r40_off_r02,30317,30329,12,6.945927106677199,-39.392310120488325,-263.27731514697575,,,,-8.0,5.0,8.0,0.0,0.0,0.0,0.0,0.0,0.0,0.0,0.0,0.0,6.945927106677199,-39.392310120488325,-263.27731514697575,-8.0,5.0,8.0,0.25,2.0,False,False,False,disabled
2026-06-06_run02_circle_r40_off_r02,30333,30344,11,10.352761804100812,-38.63703305156274,-263.27731514697575,,,,-8.0,4.0,8.0,0.0,0.0,0.0,0.0,0.0,0.0,0.0,0.0,0.0,10.352761804100812,-38.63703305156274,-263.27731514697575,-8.0,4.0,8.0,0.25,2.0,False,False,True,disabled
2026-06-06_run02_circle_r40_off_r02,30433,30438,5,10.352761804100812,-38.63703305156274,-263.27731514697575,,,,-8.0,4.0,8.0,0.0,0.0,0.0,0.0,0.0,0.0,0.0,0.0,0.0,10.352761804100812,-38.63703305156274,-263.27731514697575,-8.0,4.0,8.0,0.25,2.0,False,False,False,disabled
2026-06-06_run02_circle_r40_off_r02,30533,30547,14,10.352761804100812,-38.63703305156274,-263.27731514697575,,,,-8.0,4.0,8.0,0.0,0.0,0.0,0.0,0.0,0.0,0.0,0.0,0.0,10.352761804100812,-38.63703305156274,-263.27731514697575,-8.0,4.0,8.0,0.25,2.0,False,False,False,disabled
2026-06-06_run02_circle_r40_off_r02,30633,30641,8,10.352761804100812,-38.63703305156274,-263.27731514697575,,,,-8.0,4.0,8.0,0.0,0.0,0.0,0.0,0.0,0.0,0.0,0.0,0.0,10.352761804100812,-38.63703305156274,-263.27731514697575,-8.0,4.0,8.0,0.25,2.0,False,False,False,disabled
2026-06-06_run02_circle_r40_off_r02,30733,30735,2,10.352761804100812,-38.63703305156274,-263.27731514697575,,,,-8.0,4.0,8.0,0.0,0.0,0.0,0.0,0.0,0.0,0.0,0.0,0.0,10.352761804100812,-38.63703305156274,-263.27731514697575,-8.0,4.0,8.0,0.25,2.0,False,False,False,disabled
2026-06-06_run02_circle_r40_off_r02,30750,30750,0,13.680805733026759,-37.587704831436334,-263.27731514697575,,,,-8.0,3.0,9.0,0.0,0.0,0.0,0.0,0.0,0.0,0.0,0.0,0.0,13.680805733026759,-37.587704831436334,-263.27731514697575,-8.0,3.0,9.0,0.25,2.0,False,False,True,disabled
2026-06-06_run02_circle_r40_off_r02,30850,30860,10,13.680805733026759,-37.587704831436334,-263.27731514697575,,,,-8.0,3.0,9.0,0.0,0.0,0.0,0.0,0.0,0.0,0.0,0.0,0.0,13.680805733026759,-37.587704831436334,-263.27731514697575,-8.0,3.0,9.0,0.25,2.0,False,False,False,disabled
2026-06-06_run02_circle_r40_off_r02,30950,30954,4,13.680805733026759,-37.587704831436334,-263.27731514697575,,,,-8.0,3.0,9.0,0.0,0.0,0.0,0.0,0.0,0.0,0.0,0.0,0.0,13.680805733026759,-37.587704831436334,-263.27731514697575,-8.0,3.0,9.0,0.25,2.0,False,False,False,disabled
2026-06-06_run02_circle_r40_off_r02,31050,31063,13,13.680805733026759,-37.587704831436334,-263.27731514697575,,,,-8.0,3.0,9.0,0.0,0.0,0.0,0.0,0.0,0.0,0.0,0.0,0.0,13.680805733026759,-37.587704831436334,-263.27731514697575,-8.0,3.0,9.0,0.25,2.0,False,False,False,disabled
2026-06-06_run02_circle_r40_off_r02,31150,31157,7,13.680805733026759,-37.587704831436334,-263.27731514697575,,,,-8.0,3.0,9.0,0.0,0.0,0.0,0.0,0.0,0.0,0.0,0.0,0.0,13.680805733026759,-37.587704831436334,-263.27731514697575,-8.0,3.0,9.0,0.25,2.0,False,False,False,disabled
2026-06-06_run02_circle_r40_off_r02,31167,31172,5,16.904730469627953,-36.25231148146601,-263.27731514697575,,,,-8.0,2.0,9.0,0.0,0.0,0.0,0.0,0.0,0.0,0.0,0.0,0.0,16.904730469627953,-36.25231148146601,-263.27731514697575,-8.0,2.0,9.0,0.25,2.0,False,False,True,disabled
2026-06-06_run02_circle_r40_off_r02,31267,31282,15,16.904730469627953,-36.25231148146601,-263.27731514697575,,,,-8.0,2.0,9.0,0.0,0.0,0.0,0.0,0.0,0.0,0.0,0.0,0.0,16.904730469627953,-36.25231148146601,-263.27731514697575,-8.0,2.0,9.0,0.25,2.0,False,False,False,disabled
2026-06-06_run02_circle_r40_off_r02,31367,31375,8,16.904730469627953,-36.25231148146601,-263.27731514697575,,,,-8.0,2.0,9.0,0.0,0.0,0.0,0.0,0.0,0.0,0.0,0.0,0.0,16.904730469627953,-36.25231148146601,-263.27731514697575,-8.0,2.0,9.0,0.25,2.0,False,False,False,disabled
2026-06-06_run02_circle_r40_off_r02,31467,31469,2,16.904730469627953,-36.25231148146601,-263.27731514697575,,,,-8.0,2.0,9.0,0.0,0.0,0.0,0.0,0.0,0.0,0.0,0.0,0.0,16.904730469627953,-36.25231148146601,-263.27731514697575,-8.0,2.0,9.0,0.25,2.0,False,False,False,disabled
2026-06-06_run02_circle_r40_off_r02,31567,31579,12,16.904730469627953,-36.25231148146601,-263.27731514697575,,,,-8.0,2.0,9.0,0.0,0.0,0.0,0.0,0.0,0.0,0.0,0.0,0.0,16.904730469627953,-36.25231148146601,-263.27731514697575,-8.0,2.0,9.0,0.25,2.0,False,False,False,disabled
2026-06-06_run02_circle_r40_off_r02,31583,31594,11,19.99999999999997,-34.64101615137756,-263.27731514697575,,,,-7.0,1.0,10.0,0.0,0.0,0.0,0.0,0.0,0.0,0.0,0.0,0.0,19.99999999999997,-34.64101615137756,-263.27731514697575,-7.0,1.0,10.0,0.25,2.0,False,False,True,disabled
2026-06-06_run02_circle_r40_off_r02,31683,31688,5,19.99999999999997,-34.64101615137756,-263.27731514697575,,,,-7.0,1.0,10.0,0.0,0.0,0.0,0.0,0.0,0.0,0.0,0.0,0.0,19.99999999999997,-34.64101615137756,-263.27731514697575,-7.0,1.0,10.0,0.25,2.0,False,False,False,disabled
2026-06-06_run02_circle_r40_off_r02,31783,31797,14,19.99999999999997,-34.64101615137756,-263.27731514697575,,,,-7.0,1.0,10.0,0.0,0.0,0.0,0.0,0.0,0.0,0.0,0.0,0.0,19.99999999999997,-34.64101615137756,-263.27731514697575,-7.0,1.0,10.0,0.25,2.0,False,False,False,disabled
2026-06-06_run02_circle_r40_off_r02,31883,31891,8,19.99999999999997,-34.64101615137756,-263.27731514697575,,,,-7.0,1.0,10.0,0.0,0.0,0.0,0.0,0.0,0.0,0.0,0.0,0.0,19.99999999999997,-34.64101615137756,-263.27731514697575,-7.0,1.0,10.0,0.25,2.0,False,False,False,disabled
2026-06-06_run02_circle_r40_off_r02,31983,31985,2,19.99999999999997,-34.64101615137756,-263.27731514697575,,,,-7.0,1.0,10.0,0.0,0.0,0.0,0.0,0.0,0.0,0.0,0.0,0.0,19.99999999999997,-34.64101615137756,-263.27731514697575,-7.0,1.0,10.0,0.25,2.0,False,False,False,disabled
2026-06-06_run02_circle_r40_off_r02,32000,32000,0,22.943057454041842,-32.76608177155967,-263.27731514697575,,,,-7.0,1.0,10.0,0.0,0.0,0.0,0.0,0.0,0.0,0.0,0.0,0.0,22.943057454041842,-32.76608177155967,-263.27731514697575,-7.0,1.0,10.0,0.25,2.0,False,False,True,disabled
2026-06-06_run02_circle_r40_off_r02,32100,32110,10,22.943057454041842,-32.76608177155967,-263.27731514697575,,,,-7.0,1.0,10.0,0.0,0.0,0.0,0.0,0.0,0.0,0.0,0.0,0.0,22.943057454041842,-32.76608177155967,-263.27731514697575,-7.0,1.0,10.0,0.25,2.0,False,False,False,disabled
2026-06-06_run02_circle_r40_off_r02,32200,32204,4,22.943057454041842,-32.76608177155967,-263.27731514697575,,,,-7.0,1.0,10.0,0.0,0.0,0.0,0.0,0.0,0.0,0.0,0.0,0.0,22.943057454041842,-32.76608177155967,-263.27731514697575,-7.0,1.0,10.0,0.25,2.0,False,False,False,disabled
2026-06-06_run02_circle_r40_off_r02,32300,32313,13,22.943057454041842,-32.76608177155967,-263.27731514697575,,,,-7.0,1.0,10.0,0.0,0.0,0.0,0.0,0.0,0.0,0.0,0.0,0.0,22.943057454041842,-32.76608177155967,-263.27731514697575,-7.0,1.0,10.0,0.25,2.0,False,False,False,disabled
2026-06-06_run02_circle_r40_off_r02,32400,32407,7,22.943057454041842,-32.76608177155967,-263.27731514697575,,,,-7.0,1.0,10.0,0.0,0.0,0.0,0.0,0.0,0.0,0.0,0.0,0.0,22.943057454041842,-32.76608177155967,-263.27731514697575,-7.0,1.0,10.0,0.25,2.0,False,False,False,disabled
2026-06-06_run02_circle_r40_off_r02,32417,32422,5,25.71150438746157,-30.641777724759123,-263.27731514697575,,,,-6.0,0.0,11.0,0.0,0.0,0.0,0.0,0.0,0.0,0.0,0.0,0.0,25.71150438746157,-30.641777724759123,-263.27731514697575,-6.0,0.0,11.0,0.25,2.0,False,False,True,disabled
2026-06-06_run02_circle_r40_off_r02,32517,32532,15,25.71150438746157,-30.641777724759123,-263.27731514697575,,,,-6.0,0.0,11.0,0.0,0.0,0.0,0.0,0.0,0.0,0.0,0.0,0.0,25.71150438746157,-30.641777724759123,-263.27731514697575,-6.0,0.0,11.0,0.25,2.0,False,False,False,disabled
2026-06-06_run02_circle_r40_off_r02,32617,32625,8,25.71150438746157,-30.641777724759123,-263.27731514697575,,,,-6.0,0.0,11.0,0.0,0.0,0.0,0.0,0.0,0.0,0.0,0.0,0.0,25.71150438746157,-30.641777724759123,-263.27731514697575,-6.0,0.0,11.0,0.25,2.0,False,False,False,disabled
2026-06-06_run02_circle_r40_off_r02,32717,32719,2,25.71150438746157,-30.641777724759123,-263.27731514697575,,,,-6.0,0.0,11.0,0.0,0.0,0.0,0.0,0.0,0.0,0.0,0.0,0.0,25.71150438746157,-30.641777724759123,-263.27731514697575,-6.0,0.0,11.0,0.25,2.0,False,False,False,disabled
2026-06-06_run02_circle_r40_off_r02,32817,32829,12,25.71150438746157,-30.641777724759123,-263.27731514697575,,,,-6.0,0.0,11.0,0.0,0.0,0.0,0.0,0.0,0.0,0.0,0.0,0.0,25.71150438746157,-30.641777724759123,-263.27731514697575,-6.0,0.0,11.0,0.25,2.0,False,False,False,disabled
2026-06-06_run02_circle_r40_off_r02,32833,32844,11,28.284271247461895,-28.28427124746191,-263.27731514697575,,,,-6.0,-1.0,11.0,0.0,0.0,0.0,0.0,0.0,0.0,0.0,0.0,0.0,28.284271247461895,-28.28427124746191,-263.27731514697575,-6.0,-1.0,11.0,0.25,2.0,False,False,True,disabled
2026-06-06_run02_circle_r40_off_r02,32933,32938,5,28.284271247461895,-28.28427124746191,-263.27731514697575,,,,-6.0,-1.0,11.0,0.0,0.0,0.0,0.0,0.0,0.0,0.0,0.0,0.0,28.284271247461895,-28.28427124746191,-263.27731514697575,-6.0,-1.0,11.0,0.25,2.0,False,False,False,disabled
2026-06-06_run02_circle_r40_off_r02,33033,33047,14,28.284271247461895,-28.28427124746191,-263.27731514697575,,,,-6.0,-1.0,11.0,0.0,0.0,0.0,0.0,0.0,0.0,0.0,0.0,0.0,28.284271247461895,-28.28427124746191,-263.27731514697575,-6.0,-1.0,11.0,0.25,2.0,False,False,False,disabled
2026-06-06_run02_circle_r40_off_r02,33133,33141,8,28.284271247461895,-28.28427124746191,-263.27731514697575,,,,-6.0,-1.0,11.0,0.0,0.0,0.0,0.0,0.0,0.0,0.0,0.0,0.0,28.284271247461895,-28.28427124746191,-263.27731514697575,-6.0,-1.0,11.0,0.25,2.0,False,False,False,disabled
2026-06-06_run02_circle_r40_off_r02,33233,33235,2,28.284271247461895,-28.28427124746191,-263.27731514697575,,,,-6.0,-1.0,11.0,0.0,0.0,0.0,0.0,0.0,0.0,0.0,0.0,0.0,28.284271247461895,-28.28427124746191,-263.27731514697575,-6.0,-1.0,11.0,0.25,2.0,False,False,False,disabled
2026-06-06_run02_circle_r40_off_r02,33250,33250,0,30.641777724759113,-25.711504387461584,-263.27731514697575,,,,-5.0,-2.0,11.0,0.0,0.0,0.0,0.0,0.0,0.0,0.0,0.0,0.0,30.641777724759113,-25.711504387461584,-263.27731514697575,-5.0,-2.0,11.0,0.25,2.0,False,False,True,disabled
2026-06-06_run02_circle_r40_off_r02,33350,33375,25,30.641777724759113,-25.711504387461584,-263.27731514697575,,,,-5.0,-2.0,11.0,0.0,0.0,0.0,0.0,0.0,0.0,0.0,0.0,0.0,30.641777724759113,-25.711504387461584,-263.27731514697575,-5.0,-2.0,11.0,0.25,2.0,False,False,False,disabled
2026-06-06_run02_circle_r40_off_r02,33450,33454,4,30.641777724759113,-25.711504387461584,-263.27731514697575,,,,-5.0,-2.0,11.0,0.0,0.0,0.0,0.0,0.0,0.0,0.0,0.0,0.0,30.641777724759113,-25.711504387461584,-263.27731514697575,-5.0,-2.0,11.0,0.25,2.0,False,False,False,disabled
2026-06-06_run02_circle_r40_off_r02,33550,33563,13,30.641777724759113,-25.711504387461584,-263.27731514697575,,,,-5.0,-2.0,11.0,0.0,0.0,0.0,0.0,0.0,0.0,0.0,0.0,0.0,30.641777724759113,-25.711504387461584,-263.27731514697575,-5.0,-2.0,11.0,0.25,2.0,False,False,False,disabled
2026-06-06_run02_circle_r40_off_r02,33650,33657,7,30.641777724759113,-25.711504387461584,-263.27731514697575,,,,-5.0,-2.0,11.0,0.0,0.0,0.0,0.0,0.0,0.0,0.0,0.0,0.0,30.641777724759113,-25.711504387461584,-263.27731514697575,-5.0,-2.0,11.0,0.25,2.0,False,False,False,disabled
2026-06-06_run02_circle_r40_off_r02,33667,33672,5,32.76608177155966,-22.94305745404186,-263.27731514697575,,,,-4.0,-3.0,11.0,0.0,0.0,0.0,0.0,0.0,0.0,0.0,0.0,0.0,32.76608177155966,-22.94305745404186,-263.27731514697575,-4.0,-3.0,11.0,0.25,2.0,False,False,True,disabled
2026-06-06_run02_circle_r40_off_r02,33767,33782,15,32.76608177155966,-22.94305745404186,-263.27731514697575,,,,-4.0,-3.0,11.0,0.0,0.0,0.0,0.0,0.0,0.0,0.0,0.0,0.0,32.76608177155966,-22.94305745404186,-263.27731514697575,-4.0,-3.0,11.0,0.25,2.0,False,False,False,disabled
2026-06-06_run02_circle_r40_off_r02,33867,33875,8,32.76608177155966,-22.94305745404186,-263.27731514697575,,,,-4.0,-3.0,11.0,0.0,0.0,0.0,0.0,0.0,0.0,0.0,0.0,0.0,32.76608177155966,-22.94305745404186,-263.27731514697575,-4.0,-3.0,11.0,0.25,2.0,False,False,False,disabled
2026-06-06_run02_circle_r40_off_r02,33967,33969,2,32.76608177155966,-22.94305745404186,-263.27731514697575,,,,-4.0,-3.0,11.0,0.0,0.0,0.0,0.0,0.0,0.0,0.0,0.0,0.0,32.76608177155966,-22.94305745404186,-263.27731514697575,-4.0,-3.0,11.0,0.25,2.0,False,False,False,disabled
2026-06-06_run02_circle_r40_off_r02,34067,34079,12,32.76608177155966,-22.94305745404186,-263.27731514697575,,,,-4.0,-3.0,11.0,0.0,0.0,0.0,0.0,0.0,0.0,0.0,0.0,0.0,32.76608177155966,-22.94305745404186,-263.27731514697575,-4.0,-3.0,11.0,0.25,2.0,False,False,False,disabled
2026-06-06_run02_circle_r40_off_r02,34083,34094,11,34.641016151377556,-19.999999999999986,-263.27731514697575,,,,-4.0,-4.0,11.0,0.0,0.0,0.0,0.0,0.0,0.0,0.0,0.0,0.0,34.641016151377556,-19.999999999999986,-263.27731514697575,-4.0,-4.0,11.0,0.25,2.0,False,False,True,disabled
2026-06-06_run02_circle_r40_off_r02,34183,34188,5,34.641016151377556,-19.999999999999986,-263.27731514697575,,,,-4.0,-4.0,11.0,0.0,0.0,0.0,0.0,0.0,0.0,0.0,0.0,0.0,34.641016151377556,-19.999999999999986,-263.27731514697575,-4.0,-4.0,11.0,0.25,2.0,False,False,False,disabled
2026-06-06_run02_circle_r40_off_r02,34283,34297,14,34.641016151377556,-19.999999999999986,-263.27731514697575,,,,-4.0,-4.0,11.0,0.0,0.0,0.0,0.0,0.0,0.0,0.0,0.0,0.0,34.641016151377556,-19.999999999999986,-263.27731514697575,-4.0,-4.0,11.0,0.25,2.0,False,False,False,disabled
2026-06-06_run02_circle_r40_off_r02,34383,34391,8,34.641016151377556,-19.999999999999986,-263.27731514697575,,,,-4.0,-4.0,11.0,0.0,0.0,0.0,0.0,0.0,0.0,0.0,0.0,0.0,34.641016151377556,-19.999999999999986,-263.27731514697575,-4.0,-4.0,11.0,0.25,2.0,False,False,False,disabled
2026-06-06_run02_circle_r40_off_r02,34483,34485,2,34.641016151377556,-19.999999999999986,-263.27731514697575,,,,-4.0,-4.0,11.0,0.0,0.0,0.0,0.0,0.0,0.0,0.0,0.0,0.0,34.641016151377556,-19.999999999999986,-263.27731514697575,-4.0,-4.0,11.0,0.25,2.0,False,False,False,disabled
2026-06-06_run02_circle_r40_off_r02,34500,34500,0,36.25231148146599,-16.904730469628,-263.27731514697575,,,,-3.0,-4.0,11.0,0.0,0.0,0.0,0.0,0.0,0.0,0.0,0.0,0.0,36.25231148146599,-16.904730469628,-263.27731514697575,-3.0,-4.0,11.0,0.25,2.0,False,False,True,disabled
2026-06-06_run02_circle_r40_off_r02,34600,34610,10,36.25231148146599,-16.904730469628,-263.27731514697575,,,,-3.0,-4.0,11.0,0.0,0.0,0.0,0.0,0.0,0.0,0.0,0.0,0.0,36.25231148146599,-16.904730469628,-263.27731514697575,-3.0,-4.0,11.0,0.25,2.0,False,False,False,disabled
2026-06-06_run02_circle_r40_off_r02,34700,34704,4,36.25231148146599,-16.904730469628,-263.27731514697575,,,,-3.0,-4.0,11.0,0.0,0.0,0.0,0.0,0.0,0.0,0.0,0.0,0.0,36.25231148146599,-16.904730469628,-263.27731514697575,-3.0,-4.0,11.0,0.25,2.0,False,False,False,disabled
2026-06-06_run02_circle_r40_off_r02,34800,34813,13,36.25231148146599,-16.904730469628,-263.27731514697575,,,,-3.0,-4.0,11.0,0.0,0.0,0.0,0.0,0.0,0.0,0.0,0.0,0.0,36.25231148146599,-16.904730469628,-263.27731514697575,-3.0,-4.0,11.0,0.25,2.0,False,False,False,disabled
2026-06-06_run02_circle_r40_off_r02,34900,34907,7,36.25231148146599,-16.904730469628,-263.27731514697575,,,,-3.0,-4.0,11.0,0.0,0.0,0.0,0.0,0.0,0.0,0.0,0.0,0.0,36.25231148146599,-16.904730469628,-263.27731514697575,-3.0,-4.0,11.0,0.25,2.0,False,False,False,disabled
2026-06-06_run02_circle_r40_off_r02,34917,34922,5,37.58770483143634,-13.680805733026745,-263.27731514697575,,,,-2.0,-5.0,11.0,0.0,0.0,0.0,0.0,0.0,0.0,0.0,0.0,0.0,37.58770483143634,-13.680805733026745,-263.27731514697575,-2.0,-5.0,11.0,0.25,2.0,False,False,True,disabled
2026-06-06_run02_circle_r40_off_r02,35017,35032,15,37.58770483143634,-13.680805733026745,-263.27731514697575,,,,-2.0,-5.0,11.0,0.0,0.0,0.0,0.0,0.0,0.0,0.0,0.0,0.0,37.58770483143634,-13.680805733026745,-263.27731514697575,-2.0,-5.0,11.0,0.25,2.0,False,False,False,disabled
2026-06-06_run02_circle_r40_off_r02,35117,35125,8,37.58770483143634,-13.680805733026745,-263.27731514697575,,,,-2.0,-5.0,11.0,0.0,0.0,0.0,0.0,0.0,0.0,0.0,0.0,0.0,37.58770483143634,-13.680805733026745,-263.27731514697575,-2.0,-5.0,11.0,0.25,2.0,False,False,False,disabled
2026-06-06_run02_circle_r40_off_r02,35217,35219,2,37.58770483143634,-13.680805733026745,-263.27731514697575,,,,-2.0,-5.0,11.0,0.0,0.0,0.0,0.0,0.0,0.0,0.0,0.0,0.0,37.58770483143634,-13.680805733026745,-263.27731514697575,-2.0,-5.0,11.0,0.25,2.0,False,False,False,disabled
2026-06-06_run02_circle_r40_off_r02,35317,35329,12,37.58770483143634,-13.680805733026745,-263.27731514697575,,,,-2.0,-5.0,11.0,0.0,0.0,0.0,0.0,0.0,0.0,0.0,0.0,0.0,37.58770483143634,-13.680805733026745,-263.27731514697575,-2.0,-5.0,11.0,0.25,2.0,False,False,False,disabled
2026-06-06_run02_circle_r40_off_r02,35333,35344,11,38.63703305156273,-10.352761804100828,-263.27731514697575,,,,-1.0,-6.0,11.0,0.0,0.0,0.0,0.0,0.0,0.0,0.0,0.0,0.0,38.63703305156273,-10.352761804100828,-263.27731514697575,-1.0,-6.0,11.0,0.25,2.0,False,False,True,disabled
2026-06-06_run02_circle_r40_off_r02,35433,35454,21,38.63703305156273,-10.352761804100828,-263.27731514697575,,,,-1.0,-6.0,11.0,0.0,0.0,0.0,0.0,0.0,0.0,0.0,0.0,0.0,38.63703305156273,-10.352761804100828,-263.27731514697575,-1.0,-6.0,11.0,0.25,2.0,False,False,False,disabled
2026-06-06_run02_circle_r40_off_r02,35533,35547,14,38.63703305156273,-10.352761804100828,-263.27731514697575,,,,-1.0,-6.0,11.0,0.0,0.0,0.0,0.0,0.0,0.0,0.0,0.0,0.0,38.63703305156273,-10.352761804100828,-263.27731514697575,-1.0,-6.0,11.0,0.25,2.0,False,False,False,disabled
2026-06-06_run02_circle_r40_off_r02,35633,35641,8,38.63703305156273,-10.352761804100828,-263.27731514697575,,,,-1.0,-6.0,11.0,0.0,0.0,0.0,0.0,0.0,0.0,0.0,0.0,0.0,38.63703305156273,-10.352761804100828,-263.27731514697575,-1.0,-6.0,11.0,0.25,2.0,False,False,False,disabled
2026-06-06_run02_circle_r40_off_r02,35733,35735,2,38.63703305156273,-10.352761804100828,-263.27731514697575,,,,-1.0,-6.0,11.0,0.0,0.0,0.0,0.0,0.0,0.0,0.0,0.0,0.0,38.63703305156273,-10.352761804100828,-263.27731514697575,-1.0,-6.0,11.0,0.25,2.0,False,False,False,disabled
2026-06-06_run02_circle_r40_off_r02,35750,35750,0,39.39231012048832,-6.945927106677216,-263.27731514697575,,,,0.0,-6.0,11.0,0.0,0.0,0.0,0.0,0.0,0.0,0.0,0.0,0.0,39.39231012048832,-6.945927106677216,-263.27731514697575,0.0,-6.0,11.0,0.25,2.0,False,False,True,disabled
2026-06-06_run02_circle_r40_off_r02,35850,35860,10,39.39231012048832,-6.945927106677216,-263.27731514697575,,,,0.0,-6.0,11.0,0.0,0.0,0.0,0.0,0.0,0.0,0.0,0.0,0.0,39.39231012048832,-6.945927106677216,-263.27731514697575,0.0,-6.0,11.0,0.25,2.0,False,False,False,disabled
2026-06-06_run02_circle_r40_off_r02,35950,35954,4,39.39231012048832,-6.945927106677216,-263.27731514697575,,,,0.0,-6.0,11.0,0.0,0.0,0.0,0.0,0.0,0.0,0.0,0.0,0.0,39.39231012048832,-6.945927106677216,-263.27731514697575,0.0,-6.0,11.0,0.25,2.0,False,False,False,disabled
2026-06-06_run02_circle_r40_off_r02,36050,36063,13,39.39231012048832,-6.945927106677216,-263.27731514697575,,,,0.0,-6.0,11.0,0.0,0.0,0.0,0.0,0.0,0.0,0.0,0.0,0.0,39.39231012048832,-6.945927106677216,-263.27731514697575,0.0,-6.0,11.0,0.25,2.0,False,False,False,disabled
2026-06-06_run02_circle_r40_off_r02,36150,36157,7,39.39231012048832,-6.945927106677216,-263.27731514697575,,,,0.0,-6.0,11.0,0.0,0.0,0.0,0.0,0.0,0.0,0.0,0.0,0.0,39.39231012048832,-6.945927106677216,-263.27731514697575,0.0,-6.0,11.0,0.25,2.0,False,False,False,disabled
2026-06-06_run02_circle_r40_off_r02,36167,36172,5,39.84778792366982,-3.4862297099063326,-263.27731514697575,,,,1.0,-7.0,10.0,0.0,0.0,0.0,0.0,0.0,0.0,0.0,0.0,0.0,39.84778792366982,-3.4862297099063326,-263.27731514697575,1.0,-7.0,10.0,0.25,2.0,False,False,True,disabled
2026-06-06_run02_circle_r40_off_r02,36267,36282,15,39.84778792366982,-3.4862297099063326,-263.27731514697575,,,,1.0,-7.0,10.0,0.0,0.0,0.0,0.0,0.0,0.0,0.0,0.0,0.0,39.84778792366982,-3.4862297099063326,-263.27731514697575,1.0,-7.0,10.0,0.25,2.0,False,False,False,disabled
2026-06-06_run02_circle_r40_off_r02,36367,36375,8,39.84778792366982,-3.4862297099063326,-263.27731514697575,,,,1.0,-7.0,10.0,0.0,0.0,0.0,0.0,0.0,0.0,0.0,0.0,0.0,39.84778792366982,-3.4862297099063326,-263.27731514697575,1.0,-7.0,10.0,0.25,2.0,False,False,False,disabled
2026-06-06_run02_circle_r40_off_r02,36467,36469,2,39.84778792366982,-3.4862297099063326,-263.27731514697575,,,,1.0,-7.0,10.0,0.0,0.0,0.0,0.0,0.0,0.0,0.0,0.0,0.0,39.84778792366982,-3.4862297099063326,-263.27731514697575,1.0,-7.0,10.0,0.25,2.0,False,False,False,disabled
2026-06-06_run02_circle_r40_off_r02,36567,36594,27,39.84778792366982,-3.4862297099063326,-263.27731514697575,,,,1.0,-7.0,10.0,0.0,0.0,0.0,0.0,0.0,0.0,0.0,0.0,0.0,39.84778792366982,-3.4862297099063326,-263.27731514697575,1.0,-7.0,10.0,0.25,2.0,False,False,False,disabled
2026-06-06_run02_circle_r40_off_r02,36583,36594,11,40.0,0.0,-263.27731514697575,,,,1.0,-7.0,10.0,0.0,0.0,0.0,0.0,0.0,0.0,0.0,0.0,0.0,40.0,0.0,-263.27731514697575,1.0,-7.0,10.0,0.25,2.0,False,False,True,disabled
2026-06-06_run02_circle_r40_off_r02,36683,36688,5,40.0,0.0,-263.27731514697575,,,,1.0,-7.0,10.0,0.0,0.0,0.0,0.0,0.0,0.0,0.0,0.0,0.0,40.0,0.0,-263.27731514697575,1.0,-7.0,10.0,0.25,2.0,False,False,False,disabled
2026-06-06_run02_circle_r40_off_r02,36783,36797,14,40.0,0.0,-263.27731514697575,,,,1.0,-7.0,10.0,0.0,0.0,0.0,0.0,0.0,0.0,0.0,0.0,0.0,40.0,0.0,-263.27731514697575,1.0,-7.0,10.0,0.25,2.0,False,False,False,disabled
2026-06-06_run02_circle_r40_off_r02,36883,36891,8,40.0,0.0,-263.27731514697575,,,,1.0,-7.0,10.0,0.0,0.0,0.0,0.0,0.0,0.0,0.0,0.0,0.0,40.0,0.0,-263.27731514697575,1.0,-7.0,10.0,0.25,2.0,False,False,False,disabled
2026-06-06_run02_circle_r40_off_r02,36983,36985,2,40.0,0.0,-263.27731514697575,,,,1.0,-7.0,10.0,0.0,0.0,0.0,0.0,0.0,0.0,0.0,0.0,0.0,40.0,0.0,-263.27731514697575,1.0,-7.0,10.0,0.25,2.0,False,False,False,disabled
2026-06-06_run02_circle_r40_off_r02,37000,37000,0,40.0,0.0,-263.27731514697575,,,,1.0,-7.0,10.0,0.0,0.0,0.0,0.0,0.0,0.0,0.0,0.0,0.0,40.0,0.0,-263.27731514697575,1.0,-7.0,10.0,0.25,2.0,False,False,True,disabled
2026-06-06_run02_circle_r40_off_r02,37100,37110,10,40.0,0.0,-263.27731514697575,,,,1.0,-7.0,10.0,0.0,0.0,0.0,0.0,0.0,0.0,0.0,0.0,0.0,40.0,0.0,-263.27731514697575,1.0,-7.0,10.0,0.25,2.0,False,False,False,disabled
2026-06-06_run02_circle_r40_off_r02,37200,37204,4,40.0,0.0,-263.27731514697575,,,,1.0,-7.0,10.0,0.0,0.0,0.0,0.0,0.0,0.0,0.0,0.0,0.0,40.0,0.0,-263.27731514697575,1.0,-7.0,10.0,0.25,2.0,False,False,False,disabled
2026-06-06_run02_circle_r40_off_r02,37300,37313,13,40.0,0.0,-263.27731514697575,,,,1.0,-7.0,10.0,0.0,0.0,0.0,0.0,0.0,0.0,0.0,0.0,0.0,40.0,0.0,-263.27731514697575,1.0,-7.0,10.0,0.25,2.0,False,False,False,disabled
2026-06-06_run02_circle_r40_off_r02,37400,37407,7,40.0,0.0,-263.27731514697575,,,,1.0,-7.0,10.0,0.0,0.0,0.0,0.0,0.0,0.0,0.0,0.0,0.0,40.0,0.0,-263.27731514697575,1.0,-7.0,10.0,0.25,2.0,False,False,False,disabled
2026-06-06_run02_circle_r40_off_r02,37500,37500,0,40.0,0.0,-263.27731514697575,,,,1.0,-7.0,10.0,0.0,0.0,0.0,0.0,0.0,0.0,0.0,0.0,0.0,40.0,0.0,-263.27731514697575,1.0,-7.0,10.0,0.25,2.0,False,False,True,disabled
2026-06-06_run02_circle_r40_off_r02,37600,37610,10,40.0,0.0,-263.27731514697575,,,,1.0,-7.0,10.0,0.0,0.0,0.0,0.0,0.0,0.0,0.0,0.0,0.0,40.0,0.0,-263.27731514697575,1.0,-7.0,10.0,0.25,2.0,False,False,False,disabled
2026-06-06_run02_circle_r40_off_r02,37700,37704,4,40.0,0.0,-263.27731514697575,,,,1.0,-7.0,10.0,0.0,0.0,0.0,0.0,0.0,0.0,0.0,0.0,0.0,40.0,0.0,-263.27731514697575,1.0,-7.0,10.0,0.25,2.0,False,False,False,disabled
2026-06-06_run02_circle_r40_off_r02,37800,37813,13,40.0,0.0,-263.27731514697575,,,,1.0,-7.0,10.0,0.0,0.0,0.0,0.0,0.0,0.0,0.0,0.0,0.0,40.0,0.0,-263.27731514697575,1.0,-7.0,10.0,0.25,2.0,False,False,False,disabled
2026-06-06_run02_circle_r40_off_r02,37900,37907,7,40.0,0.0,-263.27731514697575,,,,1.0,-7.0,10.0,0.0,0.0,0.0,0.0,0.0,0.0,0.0,0.0,0.0,40.0,0.0,-263.27731514697575,1.0,-7.0,10.0,0.25,2.0,False,False,False,disabled
2026-06-06_run02_circle_r40_off_r02,38000,38000,0,40.0,0.0,-263.27731514697575,,,,1.0,-7.0,10.0,0.0,0.0,0.0,0.0,0.0,0.0,0.0,0.0,0.0,40.0,0.0,-263.27731514697575,1.0,-7.0,10.0,0.25,2.0,False,False,True,disabled
2026-06-06_run02_circle_r40_off_r02,38100,38110,10,40.0,0.0,-263.27731514697575,,,,1.0,-7.0,10.0,0.0,0.0,0.0,0.0,0.0,0.0,0.0,0.0,0.0,40.0,0.0,-263.27731514697575,1.0,-7.0,10.0,0.25,2.0,False,False,False,disabled
2026-06-06_run02_circle_r40_off_r02,38200,38204,4,40.0,0.0,-263.27731514697575,,,,1.0,-7.0,10.0,0.0,0.0,0.0,0.0,0.0,0.0,0.0,0.0,0.0,40.0,0.0,-263.27731514697575,1.0,-7.0,10.0,0.25,2.0,False,False,False,disabled
2026-06-06_run02_circle_r40_off_r02,38300,38313,13,40.0,0.0,-263.27731514697575,,,,1.0,-7.0,10.0,0.0,0.0,0.0,0.0,0.0,0.0,0.0,0.0,0.0,40.0,0.0,-263.27731514697575,1.0,-7.0,10.0,0.25,2.0,False,False,False,disabled
2026-06-06_run02_circle_r40_off_r02,38400,38407,7,40.0,0.0,-263.27731514697575,,,,1.0,-7.0,10.0,0.0,0.0,0.0,0.0,0.0,0.0,0.0,0.0,0.0,40.0,0.0,-263.27731514697575,1.0,-7.0,10.0,0.25,2.0,False,False,False,disabled
2026-06-06_run02_circle_r40_off_r02,38500,38500,0,40.0,0.0,-263.27731514697575,,,,1.0,-7.0,10.0,0.0,0.0,0.0,0.0,0.0,0.0,0.0,0.0,0.0,40.0,0.0,-263.27731514697575,1.0,-7.0,10.0,0.25,2.0,False,False,True,disabled
2026-06-06_run02_circle_r40_off_r02,38600,38610,10,40.0,0.0,-263.27731514697575,,,,1.0,-7.0,10.0,0.0,0.0,0.0,0.0,0.0,0.0,0.0,0.0,0.0,40.0,0.0,-263.27731514697575,1.0,-7.0,10.0,0.25,2.0,False,False,False,disabled
2026-06-06_run02_circle_r40_off_r02,38700,38704,4,40.0,0.0,-263.27731514697575,,,,1.0,-7.0,10.0,0.0,0.0,0.0,0.0,0.0,0.0,0.0,0.0,0.0,40.0,0.0,-263.27731514697575,1.0,-7.0,10.0,0.25,2.0,False,False,False,disabled
2026-06-06_run02_circle_r40_off_r02,38800,38813,13,40.0,0.0,-263.27731514697575,,,,1.0,-7.0,10.0,0.0,0.0,0.0,0.0,0.0,0.0,0.0,0.0,0.0,40.0,0.0,-263.27731514697575,1.0,-7.0,10.0,0.25,2.0,False,False,False,disabled
2026-06-06_run02_circle_r40_off_r02,38900,38907,7,40.0,0.0,-263.27731514697575,,,,1.0,-7.0,10.0,0.0,0.0,0.0,0.0,0.0,0.0,0.0,0.0,0.0,40.0,0.0,-263.27731514697575,1.0,-7.0,10.0,0.25,2.0,False,False,False,disabled
2026-06-06_run02_circle_r40_off_r02,39000,39000,0,0.0,0.0,-263.27731514697575,,,,0.0,0.0,0.0,0.0,0.0,0.0,0.0,0.0,0.0,0.0,0.0,0.0,0.0,0.0,-263.27731514697575,0.0,0.0,0.0,0.25,2.0,False,False,True,disabled
2026-06-06_run02_circle_r40_off_r02,39100,39110,10,0.0,0.0,-263.27731514697575,,,,0.0,0.0,0.0,0.0,0.0,0.0,0.0,0.0,0.0,0.0,0.0,0.0,0.0,0.0,-263.27731514697575,0.0,0.0,0.0,0.25,2.0,False,False,False,disabled
2026-06-06_run02_circle_r40_off_r02,39200,39204,4,0.0,0.0,-263.27731514697575,,,,0.0,0.0,0.0,0.0,0.0,0.0,0.0,0.0,0.0,0.0,0.0,0.0,0.0,0.0,-263.27731514697575,0.0,0.0,0.0,0.25,2.0,False,False,False,disabled
2026-06-06_run02_circle_r40_off_r02,39300,39313,13,0.0,0.0,-263.27731514697575,,,,0.0,0.0,0.0,0.0,0.0,0.0,0.0,0.0,0.0,0.0,0.0,0.0,0.0,0.0,-263.27731514697575,0.0,0.0,0.0,0.25,2.0,False,False,False,disabled
2026-06-06_run02_circle_r40_off_r02,39400,39407,7,0.0,0.0,-263.27731514697575,,,,0.0,0.0,0.0,0.0,0.0,0.0,0.0,0.0,0.0,0.0,0.0,0.0,0.0,0.0,-263.27731514697575,0.0,0.0,0.0,0.25,2.0,False,False,False,disabled
2026-06-06_run02_circle_r40_off_r02,39500,39500,0,0.0,0.0,-263.27731514697575,,,,0.0,0.0,0.0,0.0,0.0,0.0,0.0,0.0,0.0,0.0,0.0,0.0,0.0,0.0,-263.27731514697575,0.0,0.0,0.0,0.25,2.0,False,False,True,disabled
2026-06-06_run02_circle_r40_off_r02,39600,39610,10,0.0,0.0,-263.27731514697575,,,,0.0,0.0,0.0,0.0,0.0,0.0,0.0,0.0,0.0,0.0,0.0,0.0,0.0,0.0,-263.27731514697575,0.0,0.0,0.0,0.25,2.0,False,False,False,disabled
2026-06-06_run02_circle_r40_off_r02,39700,39704,4,0.0,0.0,-263.27731514697575,,,,0.0,0.0,0.0,0.0,0.0,0.0,0.0,0.0,0.0,0.0,0.0,0.0,0.0,0.0,-263.27731514697575,0.0,0.0,0.0,0.25,2.0,False,False,False,disabled
2026-06-06_run02_circle_r40_off_r02,39800,39813,13,0.0,0.0,-263.27731514697575,,,,0.0,0.0,0.0,0.0,0.0,0.0,0.0,0.0,0.0,0.0,0.0,0.0,0.0,0.0,-263.27731514697575,0.0,0.0,0.0,0.25,2.0,False,False,False,disabled
2026-06-06_run02_circle_r40_off_r02,39900,39907,7,0.0,0.0,-263.27731514697575,,,,0.0,0.0,0.0,0.0,0.0,0.0,0.0,0.0,0.0,0.0,0.0,0.0,0.0,0.0,-263.27731514697575,0.0,0.0,0.0,0.25,2.0,False,False,False,disabled
2026-06-06_run02_circle_r40_off_r02,40000,40000,0,0.0,0.0,-263.27731514697575,,,,0.0,0.0,0.0,0.0,0.0,0.0,0.0,0.0,0.0,0.0,0.0,0.0,0.0,0.0,-263.27731514697575,0.0,0.0,0.0,0.25,2.0,False,False,True,disabled
2026-06-06_run02_circle_r40_off_r02,40100,40110,10,0.0,0.0,-263.27731514697575,,,,0.0,0.0,0.0,0.0,0.0,0.0,0.0,0.0,0.0,0.0,0.0,0.0,0.0,0.0,-263.27731514697575,0.0,0.0,0.0,0.25,2.0,False,False,False,disabled
2026-06-06_run02_circle_r40_off_r02,40200,40204,4,0.0,0.0,-263.27731514697575,,,,0.0,0.0,0.0,0.0,0.0,0.0,0.0,0.0,0.0,0.0,0.0,0.0,0.0,0.0,-263.27731514697575,0.0,0.0,0.0,0.25,2.0,False,False,False,disabled
2026-06-06_run02_circle_r40_off_r02,40300,40313,13,0.0,0.0,-263.27731514697575,,,,0.0,0.0,0.0,0.0,0.0,0.0,0.0,0.0,0.0,0.0,0.0,0.0,0.0,0.0,-263.27731514697575,0.0,0.0,0.0,0.25,2.0,False,False,False,disabled
2026-06-06_run02_circle_r40_off_r02,40400,40407,7,0.0,0.0,-263.27731514697575,,,,0.0,0.0,0.0,0.0,0.0,0.0,0.0,0.0,0.0,0.0,0.0,0.0,0.0,0.0,-263.27731514697575,0.0,0.0,0.0,0.25,2.0,False,False,False,disabled
2026-06-06_run02_circle_r40_off_r02,40500,40516,16,0.0,0.0,-263.27731514697575,,,,0.0,0.0,0.0,0.0,0.0,0.0,0.0,0.0,0.0,0.0,0.0,0.0,0.0,0.0,-263.27731514697575,0.0,0.0,0.0,0.25,2.0,False,False,True,disabled
2026-06-06_run02_circle_r40_off_r02,40600,40610,10,0.0,0.0,-263.27731514697575,,,,0.0,0.0,0.0,0.0,0.0,0.0,0.0,0.0,0.0,0.0,0.0,0.0,0.0,0.0,-263.27731514697575,0.0,0.0,0.0,0.25,2.0,False,False,False,disabled
2026-06-06_run02_circle_r40_off_r02,40700,40704,4,0.0,0.0,-263.27731514697575,,,,0.0,0.0,0.0,0.0,0.0,0.0,0.0,0.0,0.0,0.0,0.0,0.0,0.0,0.0,-263.27731514697575,0.0,0.0,0.0,0.25,2.0,False,False,False,disabled
2026-06-06_run02_circle_r40_off_r02,40800,40813,13,0.0,0.0,-263.27731514697575,,,,0.0,0.0,0.0,0.0,0.0,0.0,0.0,0.0,0.0,0.0,0.0,0.0,0.0,0.0,-263.27731514697575,0.0,0.0,0.0,0.25,2.0,False,False,False,disabled
2026-06-06_run02_circle_r40_off_r02,40900,40907,7,0.0,0.0,-263.27731514697575,,,,0.0,0.0,0.0,0.0,0.0,0.0,0.0,0.0,0.0,0.0,0.0,0.0,0.0,0.0,-263.27731514697575,0.0,0.0,0.0,0.25,2.0,False,False,False,disabled
2026-06-06_run02_circle_r40_off_r02,41000,41000,0,0.0,0.0,-263.27731514697575,,,,0.0,0.0,0.0,0.0,0.0,0.0,0.0,0.0,0.0,0.0,0.0,0.0,0.0,0.0,-263.27731514697575,0.0,0.0,0.0,0.25,2.0,False,False,True,disabled
2026-06-06_run02_circle_r40_off_r02,41100,41110,10,0.0,0.0,-263.27731514697575,,,,0.0,0.0,0.0,0.0,0.0,0.0,0.0,0.0,0.0,0.0,0.0,0.0,0.0,0.0,-263.27731514697575,0.0,0.0,0.0,0.25,2.0,False,False,False,disabled
2026-06-06_run02_circle_r40_off_r02,41200,41204,4,0.0,0.0,-263.27731514697575,,,,0.0,0.0,0.0,0.0,0.0,0.0,0.0,0.0,0.0,0.0,0.0,0.0,0.0,0.0,-263.27731514697575,0.0,0.0,0.0,0.25,2.0,False,False,False,disabled
2026-06-06_run02_circle_r40_off_r02,41300,41313,13,0.0,0.0,-263.27731514697575,,,,0.0,0.0,0.0,0.0,0.0,0.0,0.0,0.0,0.0,0.0,0.0,0.0,0.0,0.0,-263.27731514697575,0.0,0.0,0.0,0.25,2.0,False,False,False,disabled
2026-06-06_run02_circle_r40_off_r02,41400,41407,7,0.0,0.0,-263.27731514697575,,,,0.0,0.0,0.0,0.0,0.0,0.0,0.0,0.0,0.0,0.0,0.0,0.0,0.0,0.0,-263.27731514697575,0.0,0.0,0.0,0.25,2.0,False,False,False,disabled
2026-06-06_run02_circle_r40_off_r02,41500,41500,0,0.0,0.0,-263.27731514697575,,,,0.0,0.0,0.0,0.0,0.0,0.0,0.0,0.0,0.0,0.0,0.0,0.0,0.0,0.0,-263.27731514697575,0.0,0.0,0.0,0.25,2.0,False,False,True,disabled
2026-06-06_run02_circle_r40_off_r02,41600,41610,10,0.0,0.0,-263.27731514697575,,,,0.0,0.0,0.0,0.0,0.0,0.0,0.0,0.0,0.0,0.0,0.0,0.0,0.0,0.0,-263.27731514697575,0.0,0.0,0.0,0.25,2.0,False,False,False,disabled
2026-06-06_run02_circle_r40_off_r02,41700,41704,4,0.0,0.0,-263.27731514697575,,,,0.0,0.0,0.0,0.0,0.0,0.0,0.0,0.0,0.0,0.0,0.0,0.0,0.0,0.0,-263.27731514697575,0.0,0.0,0.0,0.25,2.0,False,False,False,disabled
2026-06-06_run02_circle_r40_off_r02,41800,41813,13,0.0,0.0,-263.27731514697575,,,,0.0,0.0,0.0,0.0,0.0,0.0,0.0,0.0,0.0,0.0,0.0,0.0,0.0,0.0,-263.27731514697575,0.0,0.0,0.0,0.25,2.0,False,False,False,disabled
2026-06-06_run02_circle_r40_off_r02,41900,41907,7,0.0,0.0,-263.27731514697575,,,,0.0,0.0,0.0,0.0,0.0,0.0,0.0,0.0,0.0,0.0,0.0,0.0,0.0,0.0,-263.27731514697575,0.0,0.0,0.0,0.25,2.0,False,False,False,disabled
2026-06-06_run02_circle_r40_off_r02,42000,42000,0,0.0,0.0,-263.27731514697575,,,,0.0,0.0,0.0,0.0,0.0,0.0,0.0,0.0,0.0,0.0,0.0,0.0,0.0,0.0,-263.27731514697575,0.0,0.0,0.0,0.25,2.0,False,False,True,disabled
2026-06-06_run02_circle_r40_off_r02,42100,42110,10,0.0,0.0,-263.27731514697575,,,,0.0,0.0,0.0,0.0,0.0,0.0,0.0,0.0,0.0,0.0,0.0,0.0,0.0,0.0,-263.27731514697575,0.0,0.0,0.0,0.25,2.0,False,False,False,disabled
2026-06-06_run02_circle_r40_off_r02,42200,42204,4,0.0,0.0,-263.27731514697575,,,,0.0,0.0,0.0,0.0,0.0,0.0,0.0,0.0,0.0,0.0,0.0,0.0,0.0,0.0,-263.27731514697575,0.0,0.0,0.0,0.25,2.0,False,False,False,disabled
2026-06-06_run02_circle_r40_off_r02,42300,42313,13,0.0,0.0,-263.27731514697575,,,,0.0,0.0,0.0,0.0,0.0,0.0,0.0,0.0,0.0,0.0,0.0,0.0,0.0,0.0,-263.27731514697575,0.0,0.0,0.0,0.25,2.0,False,False,False,disabled
2026-06-06_run02_circle_r40_off_r02,42400,42407,7,0.0,0.0,-263.27731514697575,,,,0.0,0.0,0.0,0.0,0.0,0.0,0.0,0.0,0.0,0.0,0.0,0.0,0.0,0.0,-263.27731514697575,0.0,0.0,0.0,0.25,2.0,False,False,False,disabled
2026-06-06_run02_circle_r40_off_r02,42500,42500,0,0.0,0.0,-263.27731514697575,,,,0.0,0.0,0.0,0.0,0.0,0.0,0.0,0.0,0.0,0.0,0.0,0.0,0.0,0.0,-263.27731514697575,0.0,0.0,0.0,0.25,2.0,False,False,True,disabled
2026-06-06_run02_circle_r40_off_r02,42600,42610,10,0.0,0.0,-263.27731514697575,,,,0.0,0.0,0.0,0.0,0.0,0.0,0.0,0.0,0.0,0.0,0.0,0.0,0.0,0.0,-263.27731514697575,0.0,0.0,0.0,0.25,2.0,False,False,False,disabled
2026-06-06_run02_circle_r40_off_r02,42700,42719,19,0.0,0.0,-263.27731514697575,,,,0.0,0.0,0.0,0.0,0.0,0.0,0.0,0.0,0.0,0.0,0.0,0.0,0.0,0.0,-263.27731514697575,0.0,0.0,0.0,0.25,2.0,False,False,False,disabled
2026-06-06_run02_circle_r40_off_r02,42800,42813,13,0.0,0.0,-263.27731514697575,,,,0.0,0.0,0.0,0.0,0.0,0.0,0.0,0.0,0.0,0.0,0.0,0.0,0.0,0.0,-263.27731514697575,0.0,0.0,0.0,0.25,2.0,False,False,False,disabled
2026-06-06_run02_circle_r40_off_r02,42900,42907,7,0.0,0.0,-263.27731514697575,,,,0.0,0.0,0.0,0.0,0.0,0.0,0.0,0.0,0.0,0.0,0.0,0.0,0.0,0.0,-263.27731514697575,0.0,0.0,0.0,0.25,2.0,False,False,False,disabled
2026-06-06_run02_circle_r40_off_r02,43000,43000,0,0.0,0.0,-263.27731514697575,,,,0.0,0.0,0.0,0.0,0.0,0.0,0.0,0.0,0.0,0.0,0.0,0.0,0.0,0.0,-263.27731514697575,0.0,0.0,0.0,0.25,2.0,False,False,True,disabled
2026-06-06_run02_circle_r40_off_r02,43100,43110,10,0.0,0.0,-263.27731514697575,,,,0.0,0.0,0.0,0.0,0.0,0.0,0.0,0.0,0.0,0.0,0.0,0.0,0.0,0.0,-263.27731514697575,0.0,0.0,0.0,0.25,2.0,False,False,False,disabled
2026-06-06_run02_circle_r40_off_r02,43200,43204,4,0.0,0.0,-263.27731514697575,,,,0.0,0.0,0.0,0.0,0.0,0.0,0.0,0.0,0.0,0.0,0.0,0.0,0.0,0.0,-263.27731514697575,0.0,0.0,0.0,0.25,2.0,False,False,False,disabled
2026-06-06_run02_circle_r40_off_r02,43300,43313,13,0.0,0.0,-263.27731514697575,,,,0.0,0.0,0.0,0.0,0.0,0.0,0.0,0.0,0.0,0.0,0.0,0.0,0.0,0.0,-263.27731514697575,0.0,0.0,0.0,0.25,2.0,False,False,False,disabled
2026-06-06_run02_circle_r40_off_r02,43400,43407,7,0.0,0.0,-263.27731514697575,,,,0.0,0.0,0.0,0.0,0.0,0.0,0.0,0.0,0.0,0.0,0.0,0.0,0.0,0.0,-263.27731514697575,0.0,0.0,0.0,0.25,2.0,False,False,False,disabled
2026-06-06_run02_circle_r40_off_r02,43500,43500,0,0.0,0.0,-263.27731514697575,,,,0.0,0.0,0.0,0.0,0.0,0.0,0.0,0.0,0.0,0.0,0.0,0.0,0.0,0.0,-263.27731514697575,0.0,0.0,0.0,0.25,2.0,False,False,True,disabled
2026-06-06_run02_circle_r40_off_r02,43600,43625,25,0.0,0.0,-263.27731514697575,,,,0.0,0.0,0.0,0.0,0.0,0.0,0.0,0.0,0.0,0.0,0.0,0.0,0.0,0.0,-263.27731514697575,0.0,0.0,0.0,0.25,2.0,False,False,False,disabled
2026-06-06_run02_circle_r40_off_r02,43700,43704,4,0.0,0.0,-263.27731514697575,,,,0.0,0.0,0.0,0.0,0.0,0.0,0.0,0.0,0.0,0.0,0.0,0.0,0.0,0.0,-263.27731514697575,0.0,0.0,0.0,0.25,2.0,False,False,False,disabled
2026-06-06_run02_circle_r40_off_r02,43800,43813,13,0.0,0.0,-263.27731514697575,,,,0.0,0.0,0.0,0.0,0.0,0.0,0.0,0.0,0.0,0.0,0.0,0.0,0.0,0.0,-263.27731514697575,0.0,0.0,0.0,0.25,2.0,False,False,False,disabled
2026-06-06_run02_circle_r40_off_r02,43900,43907,7,0.0,0.0,-263.27731514697575,,,,0.0,0.0,0.0,0.0,0.0,0.0,0.0,0.0,0.0,0.0,0.0,0.0,0.0,0.0,-263.27731514697575,0.0,0.0,0.0,0.25,2.0,False,False,False,disabled
