run_id,time,actual_elapsed_ms,schedule_lag_ms,target_x,target_y,target_z,sim_x,sim_y,sim_z,nominal_theta1,nominal_theta2,nominal_theta3,predicted_error_x,predicted_error_y,predicted_error_z,requested_correction_x,requested_correction_y,requested_correction_z,applied_correction_x,applied_correction_y,applied_correction_z,corrected_target_x,corrected_target_y,corrected_target_z,corrected_theta1,corrected_theta2,corrected_theta3,correction_gain,max_xy_correction_mm,correction_clamped,fallback_used,command_sent,correction_status
2026-06-06_run02_circle_r40_off_r03,0,16,16,0.0,0.0,-263.27731514697575,,,,0.0,0.0,0.0,0.0,0.0,0.0,0.0,0.0,0.0,0.0,0.0,0.0,0.0,0.0,-263.27731514697575,0.0,0.0,0.0,0.25,2.0,False,False,True,disabled
2026-06-06_run02_circle_r40_off_r03,100,110,10,0.0,0.0,-263.27731514697575,,,,0.0,0.0,0.0,0.0,0.0,0.0,0.0,0.0,0.0,0.0,0.0,0.0,0.0,0.0,-263.27731514697575,0.0,0.0,0.0,0.25,2.0,False,False,False,disabled
2026-06-06_run02_circle_r40_off_r03,200,203,3,0.0,0.0,-263.27731514697575,,,,0.0,0.0,0.0,0.0,0.0,0.0,0.0,0.0,0.0,0.0,0.0,0.0,0.0,0.0,-263.27731514697575,0.0,0.0,0.0,0.25,2.0,False,False,False,disabled
2026-06-06_run02_circle_r40_off_r03,300,313,13,0.0,0.0,-263.27731514697575,,,,0.0,0.0,0.0,0.0,0.0,0.0,0.0,0.0,0.0,0.0,0.0,0.0,0.0,0.0,-263.27731514697575,0.0,0.0,0.0,0.25,2.0,False,False,False,disabled
2026-06-06_run02_circle_r40_off_r03,400,407,7,0.0,0.0,-263.27731514697575,,,,0.0,0.0,0.0,0.0,0.0,0.0,0.0,0.0,0.0,0.0,0.0,0.0,0.0,0.0,-263.27731514697575,0.0,0.0,0.0,0.25,2.0,False,False,False,disabled
2026-06-06_run02_circle_r40_off_r03,500,500,0,0.0,0.0,-263.27731514697575,,,,0.0,0.0,0.0,0.0,0.0,0.0,0.0,0.0,0.0,0.0,0.0,0.0,0.0,0.0,-263.27731514697575,0.0,0.0,0.0,0.25,2.0,False,False,True,disabled
2026-06-06_run02_circle_r40_off_r03,600,610,10,0.0,0.0,-263.27731514697575,,,,0.0,0.0,0.0,0.0,0.0,0.0,0.0,0.0,0.0,0.0,0.0,0.0,0.0,0.0,-263.27731514697575,0.0,0.0,0.0,0.25,2.0,False,False,False,disabled
2026-06-06_run02_circle_r40_off_r03,700,703,3,0.0,0.0,-263.27731514697575,,,,0.0,0.0,0.0,0.0,0.0,0.0,0.0,0.0,0.0,0.0,0.0,0.0,0.0,0.0,-263.27731514697575,0.0,0.0,0.0,0.25,2.0,False,False,False,disabled
2026-06-06_run02_circle_r40_off_r03,800,813,13,0.0,0.0,-263.27731514697575,,,,0.0,0.0,0.0,0.0,0.0,0.0,0.0,0.0,0.0,0.0,0.0,0.0,0.0,0.0,-263.27731514697575,0.0,0.0,0.0,0.25,2.0,False,False,False,disabled
2026-06-06_run02_circle_r40_off_r03,900,907,7,0.0,0.0,-263.27731514697575,,,,0.0,0.0,0.0,0.0,0.0,0.0,0.0,0.0,0.0,0.0,0.0,0.0,0.0,0.0,-263.27731514697575,0.0,0.0,0.0,0.25,2.0,False,False,False,disabled
2026-06-06_run02_circle_r40_off_r03,1000,1000,0,0.0,0.0,-263.27731514697575,,,,0.0,0.0,0.0,0.0,0.0,0.0,0.0,0.0,0.0,0.0,0.0,0.0,0.0,0.0,-263.27731514697575,0.0,0.0,0.0,0.25,2.0,False,False,True,disabled
2026-06-06_run02_circle_r40_off_r03,1100,1110,10,0.0,0.0,-263.27731514697575,,,,0.0,0.0,0.0,0.0,0.0,0.0,0.0,0.0,0.0,0.0,0.0,0.0,0.0,0.0,-263.27731514697575,0.0,0.0,0.0,0.25,2.0,False,False,False,disabled
2026-06-06_run02_circle_r40_off_r03,1200,1203,3,0.0,0.0,-263.27731514697575,,,,0.0,0.0,0.0,0.0,0.0,0.0,0.0,0.0,0.0,0.0,0.0,0.0,0.0,0.0,-263.27731514697575,0.0,0.0,0.0,0.25,2.0,False,False,False,disabled
2026-06-06_run02_circle_r40_off_r03,1300,1313,13,0.0,0.0,-263.27731514697575,,,,0.0,0.0,0.0,0.0,0.0,0.0,0.0,0.0,0.0,0.0,0.0,0.0,0.0,0.0,-263.27731514697575,0.0,0.0,0.0,0.25,2.0,False,False,False,disabled
2026-06-06_run02_circle_r40_off_r03,1400,1407,7,0.0,0.0,-263.27731514697575,,,,0.0,0.0,0.0,0.0,0.0,0.0,0.0,0.0,0.0,0.0,0.0,0.0,0.0,0.0,-263.27731514697575,0.0,0.0,0.0,0.25,2.0,False,False,False,disabled
2026-06-06_run02_circle_r40_off_r03,1500,1500,0,0.0,0.0,-263.27731514697575,,,,0.0,0.0,0.0,0.0,0.0,0.0,0.0,0.0,0.0,0.0,0.0,0.0,0.0,0.0,-263.27731514697575,0.0,0.0,0.0,0.25,2.0,False,False,True,disabled
2026-06-06_run02_circle_r40_off_r03,1600,1610,10,0.0,0.0,-263.27731514697575,,,,0.0,0.0,0.0,0.0,0.0,0.0,0.0,0.0,0.0,0.0,0.0,0.0,0.0,0.0,-263.27731514697575,0.0,0.0,0.0,0.25,2.0,False,False,False,disabled
2026-06-06_run02_circle_r40_off_r03,1700,1703,3,0.0,0.0,-263.27731514697575,,,,0.0,0.0,0.0,0.0,0.0,0.0,0.0,0.0,0.0,0.0,0.0,0.0,0.0,0.0,-263.27731514697575,0.0,0.0,0.0,0.25,2.0,False,False,False,disabled
2026-06-06_run02_circle_r40_off_r03,1800,1813,13,0.0,0.0,-263.27731514697575,,,,0.0,0.0,0.0,0.0,0.0,0.0,0.0,0.0,0.0,0.0,0.0,0.0,0.0,0.0,-263.27731514697575,0.0,0.0,0.0,0.25,2.0,False,False,False,disabled
2026-06-06_run02_circle_r40_off_r03,1900,1907,7,0.0,0.0,-263.27731514697575,,,,0.0,0.0,0.0,0.0,0.0,0.0,0.0,0.0,0.0,0.0,0.0,0.0,0.0,0.0,-263.27731514697575,0.0,0.0,0.0,0.25,2.0,False,False,False,disabled
2026-06-06_run02_circle_r40_off_r03,2000,2000,0,0.0,0.0,-263.27731514697575,,,,0.0,0.0,0.0,0.0,0.0,0.0,0.0,0.0,0.0,0.0,0.0,0.0,0.0,0.0,-263.27731514697575,0.0,0.0,0.0,0.25,2.0,False,False,True,disabled
2026-06-06_run02_circle_r40_off_r03,2100,2110,10,0.0,0.0,-263.27731514697575,,,,0.0,0.0,0.0,0.0,0.0,0.0,0.0,0.0,0.0,0.0,0.0,0.0,0.0,0.0,-263.27731514697575,0.0,0.0,0.0,0.25,2.0,False,False,False,disabled
2026-06-06_run02_circle_r40_off_r03,2200,2203,3,0.0,0.0,-263.27731514697575,,,,0.0,0.0,0.0,0.0,0.0,0.0,0.0,0.0,0.0,0.0,0.0,0.0,0.0,0.0,-263.27731514697575,0.0,0.0,0.0,0.25,2.0,False,False,False,disabled
2026-06-06_run02_circle_r40_off_r03,2300,2313,13,0.0,0.0,-263.27731514697575,,,,0.0,0.0,0.0,0.0,0.0,0.0,0.0,0.0,0.0,0.0,0.0,0.0,0.0,0.0,-263.27731514697575,0.0,0.0,0.0,0.25,2.0,False,False,False,disabled
2026-06-06_run02_circle_r40_off_r03,2400,2407,7,0.0,0.0,-263.27731514697575,,,,0.0,0.0,0.0,0.0,0.0,0.0,0.0,0.0,0.0,0.0,0.0,0.0,0.0,0.0,-263.27731514697575,0.0,0.0,0.0,0.25,2.0,False,False,False,disabled
2026-06-06_run02_circle_r40_off_r03,2500,2500,0,0.0,0.0,-263.27731514697575,,,,0.0,0.0,0.0,0.0,0.0,0.0,0.0,0.0,0.0,0.0,0.0,0.0,0.0,0.0,-263.27731514697575,0.0,0.0,0.0,0.25,2.0,False,False,True,disabled
2026-06-06_run02_circle_r40_off_r03,2600,2610,10,0.0,0.0,-263.27731514697575,,,,0.0,0.0,0.0,0.0,0.0,0.0,0.0,0.0,0.0,0.0,0.0,0.0,0.0,0.0,-263.27731514697575,0.0,0.0,0.0,0.25,2.0,False,False,False,disabled
2026-06-06_run02_circle_r40_off_r03,2700,2703,3,0.0,0.0,-263.27731514697575,,,,0.0,0.0,0.0,0.0,0.0,0.0,0.0,0.0,0.0,0.0,0.0,0.0,0.0,0.0,-263.27731514697575,0.0,0.0,0.0,0.25,2.0,False,False,False,disabled
2026-06-06_run02_circle_r40_off_r03,2800,2813,13,0.0,0.0,-263.27731514697575,,,,0.0,0.0,0.0,0.0,0.0,0.0,0.0,0.0,0.0,0.0,0.0,0.0,0.0,0.0,-263.27731514697575,0.0,0.0,0.0,0.25,2.0,False,False,False,disabled
2026-06-06_run02_circle_r40_off_r03,2900,2907,7,0.0,0.0,-263.27731514697575,,,,0.0,0.0,0.0,0.0,0.0,0.0,0.0,0.0,0.0,0.0,0.0,0.0,0.0,0.0,-263.27731514697575,0.0,0.0,0.0,0.25,2.0,False,False,False,disabled
2026-06-06_run02_circle_r40_off_r03,3000,3000,0,0.0,0.0,-263.27731514697575,,,,0.0,0.0,0.0,0.0,0.0,0.0,0.0,0.0,0.0,0.0,0.0,0.0,0.0,0.0,-263.27731514697575,0.0,0.0,0.0,0.25,2.0,False,False,True,disabled
2026-06-06_run02_circle_r40_off_r03,3100,3110,10,0.0,0.0,-263.27731514697575,,,,0.0,0.0,0.0,0.0,0.0,0.0,0.0,0.0,0.0,0.0,0.0,0.0,0.0,0.0,-263.27731514697575,0.0,0.0,0.0,0.25,2.0,False,False,False,disabled
2026-06-06_run02_circle_r40_off_r03,3200,3203,3,0.0,0.0,-263.27731514697575,,,,0.0,0.0,0.0,0.0,0.0,0.0,0.0,0.0,0.0,0.0,0.0,0.0,0.0,0.0,-263.27731514697575,0.0,0.0,0.0,0.25,2.0,False,False,False,disabled
2026-06-06_run02_circle_r40_off_r03,3300,3313,13,0.0,0.0,-263.27731514697575,,,,0.0,0.0,0.0,0.0,0.0,0.0,0.0,0.0,0.0,0.0,0.0,0.0,0.0,0.0,-263.27731514697575,0.0,0.0,0.0,0.25,2.0,False,False,False,disabled
2026-06-06_run02_circle_r40_off_r03,3400,3407,7,0.0,0.0,-263.27731514697575,,,,0.0,0.0,0.0,0.0,0.0,0.0,0.0,0.0,0.0,0.0,0.0,0.0,0.0,0.0,-263.27731514697575,0.0,0.0,0.0,0.25,2.0,False,False,False,disabled
2026-06-06_run02_circle_r40_off_r03,3500,3500,0,0.0,0.0,-263.27731514697575,,,,0.0,0.0,0.0,0.0,0.0,0.0,0.0,0.0,0.0,0.0,0.0,0.0,0.0,0.0,-263.27731514697575,0.0,0.0,0.0,0.25,2.0,False,False,True,disabled
2026-06-06_run02_circle_r40_off_r03,3600,3610,10,0.0,0.0,-263.27731514697575,,,,0.0,0.0,0.0,0.0,0.0,0.0,0.0,0.0,0.0,0.0,0.0,0.0,0.0,0.0,-263.27731514697575,0.0,0.0,0.0,0.25,2.0,False,False,False,disabled
2026-06-06_run02_circle_r40_off_r03,3700,3703,3,0.0,0.0,-263.27731514697575,,,,0.0,0.0,0.0,0.0,0.0,0.0,0.0,0.0,0.0,0.0,0.0,0.0,0.0,0.0,-263.27731514697575,0.0,0.0,0.0,0.25,2.0,False,False,False,disabled
2026-06-06_run02_circle_r40_off_r03,3800,3813,13,0.0,0.0,-263.27731514697575,,,,0.0,0.0,0.0,0.0,0.0,0.0,0.0,0.0,0.0,0.0,0.0,0.0,0.0,0.0,-263.27731514697575,0.0,0.0,0.0,0.25,2.0,False,False,False,disabled
2026-06-06_run02_circle_r40_off_r03,3900,3907,7,0.0,0.0,-263.27731514697575,,,,0.0,0.0,0.0,0.0,0.0,0.0,0.0,0.0,0.0,0.0,0.0,0.0,0.0,0.0,-263.27731514697575,0.0,0.0,0.0,0.25,2.0,False,False,False,disabled
2026-06-06_run02_circle_r40_off_r03,4000,4000,0,0.0,0.0,-263.27731514697575,,,,0.0,0.0,0.0,0.0,0.0,0.0,0.0,0.0,0.0,0.0,0.0,0.0,0.0,0.0,-263.27731514697575,0.0,0.0,0.0,0.25,2.0,False,False,True,disabled
2026-06-06_run02_circle_r40_off_r03,4100,4110,10,0.0,0.0,-263.27731514697575,,,,0.0,0.0,0.0,0.0,0.0,0.0,0.0,0.0,0.0,0.0,0.0,0.0,0.0,0.0,-263.27731514697575,0.0,0.0,0.0,0.25,2.0,False,False,False,disabled
2026-06-06_run02_circle_r40_off_r03,4200,4203,3,0.0,0.0,-263.27731514697575,,,,0.0,0.0,0.0,0.0,0.0,0.0,0.0,0.0,0.0,0.0,0.0,0.0,0.0,0.0,-263.27731514697575,0.0,0.0,0.0,0.25,2.0,False,False,False,disabled
2026-06-06_run02_circle_r40_off_r03,4300,4313,13,0.0,0.0,-263.27731514697575,,,,0.0,0.0,0.0,0.0,0.0,0.0,0.0,0.0,0.0,0.0,0.0,0.0,0.0,0.0,-263.27731514697575,0.0,0.0,0.0,0.25,2.0,False,False,False,disabled
2026-06-06_run02_circle_r40_off_r03,4400,4407,7,0.0,0.0,-263.27731514697575,,,,0.0,0.0,0.0,0.0,0.0,0.0,0.0,0.0,0.0,0.0,0.0,0.0,0.0,0.0,-263.27731514697575,0.0,0.0,0.0,0.25,2.0,False,False,False,disabled
2026-06-06_run02_circle_r40_off_r03,4500,4500,0,0.0,0.0,-263.27731514697575,,,,0.0,0.0,0.0,0.0,0.0,0.0,0.0,0.0,0.0,0.0,0.0,0.0,0.0,0.0,-263.27731514697575,0.0,0.0,0.0,0.25,2.0,False,False,True,disabled
2026-06-06_run02_circle_r40_off_r03,4600,4610,10,0.0,0.0,-263.27731514697575,,,,0.0,0.0,0.0,0.0,0.0,0.0,0.0,0.0,0.0,0.0,0.0,0.0,0.0,0.0,-263.27731514697575,0.0,0.0,0.0,0.25,2.0,False,False,False,disabled
2026-06-06_run02_circle_r40_off_r03,4700,4703,3,0.0,0.0,-263.27731514697575,,,,0.0,0.0,0.0,0.0,0.0,0.0,0.0,0.0,0.0,0.0,0.0,0.0,0.0,0.0,-263.27731514697575,0.0,0.0,0.0,0.25,2.0,False,False,False,disabled
2026-06-06_run02_circle_r40_off_r03,4800,4813,13,0.0,0.0,-263.27731514697575,,,,0.0,0.0,0.0,0.0,0.0,0.0,0.0,0.0,0.0,0.0,0.0,0.0,0.0,0.0,-263.27731514697575,0.0,0.0,0.0,0.25,2.0,False,False,False,disabled
2026-06-06_run02_circle_r40_off_r03,4900,4907,7,0.0,0.0,-263.27731514697575,,,,0.0,0.0,0.0,0.0,0.0,0.0,0.0,0.0,0.0,0.0,0.0,0.0,0.0,0.0,-263.27731514697575,0.0,0.0,0.0,0.25,2.0,False,False,False,disabled
2026-06-06_run02_circle_r40_off_r03,5000,5000,0,40.0,0.0,-263.27731514697575,,,,1.0,-7.0,10.0,0.0,0.0,0.0,0.0,0.0,0.0,0.0,0.0,0.0,40.0,0.0,-263.27731514697575,1.0,-7.0,10.0,0.25,2.0,False,False,True,disabled
2026-06-06_run02_circle_r40_off_r03,5100,5110,10,40.0,0.0,-263.27731514697575,,,,1.0,-7.0,10.0,0.0,0.0,0.0,0.0,0.0,0.0,0.0,0.0,0.0,40.0,0.0,-263.27731514697575,1.0,-7.0,10.0,0.25,2.0,False,False,False,disabled
2026-06-06_run02_circle_r40_off_r03,5200,5203,3,40.0,0.0,-263.27731514697575,,,,1.0,-7.0,10.0,0.0,0.0,0.0,0.0,0.0,0.0,0.0,0.0,0.0,40.0,0.0,-263.27731514697575,1.0,-7.0,10.0,0.25,2.0,False,False,False,disabled
2026-06-06_run02_circle_r40_off_r03,5300,5328,28,40.0,0.0,-263.27731514697575,,,,1.0,-7.0,10.0,0.0,0.0,0.0,0.0,0.0,0.0,0.0,0.0,0.0,40.0,0.0,-263.27731514697575,1.0,-7.0,10.0,0.25,2.0,False,False,False,disabled
2026-06-06_run02_circle_r40_off_r03,5400,5407,7,40.0,0.0,-263.27731514697575,,,,1.0,-7.0,10.0,0.0,0.0,0.0,0.0,0.0,0.0,0.0,0.0,0.0,40.0,0.0,-263.27731514697575,1.0,-7.0,10.0,0.25,2.0,False,False,False,disabled
2026-06-06_run02_circle_r40_off_r03,5500,5500,0,40.0,0.0,-263.27731514697575,,,,1.0,-7.0,10.0,0.0,0.0,0.0,0.0,0.0,0.0,0.0,0.0,0.0,40.0,0.0,-263.27731514697575,1.0,-7.0,10.0,0.25,2.0,False,False,True,disabled
2026-06-06_run02_circle_r40_off_r03,5600,5610,10,40.0,0.0,-263.27731514697575,,,,1.0,-7.0,10.0,0.0,0.0,0.0,0.0,0.0,0.0,0.0,0.0,0.0,40.0,0.0,-263.27731514697575,1.0,-7.0,10.0,0.25,2.0,False,False,False,disabled
2026-06-06_run02_circle_r40_off_r03,5700,5703,3,40.0,0.0,-263.27731514697575,,,,1.0,-7.0,10.0,0.0,0.0,0.0,0.0,0.0,0.0,0.0,0.0,0.0,40.0,0.0,-263.27731514697575,1.0,-7.0,10.0,0.25,2.0,False,False,False,disabled
2026-06-06_run02_circle_r40_off_r03,5800,5813,13,40.0,0.0,-263.27731514697575,,,,1.0,-7.0,10.0,0.0,0.0,0.0,0.0,0.0,0.0,0.0,0.0,0.0,40.0,0.0,-263.27731514697575,1.0,-7.0,10.0,0.25,2.0,False,False,False,disabled
2026-06-06_run02_circle_r40_off_r03,5900,5907,7,40.0,0.0,-263.27731514697575,,,,1.0,-7.0,10.0,0.0,0.0,0.0,0.0,0.0,0.0,0.0,0.0,0.0,40.0,0.0,-263.27731514697575,1.0,-7.0,10.0,0.25,2.0,False,False,False,disabled
2026-06-06_run02_circle_r40_off_r03,6000,6000,0,40.0,0.0,-263.27731514697575,,,,1.0,-7.0,10.0,0.0,0.0,0.0,0.0,0.0,0.0,0.0,0.0,0.0,40.0,0.0,-263.27731514697575,1.0,-7.0,10.0,0.25,2.0,False,False,True,disabled
2026-06-06_run02_circle_r40_off_r03,6100,6110,10,40.0,0.0,-263.27731514697575,,,,1.0,-7.0,10.0,0.0,0.0,0.0,0.0,0.0,0.0,0.0,0.0,0.0,40.0,0.0,-263.27731514697575,1.0,-7.0,10.0,0.25,2.0,False,False,False,disabled
2026-06-06_run02_circle_r40_off_r03,6200,6203,3,40.0,0.0,-263.27731514697575,,,,1.0,-7.0,10.0,0.0,0.0,0.0,0.0,0.0,0.0,0.0,0.0,0.0,40.0,0.0,-263.27731514697575,1.0,-7.0,10.0,0.25,2.0,False,False,False,disabled
2026-06-06_run02_circle_r40_off_r03,6300,6313,13,40.0,0.0,-263.27731514697575,,,,1.0,-7.0,10.0,0.0,0.0,0.0,0.0,0.0,0.0,0.0,0.0,0.0,40.0,0.0,-263.27731514697575,1.0,-7.0,10.0,0.25,2.0,False,False,False,disabled
2026-06-06_run02_circle_r40_off_r03,6400,6407,7,40.0,0.0,-263.27731514697575,,,,1.0,-7.0,10.0,0.0,0.0,0.0,0.0,0.0,0.0,0.0,0.0,0.0,40.0,0.0,-263.27731514697575,1.0,-7.0,10.0,0.25,2.0,False,False,False,disabled
2026-06-06_run02_circle_r40_off_r03,6500,6500,0,40.0,0.0,-263.27731514697575,,,,1.0,-7.0,10.0,0.0,0.0,0.0,0.0,0.0,0.0,0.0,0.0,0.0,40.0,0.0,-263.27731514697575,1.0,-7.0,10.0,0.25,2.0,False,False,True,disabled
2026-06-06_run02_circle_r40_off_r03,6600,6610,10,40.0,0.0,-263.27731514697575,,,,1.0,-7.0,10.0,0.0,0.0,0.0,0.0,0.0,0.0,0.0,0.0,0.0,40.0,0.0,-263.27731514697575,1.0,-7.0,10.0,0.25,2.0,False,False,False,disabled
2026-06-06_run02_circle_r40_off_r03,6700,6703,3,40.0,0.0,-263.27731514697575,,,,1.0,-7.0,10.0,0.0,0.0,0.0,0.0,0.0,0.0,0.0,0.0,0.0,40.0,0.0,-263.27731514697575,1.0,-7.0,10.0,0.25,2.0,False,False,False,disabled
2026-06-06_run02_circle_r40_off_r03,6800,6813,13,40.0,0.0,-263.27731514697575,,,,1.0,-7.0,10.0,0.0,0.0,0.0,0.0,0.0,0.0,0.0,0.0,0.0,40.0,0.0,-263.27731514697575,1.0,-7.0,10.0,0.25,2.0,False,False,False,disabled
2026-06-06_run02_circle_r40_off_r03,6900,6907,7,40.0,0.0,-263.27731514697575,,,,1.0,-7.0,10.0,0.0,0.0,0.0,0.0,0.0,0.0,0.0,0.0,0.0,40.0,0.0,-263.27731514697575,1.0,-7.0,10.0,0.25,2.0,False,False,False,disabled
2026-06-06_run02_circle_r40_off_r03,7000,7000,0,39.84778792366982,3.4862297099063264,-263.27731514697575,,,,2.0,-8.0,9.0,0.0,0.0,0.0,0.0,0.0,0.0,0.0,0.0,0.0,39.84778792366982,3.4862297099063264,-263.27731514697575,2.0,-8.0,9.0,0.25,2.0,False,False,True,disabled
2026-06-06_run02_circle_r40_off_r03,7100,7110,10,39.84778792366982,3.4862297099063264,-263.27731514697575,,,,2.0,-8.0,9.0,0.0,0.0,0.0,0.0,0.0,0.0,0.0,0.0,0.0,39.84778792366982,3.4862297099063264,-263.27731514697575,2.0,-8.0,9.0,0.25,2.0,False,False,False,disabled
2026-06-06_run02_circle_r40_off_r03,7200,7203,3,39.84778792366982,3.4862297099063264,-263.27731514697575,,,,2.0,-8.0,9.0,0.0,0.0,0.0,0.0,0.0,0.0,0.0,0.0,0.0,39.84778792366982,3.4862297099063264,-263.27731514697575,2.0,-8.0,9.0,0.25,2.0,False,False,False,disabled
2026-06-06_run02_circle_r40_off_r03,7300,7313,13,39.84778792366982,3.4862297099063264,-263.27731514697575,,,,2.0,-8.0,9.0,0.0,0.0,0.0,0.0,0.0,0.0,0.0,0.0,0.0,39.84778792366982,3.4862297099063264,-263.27731514697575,2.0,-8.0,9.0,0.25,2.0,False,False,False,disabled
2026-06-06_run02_circle_r40_off_r03,7400,7407,7,39.84778792366982,3.4862297099063264,-263.27731514697575,,,,2.0,-8.0,9.0,0.0,0.0,0.0,0.0,0.0,0.0,0.0,0.0,0.0,39.84778792366982,3.4862297099063264,-263.27731514697575,2.0,-8.0,9.0,0.25,2.0,False,False,False,disabled
2026-06-06_run02_circle_r40_off_r03,7417,7422,5,39.39231012048832,6.945927106677213,-263.27731514697575,,,,3.0,-8.0,9.0,0.0,0.0,0.0,0.0,0.0,0.0,0.0,0.0,0.0,39.39231012048832,6.945927106677213,-263.27731514697575,3.0,-8.0,9.0,0.25,2.0,False,False,True,disabled
2026-06-06_run02_circle_r40_off_r03,7517,7532,15,39.39231012048832,6.945927106677213,-263.27731514697575,,,,3.0,-8.0,9.0,0.0,0.0,0.0,0.0,0.0,0.0,0.0,0.0,0.0,39.39231012048832,6.945927106677213,-263.27731514697575,3.0,-8.0,9.0,0.25,2.0,False,False,False,disabled
2026-06-06_run02_circle_r40_off_r03,7617,7625,8,39.39231012048832,6.945927106677213,-263.27731514697575,,,,3.0,-8.0,9.0,0.0,0.0,0.0,0.0,0.0,0.0,0.0,0.0,0.0,39.39231012048832,6.945927106677213,-263.27731514697575,3.0,-8.0,9.0,0.25,2.0,False,False,False,disabled
2026-06-06_run02_circle_r40_off_r03,7717,7719,2,39.39231012048832,6.945927106677213,-263.27731514697575,,,,3.0,-8.0,9.0,0.0,0.0,0.0,0.0,0.0,0.0,0.0,0.0,0.0,39.39231012048832,6.945927106677213,-263.27731514697575,3.0,-8.0,9.0,0.25,2.0,False,False,False,disabled
2026-06-06_run02_circle_r40_off_r03,7817,7828,11,39.39231012048832,6.945927106677213,-263.27731514697575,,,,3.0,-8.0,9.0,0.0,0.0,0.0,0.0,0.0,0.0,0.0,0.0,0.0,39.39231012048832,6.945927106677213,-263.27731514697575,3.0,-8.0,9.0,0.25,2.0,False,False,False,disabled
2026-06-06_run02_circle_r40_off_r03,7833,7844,11,38.63703305156273,10.35276180410083,-263.27731514697575,,,,4.0,-8.0,8.0,0.0,0.0,0.0,0.0,0.0,0.0,0.0,0.0,0.0,38.63703305156273,10.35276180410083,-263.27731514697575,4.0,-8.0,8.0,0.25,2.0,False,False,True,disabled
2026-06-06_run02_circle_r40_off_r03,7933,7938,5,38.63703305156273,10.35276180410083,-263.27731514697575,,,,4.0,-8.0,8.0,0.0,0.0,0.0,0.0,0.0,0.0,0.0,0.0,0.0,38.63703305156273,10.35276180410083,-263.27731514697575,4.0,-8.0,8.0,0.25,2.0,False,False,False,disabled
2026-06-06_run02_circle_r40_off_r03,8033,8047,14,38.63703305156273,10.35276180410083,-263.27731514697575,,,,4.0,-8.0,8.0,0.0,0.0,0.0,0.0,0.0,0.0,0.0,0.0,0.0,38.63703305156273,10.35276180410083,-263.27731514697575,4.0,-8.0,8.0,0.25,2.0,False,False,False,disabled
2026-06-06_run02_circle_r40_off_r03,8133,8141,8,38.63703305156273,10.35276180410083,-263.27731514697575,,,,4.0,-8.0,8.0,0.0,0.0,0.0,0.0,0.0,0.0,0.0,0.0,0.0,38.63703305156273,10.35276180410083,-263.27731514697575,4.0,-8.0,8.0,0.25,2.0,False,False,False,disabled
2026-06-06_run02_circle_r40_off_r03,8233,8235,2,38.63703305156273,10.35276180410083,-263.27731514697575,,,,4.0,-8.0,8.0,0.0,0.0,0.0,0.0,0.0,0.0,0.0,0.0,0.0,38.63703305156273,10.35276180410083,-263.27731514697575,4.0,-8.0,8.0,0.25,2.0,False,False,False,disabled
2026-06-06_run02_circle_r40_off_r03,8250,8250,0,37.58770483143634,13.680805733026748,-263.27731514697575,,,,5.0,-8.0,8.0,0.0,0.0,0.0,0.0,0.0,0.0,0.0,0.0,0.0,37.58770483143634,13.680805733026748,-263.27731514697575,5.0,-8.0,8.0,0.25,2.0,False,False,True,disabled
2026-06-06_run02_circle_r40_off_r03,8350,8360,10,37.58770483143634,13.680805733026748,-263.27731514697575,,,,5.0,-8.0,8.0,0.0,0.0,0.0,0.0,0.0,0.0,0.0,0.0,0.0,37.58770483143634,13.680805733026748,-263.27731514697575,5.0,-8.0,8.0,0.25,2.0,False,False,False,disabled
2026-06-06_run02_circle_r40_off_r03,8450,8453,3,37.58770483143634,13.680805733026748,-263.27731514697575,,,,5.0,-8.0,8.0,0.0,0.0,0.0,0.0,0.0,0.0,0.0,0.0,0.0,37.58770483143634,13.680805733026748,-263.27731514697575,5.0,-8.0,8.0,0.25,2.0,False,False,False,disabled
2026-06-06_run02_circle_r40_off_r03,8550,8563,13,37.58770483143634,13.680805733026748,-263.27731514697575,,,,5.0,-8.0,8.0,0.0,0.0,0.0,0.0,0.0,0.0,0.0,0.0,0.0,37.58770483143634,13.680805733026748,-263.27731514697575,5.0,-8.0,8.0,0.25,2.0,False,False,False,disabled
2026-06-06_run02_circle_r40_off_r03,8650,8657,7,37.58770483143634,13.680805733026748,-263.27731514697575,,,,5.0,-8.0,8.0,0.0,0.0,0.0,0.0,0.0,0.0,0.0,0.0,0.0,37.58770483143634,13.680805733026748,-263.27731514697575,5.0,-8.0,8.0,0.25,2.0,False,False,False,disabled
2026-06-06_run02_circle_r40_off_r03,8667,8672,5,36.252311481465995,16.904730469627978,-263.27731514697575,,,,6.0,-9.0,7.0,0.0,0.0,0.0,0.0,0.0,0.0,0.0,0.0,0.0,36.252311481465995,16.904730469627978,-263.27731514697575,6.0,-9.0,7.0,0.25,2.0,False,False,True,disabled
2026-06-06_run02_circle_r40_off_r03,8767,8782,15,36.252311481465995,16.904730469627978,-263.27731514697575,,,,6.0,-9.0,7.0,0.0,0.0,0.0,0.0,0.0,0.0,0.0,0.0,0.0,36.252311481465995,16.904730469627978,-263.27731514697575,6.0,-9.0,7.0,0.25,2.0,False,False,False,disabled
2026-06-06_run02_circle_r40_off_r03,8867,8875,8,36.252311481465995,16.904730469627978,-263.27731514697575,,,,6.0,-9.0,7.0,0.0,0.0,0.0,0.0,0.0,0.0,0.0,0.0,0.0,36.252311481465995,16.904730469627978,-263.27731514697575,6.0,-9.0,7.0,0.25,2.0,False,False,False,disabled
2026-06-06_run02_circle_r40_off_r03,8967,8969,2,36.252311481465995,16.904730469627978,-263.27731514697575,,,,6.0,-9.0,7.0,0.0,0.0,0.0,0.0,0.0,0.0,0.0,0.0,0.0,36.252311481465995,16.904730469627978,-263.27731514697575,6.0,-9.0,7.0,0.25,2.0,False,False,False,disabled
2026-06-06_run02_circle_r40_off_r03,9067,9078,11,36.252311481465995,16.904730469627978,-263.27731514697575,,,,6.0,-9.0,7.0,0.0,0.0,0.0,0.0,0.0,0.0,0.0,0.0,0.0,36.252311481465995,16.904730469627978,-263.27731514697575,6.0,-9.0,7.0,0.25,2.0,False,False,False,disabled
2026-06-06_run02_circle_r40_off_r03,9083,9094,11,34.64101615137755,19.999999999999996,-263.27731514697575,,,,6.0,-9.0,6.0,0.0,0.0,0.0,0.0,0.0,0.0,0.0,0.0,0.0,34.64101615137755,19.999999999999996,-263.27731514697575,6.0,-9.0,6.0,0.25,2.0,False,False,True,disabled
2026-06-06_run02_circle_r40_off_r03,9183,9203,20,34.64101615137755,19.999999999999996,-263.27731514697575,,,,6.0,-9.0,6.0,0.0,0.0,0.0,0.0,0.0,0.0,0.0,0.0,0.0,34.64101615137755,19.999999999999996,-263.27731514697575,6.0,-9.0,6.0,0.25,2.0,False,False,False,disabled
2026-06-06_run02_circle_r40_off_r03,9283,9297,14,34.64101615137755,19.999999999999996,-263.27731514697575,,,,6.0,-9.0,6.0,0.0,0.0,0.0,0.0,0.0,0.0,0.0,0.0,0.0,34.64101615137755,19.999999999999996,-263.27731514697575,6.0,-9.0,6.0,0.25,2.0,False,False,False,disabled
2026-06-06_run02_circle_r40_off_r03,9383,9391,8,34.64101615137755,19.999999999999996,-263.27731514697575,,,,6.0,-9.0,6.0,0.0,0.0,0.0,0.0,0.0,0.0,0.0,0.0,0.0,34.64101615137755,19.999999999999996,-263.27731514697575,6.0,-9.0,6.0,0.25,2.0,False,False,False,disabled
2026-06-06_run02_circle_r40_off_r03,9483,9485,2,34.64101615137755,19.999999999999996,-263.27731514697575,,,,6.0,-9.0,6.0,0.0,0.0,0.0,0.0,0.0,0.0,0.0,0.0,0.0,34.64101615137755,19.999999999999996,-263.27731514697575,6.0,-9.0,6.0,0.25,2.0,False,False,False,disabled
2026-06-06_run02_circle_r40_off_r03,9500,9500,0,32.76608177155967,22.943057454041842,-263.27731514697575,,,,7.0,-9.0,6.0,0.0,0.0,0.0,0.0,0.0,0.0,0.0,0.0,0.0,32.76608177155967,22.943057454041842,-263.27731514697575,7.0,-9.0,6.0,0.25,2.0,False,False,True,disabled
2026-06-06_run02_circle_r40_off_r03,9600,9610,10,32.76608177155967,22.943057454041842,-263.27731514697575,,,,7.0,-9.0,6.0,0.0,0.0,0.0,0.0,0.0,0.0,0.0,0.0,0.0,32.76608177155967,22.943057454041842,-263.27731514697575,7.0,-9.0,6.0,0.25,2.0,False,False,False,disabled
2026-06-06_run02_circle_r40_off_r03,9700,9703,3,32.76608177155967,22.943057454041842,-263.27731514697575,,,,7.0,-9.0,6.0,0.0,0.0,0.0,0.0,0.0,0.0,0.0,0.0,0.0,32.76608177155967,22.943057454041842,-263.27731514697575,7.0,-9.0,6.0,0.25,2.0,False,False,False,disabled
2026-06-06_run02_circle_r40_off_r03,9800,9813,13,32.76608177155967,22.943057454041842,-263.27731514697575,,,,7.0,-9.0,6.0,0.0,0.0,0.0,0.0,0.0,0.0,0.0,0.0,0.0,32.76608177155967,22.943057454041842,-263.27731514697575,7.0,-9.0,6.0,0.25,2.0,False,False,False,disabled
2026-06-06_run02_circle_r40_off_r03,9900,9907,7,32.76608177155967,22.943057454041842,-263.27731514697575,,,,7.0,-9.0,6.0,0.0,0.0,0.0,0.0,0.0,0.0,0.0,0.0,0.0,32.76608177155967,22.943057454041842,-263.27731514697575,7.0,-9.0,6.0,0.25,2.0,False,False,False,disabled
2026-06-06_run02_circle_r40_off_r03,9917,9938,21,30.64177772475912,25.71150438746157,-263.27731514697575,,,,8.0,-8.0,5.0,0.0,0.0,0.0,0.0,0.0,0.0,0.0,0.0,0.0,30.64177772475912,25.71150438746157,-263.27731514697575,8.0,-8.0,5.0,0.25,2.0,False,False,True,disabled
2026-06-06_run02_circle_r40_off_r03,10017,10032,15,30.64177772475912,25.71150438746157,-263.27731514697575,,,,8.0,-8.0,5.0,0.0,0.0,0.0,0.0,0.0,0.0,0.0,0.0,0.0,30.64177772475912,25.71150438746157,-263.27731514697575,8.0,-8.0,5.0,0.25,2.0,False,False,False,disabled
2026-06-06_run02_circle_r40_off_r03,10117,10125,8,30.64177772475912,25.71150438746157,-263.27731514697575,,,,8.0,-8.0,5.0,0.0,0.0,0.0,0.0,0.0,0.0,0.0,0.0,0.0,30.64177772475912,25.71150438746157,-263.27731514697575,8.0,-8.0,5.0,0.25,2.0,False,False,False,disabled
2026-06-06_run02_circle_r40_off_r03,10217,10219,2,30.64177772475912,25.71150438746157,-263.27731514697575,,,,8.0,-8.0,5.0,0.0,0.0,0.0,0.0,0.0,0.0,0.0,0.0,0.0,30.64177772475912,25.71150438746157,-263.27731514697575,8.0,-8.0,5.0,0.25,2.0,False,False,False,disabled
2026-06-06_run02_circle_r40_off_r03,10317,10328,11,30.64177772475912,25.71150438746157,-263.27731514697575,,,,8.0,-8.0,5.0,0.0,0.0,0.0,0.0,0.0,0.0,0.0,0.0,0.0,30.64177772475912,25.71150438746157,-263.27731514697575,8.0,-8.0,5.0,0.25,2.0,False,False,False,disabled
2026-06-06_run02_circle_r40_off_r03,10333,10344,11,28.284271247461902,28.284271247461902,-263.27731514697575,,,,8.0,-8.0,4.0,0.0,0.0,0.0,0.0,0.0,0.0,0.0,0.0,0.0,28.284271247461902,28.284271247461902,-263.27731514697575,8.0,-8.0,4.0,0.25,2.0,False,False,True,disabled
2026-06-06_run02_circle_r40_off_r03,10433,10438,5,28.284271247461902,28.284271247461902,-263.27731514697575,,,,8.0,-8.0,4.0,0.0,0.0,0.0,0.0,0.0,0.0,0.0,0.0,0.0,28.284271247461902,28.284271247461902,-263.27731514697575,8.0,-8.0,4.0,0.25,2.0,False,False,False,disabled
2026-06-06_run02_circle_r40_off_r03,10533,10547,14,28.284271247461902,28.284271247461902,-263.27731514697575,,,,8.0,-8.0,4.0,0.0,0.0,0.0,0.0,0.0,0.0,0.0,0.0,0.0,28.284271247461902,28.284271247461902,-263.27731514697575,8.0,-8.0,4.0,0.25,2.0,False,False,False,disabled
2026-06-06_run02_circle_r40_off_r03,10633,10641,8,28.284271247461902,28.284271247461902,-263.27731514697575,,,,8.0,-8.0,4.0,0.0,0.0,0.0,0.0,0.0,0.0,0.0,0.0,0.0,28.284271247461902,28.284271247461902,-263.27731514697575,8.0,-8.0,4.0,0.25,2.0,False,False,False,disabled
2026-06-06_run02_circle_r40_off_r03,10733,10735,2,28.284271247461902,28.284271247461902,-263.27731514697575,,,,8.0,-8.0,4.0,0.0,0.0,0.0,0.0,0.0,0.0,0.0,0.0,0.0,28.284271247461902,28.284271247461902,-263.27731514697575,8.0,-8.0,4.0,0.25,2.0,False,False,False,disabled
2026-06-06_run02_circle_r40_off_r03,10750,10750,0,25.711504387461574,30.64177772475912,-263.27731514697575,,,,9.0,-8.0,3.0,0.0,0.0,0.0,0.0,0.0,0.0,0.0,0.0,0.0,25.711504387461574,30.64177772475912,-263.27731514697575,9.0,-8.0,3.0,0.25,2.0,False,False,True,disabled
2026-06-06_run02_circle_r40_off_r03,10850,10860,10,25.711504387461574,30.64177772475912,-263.27731514697575,,,,9.0,-8.0,3.0,0.0,0.0,0.0,0.0,0.0,0.0,0.0,0.0,0.0,25.711504387461574,30.64177772475912,-263.27731514697575,9.0,-8.0,3.0,0.25,2.0,False,False,False,disabled
2026-06-06_run02_circle_r40_off_r03,10950,10953,3,25.711504387461574,30.64177772475912,-263.27731514697575,,,,9.0,-8.0,3.0,0.0,0.0,0.0,0.0,0.0,0.0,0.0,0.0,0.0,25.711504387461574,30.64177772475912,-263.27731514697575,9.0,-8.0,3.0,0.25,2.0,False,False,False,disabled
2026-06-06_run02_circle_r40_off_r03,11050,11063,13,25.711504387461574,30.64177772475912,-263.27731514697575,,,,9.0,-8.0,3.0,0.0,0.0,0.0,0.0,0.0,0.0,0.0,0.0,0.0,25.711504387461574,30.64177772475912,-263.27731514697575,9.0,-8.0,3.0,0.25,2.0,False,False,False,disabled
2026-06-06_run02_circle_r40_off_r03,11150,11157,7,25.711504387461574,30.64177772475912,-263.27731514697575,,,,9.0,-8.0,3.0,0.0,0.0,0.0,0.0,0.0,0.0,0.0,0.0,0.0,25.711504387461574,30.64177772475912,-263.27731514697575,9.0,-8.0,3.0,0.25,2.0,False,False,False,disabled
2026-06-06_run02_circle_r40_off_r03,11167,11172,5,22.943057454041845,32.76608177155967,-263.27731514697575,,,,9.0,-8.0,2.0,0.0,0.0,0.0,0.0,0.0,0.0,0.0,0.0,0.0,22.943057454041845,32.76608177155967,-263.27731514697575,9.0,-8.0,2.0,0.25,2.0,False,False,True,disabled
2026-06-06_run02_circle_r40_off_r03,11267,11282,15,22.943057454041845,32.76608177155967,-263.27731514697575,,,,9.0,-8.0,2.0,0.0,0.0,0.0,0.0,0.0,0.0,0.0,0.0,0.0,22.943057454041845,32.76608177155967,-263.27731514697575,9.0,-8.0,2.0,0.25,2.0,False,False,False,disabled
2026-06-06_run02_circle_r40_off_r03,11367,11375,8,22.943057454041845,32.76608177155967,-263.27731514697575,,,,9.0,-8.0,2.0,0.0,0.0,0.0,0.0,0.0,0.0,0.0,0.0,0.0,22.943057454041845,32.76608177155967,-263.27731514697575,9.0,-8.0,2.0,0.25,2.0,False,False,False,disabled
2026-06-06_run02_circle_r40_off_r03,11467,11469,2,22.943057454041845,32.76608177155967,-263.27731514697575,,,,9.0,-8.0,2.0,0.0,0.0,0.0,0.0,0.0,0.0,0.0,0.0,0.0,22.943057454041845,32.76608177155967,-263.27731514697575,9.0,-8.0,2.0,0.25,2.0,False,False,False,disabled
2026-06-06_run02_circle_r40_off_r03,11567,11578,11,22.943057454041845,32.76608177155967,-263.27731514697575,,,,9.0,-8.0,2.0,0.0,0.0,0.0,0.0,0.0,0.0,0.0,0.0,0.0,22.943057454041845,32.76608177155967,-263.27731514697575,9.0,-8.0,2.0,0.25,2.0,False,False,False,disabled
2026-06-06_run02_circle_r40_off_r03,11583,11594,11,20.000000000000004,34.64101615137754,-263.27731514697575,,,,10.0,-7.0,1.0,0.0,0.0,0.0,0.0,0.0,0.0,0.0,0.0,0.0,20.000000000000004,34.64101615137754,-263.27731514697575,10.0,-7.0,1.0,0.25,2.0,False,False,True,disabled
2026-06-06_run02_circle_r40_off_r03,11683,11688,5,20.000000000000004,34.64101615137754,-263.27731514697575,,,,10.0,-7.0,1.0,0.0,0.0,0.0,0.0,0.0,0.0,0.0,0.0,0.0,20.000000000000004,34.64101615137754,-263.27731514697575,10.0,-7.0,1.0,0.25,2.0,False,False,False,disabled
2026-06-06_run02_circle_r40_off_r03,11783,11797,14,20.000000000000004,34.64101615137754,-263.27731514697575,,,,10.0,-7.0,1.0,0.0,0.0,0.0,0.0,0.0,0.0,0.0,0.0,0.0,20.000000000000004,34.64101615137754,-263.27731514697575,10.0,-7.0,1.0,0.25,2.0,False,False,False,disabled
2026-06-06_run02_circle_r40_off_r03,11883,11891,8,20.000000000000004,34.64101615137754,-263.27731514697575,,,,10.0,-7.0,1.0,0.0,0.0,0.0,0.0,0.0,0.0,0.0,0.0,0.0,20.000000000000004,34.64101615137754,-263.27731514697575,10.0,-7.0,1.0,0.25,2.0,False,False,False,disabled
2026-06-06_run02_circle_r40_off_r03,11983,11985,2,20.000000000000004,34.64101615137754,-263.27731514697575,,,,10.0,-7.0,1.0,0.0,0.0,0.0,0.0,0.0,0.0,0.0,0.0,0.0,20.000000000000004,34.64101615137754,-263.27731514697575,10.0,-7.0,1.0,0.25,2.0,False,False,False,disabled
2026-06-06_run02_circle_r40_off_r03,12000,12000,0,16.904730469627978,36.252311481465995,-263.27731514697575,,,,10.0,-7.0,1.0,0.0,0.0,0.0,0.0,0.0,0.0,0.0,0.0,0.0,16.904730469627978,36.252311481465995,-263.27731514697575,10.0,-7.0,1.0,0.25,2.0,False,False,True,disabled
2026-06-06_run02_circle_r40_off_r03,12100,12110,10,16.904730469627978,36.252311481465995,-263.27731514697575,,,,10.0,-7.0,1.0,0.0,0.0,0.0,0.0,0.0,0.0,0.0,0.0,0.0,16.904730469627978,36.252311481465995,-263.27731514697575,10.0,-7.0,1.0,0.25,2.0,False,False,False,disabled
2026-06-06_run02_circle_r40_off_r03,12200,12203,3,16.904730469627978,36.252311481465995,-263.27731514697575,,,,10.0,-7.0,1.0,0.0,0.0,0.0,0.0,0.0,0.0,0.0,0.0,0.0,16.904730469627978,36.252311481465995,-263.27731514697575,10.0,-7.0,1.0,0.25,2.0,False,False,False,disabled
2026-06-06_run02_circle_r40_off_r03,12300,12328,28,16.904730469627978,36.252311481465995,-263.27731514697575,,,,10.0,-7.0,1.0,0.0,0.0,0.0,0.0,0.0,0.0,0.0,0.0,0.0,16.904730469627978,36.252311481465995,-263.27731514697575,10.0,-7.0,1.0,0.25,2.0,False,False,False,disabled
2026-06-06_run02_circle_r40_off_r03,12400,12407,7,16.904730469627978,36.252311481465995,-263.27731514697575,,,,10.0,-7.0,1.0,0.0,0.0,0.0,0.0,0.0,0.0,0.0,0.0,0.0,16.904730469627978,36.252311481465995,-263.27731514697575,10.0,-7.0,1.0,0.25,2.0,False,False,False,disabled
2026-06-06_run02_circle_r40_off_r03,12417,12422,5,13.680805733026753,37.587704831436334,-263.27731514697575,,,,11.0,-6.0,0.0,0.0,0.0,0.0,0.0,0.0,0.0,0.0,0.0,0.0,13.680805733026753,37.587704831436334,-263.27731514697575,11.0,-6.0,0.0,0.25,2.0,False,False,True,disabled
2026-06-06_run02_circle_r40_off_r03,12517,12532,15,13.680805733026753,37.587704831436334,-263.27731514697575,,,,11.0,-6.0,0.0,0.0,0.0,0.0,0.0,0.0,0.0,0.0,0.0,0.0,13.680805733026753,37.587704831436334,-263.27731514697575,11.0,-6.0,0.0,0.25,2.0,False,False,False,disabled
2026-06-06_run02_circle_r40_off_r03,12617,12625,8,13.680805733026753,37.587704831436334,-263.27731514697575,,,,11.0,-6.0,0.0,0.0,0.0,0.0,0.0,0.0,0.0,0.0,0.0,0.0,13.680805733026753,37.587704831436334,-263.27731514697575,11.0,-6.0,0.0,0.25,2.0,False,False,False,disabled
2026-06-06_run02_circle_r40_off_r03,12717,12719,2,13.680805733026753,37.587704831436334,-263.27731514697575,,,,11.0,-6.0,0.0,0.0,0.0,0.0,0.0,0.0,0.0,0.0,0.0,0.0,13.680805733026753,37.587704831436334,-263.27731514697575,11.0,-6.0,0.0,0.25,2.0,False,False,False,disabled
2026-06-06_run02_circle_r40_off_r03,12817,12828,11,13.680805733026753,37.587704831436334,-263.27731514697575,,,,11.0,-6.0,0.0,0.0,0.0,0.0,0.0,0.0,0.0,0.0,0.0,0.0,13.680805733026753,37.587704831436334,-263.27731514697575,11.0,-6.0,0.0,0.25,2.0,False,False,False,disabled
2026-06-06_run02_circle_r40_off_r03,12833,12844,11,10.352761804100838,38.637033051562724,-263.27731514697575,,,,11.0,-6.0,-1.0,0.0,0.0,0.0,0.0,0.0,0.0,0.0,0.0,0.0,10.352761804100838,38.637033051562724,-263.27731514697575,11.0,-6.0,-1.0,0.25,2.0,False,False,True,disabled
2026-06-06_run02_circle_r40_off_r03,12933,12938,5,10.352761804100838,38.637033051562724,-263.27731514697575,,,,11.0,-6.0,-1.0,0.0,0.0,0.0,0.0,0.0,0.0,0.0,0.0,0.0,10.352761804100838,38.637033051562724,-263.27731514697575,11.0,-6.0,-1.0,0.25,2.0,False,False,False,disabled
2026-06-06_run02_circle_r40_off_r03,13033,13047,14,10.352761804100838,38.637033051562724,-263.27731514697575,,,,11.0,-6.0,-1.0,0.0,0.0,0.0,0.0,0.0,0.0,0.0,0.0,0.0,10.352761804100838,38.637033051562724,-263.27731514697575,11.0,-6.0,-1.0,0.25,2.0,False,False,False,disabled
2026-06-06_run02_circle_r40_off_r03,13133,13141,8,10.352761804100838,38.637033051562724,-263.27731514697575,,,,11.0,-6.0,-1.0,0.0,0.0,0.0,0.0,0.0,0.0,0.0,0.0,0.0,10.352761804100838,38.637033051562724,-263.27731514697575,11.0,-6.0,-1.0,0.25,2.0,False,False,False,disabled
2026-06-06_run02_circle_r40_off_r03,13233,13235,2,10.352761804100838,38.637033051562724,-263.27731514697575,,,,11.0,-6.0,-1.0,0.0,0.0,0.0,0.0,0.0,0.0,0.0,0.0,0.0,10.352761804100838,38.637033051562724,-263.27731514697575,11.0,-6.0,-1.0,0.25,2.0,False,False,False,disabled
2026-06-06_run02_circle_r40_off_r03,13250,13250,0,6.945927106677217,39.39231012048832,-263.27731514697575,,,,11.0,-5.0,-2.0,0.0,0.0,0.0,0.0,0.0,0.0,0.0,0.0,0.0,6.945927106677217,39.39231012048832,-263.27731514697575,11.0,-5.0,-2.0,0.25,2.0,False,False,True,disabled
2026-06-06_run02_circle_r40_off_r03,13350,13360,10,6.945927106677217,39.39231012048832,-263.27731514697575,,,,11.0,-5.0,-2.0,0.0,0.0,0.0,0.0,0.0,0.0,0.0,0.0,0.0,6.945927106677217,39.39231012048832,-263.27731514697575,11.0,-5.0,-2.0,0.25,2.0,False,False,False,disabled
2026-06-06_run02_circle_r40_off_r03,13450,13453,3,6.945927106677217,39.39231012048832,-263.27731514697575,,,,11.0,-5.0,-2.0,0.0,0.0,0.0,0.0,0.0,0.0,0.0,0.0,0.0,6.945927106677217,39.39231012048832,-263.27731514697575,11.0,-5.0,-2.0,0.25,2.0,False,False,False,disabled
2026-06-06_run02_circle_r40_off_r03,13550,13563,13,6.945927106677217,39.39231012048832,-263.27731514697575,,,,11.0,-5.0,-2.0,0.0,0.0,0.0,0.0,0.0,0.0,0.0,0.0,0.0,6.945927106677217,39.39231012048832,-263.27731514697575,11.0,-5.0,-2.0,0.25,2.0,False,False,False,disabled
2026-06-06_run02_circle_r40_off_r03,13650,13657,7,6.945927106677217,39.39231012048832,-263.27731514697575,,,,11.0,-5.0,-2.0,0.0,0.0,0.0,0.0,0.0,0.0,0.0,0.0,0.0,6.945927106677217,39.39231012048832,-263.27731514697575,11.0,-5.0,-2.0,0.25,2.0,False,False,False,disabled
2026-06-06_run02_circle_r40_off_r03,13667,13672,5,3.4862297099063255,39.84778792366982,-263.27731514697575,,,,11.0,-4.0,-3.0,0.0,0.0,0.0,0.0,0.0,0.0,0.0,0.0,0.0,3.4862297099063255,39.84778792366982,-263.27731514697575,11.0,-4.0,-3.0,0.25,2.0,False,False,True,disabled
2026-06-06_run02_circle_r40_off_r03,13767,13782,15,3.4862297099063255,39.84778792366982,-263.27731514697575,,,,11.0,-4.0,-3.0,0.0,0.0,0.0,0.0,0.0,0.0,0.0,0.0,0.0,3.4862297099063255,39.84778792366982,-263.27731514697575,11.0,-4.0,-3.0,0.25,2.0,False,False,False,disabled
2026-06-06_run02_circle_r40_off_r03,13867,13875,8,3.4862297099063255,39.84778792366982,-263.27731514697575,,,,11.0,-4.0,-3.0,0.0,0.0,0.0,0.0,0.0,0.0,0.0,0.0,0.0,3.4862297099063255,39.84778792366982,-263.27731514697575,11.0,-4.0,-3.0,0.25,2.0,False,False,False,disabled
2026-06-06_run02_circle_r40_off_r03,13967,13969,2,3.4862297099063255,39.84778792366982,-263.27731514697575,,,,11.0,-4.0,-3.0,0.0,0.0,0.0,0.0,0.0,0.0,0.0,0.0,0.0,3.4862297099063255,39.84778792366982,-263.27731514697575,11.0,-4.0,-3.0,0.25,2.0,False,False,False,disabled
2026-06-06_run02_circle_r40_off_r03,14067,14078,11,3.4862297099063255,39.84778792366982,-263.27731514697575,,,,11.0,-4.0,-3.0,0.0,0.0,0.0,0.0,0.0,0.0,0.0,0.0,0.0,3.4862297099063255,39.84778792366982,-263.27731514697575,11.0,-4.0,-3.0,0.25,2.0,False,False,False,disabled
2026-06-06_run02_circle_r40_off_r03,14083,14094,11,0.0,40.0,-263.27731514697575,,,,11.0,-4.0,-4.0,0.0,0.0,0.0,0.0,0.0,0.0,0.0,0.0,0.0,0.0,40.0,-263.27731514697575,11.0,-4.0,-4.0,0.25,2.0,False,False,True,disabled
2026-06-06_run02_circle_r40_off_r03,14183,14203,20,0.0,40.0,-263.27731514697575,,,,11.0,-4.0,-4.0,0.0,0.0,0.0,0.0,0.0,0.0,0.0,0.0,0.0,0.0,40.0,-263.27731514697575,11.0,-4.0,-4.0,0.25,2.0,False,False,False,disabled
2026-06-06_run02_circle_r40_off_r03,14283,14297,14,0.0,40.0,-263.27731514697575,,,,11.0,-4.0,-4.0,0.0,0.0,0.0,0.0,0.0,0.0,0.0,0.0,0.0,0.0,40.0,-263.27731514697575,11.0,-4.0,-4.0,0.25,2.0,False,False,False,disabled
2026-06-06_run02_circle_r40_off_r03,14383,14391,8,0.0,40.0,-263.27731514697575,,,,11.0,-4.0,-4.0,0.0,0.0,0.0,0.0,0.0,0.0,0.0,0.0,0.0,0.0,40.0,-263.27731514697575,11.0,-4.0,-4.0,0.25,2.0,False,False,False,disabled
2026-06-06_run02_circle_r40_off_r03,14483,14485,2,0.0,40.0,-263.27731514697575,,,,11.0,-4.0,-4.0,0.0,0.0,0.0,0.0,0.0,0.0,0.0,0.0,0.0,0.0,40.0,-263.27731514697575,11.0,-4.0,-4.0,0.25,2.0,False,False,False,disabled
2026-06-06_run02_circle_r40_off_r03,14500,14500,0,-3.4862297099063206,39.84778792366982,-263.27731514697575,,,,11.0,-3.0,-4.0,0.0,0.0,0.0,0.0,0.0,0.0,0.0,0.0,0.0,-3.4862297099063206,39.84778792366982,-263.27731514697575,11.0,-3.0,-4.0,0.25,2.0,False,False,True,disabled
2026-06-06_run02_circle_r40_off_r03,14600,14610,10,-3.4862297099063206,39.84778792366982,-263.27731514697575,,,,11.0,-3.0,-4.0,0.0,0.0,0.0,0.0,0.0,0.0,0.0,0.0,0.0,-3.4862297099063206,39.84778792366982,-263.27731514697575,11.0,-3.0,-4.0,0.25,2.0,False,False,False,disabled
2026-06-06_run02_circle_r40_off_r03,14700,14703,3,-3.4862297099063206,39.84778792366982,-263.27731514697575,,,,11.0,-3.0,-4.0,0.0,0.0,0.0,0.0,0.0,0.0,0.0,0.0,0.0,-3.4862297099063206,39.84778792366982,-263.27731514697575,11.0,-3.0,-4.0,0.25,2.0,False,False,False,disabled
2026-06-06_run02_circle_r40_off_r03,14800,14813,13,-3.4862297099063206,39.84778792366982,-263.27731514697575,,,,11.0,-3.0,-4.0,0.0,0.0,0.0,0.0,0.0,0.0,0.0,0.0,0.0,-3.4862297099063206,39.84778792366982,-263.27731514697575,11.0,-3.0,-4.0,0.25,2.0,False,False,False,disabled
2026-06-06_run02_circle_r40_off_r03,14900,14907,7,-3.4862297099063206,39.84778792366982,-263.27731514697575,,,,11.0,-3.0,-4.0,0.0,0.0,0.0,0.0,0.0,0.0,0.0,0.0,0.0,-3.4862297099063206,39.84778792366982,-263.27731514697575,11.0,-3.0,-4.0,0.25,2.0,False,False,False,disabled
2026-06-06_run02_circle_r40_off_r03,14917,14922,5,-6.945927106677212,39.39231012048832,-263.27731514697575,,,,11.0,-2.0,-5.0,0.0,0.0,0.0,0.0,0.0,0.0,0.0,0.0,0.0,-6.945927106677212,39.39231012048832,-263.27731514697575,11.0,-2.0,-5.0,0.25,2.0,False,False,True,disabled
2026-06-06_run02_circle_r40_off_r03,15017,15032,15,-6.945927106677212,39.39231012048832,-263.27731514697575,,,,11.0,-2.0,-5.0,0.0,0.0,0.0,0.0,0.0,0.0,0.0,0.0,0.0,-6.945927106677212,39.39231012048832,-263.27731514697575,11.0,-2.0,-5.0,0.25,2.0,False,False,False,disabled
2026-06-06_run02_circle_r40_off_r03,15117,15125,8,-6.945927106677212,39.39231012048832,-263.27731514697575,,,,11.0,-2.0,-5.0,0.0,0.0,0.0,0.0,0.0,0.0,0.0,0.0,0.0,-6.945927106677212,39.39231012048832,-263.27731514697575,11.0,-2.0,-5.0,0.25,2.0,False,False,False,disabled
2026-06-06_run02_circle_r40_off_r03,15217,15219,2,-6.945927106677212,39.39231012048832,-263.27731514697575,,,,11.0,-2.0,-5.0,0.0,0.0,0.0,0.0,0.0,0.0,0.0,0.0,0.0,-6.945927106677212,39.39231012048832,-263.27731514697575,11.0,-2.0,-5.0,0.25,2.0,False,False,False,disabled
2026-06-06_run02_circle_r40_off_r03,15317,15328,11,-6.945927106677212,39.39231012048832,-263.27731514697575,,,,11.0,-2.0,-5.0,0.0,0.0,0.0,0.0,0.0,0.0,0.0,0.0,0.0,-6.945927106677212,39.39231012048832,-263.27731514697575,11.0,-2.0,-5.0,0.25,2.0,False,False,False,disabled
2026-06-06_run02_circle_r40_off_r03,15333,15344,11,-10.352761804100833,38.63703305156273,-263.27731514697575,,,,11.0,-1.0,-6.0,0.0,0.0,0.0,0.0,0.0,0.0,0.0,0.0,0.0,-10.352761804100833,38.63703305156273,-263.27731514697575,11.0,-1.0,-6.0,0.25,2.0,False,False,True,disabled
2026-06-06_run02_circle_r40_off_r03,15433,15453,20,-10.352761804100833,38.63703305156273,-263.27731514697575,,,,11.0,-1.0,-6.0,0.0,0.0,0.0,0.0,0.0,0.0,0.0,0.0,0.0,-10.352761804100833,38.63703305156273,-263.27731514697575,11.0,-1.0,-6.0,0.25,2.0,False,False,False,disabled
2026-06-06_run02_circle_r40_off_r03,15533,15547,14,-10.352761804100833,38.63703305156273,-263.27731514697575,,,,11.0,-1.0,-6.0,0.0,0.0,0.0,0.0,0.0,0.0,0.0,0.0,0.0,-10.352761804100833,38.63703305156273,-263.27731514697575,11.0,-1.0,-6.0,0.25,2.0,False,False,False,disabled
2026-06-06_run02_circle_r40_off_r03,15633,15641,8,-10.352761804100833,38.63703305156273,-263.27731514697575,,,,11.0,-1.0,-6.0,0.0,0.0,0.0,0.0,0.0,0.0,0.0,0.0,0.0,-10.352761804100833,38.63703305156273,-263.27731514697575,11.0,-1.0,-6.0,0.25,2.0,False,False,False,disabled
2026-06-06_run02_circle_r40_off_r03,15733,15750,17,-10.352761804100833,38.63703305156273,-263.27731514697575,,,,11.0,-1.0,-6.0,0.0,0.0,0.0,0.0,0.0,0.0,0.0,0.0,0.0,-10.352761804100833,38.63703305156273,-263.27731514697575,11.0,-1.0,-6.0,0.25,2.0,False,False,False,disabled
2026-06-06_run02_circle_r40_off_r03,15750,15750,0,-13.68080573302674,37.58770483143634,-263.27731514697575,,,,11.0,0.0,-6.0,0.0,0.0,0.0,0.0,0.0,0.0,0.0,0.0,0.0,-13.68080573302674,37.58770483143634,-263.27731514697575,11.0,0.0,-6.0,0.25,2.0,False,False,True,disabled
2026-06-06_run02_circle_r40_off_r03,15850,15860,10,-13.68080573302674,37.58770483143634,-263.27731514697575,,,,11.0,0.0,-6.0,0.0,0.0,0.0,0.0,0.0,0.0,0.0,0.0,0.0,-13.68080573302674,37.58770483143634,-263.27731514697575,11.0,0.0,-6.0,0.25,2.0,False,False,False,disabled
2026-06-06_run02_circle_r40_off_r03,15950,15953,3,-13.68080573302674,37.58770483143634,-263.27731514697575,,,,11.0,0.0,-6.0,0.0,0.0,0.0,0.0,0.0,0.0,0.0,0.0,0.0,-13.68080573302674,37.58770483143634,-263.27731514697575,11.0,0.0,-6.0,0.25,2.0,False,False,False,disabled
2026-06-06_run02_circle_r40_off_r03,16050,16063,13,-13.68080573302674,37.58770483143634,-263.27731514697575,,,,11.0,0.0,-6.0,0.0,0.0,0.0,0.0,0.0,0.0,0.0,0.0,0.0,-13.68080573302674,37.58770483143634,-263.27731514697575,11.0,0.0,-6.0,0.25,2.0,False,False,False,disabled
2026-06-06_run02_circle_r40_off_r03,16150,16157,7,-13.68080573302674,37.58770483143634,-263.27731514697575,,,,11.0,0.0,-6.0,0.0,0.0,0.0,0.0,0.0,0.0,0.0,0.0,0.0,-13.68080573302674,37.58770483143634,-263.27731514697575,11.0,0.0,-6.0,0.25,2.0,False,False,False,disabled
2026-06-06_run02_circle_r40_off_r03,16167,16172,5,-16.904730469627975,36.252311481466,-263.27731514697575,,,,10.0,1.0,-7.0,0.0,0.0,0.0,0.0,0.0,0.0,0.0,0.0,0.0,-16.904730469627975,36.252311481466,-263.27731514697575,10.0,1.0,-7.0,0.25,2.0,False,False,True,disabled
2026-06-06_run02_circle_r40_off_r03,16267,16282,15,-16.904730469627975,36.252311481466,-263.27731514697575,,,,10.0,1.0,-7.0,0.0,0.0,0.0,0.0,0.0,0.0,0.0,0.0,0.0,-16.904730469627975,36.252311481466,-263.27731514697575,10.0,1.0,-7.0,0.25,2.0,False,False,False,disabled
2026-06-06_run02_circle_r40_off_r03,16367,16375,8,-16.904730469627975,36.252311481466,-263.27731514697575,,,,10.0,1.0,-7.0,0.0,0.0,0.0,0.0,0.0,0.0,0.0,0.0,0.0,-16.904730469627975,36.252311481466,-263.27731514697575,10.0,1.0,-7.0,0.25,2.0,False,False,False,disabled
2026-06-06_run02_circle_r40_off_r03,16467,16469,2,-16.904730469627975,36.252311481466,-263.27731514697575,,,,10.0,1.0,-7.0,0.0,0.0,0.0,0.0,0.0,0.0,0.0,0.0,0.0,-16.904730469627975,36.252311481466,-263.27731514697575,10.0,1.0,-7.0,0.25,2.0,False,False,False,disabled
2026-06-06_run02_circle_r40_off_r03,16567,16578,11,-16.904730469627975,36.252311481466,-263.27731514697575,,,,10.0,1.0,-7.0,0.0,0.0,0.0,0.0,0.0,0.0,0.0,0.0,0.0,-16.904730469627975,36.252311481466,-263.27731514697575,10.0,1.0,-7.0,0.25,2.0,False,False,False,disabled
2026-06-06_run02_circle_r40_off_r03,16583,16594,11,-19.999999999999993,34.64101615137755,-263.27731514697575,,,,10.0,1.0,-7.0,0.0,0.0,0.0,0.0,0.0,0.0,0.0,0.0,0.0,-19.999999999999993,34.64101615137755,-263.27731514697575,10.0,1.0,-7.0,0.25,2.0,False,False,True,disabled
2026-06-06_run02_circle_r40_off_r03,16683,16688,5,-19.999999999999993,34.64101615137755,-263.27731514697575,,,,10.0,1.0,-7.0,0.0,0.0,0.0,0.0,0.0,0.0,0.0,0.0,0.0,-19.999999999999993,34.64101615137755,-263.27731514697575,10.0,1.0,-7.0,0.25,2.0,False,False,False,disabled
2026-06-06_run02_circle_r40_off_r03,16783,16797,14,-19.999999999999993,34.64101615137755,-263.27731514697575,,,,10.0,1.0,-7.0,0.0,0.0,0.0,0.0,0.0,0.0,0.0,0.0,0.0,-19.999999999999993,34.64101615137755,-263.27731514697575,10.0,1.0,-7.0,0.25,2.0,False,False,False,disabled
2026-06-06_run02_circle_r40_off_r03,16883,16891,8,-19.999999999999993,34.64101615137755,-263.27731514697575,,,,10.0,1.0,-7.0,0.0,0.0,0.0,0.0,0.0,0.0,0.0,0.0,0.0,-19.999999999999993,34.64101615137755,-263.27731514697575,10.0,1.0,-7.0,0.25,2.0,False,False,False,disabled
2026-06-06_run02_circle_r40_off_r03,16983,16985,2,-19.999999999999993,34.64101615137755,-263.27731514697575,,,,10.0,1.0,-7.0,0.0,0.0,0.0,0.0,0.0,0.0,0.0,0.0,0.0,-19.999999999999993,34.64101615137755,-263.27731514697575,10.0,1.0,-7.0,0.25,2.0,False,False,False,disabled
2026-06-06_run02_circle_r40_off_r03,17000,17000,0,-22.943057454041845,32.76608177155967,-263.27731514697575,,,,9.0,2.0,-8.0,0.0,0.0,0.0,0.0,0.0,0.0,0.0,0.0,0.0,-22.943057454041845,32.76608177155967,-263.27731514697575,9.0,2.0,-8.0,0.25,2.0,False,False,True,disabled
2026-06-06_run02_circle_r40_off_r03,17100,17110,10,-22.943057454041845,32.76608177155967,-263.27731514697575,,,,9.0,2.0,-8.0,0.0,0.0,0.0,0.0,0.0,0.0,0.0,0.0,0.0,-22.943057454041845,32.76608177155967,-263.27731514697575,9.0,2.0,-8.0,0.25,2.0,False,False,False,disabled
2026-06-06_run02_circle_r40_off_r03,17200,17203,3,-22.943057454041845,32.76608177155967,-263.27731514697575,,,,9.0,2.0,-8.0,0.0,0.0,0.0,0.0,0.0,0.0,0.0,0.0,0.0,-22.943057454041845,32.76608177155967,-263.27731514697575,9.0,2.0,-8.0,0.25,2.0,False,False,False,disabled
2026-06-06_run02_circle_r40_off_r03,17300,17313,13,-22.943057454041845,32.76608177155967,-263.27731514697575,,,,9.0,2.0,-8.0,0.0,0.0,0.0,0.0,0.0,0.0,0.0,0.0,0.0,-22.943057454041845,32.76608177155967,-263.27731514697575,9.0,2.0,-8.0,0.25,2.0,False,False,False,disabled
2026-06-06_run02_circle_r40_off_r03,17400,17407,7,-22.943057454041845,32.76608177155967,-263.27731514697575,,,,9.0,2.0,-8.0,0.0,0.0,0.0,0.0,0.0,0.0,0.0,0.0,0.0,-22.943057454041845,32.76608177155967,-263.27731514697575,9.0,2.0,-8.0,0.25,2.0,False,False,False,disabled
2026-06-06_run02_circle_r40_off_r03,17417,17422,5,-25.711504387461574,30.64177772475912,-263.27731514697575,,,,9.0,3.0,-8.0,0.0,0.0,0.0,0.0,0.0,0.0,0.0,0.0,0.0,-25.711504387461574,30.64177772475912,-263.27731514697575,9.0,3.0,-8.0,0.25,2.0,False,False,True,disabled
2026-06-06_run02_circle_r40_off_r03,17517,17532,15,-25.711504387461574,30.64177772475912,-263.27731514697575,,,,9.0,3.0,-8.0,0.0,0.0,0.0,0.0,0.0,0.0,0.0,0.0,0.0,-25.711504387461574,30.64177772475912,-263.27731514697575,9.0,3.0,-8.0,0.25,2.0,False,False,False,disabled
2026-06-06_run02_circle_r40_off_r03,17617,17625,8,-25.711504387461574,30.64177772475912,-263.27731514697575,,,,9.0,3.0,-8.0,0.0,0.0,0.0,0.0,0.0,0.0,0.0,0.0,0.0,-25.711504387461574,30.64177772475912,-263.27731514697575,9.0,3.0,-8.0,0.25,2.0,False,False,False,disabled
2026-06-06_run02_circle_r40_off_r03,17717,17719,2,-25.711504387461574,30.64177772475912,-263.27731514697575,,,,9.0,3.0,-8.0,0.0,0.0,0.0,0.0,0.0,0.0,0.0,0.0,0.0,-25.711504387461574,30.64177772475912,-263.27731514697575,9.0,3.0,-8.0,0.25,2.0,False,False,False,disabled
2026-06-06_run02_circle_r40_off_r03,17817,17828,11,-25.711504387461574,30.64177772475912,-263.27731514697575,,,,9.0,3.0,-8.0,0.0,0.0,0.0,0.0,0.0,0.0,0.0,0.0,0.0,-25.711504387461574,30.64177772475912,-263.27731514697575,9.0,3.0,-8.0,0.25,2.0,False,False,False,disabled
2026-06-06_run02_circle_r40_off_r03,17833,17844,11,-28.2842712474619,28.284271247461902,-263.27731514697575,,,,8.0,4.0,-8.0,0.0,0.0,0.0,0.0,0.0,0.0,0.0,0.0,0.0,-28.2842712474619,28.284271247461902,-263.27731514697575,8.0,4.0,-8.0,0.25,2.0,False,False,True,disabled
2026-06-06_run02_circle_r40_off_r03,17933,17938,5,-28.2842712474619,28.284271247461902,-263.27731514697575,,,,8.0,4.0,-8.0,0.0,0.0,0.0,0.0,0.0,0.0,0.0,0.0,0.0,-28.2842712474619,28.284271247461902,-263.27731514697575,8.0,4.0,-8.0,0.25,2.0,False,False,False,disabled
2026-06-06_run02_circle_r40_off_r03,18033,18063,30,-28.2842712474619,28.284271247461902,-263.27731514697575,,,,8.0,4.0,-8.0,0.0,0.0,0.0,0.0,0.0,0.0,0.0,0.0,0.0,-28.2842712474619,28.284271247461902,-263.27731514697575,8.0,4.0,-8.0,0.25,2.0,False,False,False,disabled
2026-06-06_run02_circle_r40_off_r03,18133,18141,8,-28.2842712474619,28.284271247461902,-263.27731514697575,,,,8.0,4.0,-8.0,0.0,0.0,0.0,0.0,0.0,0.0,0.0,0.0,0.0,-28.2842712474619,28.284271247461902,-263.27731514697575,8.0,4.0,-8.0,0.25,2.0,False,False,False,disabled
2026-06-06_run02_circle_r40_off_r03,18233,18235,2,-28.2842712474619,28.284271247461902,-263.27731514697575,,,,8.0,4.0,-8.0,0.0,0.0,0.0,0.0,0.0,0.0,0.0,0.0,0.0,-28.2842712474619,28.284271247461902,-263.27731514697575,8.0,4.0,-8.0,0.25,2.0,False,False,False,disabled
2026-06-06_run02_circle_r40_off_r03,18250,18250,0,-30.641777724759116,25.71150438746158,-263.27731514697575,,,,8.0,5.0,-8.0,0.0,0.0,0.0,0.0,0.0,0.0,0.0,0.0,0.0,-30.641777724759116,25.71150438746158,-263.27731514697575,8.0,5.0,-8.0,0.25,2.0,False,False,True,disabled
2026-06-06_run02_circle_r40_off_r03,18350,18360,10,-30.641777724759116,25.71150438746158,-263.27731514697575,,,,8.0,5.0,-8.0,0.0,0.0,0.0,0.0,0.0,0.0,0.0,0.0,0.0,-30.641777724759116,25.71150438746158,-263.27731514697575,8.0,5.0,-8.0,0.25,2.0,False,False,False,disabled
2026-06-06_run02_circle_r40_off_r03,18450,18453,3,-30.641777724759116,25.71150438746158,-263.27731514697575,,,,8.0,5.0,-8.0,0.0,0.0,0.0,0.0,0.0,0.0,0.0,0.0,0.0,-30.641777724759116,25.71150438746158,-263.27731514697575,8.0,5.0,-8.0,0.25,2.0,False,False,False,disabled
2026-06-06_run02_circle_r40_off_r03,18550,18563,13,-30.641777724759116,25.71150438746158,-263.27731514697575,,,,8.0,5.0,-8.0,0.0,0.0,0.0,0.0,0.0,0.0,0.0,0.0,0.0,-30.641777724759116,25.71150438746158,-263.27731514697575,8.0,5.0,-8.0,0.25,2.0,False,False,False,disabled
2026-06-06_run02_circle_r40_off_r03,18650,18657,7,-30.641777724759116,25.71150438746158,-263.27731514697575,,,,8.0,5.0,-8.0,0.0,0.0,0.0,0.0,0.0,0.0,0.0,0.0,0.0,-30.641777724759116,25.71150438746158,-263.27731514697575,8.0,5.0,-8.0,0.25,2.0,False,False,False,disabled
2026-06-06_run02_circle_r40_off_r03,18667,18672,5,-32.766081771559676,22.94305745404184,-263.27731514697575,,,,7.0,6.0,-9.0,0.0,0.0,0.0,0.0,0.0,0.0,0.0,0.0,0.0,-32.766081771559676,22.94305745404184,-263.27731514697575,7.0,6.0,-9.0,0.25,2.0,False,False,True,disabled
2026-06-06_run02_circle_r40_off_r03,18767,18782,15,-32.766081771559676,22.94305745404184,-263.27731514697575,,,,7.0,6.0,-9.0,0.0,0.0,0.0,0.0,0.0,0.0,0.0,0.0,0.0,-32.766081771559676,22.94305745404184,-263.27731514697575,7.0,6.0,-9.0,0.25,2.0,False,False,False,disabled
2026-06-06_run02_circle_r40_off_r03,18867,18875,8,-32.766081771559676,22.94305745404184,-263.27731514697575,,,,7.0,6.0,-9.0,0.0,0.0,0.0,0.0,0.0,0.0,0.0,0.0,0.0,-32.766081771559676,22.94305745404184,-263.27731514697575,7.0,6.0,-9.0,0.25,2.0,False,False,False,disabled
2026-06-06_run02_circle_r40_off_r03,18967,18969,2,-32.766081771559676,22.94305745404184,-263.27731514697575,,,,7.0,6.0,-9.0,0.0,0.0,0.0,0.0,0.0,0.0,0.0,0.0,0.0,-32.766081771559676,22.94305745404184,-263.27731514697575,7.0,6.0,-9.0,0.25,2.0,False,False,False,disabled
2026-06-06_run02_circle_r40_off_r03,19067,19078,11,-32.766081771559676,22.94305745404184,-263.27731514697575,,,,7.0,6.0,-9.0,0.0,0.0,0.0,0.0,0.0,0.0,0.0,0.0,0.0,-32.766081771559676,22.94305745404184,-263.27731514697575,7.0,6.0,-9.0,0.25,2.0,False,False,False,disabled
2026-06-06_run02_circle_r40_off_r03,19083,19094,11,-34.64101615137754,20.000000000000014,-263.27731514697575,,,,6.0,6.0,-9.0,0.0,0.0,0.0,0.0,0.0,0.0,0.0,0.0,0.0,-34.64101615137754,20.000000000000014,-263.27731514697575,6.0,6.0,-9.0,0.25,2.0,False,False,True,disabled
2026-06-06_run02_circle_r40_off_r03,19183,19203,20,-34.64101615137754,20.000000000000014,-263.27731514697575,,,,6.0,6.0,-9.0,0.0,0.0,0.0,0.0,0.0,0.0,0.0,0.0,0.0,-34.64101615137754,20.000000000000014,-263.27731514697575,6.0,6.0,-9.0,0.25,2.0,False,False,False,disabled
2026-06-06_run02_circle_r40_off_r03,19283,19297,14,-34.64101615137754,20.000000000000014,-263.27731514697575,,,,6.0,6.0,-9.0,0.0,0.0,0.0,0.0,0.0,0.0,0.0,0.0,0.0,-34.64101615137754,20.000000000000014,-263.27731514697575,6.0,6.0,-9.0,0.25,2.0,False,False,False,disabled
2026-06-06_run02_circle_r40_off_r03,19383,19391,8,-34.64101615137754,20.000000000000014,-263.27731514697575,,,,6.0,6.0,-9.0,0.0,0.0,0.0,0.0,0.0,0.0,0.0,0.0,0.0,-34.64101615137754,20.000000000000014,-263.27731514697575,6.0,6.0,-9.0,0.25,2.0,False,False,False,disabled
2026-06-06_run02_circle_r40_off_r03,19483,19485,2,-34.64101615137754,20.000000000000014,-263.27731514697575,,,,6.0,6.0,-9.0,0.0,0.0,0.0,0.0,0.0,0.0,0.0,0.0,0.0,-34.64101615137754,20.000000000000014,-263.27731514697575,6.0,6.0,-9.0,0.25,2.0,False,False,False,disabled
2026-06-06_run02_circle_r40_off_r03,19500,19516,16,-36.252311481465995,16.904730469627978,-263.27731514697575,,,,6.0,7.0,-9.0,0.0,0.0,0.0,0.0,0.0,0.0,0.0,0.0,0.0,-36.252311481465995,16.904730469627978,-263.27731514697575,6.0,7.0,-9.0,0.25,2.0,False,False,True,disabled
2026-06-06_run02_circle_r40_off_r03,19600,19625,25,-36.252311481465995,16.904730469627978,-263.27731514697575,,,,6.0,7.0,-9.0,0.0,0.0,0.0,0.0,0.0,0.0,0.0,0.0,0.0,-36.252311481465995,16.904730469627978,-263.27731514697575,6.0,7.0,-9.0,0.25,2.0,False,False,False,disabled
2026-06-06_run02_circle_r40_off_r03,19700,19703,3,-36.252311481465995,16.904730469627978,-263.27731514697575,,,,6.0,7.0,-9.0,0.0,0.0,0.0,0.0,0.0,0.0,0.0,0.0,0.0,-36.252311481465995,16.904730469627978,-263.27731514697575,6.0,7.0,-9.0,0.25,2.0,False,False,False,disabled
2026-06-06_run02_circle_r40_off_r03,19800,19813,13,-36.252311481465995,16.904730469627978,-263.27731514697575,,,,6.0,7.0,-9.0,0.0,0.0,0.0,0.0,0.0,0.0,0.0,0.0,0.0,-36.252311481465995,16.904730469627978,-263.27731514697575,6.0,7.0,-9.0,0.25,2.0,False,False,False,disabled
2026-06-06_run02_circle_r40_off_r03,19900,19907,7,-36.252311481465995,16.904730469627978,-263.27731514697575,,,,6.0,7.0,-9.0,0.0,0.0,0.0,0.0,0.0,0.0,0.0,0.0,0.0,-36.252311481465995,16.904730469627978,-263.27731514697575,6.0,7.0,-9.0,0.25,2.0,False,False,False,disabled
2026-06-06_run02_circle_r40_off_r03,19917,19922,5,-37.587704831436334,13.680805733026755,-263.27731514697575,,,,5.0,8.0,-8.0,0.0,0.0,0.0,0.0,0.0,0.0,0.0,0.0,0.0,-37.587704831436334,13.680805733026755,-263.27731514697575,5.0,8.0,-8.0,0.25,2.0,False,False,True,disabled
2026-06-06_run02_circle_r40_off_r03,20017,20032,15,-37.587704831436334,13.680805733026755,-263.27731514697575,,,,5.0,8.0,-8.0,0.0,0.0,0.0,0.0,0.0,0.0,0.0,0.0,0.0,-37.587704831436334,13.680805733026755,-263.27731514697575,5.0,8.0,-8.0,0.25,2.0,False,False,False,disabled
2026-06-06_run02_circle_r40_off_r03,20117,20125,8,-37.587704831436334,13.680805733026755,-263.27731514697575,,,,5.0,8.0,-8.0,0.0,0.0,0.0,0.0,0.0,0.0,0.0,0.0,0.0,-37.587704831436334,13.680805733026755,-263.27731514697575,5.0,8.0,-8.0,0.25,2.0,False,False,False,disabled
2026-06-06_run02_circle_r40_off_r03,20217,20219,2,-37.587704831436334,13.680805733026755,-263.27731514697575,,,,5.0,8.0,-8.0,0.0,0.0,0.0,0.0,0.0,0.0,0.0,0.0,0.0,-37.587704831436334,13.680805733026755,-263.27731514697575,5.0,8.0,-8.0,0.25,2.0,False,False,False,disabled
2026-06-06_run02_circle_r40_off_r03,20317,20328,11,-37.587704831436334,13.680805733026755,-263.27731514697575,,,,5.0,8.0,-8.0,0.0,0.0,0.0,0.0,0.0,0.0,0.0,0.0,0.0,-37.587704831436334,13.680805733026755,-263.27731514697575,5.0,8.0,-8.0,0.25,2.0,False,False,False,disabled
2026-06-06_run02_circle_r40_off_r03,20333,20344,11,-38.63703305156273,10.352761804100822,-263.27731514697575,,,,4.0,8.0,-8.0,0.0,0.0,0.0,0.0,0.0,0.0,0.0,0.0,0.0,-38.63703305156273,10.352761804100822,-263.27731514697575,4.0,8.0,-8.0,0.25,2.0,False,False,True,disabled
2026-06-06_run02_circle_r40_off_r03,20433,20438,5,-38.63703305156273,10.352761804100822,-263.27731514697575,,,,4.0,8.0,-8.0,0.0,0.0,0.0,0.0,0.0,0.0,0.0,0.0,0.0,-38.63703305156273,10.352761804100822,-263.27731514697575,4.0,8.0,-8.0,0.25,2.0,False,False,False,disabled
2026-06-06_run02_circle_r40_off_r03,20533,20547,14,-38.63703305156273,10.352761804100822,-263.27731514697575,,,,4.0,8.0,-8.0,0.0,0.0,0.0,0.0,0.0,0.0,0.0,0.0,0.0,-38.63703305156273,10.352761804100822,-263.27731514697575,4.0,8.0,-8.0,0.25,2.0,False,False,False,disabled
2026-06-06_run02_circle_r40_off_r03,20633,20641,8,-38.63703305156273,10.352761804100822,-263.27731514697575,,,,4.0,8.0,-8.0,0.0,0.0,0.0,0.0,0.0,0.0,0.0,0.0,0.0,-38.63703305156273,10.352761804100822,-263.27731514697575,4.0,8.0,-8.0,0.25,2.0,False,False,False,disabled
2026-06-06_run02_circle_r40_off_r03,20733,20735,2,-38.63703305156273,10.352761804100822,-263.27731514697575,,,,4.0,8.0,-8.0,0.0,0.0,0.0,0.0,0.0,0.0,0.0,0.0,0.0,-38.63703305156273,10.352761804100822,-263.27731514697575,4.0,8.0,-8.0,0.25,2.0,False,False,False,disabled
2026-06-06_run02_circle_r40_off_r03,20750,20750,0,-39.39231012048832,6.945927106677211,-263.27731514697575,,,,3.0,9.0,-8.0,0.0,0.0,0.0,0.0,0.0,0.0,0.0,0.0,0.0,-39.39231012048832,6.945927106677211,-263.27731514697575,3.0,9.0,-8.0,0.25,2.0,False,False,True,disabled
2026-06-06_run02_circle_r40_off_r03,20850,20860,10,-39.39231012048832,6.945927106677211,-263.27731514697575,,,,3.0,9.0,-8.0,0.0,0.0,0.0,0.0,0.0,0.0,0.0,0.0,0.0,-39.39231012048832,6.945927106677211,-263.27731514697575,3.0,9.0,-8.0,0.25,2.0,False,False,False,disabled
2026-06-06_run02_circle_r40_off_r03,20950,20953,3,-39.39231012048832,6.945927106677211,-263.27731514697575,,,,3.0,9.0,-8.0,0.0,0.0,0.0,0.0,0.0,0.0,0.0,0.0,0.0,-39.39231012048832,6.945927106677211,-263.27731514697575,3.0,9.0,-8.0,0.25,2.0,False,False,False,disabled
2026-06-06_run02_circle_r40_off_r03,21050,21063,13,-39.39231012048832,6.945927106677211,-263.27731514697575,,,,3.0,9.0,-8.0,0.0,0.0,0.0,0.0,0.0,0.0,0.0,0.0,0.0,-39.39231012048832,6.945927106677211,-263.27731514697575,3.0,9.0,-8.0,0.25,2.0,False,False,False,disabled
2026-06-06_run02_circle_r40_off_r03,21150,21157,7,-39.39231012048832,6.945927106677211,-263.27731514697575,,,,3.0,9.0,-8.0,0.0,0.0,0.0,0.0,0.0,0.0,0.0,0.0,0.0,-39.39231012048832,6.945927106677211,-263.27731514697575,3.0,9.0,-8.0,0.25,2.0,False,False,False,disabled
2026-06-06_run02_circle_r40_off_r03,21167,21172,5,-39.84778792366982,3.4862297099063277,-263.27731514697575,,,,2.0,9.0,-8.0,0.0,0.0,0.0,0.0,0.0,0.0,0.0,0.0,0.0,-39.84778792366982,3.4862297099063277,-263.27731514697575,2.0,9.0,-8.0,0.25,2.0,False,False,True,disabled
2026-06-06_run02_circle_r40_off_r03,21267,21282,15,-39.84778792366982,3.4862297099063277,-263.27731514697575,,,,2.0,9.0,-8.0,0.0,0.0,0.0,0.0,0.0,0.0,0.0,0.0,0.0,-39.84778792366982,3.4862297099063277,-263.27731514697575,2.0,9.0,-8.0,0.25,2.0,False,False,False,disabled
2026-06-06_run02_circle_r40_off_r03,21367,21375,8,-39.84778792366982,3.4862297099063277,-263.27731514697575,,,,2.0,9.0,-8.0,0.0,0.0,0.0,0.0,0.0,0.0,0.0,0.0,0.0,-39.84778792366982,3.4862297099063277,-263.27731514697575,2.0,9.0,-8.0,0.25,2.0,False,False,False,disabled
2026-06-06_run02_circle_r40_off_r03,21467,21469,2,-39.84778792366982,3.4862297099063277,-263.27731514697575,,,,2.0,9.0,-8.0,0.0,0.0,0.0,0.0,0.0,0.0,0.0,0.0,0.0,-39.84778792366982,3.4862297099063277,-263.27731514697575,2.0,9.0,-8.0,0.25,2.0,False,False,False,disabled
2026-06-06_run02_circle_r40_off_r03,21567,21578,11,-39.84778792366982,3.4862297099063277,-263.27731514697575,,,,2.0,9.0,-8.0,0.0,0.0,0.0,0.0,0.0,0.0,0.0,0.0,0.0,-39.84778792366982,3.4862297099063277,-263.27731514697575,2.0,9.0,-8.0,0.25,2.0,False,False,False,disabled
2026-06-06_run02_circle_r40_off_r03,21583,21594,11,-40.0,0.0,-263.27731514697575,,,,1.0,10.0,-7.0,0.0,0.0,0.0,0.0,0.0,0.0,0.0,0.0,0.0,-40.0,0.0,-263.27731514697575,1.0,10.0,-7.0,0.25,2.0,False,False,True,disabled
2026-06-06_run02_circle_r40_off_r03,21683,21688,5,-40.0,0.0,-263.27731514697575,,,,1.0,10.0,-7.0,0.0,0.0,0.0,0.0,0.0,0.0,0.0,0.0,0.0,-40.0,0.0,-263.27731514697575,1.0,10.0,-7.0,0.25,2.0,False,False,False,disabled
2026-06-06_run02_circle_r40_off_r03,21783,21797,14,-40.0,0.0,-263.27731514697575,,,,1.0,10.0,-7.0,0.0,0.0,0.0,0.0,0.0,0.0,0.0,0.0,0.0,-40.0,0.0,-263.27731514697575,1.0,10.0,-7.0,0.25,2.0,False,False,False,disabled
2026-06-06_run02_circle_r40_off_r03,21883,21891,8,-40.0,0.0,-263.27731514697575,,,,1.0,10.0,-7.0,0.0,0.0,0.0,0.0,0.0,0.0,0.0,0.0,0.0,-40.0,0.0,-263.27731514697575,1.0,10.0,-7.0,0.25,2.0,False,False,False,disabled
2026-06-06_run02_circle_r40_off_r03,21983,21985,2,-40.0,0.0,-263.27731514697575,,,,1.0,10.0,-7.0,0.0,0.0,0.0,0.0,0.0,0.0,0.0,0.0,0.0,-40.0,0.0,-263.27731514697575,1.0,10.0,-7.0,0.25,2.0,False,False,False,disabled
2026-06-06_run02_circle_r40_off_r03,22000,22000,0,-39.84778792366982,-3.4862297099063175,-263.27731514697575,,,,1.0,10.0,-7.0,0.0,0.0,0.0,0.0,0.0,0.0,0.0,0.0,0.0,-39.84778792366982,-3.4862297099063175,-263.27731514697575,1.0,10.0,-7.0,0.25,2.0,False,False,True,disabled
2026-06-06_run02_circle_r40_off_r03,22100,22110,10,-39.84778792366982,-3.4862297099063175,-263.27731514697575,,,,1.0,10.0,-7.0,0.0,0.0,0.0,0.0,0.0,0.0,0.0,0.0,0.0,-39.84778792366982,-3.4862297099063175,-263.27731514697575,1.0,10.0,-7.0,0.25,2.0,False,False,False,disabled
2026-06-06_run02_circle_r40_off_r03,22200,22203,3,-39.84778792366982,-3.4862297099063175,-263.27731514697575,,,,1.0,10.0,-7.0,0.0,0.0,0.0,0.0,0.0,0.0,0.0,0.0,0.0,-39.84778792366982,-3.4862297099063175,-263.27731514697575,1.0,10.0,-7.0,0.25,2.0,False,False,False,disabled
2026-06-06_run02_circle_r40_off_r03,22300,22313,13,-39.84778792366982,-3.4862297099063175,-263.27731514697575,,,,1.0,10.0,-7.0,0.0,0.0,0.0,0.0,0.0,0.0,0.0,0.0,0.0,-39.84778792366982,-3.4862297099063175,-263.27731514697575,1.0,10.0,-7.0,0.25,2.0,False,False,False,disabled
2026-06-06_run02_circle_r40_off_r03,22400,22407,7,-39.84778792366982,-3.4862297099063175,-263.27731514697575,,,,1.0,10.0,-7.0,0.0,0.0,0.0,0.0,0.0,0.0,0.0,0.0,0.0,-39.84778792366982,-3.4862297099063175,-263.27731514697575,1.0,10.0,-7.0,0.25,2.0,False,False,False,disabled
2026-06-06_run02_circle_r40_off_r03,22417,22438,21,-39.392310120488325,-6.9459271066772015,-263.27731514697575,,,,0.0,11.0,-6.0,0.0,0.0,0.0,0.0,0.0,0.0,0.0,0.0,0.0,-39.392310120488325,-6.9459271066772015,-263.27731514697575,0.0,11.0,-6.0,0.25,2.0,False,False,True,disabled
2026-06-06_run02_circle_r40_off_r03,22517,22547,30,-39.392310120488325,-6.9459271066772015,-263.27731514697575,,,,0.0,11.0,-6.0,0.0,0.0,0.0,0.0,0.0,0.0,0.0,0.0,0.0,-39.392310120488325,-6.9459271066772015,-263.27731514697575,0.0,11.0,-6.0,0.25,2.0,False,False,False,disabled
2026-06-06_run02_circle_r40_off_r03,22617,22625,8,-39.392310120488325,-6.9459271066772015,-263.27731514697575,,,,0.0,11.0,-6.0,0.0,0.0,0.0,0.0,0.0,0.0,0.0,0.0,0.0,-39.392310120488325,-6.9459271066772015,-263.27731514697575,0.0,11.0,-6.0,0.25,2.0,False,False,False,disabled
2026-06-06_run02_circle_r40_off_r03,22717,22719,2,-39.392310120488325,-6.9459271066772015,-263.27731514697575,,,,0.0,11.0,-6.0,0.0,0.0,0.0,0.0,0.0,0.0,0.0,0.0,0.0,-39.392310120488325,-6.9459271066772015,-263.27731514697575,0.0,11.0,-6.0,0.25,2.0,False,False,False,disabled
2026-06-06_run02_circle_r40_off_r03,22817,22828,11,-39.392310120488325,-6.9459271066772015,-263.27731514697575,,,,0.0,11.0,-6.0,0.0,0.0,0.0,0.0,0.0,0.0,0.0,0.0,0.0,-39.392310120488325,-6.9459271066772015,-263.27731514697575,0.0,11.0,-6.0,0.25,2.0,False,False,False,disabled
2026-06-06_run02_circle_r40_off_r03,22833,22844,11,-38.63703305156274,-10.352761804100814,-263.27731514697575,,,,-1.0,11.0,-6.0,0.0,0.0,0.0,0.0,0.0,0.0,0.0,0.0,0.0,-38.63703305156274,-10.352761804100814,-263.27731514697575,-1.0,11.0,-6.0,0.25,2.0,False,False,True,disabled
2026-06-06_run02_circle_r40_off_r03,22933,22938,5,-38.63703305156274,-10.352761804100814,-263.27731514697575,,,,-1.0,11.0,-6.0,0.0,0.0,0.0,0.0,0.0,0.0,0.0,0.0,0.0,-38.63703305156274,-10.352761804100814,-263.27731514697575,-1.0,11.0,-6.0,0.25,2.0,False,False,False,disabled
2026-06-06_run02_circle_r40_off_r03,23033,23047,14,-38.63703305156274,-10.352761804100814,-263.27731514697575,,,,-1.0,11.0,-6.0,0.0,0.0,0.0,0.0,0.0,0.0,0.0,0.0,0.0,-38.63703305156274,-10.352761804100814,-263.27731514697575,-1.0,11.0,-6.0,0.25,2.0,False,False,False,disabled
2026-06-06_run02_circle_r40_off_r03,23133,23141,8,-38.63703305156274,-10.352761804100814,-263.27731514697575,,,,-1.0,11.0,-6.0,0.0,0.0,0.0,0.0,0.0,0.0,0.0,0.0,0.0,-38.63703305156274,-10.352761804100814,-263.27731514697575,-1.0,11.0,-6.0,0.25,2.0,False,False,False,disabled
2026-06-06_run02_circle_r40_off_r03,23233,23235,2,-38.63703305156274,-10.352761804100814,-263.27731514697575,,,,-1.0,11.0,-6.0,0.0,0.0,0.0,0.0,0.0,0.0,0.0,0.0,0.0,-38.63703305156274,-10.352761804100814,-263.27731514697575,-1.0,11.0,-6.0,0.25,2.0,False,False,False,disabled
2026-06-06_run02_circle_r40_off_r03,23250,23250,0,-37.58770483143634,-13.680805733026746,-263.27731514697575,,,,-2.0,11.0,-5.0,0.0,0.0,0.0,0.0,0.0,0.0,0.0,0.0,0.0,-37.58770483143634,-13.680805733026746,-263.27731514697575,-2.0,11.0,-5.0,0.25,2.0,False,False,True,disabled
2026-06-06_run02_circle_r40_off_r03,23350,23375,25,-37.58770483143634,-13.680805733026746,-263.27731514697575,,,,-2.0,11.0,-5.0,0.0,0.0,0.0,0.0,0.0,0.0,0.0,0.0,0.0,-37.58770483143634,-13.680805733026746,-263.27731514697575,-2.0,11.0,-5.0,0.25,2.0,False,False,False,disabled
2026-06-06_run02_circle_r40_off_r03,23450,23453,3,-37.58770483143634,-13.680805733026746,-263.27731514697575,,,,-2.0,11.0,-5.0,0.0,0.0,0.0,0.0,0.0,0.0,0.0,0.0,0.0,-37.58770483143634,-13.680805733026746,-263.27731514697575,-2.0,11.0,-5.0,0.25,2.0,False,False,False,disabled
2026-06-06_run02_circle_r40_off_r03,23550,23563,13,-37.58770483143634,-13.680805733026746,-263.27731514697575,,,,-2.0,11.0,-5.0,0.0,0.0,0.0,0.0,0.0,0.0,0.0,0.0,0.0,-37.58770483143634,-13.680805733026746,-263.27731514697575,-2.0,11.0,-5.0,0.25,2.0,False,False,False,disabled
2026-06-06_run02_circle_r40_off_r03,23650,23657,7,-37.58770483143634,-13.680805733026746,-263.27731514697575,,,,-2.0,11.0,-5.0,0.0,0.0,0.0,0.0,0.0,0.0,0.0,0.0,0.0,-37.58770483143634,-13.680805733026746,-263.27731514697575,-2.0,11.0,-5.0,0.25,2.0,False,False,False,disabled
2026-06-06_run02_circle_r40_off_r03,23667,23672,5,-36.25231148146601,-16.904730469627957,-263.27731514697575,,,,-3.0,11.0,-4.0,0.0,0.0,0.0,0.0,0.0,0.0,0.0,0.0,0.0,-36.25231148146601,-16.904730469627957,-263.27731514697575,-3.0,11.0,-4.0,0.25,2.0,False,False,True,disabled
2026-06-06_run02_circle_r40_off_r03,23767,23782,15,-36.25231148146601,-16.904730469627957,-263.27731514697575,,,,-3.0,11.0,-4.0,0.0,0.0,0.0,0.0,0.0,0.0,0.0,0.0,0.0,-36.25231148146601,-16.904730469627957,-263.27731514697575,-3.0,11.0,-4.0,0.25,2.0,False,False,False,disabled
2026-06-06_run02_circle_r40_off_r03,23867,23875,8,-36.25231148146601,-16.904730469627957,-263.27731514697575,,,,-3.0,11.0,-4.0,0.0,0.0,0.0,0.0,0.0,0.0,0.0,0.0,0.0,-36.25231148146601,-16.904730469627957,-263.27731514697575,-3.0,11.0,-4.0,0.25,2.0,False,False,False,disabled
2026-06-06_run02_circle_r40_off_r03,23967,23969,2,-36.25231148146601,-16.904730469627957,-263.27731514697575,,,,-3.0,11.0,-4.0,0.0,0.0,0.0,0.0,0.0,0.0,0.0,0.0,0.0,-36.25231148146601,-16.904730469627957,-263.27731514697575,-3.0,11.0,-4.0,0.25,2.0,False,False,False,disabled
2026-06-06_run02_circle_r40_off_r03,24067,24078,11,-36.25231148146601,-16.904730469627957,-263.27731514697575,,,,-3.0,11.0,-4.0,0.0,0.0,0.0,0.0,0.0,0.0,0.0,0.0,0.0,-36.25231148146601,-16.904730469627957,-263.27731514697575,-3.0,11.0,-4.0,0.25,2.0,False,False,False,disabled
2026-06-06_run02_circle_r40_off_r03,24083,24094,11,-34.64101615137754,-20.000000000000004,-263.27731514697575,,,,-4.0,11.0,-4.0,0.0,0.0,0.0,0.0,0.0,0.0,0.0,0.0,0.0,-34.64101615137754,-20.000000000000004,-263.27731514697575,-4.0,11.0,-4.0,0.25,2.0,False,False,True,disabled
2026-06-06_run02_circle_r40_off_r03,24183,24188,5,-34.64101615137754,-20.000000000000004,-263.27731514697575,,,,-4.0,11.0,-4.0,0.0,0.0,0.0,0.0,0.0,0.0,0.0,0.0,0.0,-34.64101615137754,-20.000000000000004,-263.27731514697575,-4.0,11.0,-4.0,0.25,2.0,False,False,False,disabled
2026-06-06_run02_circle_r40_off_r03,24283,24297,14,-34.64101615137754,-20.000000000000004,-263.27731514697575,,,,-4.0,11.0,-4.0,0.0,0.0,0.0,0.0,0.0,0.0,0.0,0.0,0.0,-34.64101615137754,-20.000000000000004,-263.27731514697575,-4.0,11.0,-4.0,0.25,2.0,False,False,False,disabled
2026-06-06_run02_circle_r40_off_r03,24383,24391,8,-34.64101615137754,-20.000000000000004,-263.27731514697575,,,,-4.0,11.0,-4.0,0.0,0.0,0.0,0.0,0.0,0.0,0.0,0.0,0.0,-34.64101615137754,-20.000000000000004,-263.27731514697575,-4.0,11.0,-4.0,0.25,2.0,False,False,False,disabled
2026-06-06_run02_circle_r40_off_r03,24483,24485,2,-34.64101615137754,-20.000000000000004,-263.27731514697575,,,,-4.0,11.0,-4.0,0.0,0.0,0.0,0.0,0.0,0.0,0.0,0.0,0.0,-34.64101615137754,-20.000000000000004,-263.27731514697575,-4.0,11.0,-4.0,0.25,2.0,False,False,False,disabled
2026-06-06_run02_circle_r40_off_r03,24500,24500,0,-32.76608177155968,-22.943057454041835,-263.27731514697575,,,,-4.0,11.0,-3.0,0.0,0.0,0.0,0.0,0.0,0.0,0.0,0.0,0.0,-32.76608177155968,-22.943057454041835,-263.27731514697575,-4.0,11.0,-3.0,0.25,2.0,False,False,True,disabled
2026-06-06_run02_circle_r40_off_r03,24600,24610,10,-32.76608177155968,-22.943057454041835,-263.27731514697575,,,,-4.0,11.0,-3.0,0.0,0.0,0.0,0.0,0.0,0.0,0.0,0.0,0.0,-32.76608177155968,-22.943057454041835,-263.27731514697575,-4.0,11.0,-3.0,0.25,2.0,False,False,False,disabled
2026-06-06_run02_circle_r40_off_r03,24700,24703,3,-32.76608177155968,-22.943057454041835,-263.27731514697575,,,,-4.0,11.0,-3.0,0.0,0.0,0.0,0.0,0.0,0.0,0.0,0.0,0.0,-32.76608177155968,-22.943057454041835,-263.27731514697575,-4.0,11.0,-3.0,0.25,2.0,False,False,False,disabled
2026-06-06_run02_circle_r40_off_r03,24800,24813,13,-32.76608177155968,-22.943057454041835,-263.27731514697575,,,,-4.0,11.0,-3.0,0.0,0.0,0.0,0.0,0.0,0.0,0.0,0.0,0.0,-32.76608177155968,-22.943057454041835,-263.27731514697575,-4.0,11.0,-3.0,0.25,2.0,False,False,False,disabled
2026-06-06_run02_circle_r40_off_r03,24900,24907,7,-32.76608177155968,-22.943057454041835,-263.27731514697575,,,,-4.0,11.0,-3.0,0.0,0.0,0.0,0.0,0.0,0.0,0.0,0.0,0.0,-32.76608177155968,-22.943057454041835,-263.27731514697575,-4.0,11.0,-3.0,0.25,2.0,False,False,False,disabled
2026-06-06_run02_circle_r40_off_r03,24917,24922,5,-30.641777724759134,-25.711504387461556,-263.27731514697575,,,,-5.0,11.0,-2.0,0.0,0.0,0.0,0.0,0.0,0.0,0.0,0.0,0.0,-30.641777724759134,-25.711504387461556,-263.27731514697575,-5.0,11.0,-2.0,0.25,2.0,False,False,True,disabled
2026-06-06_run02_circle_r40_off_r03,25017,25032,15,-30.641777724759134,-25.711504387461556,-263.27731514697575,,,,-5.0,11.0,-2.0,0.0,0.0,0.0,0.0,0.0,0.0,0.0,0.0,0.0,-30.641777724759134,-25.711504387461556,-263.27731514697575,-5.0,11.0,-2.0,0.25,2.0,False,False,False,disabled
2026-06-06_run02_circle_r40_off_r03,25117,25125,8,-30.641777724759134,-25.711504387461556,-263.27731514697575,,,,-5.0,11.0,-2.0,0.0,0.0,0.0,0.0,0.0,0.0,0.0,0.0,0.0,-30.641777724759134,-25.711504387461556,-263.27731514697575,-5.0,11.0,-2.0,0.25,2.0,False,False,False,disabled
2026-06-06_run02_circle_r40_off_r03,25217,25219,2,-30.641777724759134,-25.711504387461556,-263.27731514697575,,,,-5.0,11.0,-2.0,0.0,0.0,0.0,0.0,0.0,0.0,0.0,0.0,0.0,-30.641777724759134,-25.711504387461556,-263.27731514697575,-5.0,11.0,-2.0,0.25,2.0,False,False,False,disabled
2026-06-06_run02_circle_r40_off_r03,25317,25328,11,-30.641777724759134,-25.711504387461556,-263.27731514697575,,,,-5.0,11.0,-2.0,0.0,0.0,0.0,0.0,0.0,0.0,0.0,0.0,0.0,-30.641777724759134,-25.711504387461556,-263.27731514697575,-5.0,11.0,-2.0,0.25,2.0,False,False,False,disabled
2026-06-06_run02_circle_r40_off_r03,25333,25344,11,-28.28427124746191,-28.2842712474619,-263.27731514697575,,,,-6.0,11.0,-1.0,0.0,0.0,0.0,0.0,0.0,0.0,0.0,0.0,0.0,-28.28427124746191,-28.2842712474619,-263.27731514697575,-6.0,11.0,-1.0,0.25,2.0,False,False,True,disabled
2026-06-06_run02_circle_r40_off_r03,25433,25453,20,-28.28427124746191,-28.2842712474619,-263.27731514697575,,,,-6.0,11.0,-1.0,0.0,0.0,0.0,0.0,0.0,0.0,0.0,0.0,0.0,-28.28427124746191,-28.2842712474619,-263.27731514697575,-6.0,11.0,-1.0,0.25,2.0,False,False,False,disabled
2026-06-06_run02_circle_r40_off_r03,25533,25547,14,-28.28427124746191,-28.2842712474619,-263.27731514697575,,,,-6.0,11.0,-1.0,0.0,0.0,0.0,0.0,0.0,0.0,0.0,0.0,0.0,-28.28427124746191,-28.2842712474619,-263.27731514697575,-6.0,11.0,-1.0,0.25,2.0,False,False,False,disabled
2026-06-06_run02_circle_r40_off_r03,25633,25641,8,-28.28427124746191,-28.2842712474619,-263.27731514697575,,,,-6.0,11.0,-1.0,0.0,0.0,0.0,0.0,0.0,0.0,0.0,0.0,0.0,-28.28427124746191,-28.2842712474619,-263.27731514697575,-6.0,11.0,-1.0,0.25,2.0,False,False,False,disabled
2026-06-06_run02_circle_r40_off_r03,25733,25735,2,-28.28427124746191,-28.2842712474619,-263.27731514697575,,,,-6.0,11.0,-1.0,0.0,0.0,0.0,0.0,0.0,0.0,0.0,0.0,0.0,-28.28427124746191,-28.2842712474619,-263.27731514697575,-6.0,11.0,-1.0,0.25,2.0,False,False,False,disabled
2026-06-06_run02_circle_r40_off_r03,25750,25750,0,-25.71150438746158,-30.641777724759116,-263.27731514697575,,,,-6.0,11.0,0.0,0.0,0.0,0.0,0.0,0.0,0.0,0.0,0.0,0.0,-25.71150438746158,-30.641777724759116,-263.27731514697575,-6.0,11.0,0.0,0.25,2.0,False,False,True,disabled
2026-06-06_run02_circle_r40_off_r03,25850,25860,10,-25.71150438746158,-30.641777724759116,-263.27731514697575,,,,-6.0,11.0,0.0,0.0,0.0,0.0,0.0,0.0,0.0,0.0,0.0,0.0,-25.71150438746158,-30.641777724759116,-263.27731514697575,-6.0,11.0,0.0,0.25,2.0,False,False,False,disabled
2026-06-06_run02_circle_r40_off_r03,25950,25953,3,-25.71150438746158,-30.641777724759116,-263.27731514697575,,,,-6.0,11.0,0.0,0.0,0.0,0.0,0.0,0.0,0.0,0.0,0.0,0.0,-25.71150438746158,-30.641777724759116,-263.27731514697575,-6.0,11.0,0.0,0.25,2.0,False,False,False,disabled
2026-06-06_run02_circle_r40_off_r03,26050,26063,13,-25.71150438746158,-30.641777724759116,-263.27731514697575,,,,-6.0,11.0,0.0,0.0,0.0,0.0,0.0,0.0,0.0,0.0,0.0,0.0,-25.71150438746158,-30.641777724759116,-263.27731514697575,-6.0,11.0,0.0,0.25,2.0,False,False,False,disabled
2026-06-06_run02_circle_r40_off_r03,26150,26157,7,-25.71150438746158,-30.641777724759116,-263.27731514697575,,,,-6.0,11.0,0.0,0.0,0.0,0.0,0.0,0.0,0.0,0.0,0.0,0.0,-25.71150438746158,-30.641777724759116,-263.27731514697575,-6.0,11.0,0.0,0.25,2.0,False,False,False,disabled
2026-06-06_run02_circle_r40_off_r03,26167,26172,5,-22.943057454041824,-32.76608177155968,-263.27731514697575,,,,-7.0,10.0,1.0,0.0,0.0,0.0,0.0,0.0,0.0,0.0,0.0,0.0,-22.943057454041824,-32.76608177155968,-263.27731514697575,-7.0,10.0,1.0,0.25,2.0,False,False,True,disabled
2026-06-06_run02_circle_r40_off_r03,26267,26282,15,-22.943057454041824,-32.76608177155968,-263.27731514697575,,,,-7.0,10.0,1.0,0.0,0.0,0.0,0.0,0.0,0.0,0.0,0.0,0.0,-22.943057454041824,-32.76608177155968,-263.27731514697575,-7.0,10.0,1.0,0.25,2.0,False,False,False,disabled
2026-06-06_run02_circle_r40_off_r03,26367,26375,8,-22.943057454041824,-32.76608177155968,-263.27731514697575,,,,-7.0,10.0,1.0,0.0,0.0,0.0,0.0,0.0,0.0,0.0,0.0,0.0,-22.943057454041824,-32.76608177155968,-263.27731514697575,-7.0,10.0,1.0,0.25,2.0,False,False,False,disabled
2026-06-06_run02_circle_r40_off_r03,26467,26469,2,-22.943057454041824,-32.76608177155968,-263.27731514697575,,,,-7.0,10.0,1.0,0.0,0.0,0.0,0.0,0.0,0.0,0.0,0.0,0.0,-22.943057454041824,-32.76608177155968,-263.27731514697575,-7.0,10.0,1.0,0.25,2.0,False,False,False,disabled
2026-06-06_run02_circle_r40_off_r03,26567,26578,11,-22.943057454041824,-32.76608177155968,-263.27731514697575,,,,-7.0,10.0,1.0,0.0,0.0,0.0,0.0,0.0,0.0,0.0,0.0,0.0,-22.943057454041824,-32.76608177155968,-263.27731514697575,-7.0,10.0,1.0,0.25,2.0,False,False,False,disabled
2026-06-06_run02_circle_r40_off_r03,26583,26594,11,-20.000000000000018,-34.64101615137754,-263.27731514697575,,,,-7.0,10.0,1.0,0.0,0.0,0.0,0.0,0.0,0.0,0.0,0.0,0.0,-20.000000000000018,-34.64101615137754,-263.27731514697575,-7.0,10.0,1.0,0.25,2.0,False,False,True,disabled
2026-06-06_run02_circle_r40_off_r03,26683,26688,5,-20.000000000000018,-34.64101615137754,-263.27731514697575,,,,-7.0,10.0,1.0,0.0,0.0,0.0,0.0,0.0,0.0,0.0,0.0,0.0,-20.000000000000018,-34.64101615137754,-263.27731514697575,-7.0,10.0,1.0,0.25,2.0,False,False,False,disabled
2026-06-06_run02_circle_r40_off_r03,26783,26797,14,-20.000000000000018,-34.64101615137754,-263.27731514697575,,,,-7.0,10.0,1.0,0.0,0.0,0.0,0.0,0.0,0.0,0.0,0.0,0.0,-20.000000000000018,-34.64101615137754,-263.27731514697575,-7.0,10.0,1.0,0.25,2.0,False,False,False,disabled
2026-06-06_run02_circle_r40_off_r03,26883,26891,8,-20.000000000000018,-34.64101615137754,-263.27731514697575,,,,-7.0,10.0,1.0,0.0,0.0,0.0,0.0,0.0,0.0,0.0,0.0,0.0,-20.000000000000018,-34.64101615137754,-263.27731514697575,-7.0,10.0,1.0,0.25,2.0,False,False,False,disabled
2026-06-06_run02_circle_r40_off_r03,26983,26985,2,-20.000000000000018,-34.64101615137754,-263.27731514697575,,,,-7.0,10.0,1.0,0.0,0.0,0.0,0.0,0.0,0.0,0.0,0.0,0.0,-20.000000000000018,-34.64101615137754,-263.27731514697575,-7.0,10.0,1.0,0.25,2.0,False,False,False,disabled
2026-06-06_run02_circle_r40_off_r03,27000,27000,0,-16.904730469628,-36.25231148146599,-263.27731514697575,,,,-8.0,9.0,2.0,0.0,0.0,0.0,0.0,0.0,0.0,0.0,0.0,0.0,-16.904730469628,-36.25231148146599,-263.27731514697575,-8.0,9.0,2.0,0.25,2.0,False,False,True,disabled
2026-06-06_run02_circle_r40_off_r03,27100,27110,10,-16.904730469628,-36.25231148146599,-263.27731514697575,,,,-8.0,9.0,2.0,0.0,0.0,0.0,0.0,0.0,0.0,0.0,0.0,0.0,-16.904730469628,-36.25231148146599,-263.27731514697575,-8.0,9.0,2.0,0.25,2.0,False,False,False,disabled
2026-06-06_run02_circle_r40_off_r03,27200,27203,3,-16.904730469628,-36.25231148146599,-263.27731514697575,,,,-8.0,9.0,2.0,0.0,0.0,0.0,0.0,0.0,0.0,0.0,0.0,0.0,-16.904730469628,-36.25231148146599,-263.27731514697575,-8.0,9.0,2.0,0.25,2.0,False,False,False,disabled
2026-06-06_run02_circle_r40_off_r03,27300,27313,13,-16.904730469628,-36.25231148146599,-263.27731514697575,,,,-8.0,9.0,2.0,0.0,0.0,0.0,0.0,0.0,0.0,0.0,0.0,0.0,-16.904730469628,-36.25231148146599,-263.27731514697575,-8.0,9.0,2.0,0.25,2.0,False,False,False,disabled
2026-06-06_run02_circle_r40_off_r03,27400,27407,7,-16.904730469628,-36.25231148146599,-263.27731514697575,,,,-8.0,9.0,2.0,0.0,0.0,0.0,0.0,0.0,0.0,0.0,0.0,0.0,-16.904730469628,-36.25231148146599,-263.27731514697575,-8.0,9.0,2.0,0.25,2.0,False,False,False,disabled
2026-06-06_run02_circle_r40_off_r03,27417,27422,5,-13.680805733026741,-37.58770483143634,-263.27731514697575,,,,-8.0,9.0,3.0,0.0,0.0,0.0,0.0,0.0,0.0,0.0,0.0,0.0,-13.680805733026741,-37.58770483143634,-263.27731514697575,-8.0,9.0,3.0,0.25,2.0,False,False,True,disabled
2026-06-06_run02_circle_r40_off_r03,27517,27547,30,-13.680805733026741,-37.58770483143634,-263.27731514697575,,,,-8.0,9.0,3.0,0.0,0.0,0.0,0.0,0.0,0.0,0.0,0.0,0.0,-13.680805733026741,-37.58770483143634,-263.27731514697575,-8.0,9.0,3.0,0.25,2.0,False,False,False,disabled
2026-06-06_run02_circle_r40_off_r03,27617,27625,8,-13.680805733026741,-37.58770483143634,-263.27731514697575,,,,-8.0,9.0,3.0,0.0,0.0,0.0,0.0,0.0,0.0,0.0,0.0,0.0,-13.680805733026741,-37.58770483143634,-263.27731514697575,-8.0,9.0,3.0,0.25,2.0,False,False,False,disabled
2026-06-06_run02_circle_r40_off_r03,27717,27719,2,-13.680805733026741,-37.58770483143634,-263.27731514697575,,,,-8.0,9.0,3.0,0.0,0.0,0.0,0.0,0.0,0.0,0.0,0.0,0.0,-13.680805733026741,-37.58770483143634,-263.27731514697575,-8.0,9.0,3.0,0.25,2.0,False,False,False,disabled
2026-06-06_run02_circle_r40_off_r03,27817,27828,11,-13.680805733026741,-37.58770483143634,-263.27731514697575,,,,-8.0,9.0,3.0,0.0,0.0,0.0,0.0,0.0,0.0,0.0,0.0,0.0,-13.680805733026741,-37.58770483143634,-263.27731514697575,-8.0,9.0,3.0,0.25,2.0,False,False,False,disabled
2026-06-06_run02_circle_r40_off_r03,27833,27844,11,-10.352761804100826,-38.63703305156273,-263.27731514697575,,,,-8.0,8.0,4.0,0.0,0.0,0.0,0.0,0.0,0.0,0.0,0.0,0.0,-10.352761804100826,-38.63703305156273,-263.27731514697575,-8.0,8.0,4.0,0.25,2.0,False,False,True,disabled
2026-06-06_run02_circle_r40_off_r03,27933,27938,5,-10.352761804100826,-38.63703305156273,-263.27731514697575,,,,-8.0,8.0,4.0,0.0,0.0,0.0,0.0,0.0,0.0,0.0,0.0,0.0,-10.352761804100826,-38.63703305156273,-263.27731514697575,-8.0,8.0,4.0,0.25,2.0,False,False,False,disabled
2026-06-06_run02_circle_r40_off_r03,28033,28047,14,-10.352761804100826,-38.63703305156273,-263.27731514697575,,,,-8.0,8.0,4.0,0.0,0.0,0.0,0.0,0.0,0.0,0.0,0.0,0.0,-10.352761804100826,-38.63703305156273,-263.27731514697575,-8.0,8.0,4.0,0.25,2.0,False,False,False,disabled
2026-06-06_run02_circle_r40_off_r03,28133,28141,8,-10.352761804100826,-38.63703305156273,-263.27731514697575,,,,-8.0,8.0,4.0,0.0,0.0,0.0,0.0,0.0,0.0,0.0,0.0,0.0,-10.352761804100826,-38.63703305156273,-263.27731514697575,-8.0,8.0,4.0,0.25,2.0,False,False,False,disabled
2026-06-06_run02_circle_r40_off_r03,28233,28235,2,-10.352761804100826,-38.63703305156273,-263.27731514697575,,,,-8.0,8.0,4.0,0.0,0.0,0.0,0.0,0.0,0.0,0.0,0.0,0.0,-10.352761804100826,-38.63703305156273,-263.27731514697575,-8.0,8.0,4.0,0.25,2.0,False,False,False,disabled
2026-06-06_run02_circle_r40_off_r03,28250,28250,0,-6.945927106677213,-39.39231012048832,-263.27731514697575,,,,-8.0,8.0,5.0,0.0,0.0,0.0,0.0,0.0,0.0,0.0,0.0,0.0,-6.945927106677213,-39.39231012048832,-263.27731514697575,-8.0,8.0,5.0,0.25,2.0,False,False,True,disabled
2026-06-06_run02_circle_r40_off_r03,28350,28360,10,-6.945927106677213,-39.39231012048832,-263.27731514697575,,,,-8.0,8.0,5.0,0.0,0.0,0.0,0.0,0.0,0.0,0.0,0.0,0.0,-6.945927106677213,-39.39231012048832,-263.27731514697575,-8.0,8.0,5.0,0.25,2.0,False,False,False,disabled
2026-06-06_run02_circle_r40_off_r03,28450,28453,3,-6.945927106677213,-39.39231012048832,-263.27731514697575,,,,-8.0,8.0,5.0,0.0,0.0,0.0,0.0,0.0,0.0,0.0,0.0,0.0,-6.945927106677213,-39.39231012048832,-263.27731514697575,-8.0,8.0,5.0,0.25,2.0,False,False,False,disabled
2026-06-06_run02_circle_r40_off_r03,28550,28563,13,-6.945927106677213,-39.39231012048832,-263.27731514697575,,,,-8.0,8.0,5.0,0.0,0.0,0.0,0.0,0.0,0.0,0.0,0.0,0.0,-6.945927106677213,-39.39231012048832,-263.27731514697575,-8.0,8.0,5.0,0.25,2.0,False,False,False,disabled
2026-06-06_run02_circle_r40_off_r03,28650,28657,7,-6.945927106677213,-39.39231012048832,-263.27731514697575,,,,-8.0,8.0,5.0,0.0,0.0,0.0,0.0,0.0,0.0,0.0,0.0,0.0,-6.945927106677213,-39.39231012048832,-263.27731514697575,-8.0,8.0,5.0,0.25,2.0,False,False,False,disabled
2026-06-06_run02_circle_r40_off_r03,28667,28672,5,-3.48622970990633,-39.84778792366982,-263.27731514697575,,,,-9.0,7.0,6.0,0.0,0.0,0.0,0.0,0.0,0.0,0.0,0.0,0.0,-3.48622970990633,-39.84778792366982,-263.27731514697575,-9.0,7.0,6.0,0.25,2.0,False,False,True,disabled
2026-06-06_run02_circle_r40_off_r03,28767,28782,15,-3.48622970990633,-39.84778792366982,-263.27731514697575,,,,-9.0,7.0,6.0,0.0,0.0,0.0,0.0,0.0,0.0,0.0,0.0,0.0,-3.48622970990633,-39.84778792366982,-263.27731514697575,-9.0,7.0,6.0,0.25,2.0,False,False,False,disabled
2026-06-06_run02_circle_r40_off_r03,28867,28875,8,-3.48622970990633,-39.84778792366982,-263.27731514697575,,,,-9.0,7.0,6.0,0.0,0.0,0.0,0.0,0.0,0.0,0.0,0.0,0.0,-3.48622970990633,-39.84778792366982,-263.27731514697575,-9.0,7.0,6.0,0.25,2.0,False,False,False,disabled
2026-06-06_run02_circle_r40_off_r03,28967,28969,2,-3.48622970990633,-39.84778792366982,-263.27731514697575,,,,-9.0,7.0,6.0,0.0,0.0,0.0,0.0,0.0,0.0,0.0,0.0,0.0,-3.48622970990633,-39.84778792366982,-263.27731514697575,-9.0,7.0,6.0,0.25,2.0,False,False,False,disabled
2026-06-06_run02_circle_r40_off_r03,29067,29078,11,-3.48622970990633,-39.84778792366982,-263.27731514697575,,,,-9.0,7.0,6.0,0.0,0.0,0.0,0.0,0.0,0.0,0.0,0.0,0.0,-3.48622970990633,-39.84778792366982,-263.27731514697575,-9.0,7.0,6.0,0.25,2.0,False,False,False,disabled
2026-06-06_run02_circle_r40_off_r03,29083,29094,11,0.0,-40.0,-263.27731514697575,,,,-9.0,6.0,6.0,0.0,0.0,0.0,0.0,0.0,0.0,0.0,0.0,0.0,0.0,-40.0,-263.27731514697575,-9.0,6.0,6.0,0.25,2.0,False,False,True,disabled
2026-06-06_run02_circle_r40_off_r03,29183,29203,20,0.0,-40.0,-263.27731514697575,,,,-9.0,6.0,6.0,0.0,0.0,0.0,0.0,0.0,0.0,0.0,0.0,0.0,0.0,-40.0,-263.27731514697575,-9.0,6.0,6.0,0.25,2.0,False,False,False,disabled
2026-06-06_run02_circle_r40_off_r03,29283,29297,14,0.0,-40.0,-263.27731514697575,,,,-9.0,6.0,6.0,0.0,0.0,0.0,0.0,0.0,0.0,0.0,0.0,0.0,0.0,-40.0,-263.27731514697575,-9.0,6.0,6.0,0.25,2.0,False,False,False,disabled
2026-06-06_run02_circle_r40_off_r03,29383,29391,8,0.0,-40.0,-263.27731514697575,,,,-9.0,6.0,6.0,0.0,0.0,0.0,0.0,0.0,0.0,0.0,0.0,0.0,0.0,-40.0,-263.27731514697575,-9.0,6.0,6.0,0.25,2.0,False,False,False,disabled
2026-06-06_run02_circle_r40_off_r03,29483,29485,2,0.0,-40.0,-263.27731514697575,,,,-9.0,6.0,6.0,0.0,0.0,0.0,0.0,0.0,0.0,0.0,0.0,0.0,0.0,-40.0,-263.27731514697575,-9.0,6.0,6.0,0.25,2.0,False,False,False,disabled
2026-06-06_run02_circle_r40_off_r03,29500,29500,0,3.4862297099063158,-39.84778792366982,-263.27731514697575,,,,-9.0,6.0,7.0,0.0,0.0,0.0,0.0,0.0,0.0,0.0,0.0,0.0,3.4862297099063158,-39.84778792366982,-263.27731514697575,-9.0,6.0,7.0,0.25,2.0,False,False,True,disabled
2026-06-06_run02_circle_r40_off_r03,29600,29610,10,3.4862297099063158,-39.84778792366982,-263.27731514697575,,,,-9.0,6.0,7.0,0.0,0.0,0.0,0.0,0.0,0.0,0.0,0.0,0.0,3.4862297099063158,-39.84778792366982,-263.27731514697575,-9.0,6.0,7.0,0.25,2.0,False,False,False,disabled
2026-06-06_run02_circle_r40_off_r03,29700,29703,3,3.4862297099063158,-39.84778792366982,-263.27731514697575,,,,-9.0,6.0,7.0,0.0,0.0,0.0,0.0,0.0,0.0,0.0,0.0,0.0,3.4862297099063158,-39.84778792366982,-263.27731514697575,-9.0,6.0,7.0,0.25,2.0,False,False,False,disabled
2026-06-06_run02_circle_r40_off_r03,29800,29813,13,3.4862297099063158,-39.84778792366982,-263.27731514697575,,,,-9.0,6.0,7.0,0.0,0.0,0.0,0.0,0.0,0.0,0.0,0.0,0.0,3.4862297099063158,-39.84778792366982,-263.27731514697575,-9.0,6.0,7.0,0.25,2.0,False,False,False,disabled
2026-06-06_run02_circle_r40_off_r03,29900,29907,7,3.4862297099063158,-39.84778792366982,-263.27731514697575,,,,-9.0,6.0,7.0,0.0,0.0,0.0,0.0,0.0,0.0,0.0,0.0,0.0,3.4862297099063158,-39.84778792366982,-263.27731514697575,-9.0,6.0,7.0,0.25,2.0,False,False,False,disabled
2026-06-06_run02_circle_r40_off_r03,29917,29922,5,6.945927106677199,-39.392310120488325,-263.27731514697575,,,,-8.0,5.0,8.0,0.0,0.0,0.0,0.0,0.0,0.0,0.0,0.0,0.0,6.945927106677199,-39.392310120488325,-263.27731514697575,-8.0,5.0,8.0,0.25,2.0,False,False,True,disabled
2026-06-06_run02_circle_r40_off_r03,30017,30032,15,6.945927106677199,-39.392310120488325,-263.27731514697575,,,,-8.0,5.0,8.0,0.0,0.0,0.0,0.0,0.0,0.0,0.0,0.0,0.0,6.945927106677199,-39.392310120488325,-263.27731514697575,-8.0,5.0,8.0,0.25,2.0,False,False,False,disabled
2026-06-06_run02_circle_r40_off_r03,30117,30125,8,6.945927106677199,-39.392310120488325,-263.27731514697575,,,,-8.0,5.0,8.0,0.0,0.0,0.0,0.0,0.0,0.0,0.0,0.0,0.0,6.945927106677199,-39.392310120488325,-263.27731514697575,-8.0,5.0,8.0,0.25,2.0,False,False,False,disabled
2026-06-06_run02_circle_r40_off_r03,30217,30219,2,6.945927106677199,-39.392310120488325,-263.27731514697575,,,,-8.0,5.0,8.0,0.0,0.0,0.0,0.0,0.0,0.0,0.0,0.0,0.0,6.945927106677199,-39.392310120488325,-263.27731514697575,-8.0,5.0,8.0,0.25,2.0,False,False,False,disabled
2026-06-06_run02_circle_r40_off_r03,30317,30328,11,6.945927106677199,-39.392310120488325,-263.27731514697575,,,,-8.0,5.0,8.0,0.0,0.0,0.0,0.0,0.0,0.0,0.0,0.0,0.0,6.945927106677199,-39.392310120488325,-263.27731514697575,-8.0,5.0,8.0,0.25,2.0,False,False,False,disabled
2026-06-06_run02_circle_r40_off_r03,30333,30344,11,10.352761804100812,-38.63703305156274,-263.27731514697575,,,,-8.0,4.0,8.0,0.0,0.0,0.0,0.0,0.0,0.0,0.0,0.0,0.0,10.352761804100812,-38.63703305156274,-263.27731514697575,-8.0,4.0,8.0,0.25,2.0,False,False,True,disabled
2026-06-06_run02_circle_r40_off_r03,30433,30438,5,10.352761804100812,-38.63703305156274,-263.27731514697575,,,,-8.0,4.0,8.0,0.0,0.0,0.0,0.0,0.0,0.0,0.0,0.0,0.0,10.352761804100812,-38.63703305156274,-263.27731514697575,-8.0,4.0,8.0,0.25,2.0,False,False,False,disabled
2026-06-06_run02_circle_r40_off_r03,30533,30547,14,10.352761804100812,-38.63703305156274,-263.27731514697575,,,,-8.0,4.0,8.0,0.0,0.0,0.0,0.0,0.0,0.0,0.0,0.0,0.0,10.352761804100812,-38.63703305156274,-263.27731514697575,-8.0,4.0,8.0,0.25,2.0,False,False,False,disabled
2026-06-06_run02_circle_r40_off_r03,30633,30641,8,10.352761804100812,-38.63703305156274,-263.27731514697575,,,,-8.0,4.0,8.0,0.0,0.0,0.0,0.0,0.0,0.0,0.0,0.0,0.0,10.352761804100812,-38.63703305156274,-263.27731514697575,-8.0,4.0,8.0,0.25,2.0,False,False,False,disabled
2026-06-06_run02_circle_r40_off_r03,30733,30735,2,10.352761804100812,-38.63703305156274,-263.27731514697575,,,,-8.0,4.0,8.0,0.0,0.0,0.0,0.0,0.0,0.0,0.0,0.0,0.0,10.352761804100812,-38.63703305156274,-263.27731514697575,-8.0,4.0,8.0,0.25,2.0,False,False,False,disabled
2026-06-06_run02_circle_r40_off_r03,30750,30750,0,13.680805733026759,-37.587704831436334,-263.27731514697575,,,,-8.0,3.0,9.0,0.0,0.0,0.0,0.0,0.0,0.0,0.0,0.0,0.0,13.680805733026759,-37.587704831436334,-263.27731514697575,-8.0,3.0,9.0,0.25,2.0,False,False,True,disabled
2026-06-06_run02_circle_r40_off_r03,30850,30860,10,13.680805733026759,-37.587704831436334,-263.27731514697575,,,,-8.0,3.0,9.0,0.0,0.0,0.0,0.0,0.0,0.0,0.0,0.0,0.0,13.680805733026759,-37.587704831436334,-263.27731514697575,-8.0,3.0,9.0,0.25,2.0,False,False,False,disabled
2026-06-06_run02_circle_r40_off_r03,30950,30953,3,13.680805733026759,-37.587704831436334,-263.27731514697575,,,,-8.0,3.0,9.0,0.0,0.0,0.0,0.0,0.0,0.0,0.0,0.0,0.0,13.680805733026759,-37.587704831436334,-263.27731514697575,-8.0,3.0,9.0,0.25,2.0,False,False,False,disabled
2026-06-06_run02_circle_r40_off_r03,31050,31063,13,13.680805733026759,-37.587704831436334,-263.27731514697575,,,,-8.0,3.0,9.0,0.0,0.0,0.0,0.0,0.0,0.0,0.0,0.0,0.0,13.680805733026759,-37.587704831436334,-263.27731514697575,-8.0,3.0,9.0,0.25,2.0,False,False,False,disabled
2026-06-06_run02_circle_r40_off_r03,31150,31157,7,13.680805733026759,-37.587704831436334,-263.27731514697575,,,,-8.0,3.0,9.0,0.0,0.0,0.0,0.0,0.0,0.0,0.0,0.0,0.0,13.680805733026759,-37.587704831436334,-263.27731514697575,-8.0,3.0,9.0,0.25,2.0,False,False,False,disabled
2026-06-06_run02_circle_r40_off_r03,31167,31172,5,16.904730469627953,-36.25231148146601,-263.27731514697575,,,,-8.0,2.0,9.0,0.0,0.0,0.0,0.0,0.0,0.0,0.0,0.0,0.0,16.904730469627953,-36.25231148146601,-263.27731514697575,-8.0,2.0,9.0,0.25,2.0,False,False,True,disabled
2026-06-06_run02_circle_r40_off_r03,31267,31282,15,16.904730469627953,-36.25231148146601,-263.27731514697575,,,,-8.0,2.0,9.0,0.0,0.0,0.0,0.0,0.0,0.0,0.0,0.0,0.0,16.904730469627953,-36.25231148146601,-263.27731514697575,-8.0,2.0,9.0,0.25,2.0,False,False,False,disabled
2026-06-06_run02_circle_r40_off_r03,31367,31375,8,16.904730469627953,-36.25231148146601,-263.27731514697575,,,,-8.0,2.0,9.0,0.0,0.0,0.0,0.0,0.0,0.0,0.0,0.0,0.0,16.904730469627953,-36.25231148146601,-263.27731514697575,-8.0,2.0,9.0,0.25,2.0,False,False,False,disabled
2026-06-06_run02_circle_r40_off_r03,31467,31469,2,16.904730469627953,-36.25231148146601,-263.27731514697575,,,,-8.0,2.0,9.0,0.0,0.0,0.0,0.0,0.0,0.0,0.0,0.0,0.0,16.904730469627953,-36.25231148146601,-263.27731514697575,-8.0,2.0,9.0,0.25,2.0,False,False,False,disabled
2026-06-06_run02_circle_r40_off_r03,31567,31578,11,16.904730469627953,-36.25231148146601,-263.27731514697575,,,,-8.0,2.0,9.0,0.0,0.0,0.0,0.0,0.0,0.0,0.0,0.0,0.0,16.904730469627953,-36.25231148146601,-263.27731514697575,-8.0,2.0,9.0,0.25,2.0,False,False,False,disabled
2026-06-06_run02_circle_r40_off_r03,31583,31594,11,19.99999999999997,-34.64101615137756,-263.27731514697575,,,,-7.0,1.0,10.0,0.0,0.0,0.0,0.0,0.0,0.0,0.0,0.0,0.0,19.99999999999997,-34.64101615137756,-263.27731514697575,-7.0,1.0,10.0,0.25,2.0,False,False,True,disabled
2026-06-06_run02_circle_r40_off_r03,31683,31688,5,19.99999999999997,-34.64101615137756,-263.27731514697575,,,,-7.0,1.0,10.0,0.0,0.0,0.0,0.0,0.0,0.0,0.0,0.0,0.0,19.99999999999997,-34.64101615137756,-263.27731514697575,-7.0,1.0,10.0,0.25,2.0,False,False,False,disabled
2026-06-06_run02_circle_r40_off_r03,31783,31797,14,19.99999999999997,-34.64101615137756,-263.27731514697575,,,,-7.0,1.0,10.0,0.0,0.0,0.0,0.0,0.0,0.0,0.0,0.0,0.0,19.99999999999997,-34.64101615137756,-263.27731514697575,-7.0,1.0,10.0,0.25,2.0,False,False,False,disabled
2026-06-06_run02_circle_r40_off_r03,31883,31891,8,19.99999999999997,-34.64101615137756,-263.27731514697575,,,,-7.0,1.0,10.0,0.0,0.0,0.0,0.0,0.0,0.0,0.0,0.0,0.0,19.99999999999997,-34.64101615137756,-263.27731514697575,-7.0,1.0,10.0,0.25,2.0,False,False,False,disabled
2026-06-06_run02_circle_r40_off_r03,31983,31985,2,19.99999999999997,-34.64101615137756,-263.27731514697575,,,,-7.0,1.0,10.0,0.0,0.0,0.0,0.0,0.0,0.0,0.0,0.0,0.0,19.99999999999997,-34.64101615137756,-263.27731514697575,-7.0,1.0,10.0,0.25,2.0,False,False,False,disabled
2026-06-06_run02_circle_r40_off_r03,32000,32000,0,22.943057454041842,-32.76608177155967,-263.27731514697575,,,,-7.0,1.0,10.0,0.0,0.0,0.0,0.0,0.0,0.0,0.0,0.0,0.0,22.943057454041842,-32.76608177155967,-263.27731514697575,-7.0,1.0,10.0,0.25,2.0,False,False,True,disabled
2026-06-06_run02_circle_r40_off_r03,32100,32110,10,22.943057454041842,-32.76608177155967,-263.27731514697575,,,,-7.0,1.0,10.0,0.0,0.0,0.0,0.0,0.0,0.0,0.0,0.0,0.0,22.943057454041842,-32.76608177155967,-263.27731514697575,-7.0,1.0,10.0,0.25,2.0,False,False,False,disabled
2026-06-06_run02_circle_r40_off_r03,32200,32203,3,22.943057454041842,-32.76608177155967,-263.27731514697575,,,,-7.0,1.0,10.0,0.0,0.0,0.0,0.0,0.0,0.0,0.0,0.0,0.0,22.943057454041842,-32.76608177155967,-263.27731514697575,-7.0,1.0,10.0,0.25,2.0,False,False,False,disabled
2026-06-06_run02_circle_r40_off_r03,32300,32313,13,22.943057454041842,-32.76608177155967,-263.27731514697575,,,,-7.0,1.0,10.0,0.0,0.0,0.0,0.0,0.0,0.0,0.0,0.0,0.0,22.943057454041842,-32.76608177155967,-263.27731514697575,-7.0,1.0,10.0,0.25,2.0,False,False,False,disabled
2026-06-06_run02_circle_r40_off_r03,32400,32407,7,22.943057454041842,-32.76608177155967,-263.27731514697575,,,,-7.0,1.0,10.0,0.0,0.0,0.0,0.0,0.0,0.0,0.0,0.0,0.0,22.943057454041842,-32.76608177155967,-263.27731514697575,-7.0,1.0,10.0,0.25,2.0,False,False,False,disabled
2026-06-06_run02_circle_r40_off_r03,32417,32422,5,25.71150438746157,-30.641777724759123,-263.27731514697575,,,,-6.0,0.0,11.0,0.0,0.0,0.0,0.0,0.0,0.0,0.0,0.0,0.0,25.71150438746157,-30.641777724759123,-263.27731514697575,-6.0,0.0,11.0,0.25,2.0,False,False,True,disabled
2026-06-06_run02_circle_r40_off_r03,32517,32547,30,25.71150438746157,-30.641777724759123,-263.27731514697575,,,,-6.0,0.0,11.0,0.0,0.0,0.0,0.0,0.0,0.0,0.0,0.0,0.0,25.71150438746157,-30.641777724759123,-263.27731514697575,-6.0,0.0,11.0,0.25,2.0,False,False,False,disabled
2026-06-06_run02_circle_r40_off_r03,32617,32625,8,25.71150438746157,-30.641777724759123,-263.27731514697575,,,,-6.0,0.0,11.0,0.0,0.0,0.0,0.0,0.0,0.0,0.0,0.0,0.0,25.71150438746157,-30.641777724759123,-263.27731514697575,-6.0,0.0,11.0,0.25,2.0,False,False,False,disabled
2026-06-06_run02_circle_r40_off_r03,32717,32719,2,25.71150438746157,-30.641777724759123,-263.27731514697575,,,,-6.0,0.0,11.0,0.0,0.0,0.0,0.0,0.0,0.0,0.0,0.0,0.0,25.71150438746157,-30.641777724759123,-263.27731514697575,-6.0,0.0,11.0,0.25,2.0,False,False,False,disabled
2026-06-06_run02_circle_r40_off_r03,32817,32828,11,25.71150438746157,-30.641777724759123,-263.27731514697575,,,,-6.0,0.0,11.0,0.0,0.0,0.0,0.0,0.0,0.0,0.0,0.0,0.0,25.71150438746157,-30.641777724759123,-263.27731514697575,-6.0,0.0,11.0,0.25,2.0,False,False,False,disabled
2026-06-06_run02_circle_r40_off_r03,32833,32844,11,28.284271247461895,-28.28427124746191,-263.27731514697575,,,,-6.0,-1.0,11.0,0.0,0.0,0.0,0.0,0.0,0.0,0.0,0.0,0.0,28.284271247461895,-28.28427124746191,-263.27731514697575,-6.0,-1.0,11.0,0.25,2.0,False,False,True,disabled
2026-06-06_run02_circle_r40_off_r03,32933,32938,5,28.284271247461895,-28.28427124746191,-263.27731514697575,,,,-6.0,-1.0,11.0,0.0,0.0,0.0,0.0,0.0,0.0,0.0,0.0,0.0,28.284271247461895,-28.28427124746191,-263.27731514697575,-6.0,-1.0,11.0,0.25,2.0,False,False,False,disabled
2026-06-06_run02_circle_r40_off_r03,33033,33047,14,28.284271247461895,-28.28427124746191,-263.27731514697575,,,,-6.0,-1.0,11.0,0.0,0.0,0.0,0.0,0.0,0.0,0.0,0.0,0.0,28.284271247461895,-28.28427124746191,-263.27731514697575,-6.0,-1.0,11.0,0.25,2.0,False,False,False,disabled
2026-06-06_run02_circle_r40_off_r03,33133,33141,8,28.284271247461895,-28.28427124746191,-263.27731514697575,,,,-6.0,-1.0,11.0,0.0,0.0,0.0,0.0,0.0,0.0,0.0,0.0,0.0,28.284271247461895,-28.28427124746191,-263.27731514697575,-6.0,-1.0,11.0,0.25,2.0,False,False,False,disabled
2026-06-06_run02_circle_r40_off_r03,33233,33235,2,28.284271247461895,-28.28427124746191,-263.27731514697575,,,,-6.0,-1.0,11.0,0.0,0.0,0.0,0.0,0.0,0.0,0.0,0.0,0.0,28.284271247461895,-28.28427124746191,-263.27731514697575,-6.0,-1.0,11.0,0.25,2.0,False,False,False,disabled
2026-06-06_run02_circle_r40_off_r03,33250,33250,0,30.641777724759113,-25.711504387461584,-263.27731514697575,,,,-5.0,-2.0,11.0,0.0,0.0,0.0,0.0,0.0,0.0,0.0,0.0,0.0,30.641777724759113,-25.711504387461584,-263.27731514697575,-5.0,-2.0,11.0,0.25,2.0,False,False,True,disabled
2026-06-06_run02_circle_r40_off_r03,33350,33360,10,30.641777724759113,-25.711504387461584,-263.27731514697575,,,,-5.0,-2.0,11.0,0.0,0.0,0.0,0.0,0.0,0.0,0.0,0.0,0.0,30.641777724759113,-25.711504387461584,-263.27731514697575,-5.0,-2.0,11.0,0.25,2.0,False,False,False,disabled
2026-06-06_run02_circle_r40_off_r03,33450,33453,3,30.641777724759113,-25.711504387461584,-263.27731514697575,,,,-5.0,-2.0,11.0,0.0,0.0,0.0,0.0,0.0,0.0,0.0,0.0,0.0,30.641777724759113,-25.711504387461584,-263.27731514697575,-5.0,-2.0,11.0,0.25,2.0,False,False,False,disabled
2026-06-06_run02_circle_r40_off_r03,33550,33563,13,30.641777724759113,-25.711504387461584,-263.27731514697575,,,,-5.0,-2.0,11.0,0.0,0.0,0.0,0.0,0.0,0.0,0.0,0.0,0.0,30.641777724759113,-25.711504387461584,-263.27731514697575,-5.0,-2.0,11.0,0.25,2.0,False,False,False,disabled
2026-06-06_run02_circle_r40_off_r03,33650,33657,7,30.641777724759113,-25.711504387461584,-263.27731514697575,,,,-5.0,-2.0,11.0,0.0,0.0,0.0,0.0,0.0,0.0,0.0,0.0,0.0,30.641777724759113,-25.711504387461584,-263.27731514697575,-5.0,-2.0,11.0,0.25,2.0,False,False,False,disabled
2026-06-06_run02_circle_r40_off_r03,33667,33672,5,32.76608177155966,-22.94305745404186,-263.27731514697575,,,,-4.0,-3.0,11.0,0.0,0.0,0.0,0.0,0.0,0.0,0.0,0.0,0.0,32.76608177155966,-22.94305745404186,-263.27731514697575,-4.0,-3.0,11.0,0.25,2.0,False,False,True,disabled
2026-06-06_run02_circle_r40_off_r03,33767,33782,15,32.76608177155966,-22.94305745404186,-263.27731514697575,,,,-4.0,-3.0,11.0,0.0,0.0,0.0,0.0,0.0,0.0,0.0,0.0,0.0,32.76608177155966,-22.94305745404186,-263.27731514697575,-4.0,-3.0,11.0,0.25,2.0,False,False,False,disabled
2026-06-06_run02_circle_r40_off_r03,33867,33875,8,32.76608177155966,-22.94305745404186,-263.27731514697575,,,,-4.0,-3.0,11.0,0.0,0.0,0.0,0.0,0.0,0.0,0.0,0.0,0.0,32.76608177155966,-22.94305745404186,-263.27731514697575,-4.0,-3.0,11.0,0.25,2.0,False,False,False,disabled
2026-06-06_run02_circle_r40_off_r03,33967,33969,2,32.76608177155966,-22.94305745404186,-263.27731514697575,,,,-4.0,-3.0,11.0,0.0,0.0,0.0,0.0,0.0,0.0,0.0,0.0,0.0,32.76608177155966,-22.94305745404186,-263.27731514697575,-4.0,-3.0,11.0,0.25,2.0,False,False,False,disabled
2026-06-06_run02_circle_r40_off_r03,34067,34094,27,32.76608177155966,-22.94305745404186,-263.27731514697575,,,,-4.0,-3.0,11.0,0.0,0.0,0.0,0.0,0.0,0.0,0.0,0.0,0.0,32.76608177155966,-22.94305745404186,-263.27731514697575,-4.0,-3.0,11.0,0.25,2.0,False,False,False,disabled
2026-06-06_run02_circle_r40_off_r03,34083,34094,11,34.641016151377556,-19.999999999999986,-263.27731514697575,,,,-4.0,-4.0,11.0,0.0,0.0,0.0,0.0,0.0,0.0,0.0,0.0,0.0,34.641016151377556,-19.999999999999986,-263.27731514697575,-4.0,-4.0,11.0,0.25,2.0,False,False,True,disabled
2026-06-06_run02_circle_r40_off_r03,34183,34188,5,34.641016151377556,-19.999999999999986,-263.27731514697575,,,,-4.0,-4.0,11.0,0.0,0.0,0.0,0.0,0.0,0.0,0.0,0.0,0.0,34.641016151377556,-19.999999999999986,-263.27731514697575,-4.0,-4.0,11.0,0.25,2.0,False,False,False,disabled
2026-06-06_run02_circle_r40_off_r03,34283,34297,14,34.641016151377556,-19.999999999999986,-263.27731514697575,,,,-4.0,-4.0,11.0,0.0,0.0,0.0,0.0,0.0,0.0,0.0,0.0,0.0,34.641016151377556,-19.999999999999986,-263.27731514697575,-4.0,-4.0,11.0,0.25,2.0,False,False,False,disabled
2026-06-06_run02_circle_r40_off_r03,34383,34391,8,34.641016151377556,-19.999999999999986,-263.27731514697575,,,,-4.0,-4.0,11.0,0.0,0.0,0.0,0.0,0.0,0.0,0.0,0.0,0.0,34.641016151377556,-19.999999999999986,-263.27731514697575,-4.0,-4.0,11.0,0.25,2.0,False,False,False,disabled
2026-06-06_run02_circle_r40_off_r03,34483,34485,2,34.641016151377556,-19.999999999999986,-263.27731514697575,,,,-4.0,-4.0,11.0,0.0,0.0,0.0,0.0,0.0,0.0,0.0,0.0,0.0,34.641016151377556,-19.999999999999986,-263.27731514697575,-4.0,-4.0,11.0,0.25,2.0,False,False,False,disabled
2026-06-06_run02_circle_r40_off_r03,34500,34500,0,36.25231148146599,-16.904730469628,-263.27731514697575,,,,-3.0,-4.0,11.0,0.0,0.0,0.0,0.0,0.0,0.0,0.0,0.0,0.0,36.25231148146599,-16.904730469628,-263.27731514697575,-3.0,-4.0,11.0,0.25,2.0,False,False,True,disabled
2026-06-06_run02_circle_r40_off_r03,34600,34610,10,36.25231148146599,-16.904730469628,-263.27731514697575,,,,-3.0,-4.0,11.0,0.0,0.0,0.0,0.0,0.0,0.0,0.0,0.0,0.0,36.25231148146599,-16.904730469628,-263.27731514697575,-3.0,-4.0,11.0,0.25,2.0,False,False,False,disabled
2026-06-06_run02_circle_r40_off_r03,34700,34703,3,36.25231148146599,-16.904730469628,-263.27731514697575,,,,-3.0,-4.0,11.0,0.0,0.0,0.0,0.0,0.0,0.0,0.0,0.0,0.0,36.25231148146599,-16.904730469628,-263.27731514697575,-3.0,-4.0,11.0,0.25,2.0,False,False,False,disabled
2026-06-06_run02_circle_r40_off_r03,34800,34828,28,36.25231148146599,-16.904730469628,-263.27731514697575,,,,-3.0,-4.0,11.0,0.0,0.0,0.0,0.0,0.0,0.0,0.0,0.0,0.0,36.25231148146599,-16.904730469628,-263.27731514697575,-3.0,-4.0,11.0,0.25,2.0,False,False,False,disabled
2026-06-06_run02_circle_r40_off_r03,34900,34907,7,36.25231148146599,-16.904730469628,-263.27731514697575,,,,-3.0,-4.0,11.0,0.0,0.0,0.0,0.0,0.0,0.0,0.0,0.0,0.0,36.25231148146599,-16.904730469628,-263.27731514697575,-3.0,-4.0,11.0,0.25,2.0,False,False,False,disabled
2026-06-06_run02_circle_r40_off_r03,34917,34922,5,37.58770483143634,-13.680805733026745,-263.27731514697575,,,,-2.0,-5.0,11.0,0.0,0.0,0.0,0.0,0.0,0.0,0.0,0.0,0.0,37.58770483143634,-13.680805733026745,-263.27731514697575,-2.0,-5.0,11.0,0.25,2.0,False,False,True,disabled
2026-06-06_run02_circle_r40_off_r03,35017,35032,15,37.58770483143634,-13.680805733026745,-263.27731514697575,,,,-2.0,-5.0,11.0,0.0,0.0,0.0,0.0,0.0,0.0,0.0,0.0,0.0,37.58770483143634,-13.680805733026745,-263.27731514697575,-2.0,-5.0,11.0,0.25,2.0,False,False,False,disabled
2026-06-06_run02_circle_r40_off_r03,35117,35125,8,37.58770483143634,-13.680805733026745,-263.27731514697575,,,,-2.0,-5.0,11.0,0.0,0.0,0.0,0.0,0.0,0.0,0.0,0.0,0.0,37.58770483143634,-13.680805733026745,-263.27731514697575,-2.0,-5.0,11.0,0.25,2.0,False,False,False,disabled
2026-06-06_run02_circle_r40_off_r03,35217,35219,2,37.58770483143634,-13.680805733026745,-263.27731514697575,,,,-2.0,-5.0,11.0,0.0,0.0,0.0,0.0,0.0,0.0,0.0,0.0,0.0,37.58770483143634,-13.680805733026745,-263.27731514697575,-2.0,-5.0,11.0,0.25,2.0,False,False,False,disabled
2026-06-06_run02_circle_r40_off_r03,35317,35328,11,37.58770483143634,-13.680805733026745,-263.27731514697575,,,,-2.0,-5.0,11.0,0.0,0.0,0.0,0.0,0.0,0.0,0.0,0.0,0.0,37.58770483143634,-13.680805733026745,-263.27731514697575,-2.0,-5.0,11.0,0.25,2.0,False,False,False,disabled
2026-06-06_run02_circle_r40_off_r03,35333,35344,11,38.63703305156273,-10.352761804100828,-263.27731514697575,,,,-1.0,-6.0,11.0,0.0,0.0,0.0,0.0,0.0,0.0,0.0,0.0,0.0,38.63703305156273,-10.352761804100828,-263.27731514697575,-1.0,-6.0,11.0,0.25,2.0,False,False,True,disabled
2026-06-06_run02_circle_r40_off_r03,35433,35453,20,38.63703305156273,-10.352761804100828,-263.27731514697575,,,,-1.0,-6.0,11.0,0.0,0.0,0.0,0.0,0.0,0.0,0.0,0.0,0.0,38.63703305156273,-10.352761804100828,-263.27731514697575,-1.0,-6.0,11.0,0.25,2.0,False,False,False,disabled
2026-06-06_run02_circle_r40_off_r03,35533,35547,14,38.63703305156273,-10.352761804100828,-263.27731514697575,,,,-1.0,-6.0,11.0,0.0,0.0,0.0,0.0,0.0,0.0,0.0,0.0,0.0,38.63703305156273,-10.352761804100828,-263.27731514697575,-1.0,-6.0,11.0,0.25,2.0,False,False,False,disabled
2026-06-06_run02_circle_r40_off_r03,35633,35641,8,38.63703305156273,-10.352761804100828,-263.27731514697575,,,,-1.0,-6.0,11.0,0.0,0.0,0.0,0.0,0.0,0.0,0.0,0.0,0.0,38.63703305156273,-10.352761804100828,-263.27731514697575,-1.0,-6.0,11.0,0.25,2.0,False,False,False,disabled
2026-06-06_run02_circle_r40_off_r03,35733,35735,2,38.63703305156273,-10.352761804100828,-263.27731514697575,,,,-1.0,-6.0,11.0,0.0,0.0,0.0,0.0,0.0,0.0,0.0,0.0,0.0,38.63703305156273,-10.352761804100828,-263.27731514697575,-1.0,-6.0,11.0,0.25,2.0,False,False,False,disabled
2026-06-06_run02_circle_r40_off_r03,35750,35750,0,39.39231012048832,-6.945927106677216,-263.27731514697575,,,,0.0,-6.0,11.0,0.0,0.0,0.0,0.0,0.0,0.0,0.0,0.0,0.0,39.39231012048832,-6.945927106677216,-263.27731514697575,0.0,-6.0,11.0,0.25,2.0,False,False,True,disabled
2026-06-06_run02_circle_r40_off_r03,35850,35860,10,39.39231012048832,-6.945927106677216,-263.27731514697575,,,,0.0,-6.0,11.0,0.0,0.0,0.0,0.0,0.0,0.0,0.0,0.0,0.0,39.39231012048832,-6.945927106677216,-263.27731514697575,0.0,-6.0,11.0,0.25,2.0,False,False,False,disabled
2026-06-06_run02_circle_r40_off_r03,35950,35953,3,39.39231012048832,-6.945927106677216,-263.27731514697575,,,,0.0,-6.0,11.0,0.0,0.0,0.0,0.0,0.0,0.0,0.0,0.0,0.0,39.39231012048832,-6.945927106677216,-263.27731514697575,0.0,-6.0,11.0,0.25,2.0,False,False,False,disabled
2026-06-06_run02_circle_r40_off_r03,36050,36063,13,39.39231012048832,-6.945927106677216,-263.27731514697575,,,,0.0,-6.0,11.0,0.0,0.0,0.0,0.0,0.0,0.0,0.0,0.0,0.0,39.39231012048832,-6.945927106677216,-263.27731514697575,0.0,-6.0,11.0,0.25,2.0,False,False,False,disabled
2026-06-06_run02_circle_r40_off_r03,36150,36157,7,39.39231012048832,-6.945927106677216,-263.27731514697575,,,,0.0,-6.0,11.0,0.0,0.0,0.0,0.0,0.0,0.0,0.0,0.0,0.0,39.39231012048832,-6.945927106677216,-263.27731514697575,0.0,-6.0,11.0,0.25,2.0,False,False,False,disabled
2026-06-06_run02_circle_r40_off_r03,36167,36172,5,39.84778792366982,-3.4862297099063326,-263.27731514697575,,,,1.0,-7.0,10.0,0.0,0.0,0.0,0.0,0.0,0.0,0.0,0.0,0.0,39.84778792366982,-3.4862297099063326,-263.27731514697575,1.0,-7.0,10.0,0.25,2.0,False,False,True,disabled
2026-06-06_run02_circle_r40_off_r03,36267,36297,30,39.84778792366982,-3.4862297099063326,-263.27731514697575,,,,1.0,-7.0,10.0,0.0,0.0,0.0,0.0,0.0,0.0,0.0,0.0,0.0,39.84778792366982,-3.4862297099063326,-263.27731514697575,1.0,-7.0,10.0,0.25,2.0,False,False,False,disabled
2026-06-06_run02_circle_r40_off_r03,36367,36375,8,39.84778792366982,-3.4862297099063326,-263.27731514697575,,,,1.0,-7.0,10.0,0.0,0.0,0.0,0.0,0.0,0.0,0.0,0.0,0.0,39.84778792366982,-3.4862297099063326,-263.27731514697575,1.0,-7.0,10.0,0.25,2.0,False,False,False,disabled
2026-06-06_run02_circle_r40_off_r03,36467,36469,2,39.84778792366982,-3.4862297099063326,-263.27731514697575,,,,1.0,-7.0,10.0,0.0,0.0,0.0,0.0,0.0,0.0,0.0,0.0,0.0,39.84778792366982,-3.4862297099063326,-263.27731514697575,1.0,-7.0,10.0,0.25,2.0,False,False,False,disabled
2026-06-06_run02_circle_r40_off_r03,36567,36578,11,39.84778792366982,-3.4862297099063326,-263.27731514697575,,,,1.0,-7.0,10.0,0.0,0.0,0.0,0.0,0.0,0.0,0.0,0.0,0.0,39.84778792366982,-3.4862297099063326,-263.27731514697575,1.0,-7.0,10.0,0.25,2.0,False,False,False,disabled
2026-06-06_run02_circle_r40_off_r03,36583,36594,11,40.0,0.0,-263.27731514697575,,,,1.0,-7.0,10.0,0.0,0.0,0.0,0.0,0.0,0.0,0.0,0.0,0.0,40.0,0.0,-263.27731514697575,1.0,-7.0,10.0,0.25,2.0,False,False,True,disabled
2026-06-06_run02_circle_r40_off_r03,36683,36688,5,40.0,0.0,-263.27731514697575,,,,1.0,-7.0,10.0,0.0,0.0,0.0,0.0,0.0,0.0,0.0,0.0,0.0,40.0,0.0,-263.27731514697575,1.0,-7.0,10.0,0.25,2.0,False,False,False,disabled
2026-06-06_run02_circle_r40_off_r03,36783,36797,14,40.0,0.0,-263.27731514697575,,,,1.0,-7.0,10.0,0.0,0.0,0.0,0.0,0.0,0.0,0.0,0.0,0.0,40.0,0.0,-263.27731514697575,1.0,-7.0,10.0,0.25,2.0,False,False,False,disabled
2026-06-06_run02_circle_r40_off_r03,36883,36907,24,40.0,0.0,-263.27731514697575,,,,1.0,-7.0,10.0,0.0,0.0,0.0,0.0,0.0,0.0,0.0,0.0,0.0,40.0,0.0,-263.27731514697575,1.0,-7.0,10.0,0.25,2.0,False,False,False,disabled
2026-06-06_run02_circle_r40_off_r03,36983,36985,2,40.0,0.0,-263.27731514697575,,,,1.0,-7.0,10.0,0.0,0.0,0.0,0.0,0.0,0.0,0.0,0.0,0.0,40.0,0.0,-263.27731514697575,1.0,-7.0,10.0,0.25,2.0,False,False,False,disabled
2026-06-06_run02_circle_r40_off_r03,37000,37000,0,40.0,0.0,-263.27731514697575,,,,1.0,-7.0,10.0,0.0,0.0,0.0,0.0,0.0,0.0,0.0,0.0,0.0,40.0,0.0,-263.27731514697575,1.0,-7.0,10.0,0.25,2.0,False,False,True,disabled
2026-06-06_run02_circle_r40_off_r03,37100,37110,10,40.0,0.0,-263.27731514697575,,,,1.0,-7.0,10.0,0.0,0.0,0.0,0.0,0.0,0.0,0.0,0.0,0.0,40.0,0.0,-263.27731514697575,1.0,-7.0,10.0,0.25,2.0,False,False,False,disabled
2026-06-06_run02_circle_r40_off_r03,37200,37203,3,40.0,0.0,-263.27731514697575,,,,1.0,-7.0,10.0,0.0,0.0,0.0,0.0,0.0,0.0,0.0,0.0,0.0,40.0,0.0,-263.27731514697575,1.0,-7.0,10.0,0.25,2.0,False,False,False,disabled
2026-06-06_run02_circle_r40_off_r03,37300,37313,13,40.0,0.0,-263.27731514697575,,,,1.0,-7.0,10.0,0.0,0.0,0.0,0.0,0.0,0.0,0.0,0.0,0.0,40.0,0.0,-263.27731514697575,1.0,-7.0,10.0,0.25,2.0,False,False,False,disabled
2026-06-06_run02_circle_r40_off_r03,37400,37407,7,40.0,0.0,-263.27731514697575,,,,1.0,-7.0,10.0,0.0,0.0,0.0,0.0,0.0,0.0,0.0,0.0,0.0,40.0,0.0,-263.27731514697575,1.0,-7.0,10.0,0.25,2.0,False,False,False,disabled
2026-06-06_run02_circle_r40_off_r03,37500,37500,0,40.0,0.0,-263.27731514697575,,,,1.0,-7.0,10.0,0.0,0.0,0.0,0.0,0.0,0.0,0.0,0.0,0.0,40.0,0.0,-263.27731514697575,1.0,-7.0,10.0,0.25,2.0,False,False,True,disabled
2026-06-06_run02_circle_r40_off_r03,37600,37610,10,40.0,0.0,-263.27731514697575,,,,1.0,-7.0,10.0,0.0,0.0,0.0,0.0,0.0,0.0,0.0,0.0,0.0,40.0,0.0,-263.27731514697575,1.0,-7.0,10.0,0.25,2.0,False,False,False,disabled
2026-06-06_run02_circle_r40_off_r03,37700,37703,3,40.0,0.0,-263.27731514697575,,,,1.0,-7.0,10.0,0.0,0.0,0.0,0.0,0.0,0.0,0.0,0.0,0.0,40.0,0.0,-263.27731514697575,1.0,-7.0,10.0,0.25,2.0,False,False,False,disabled
2026-06-06_run02_circle_r40_off_r03,37800,37813,13,40.0,0.0,-263.27731514697575,,,,1.0,-7.0,10.0,0.0,0.0,0.0,0.0,0.0,0.0,0.0,0.0,0.0,40.0,0.0,-263.27731514697575,1.0,-7.0,10.0,0.25,2.0,False,False,False,disabled
2026-06-06_run02_circle_r40_off_r03,37900,37907,7,40.0,0.0,-263.27731514697575,,,,1.0,-7.0,10.0,0.0,0.0,0.0,0.0,0.0,0.0,0.0,0.0,0.0,40.0,0.0,-263.27731514697575,1.0,-7.0,10.0,0.25,2.0,False,False,False,disabled
2026-06-06_run02_circle_r40_off_r03,38000,38000,0,40.0,0.0,-263.27731514697575,,,,1.0,-7.0,10.0,0.0,0.0,0.0,0.0,0.0,0.0,0.0,0.0,0.0,40.0,0.0,-263.27731514697575,1.0,-7.0,10.0,0.25,2.0,False,False,True,disabled
2026-06-06_run02_circle_r40_off_r03,38100,38110,10,40.0,0.0,-263.27731514697575,,,,1.0,-7.0,10.0,0.0,0.0,0.0,0.0,0.0,0.0,0.0,0.0,0.0,40.0,0.0,-263.27731514697575,1.0,-7.0,10.0,0.25,2.0,False,False,False,disabled
2026-06-06_run02_circle_r40_off_r03,38200,38203,3,40.0,0.0,-263.27731514697575,,,,1.0,-7.0,10.0,0.0,0.0,0.0,0.0,0.0,0.0,0.0,0.0,0.0,40.0,0.0,-263.27731514697575,1.0,-7.0,10.0,0.25,2.0,False,False,False,disabled
2026-06-06_run02_circle_r40_off_r03,38300,38313,13,40.0,0.0,-263.27731514697575,,,,1.0,-7.0,10.0,0.0,0.0,0.0,0.0,0.0,0.0,0.0,0.0,0.0,40.0,0.0,-263.27731514697575,1.0,-7.0,10.0,0.25,2.0,False,False,False,disabled
2026-06-06_run02_circle_r40_off_r03,38400,38407,7,40.0,0.0,-263.27731514697575,,,,1.0,-7.0,10.0,0.0,0.0,0.0,0.0,0.0,0.0,0.0,0.0,0.0,40.0,0.0,-263.27731514697575,1.0,-7.0,10.0,0.25,2.0,False,False,False,disabled
2026-06-06_run02_circle_r40_off_r03,38500,38500,0,40.0,0.0,-263.27731514697575,,,,1.0,-7.0,10.0,0.0,0.0,0.0,0.0,0.0,0.0,0.0,0.0,0.0,40.0,0.0,-263.27731514697575,1.0,-7.0,10.0,0.25,2.0,False,False,True,disabled
2026-06-06_run02_circle_r40_off_r03,38600,38610,10,40.0,0.0,-263.27731514697575,,,,1.0,-7.0,10.0,0.0,0.0,0.0,0.0,0.0,0.0,0.0,0.0,0.0,40.0,0.0,-263.27731514697575,1.0,-7.0,10.0,0.25,2.0,False,False,False,disabled
2026-06-06_run02_circle_r40_off_r03,38700,38703,3,40.0,0.0,-263.27731514697575,,,,1.0,-7.0,10.0,0.0,0.0,0.0,0.0,0.0,0.0,0.0,0.0,0.0,40.0,0.0,-263.27731514697575,1.0,-7.0,10.0,0.25,2.0,False,False,False,disabled
2026-06-06_run02_circle_r40_off_r03,38800,38813,13,40.0,0.0,-263.27731514697575,,,,1.0,-7.0,10.0,0.0,0.0,0.0,0.0,0.0,0.0,0.0,0.0,0.0,40.0,0.0,-263.27731514697575,1.0,-7.0,10.0,0.25,2.0,False,False,False,disabled
2026-06-06_run02_circle_r40_off_r03,38900,38907,7,40.0,0.0,-263.27731514697575,,,,1.0,-7.0,10.0,0.0,0.0,0.0,0.0,0.0,0.0,0.0,0.0,0.0,40.0,0.0,-263.27731514697575,1.0,-7.0,10.0,0.25,2.0,False,False,False,disabled
2026-06-06_run02_circle_r40_off_r03,39000,39000,0,0.0,0.0,-263.27731514697575,,,,0.0,0.0,0.0,0.0,0.0,0.0,0.0,0.0,0.0,0.0,0.0,0.0,0.0,0.0,-263.27731514697575,0.0,0.0,0.0,0.25,2.0,False,False,True,disabled
2026-06-06_run02_circle_r40_off_r03,39100,39110,10,0.0,0.0,-263.27731514697575,,,,0.0,0.0,0.0,0.0,0.0,0.0,0.0,0.0,0.0,0.0,0.0,0.0,0.0,0.0,-263.27731514697575,0.0,0.0,0.0,0.25,2.0,False,False,False,disabled
2026-06-06_run02_circle_r40_off_r03,39200,39219,19,0.0,0.0,-263.27731514697575,,,,0.0,0.0,0.0,0.0,0.0,0.0,0.0,0.0,0.0,0.0,0.0,0.0,0.0,0.0,-263.27731514697575,0.0,0.0,0.0,0.25,2.0,False,False,False,disabled
2026-06-06_run02_circle_r40_off_r03,39300,39328,28,0.0,0.0,-263.27731514697575,,,,0.0,0.0,0.0,0.0,0.0,0.0,0.0,0.0,0.0,0.0,0.0,0.0,0.0,0.0,-263.27731514697575,0.0,0.0,0.0,0.25,2.0,False,False,False,disabled
2026-06-06_run02_circle_r40_off_r03,39400,39407,7,0.0,0.0,-263.27731514697575,,,,0.0,0.0,0.0,0.0,0.0,0.0,0.0,0.0,0.0,0.0,0.0,0.0,0.0,0.0,-263.27731514697575,0.0,0.0,0.0,0.25,2.0,False,False,False,disabled
2026-06-06_run02_circle_r40_off_r03,39500,39500,0,0.0,0.0,-263.27731514697575,,,,0.0,0.0,0.0,0.0,0.0,0.0,0.0,0.0,0.0,0.0,0.0,0.0,0.0,0.0,-263.27731514697575,0.0,0.0,0.0,0.25,2.0,False,False,True,disabled
2026-06-06_run02_circle_r40_off_r03,39600,39610,10,0.0,0.0,-263.27731514697575,,,,0.0,0.0,0.0,0.0,0.0,0.0,0.0,0.0,0.0,0.0,0.0,0.0,0.0,0.0,-263.27731514697575,0.0,0.0,0.0,0.25,2.0,False,False,False,disabled
2026-06-06_run02_circle_r40_off_r03,39700,39703,3,0.0,0.0,-263.27731514697575,,,,0.0,0.0,0.0,0.0,0.0,0.0,0.0,0.0,0.0,0.0,0.0,0.0,0.0,0.0,-263.27731514697575,0.0,0.0,0.0,0.25,2.0,False,False,False,disabled
2026-06-06_run02_circle_r40_off_r03,39800,39813,13,0.0,0.0,-263.27731514697575,,,,0.0,0.0,0.0,0.0,0.0,0.0,0.0,0.0,0.0,0.0,0.0,0.0,0.0,0.0,-263.27731514697575,0.0,0.0,0.0,0.25,2.0,False,False,False,disabled
2026-06-06_run02_circle_r40_off_r03,39900,39907,7,0.0,0.0,-263.27731514697575,,,,0.0,0.0,0.0,0.0,0.0,0.0,0.0,0.0,0.0,0.0,0.0,0.0,0.0,0.0,-263.27731514697575,0.0,0.0,0.0,0.25,2.0,False,False,False,disabled
2026-06-06_run02_circle_r40_off_r03,40000,40000,0,0.0,0.0,-263.27731514697575,,,,0.0,0.0,0.0,0.0,0.0,0.0,0.0,0.0,0.0,0.0,0.0,0.0,0.0,0.0,-263.27731514697575,0.0,0.0,0.0,0.25,2.0,False,False,True,disabled
2026-06-06_run02_circle_r40_off_r03,40100,40110,10,0.0,0.0,-263.27731514697575,,,,0.0,0.0,0.0,0.0,0.0,0.0,0.0,0.0,0.0,0.0,0.0,0.0,0.0,0.0,-263.27731514697575,0.0,0.0,0.0,0.25,2.0,False,False,False,disabled
2026-06-06_run02_circle_r40_off_r03,40200,40203,3,0.0,0.0,-263.27731514697575,,,,0.0,0.0,0.0,0.0,0.0,0.0,0.0,0.0,0.0,0.0,0.0,0.0,0.0,0.0,-263.27731514697575,0.0,0.0,0.0,0.25,2.0,False,False,False,disabled
2026-06-06_run02_circle_r40_off_r03,40300,40313,13,0.0,0.0,-263.27731514697575,,,,0.0,0.0,0.0,0.0,0.0,0.0,0.0,0.0,0.0,0.0,0.0,0.0,0.0,0.0,-263.27731514697575,0.0,0.0,0.0,0.25,2.0,False,False,False,disabled
2026-06-06_run02_circle_r40_off_r03,40400,40407,7,0.0,0.0,-263.27731514697575,,,,0.0,0.0,0.0,0.0,0.0,0.0,0.0,0.0,0.0,0.0,0.0,0.0,0.0,0.0,-263.27731514697575,0.0,0.0,0.0,0.25,2.0,False,False,False,disabled
2026-06-06_run02_circle_r40_off_r03,40500,40500,0,0.0,0.0,-263.27731514697575,,,,0.0,0.0,0.0,0.0,0.0,0.0,0.0,0.0,0.0,0.0,0.0,0.0,0.0,0.0,-263.27731514697575,0.0,0.0,0.0,0.25,2.0,False,False,True,disabled
2026-06-06_run02_circle_r40_off_r03,40600,40610,10,0.0,0.0,-263.27731514697575,,,,0.0,0.0,0.0,0.0,0.0,0.0,0.0,0.0,0.0,0.0,0.0,0.0,0.0,0.0,-263.27731514697575,0.0,0.0,0.0,0.25,2.0,False,False,False,disabled
2026-06-06_run02_circle_r40_off_r03,40700,40703,3,0.0,0.0,-263.27731514697575,,,,0.0,0.0,0.0,0.0,0.0,0.0,0.0,0.0,0.0,0.0,0.0,0.0,0.0,0.0,-263.27731514697575,0.0,0.0,0.0,0.25,2.0,False,False,False,disabled
2026-06-06_run02_circle_r40_off_r03,40800,40813,13,0.0,0.0,-263.27731514697575,,,,0.0,0.0,0.0,0.0,0.0,0.0,0.0,0.0,0.0,0.0,0.0,0.0,0.0,0.0,-263.27731514697575,0.0,0.0,0.0,0.25,2.0,False,False,False,disabled
2026-06-06_run02_circle_r40_off_r03,40900,40907,7,0.0,0.0,-263.27731514697575,,,,0.0,0.0,0.0,0.0,0.0,0.0,0.0,0.0,0.0,0.0,0.0,0.0,0.0,0.0,-263.27731514697575,0.0,0.0,0.0,0.25,2.0,False,False,False,disabled
2026-06-06_run02_circle_r40_off_r03,41000,41000,0,0.0,0.0,-263.27731514697575,,,,0.0,0.0,0.0,0.0,0.0,0.0,0.0,0.0,0.0,0.0,0.0,0.0,0.0,0.0,-263.27731514697575,0.0,0.0,0.0,0.25,2.0,False,False,True,disabled
2026-06-06_run02_circle_r40_off_r03,41100,41110,10,0.0,0.0,-263.27731514697575,,,,0.0,0.0,0.0,0.0,0.0,0.0,0.0,0.0,0.0,0.0,0.0,0.0,0.0,0.0,-263.27731514697575,0.0,0.0,0.0,0.25,2.0,False,False,False,disabled
2026-06-06_run02_circle_r40_off_r03,41200,41203,3,0.0,0.0,-263.27731514697575,,,,0.0,0.0,0.0,0.0,0.0,0.0,0.0,0.0,0.0,0.0,0.0,0.0,0.0,0.0,-263.27731514697575,0.0,0.0,0.0,0.25,2.0,False,False,False,disabled
2026-06-06_run02_circle_r40_off_r03,41300,41313,13,0.0,0.0,-263.27731514697575,,,,0.0,0.0,0.0,0.0,0.0,0.0,0.0,0.0,0.0,0.0,0.0,0.0,0.0,0.0,-263.27731514697575,0.0,0.0,0.0,0.25,2.0,False,False,False,disabled
2026-06-06_run02_circle_r40_off_r03,41400,41422,22,0.0,0.0,-263.27731514697575,,,,0.0,0.0,0.0,0.0,0.0,0.0,0.0,0.0,0.0,0.0,0.0,0.0,0.0,0.0,-263.27731514697575,0.0,0.0,0.0,0.25,2.0,False,False,False,disabled
2026-06-06_run02_circle_r40_off_r03,41500,41500,0,0.0,0.0,-263.27731514697575,,,,0.0,0.0,0.0,0.0,0.0,0.0,0.0,0.0,0.0,0.0,0.0,0.0,0.0,0.0,-263.27731514697575,0.0,0.0,0.0,0.25,2.0,False,False,True,disabled
2026-06-06_run02_circle_r40_off_r03,41600,41610,10,0.0,0.0,-263.27731514697575,,,,0.0,0.0,0.0,0.0,0.0,0.0,0.0,0.0,0.0,0.0,0.0,0.0,0.0,0.0,-263.27731514697575,0.0,0.0,0.0,0.25,2.0,False,False,False,disabled
2026-06-06_run02_circle_r40_off_r03,41700,41703,3,0.0,0.0,-263.27731514697575,,,,0.0,0.0,0.0,0.0,0.0,0.0,0.0,0.0,0.0,0.0,0.0,0.0,0.0,0.0,-263.27731514697575,0.0,0.0,0.0,0.25,2.0,False,False,False,disabled
2026-06-06_run02_circle_r40_off_r03,41800,41813,13,0.0,0.0,-263.27731514697575,,,,0.0,0.0,0.0,0.0,0.0,0.0,0.0,0.0,0.0,0.0,0.0,0.0,0.0,0.0,-263.27731514697575,0.0,0.0,0.0,0.25,2.0,False,False,False,disabled
2026-06-06_run02_circle_r40_off_r03,41900,41907,7,0.0,0.0,-263.27731514697575,,,,0.0,0.0,0.0,0.0,0.0,0.0,0.0,0.0,0.0,0.0,0.0,0.0,0.0,0.0,-263.27731514697575,0.0,0.0,0.0,0.25,2.0,False,False,False,disabled
2026-06-06_run02_circle_r40_off_r03,42000,42000,0,0.0,0.0,-263.27731514697575,,,,0.0,0.0,0.0,0.0,0.0,0.0,0.0,0.0,0.0,0.0,0.0,0.0,0.0,0.0,-263.27731514697575,0.0,0.0,0.0,0.25,2.0,False,False,True,disabled
2026-06-06_run02_circle_r40_off_r03,42100,42110,10,0.0,0.0,-263.27731514697575,,,,0.0,0.0,0.0,0.0,0.0,0.0,0.0,0.0,0.0,0.0,0.0,0.0,0.0,0.0,-263.27731514697575,0.0,0.0,0.0,0.25,2.0,False,False,False,disabled
2026-06-06_run02_circle_r40_off_r03,42200,42203,3,0.0,0.0,-263.27731514697575,,,,0.0,0.0,0.0,0.0,0.0,0.0,0.0,0.0,0.0,0.0,0.0,0.0,0.0,0.0,-263.27731514697575,0.0,0.0,0.0,0.25,2.0,False,False,False,disabled
2026-06-06_run02_circle_r40_off_r03,42300,42313,13,0.0,0.0,-263.27731514697575,,,,0.0,0.0,0.0,0.0,0.0,0.0,0.0,0.0,0.0,0.0,0.0,0.0,0.0,0.0,-263.27731514697575,0.0,0.0,0.0,0.25,2.0,False,False,False,disabled
2026-06-06_run02_circle_r40_off_r03,42400,42407,7,0.0,0.0,-263.27731514697575,,,,0.0,0.0,0.0,0.0,0.0,0.0,0.0,0.0,0.0,0.0,0.0,0.0,0.0,0.0,-263.27731514697575,0.0,0.0,0.0,0.25,2.0,False,False,False,disabled
2026-06-06_run02_circle_r40_off_r03,42500,42500,0,0.0,0.0,-263.27731514697575,,,,0.0,0.0,0.0,0.0,0.0,0.0,0.0,0.0,0.0,0.0,0.0,0.0,0.0,0.0,-263.27731514697575,0.0,0.0,0.0,0.25,2.0,False,False,True,disabled
2026-06-06_run02_circle_r40_off_r03,42600,42610,10,0.0,0.0,-263.27731514697575,,,,0.0,0.0,0.0,0.0,0.0,0.0,0.0,0.0,0.0,0.0,0.0,0.0,0.0,0.0,-263.27731514697575,0.0,0.0,0.0,0.25,2.0,False,False,False,disabled
2026-06-06_run02_circle_r40_off_r03,42700,42703,3,0.0,0.0,-263.27731514697575,,,,0.0,0.0,0.0,0.0,0.0,0.0,0.0,0.0,0.0,0.0,0.0,0.0,0.0,0.0,-263.27731514697575,0.0,0.0,0.0,0.25,2.0,False,False,False,disabled
2026-06-06_run02_circle_r40_off_r03,42800,42813,13,0.0,0.0,-263.27731514697575,,,,0.0,0.0,0.0,0.0,0.0,0.0,0.0,0.0,0.0,0.0,0.0,0.0,0.0,0.0,-263.27731514697575,0.0,0.0,0.0,0.25,2.0,False,False,False,disabled
2026-06-06_run02_circle_r40_off_r03,42900,42907,7,0.0,0.0,-263.27731514697575,,,,0.0,0.0,0.0,0.0,0.0,0.0,0.0,0.0,0.0,0.0,0.0,0.0,0.0,0.0,-263.27731514697575,0.0,0.0,0.0,0.25,2.0,False,False,False,disabled
2026-06-06_run02_circle_r40_off_r03,43000,43000,0,0.0,0.0,-263.27731514697575,,,,0.0,0.0,0.0,0.0,0.0,0.0,0.0,0.0,0.0,0.0,0.0,0.0,0.0,0.0,-263.27731514697575,0.0,0.0,0.0,0.25,2.0,False,False,True,disabled
2026-06-06_run02_circle_r40_off_r03,43100,43110,10,0.0,0.0,-263.27731514697575,,,,0.0,0.0,0.0,0.0,0.0,0.0,0.0,0.0,0.0,0.0,0.0,0.0,0.0,0.0,-263.27731514697575,0.0,0.0,0.0,0.25,2.0,False,False,False,disabled
2026-06-06_run02_circle_r40_off_r03,43200,43203,3,0.0,0.0,-263.27731514697575,,,,0.0,0.0,0.0,0.0,0.0,0.0,0.0,0.0,0.0,0.0,0.0,0.0,0.0,0.0,-263.27731514697575,0.0,0.0,0.0,0.25,2.0,False,False,False,disabled
2026-06-06_run02_circle_r40_off_r03,43300,43313,13,0.0,0.0,-263.27731514697575,,,,0.0,0.0,0.0,0.0,0.0,0.0,0.0,0.0,0.0,0.0,0.0,0.0,0.0,0.0,-263.27731514697575,0.0,0.0,0.0,0.25,2.0,False,False,False,disabled
2026-06-06_run02_circle_r40_off_r03,43400,43407,7,0.0,0.0,-263.27731514697575,,,,0.0,0.0,0.0,0.0,0.0,0.0,0.0,0.0,0.0,0.0,0.0,0.0,0.0,0.0,-263.27731514697575,0.0,0.0,0.0,0.25,2.0,False,False,False,disabled
2026-06-06_run02_circle_r40_off_r03,43500,43500,0,0.0,0.0,-263.27731514697575,,,,0.0,0.0,0.0,0.0,0.0,0.0,0.0,0.0,0.0,0.0,0.0,0.0,0.0,0.0,-263.27731514697575,0.0,0.0,0.0,0.25,2.0,False,False,True,disabled
2026-06-06_run02_circle_r40_off_r03,43600,43610,10,0.0,0.0,-263.27731514697575,,,,0.0,0.0,0.0,0.0,0.0,0.0,0.0,0.0,0.0,0.0,0.0,0.0,0.0,0.0,-263.27731514697575,0.0,0.0,0.0,0.25,2.0,False,False,False,disabled
2026-06-06_run02_circle_r40_off_r03,43700,43703,3,0.0,0.0,-263.27731514697575,,,,0.0,0.0,0.0,0.0,0.0,0.0,0.0,0.0,0.0,0.0,0.0,0.0,0.0,0.0,-263.27731514697575,0.0,0.0,0.0,0.25,2.0,False,False,False,disabled
2026-06-06_run02_circle_r40_off_r03,43800,43813,13,0.0,0.0,-263.27731514697575,,,,0.0,0.0,0.0,0.0,0.0,0.0,0.0,0.0,0.0,0.0,0.0,0.0,0.0,0.0,-263.27731514697575,0.0,0.0,0.0,0.25,2.0,False,False,False,disabled
2026-06-06_run02_circle_r40_off_r03,43900,43907,7,0.0,0.0,-263.27731514697575,,,,0.0,0.0,0.0,0.0,0.0,0.0,0.0,0.0,0.0,0.0,0.0,0.0,0.0,0.0,-263.27731514697575,0.0,0.0,0.0,0.25,2.0,False,False,False,disabled
