run_id,time,actual_elapsed_ms,schedule_lag_ms,target_x,target_y,target_z,sim_x,sim_y,sim_z,nominal_theta1,nominal_theta2,nominal_theta3,predicted_error_x,predicted_error_y,predicted_error_z,requested_correction_x,requested_correction_y,requested_correction_z,applied_correction_x,applied_correction_y,applied_correction_z,corrected_target_x,corrected_target_y,corrected_target_z,corrected_theta1,corrected_theta2,corrected_theta3,correction_gain,max_xy_correction_mm,correction_clamped,fallback_used,command_sent,correction_status
2026-06-06_run02_circle_r40_on_r03,0,0,0,0.0,0.0,-263.27731514697575,0.0,0.0,-263.277315152675,0.0,0.0,0.0,-2.241470099661118,0.21151449462071747,0.02963919516425717,0.5603675249152795,-0.05287862365517937,0.0,0.5603675249152795,-0.05287862365517937,0.0,0.5603675249152795,-0.05287862365517937,-263.27731514697575,-0.012964923123112634,-0.11462733468306198,0.1284009648257489,0.25,2.0,False,False,True,applied
2026-06-06_run02_circle_r40_on_r03,100,110,10,0.0,0.0,-263.27731514697575,0.0,0.0,-263.277315152675,0.0,0.0,0.0,-2.241470099661118,0.21151449462071747,0.02963919516425717,0.5603675249152795,-0.05287862365517937,0.0,0.5603675249152795,-0.05287862365517937,0.0,0.5603675249152795,-0.05287862365517937,-263.27731514697575,-0.012964923123112634,-0.11462733468306198,0.1284009648257489,0.25,2.0,False,False,False,applied
2026-06-06_run02_circle_r40_on_r03,200,204,4,0.0,0.0,-263.27731514697575,0.0,0.0,-263.277315152675,0.0,0.0,0.0,-2.241470099661118,0.21151449462071747,0.02963919516425717,0.5603675249152795,-0.05287862365517937,0.0,0.5603675249152795,-0.05287862365517937,0.0,0.5603675249152795,-0.05287862365517937,-263.27731514697575,-0.012964923123112634,-0.11462733468306198,0.1284009648257489,0.25,2.0,False,False,False,applied
2026-06-06_run02_circle_r40_on_r03,300,313,13,0.0,0.0,-263.27731514697575,0.0,0.0,-263.277315152675,0.0,0.0,0.0,-2.241470099661118,0.21151449462071747,0.02963919516425717,0.5603675249152795,-0.05287862365517937,0.0,0.5603675249152795,-0.05287862365517937,0.0,0.5603675249152795,-0.05287862365517937,-263.27731514697575,-0.012964923123112634,-0.11462733468306198,0.1284009648257489,0.25,2.0,False,False,False,applied
2026-06-06_run02_circle_r40_on_r03,400,407,7,0.0,0.0,-263.27731514697575,0.0,0.0,-263.277315152675,0.0,0.0,0.0,-2.241470099661118,0.21151449462071747,0.02963919516425717,0.5603675249152795,-0.05287862365517937,0.0,0.5603675249152795,-0.05287862365517937,0.0,0.5603675249152795,-0.05287862365517937,-263.27731514697575,-0.012964923123112634,-0.11462733468306198,0.1284009648257489,0.25,2.0,False,False,False,applied
2026-06-06_run02_circle_r40_on_r03,500,500,0,0.0,0.0,-263.27731514697575,-3.6970857355085e-14,1.7090213940031e-14,-263.277315149429,0.0,0.0,0.0,-2.241470101640292,0.21151450077734035,0.029639194569131624,0.560367525410073,-0.05287862519433509,0.0,0.560367525410073,-0.05287862519433509,0.0,0.560367525410073,-0.05287862519433509,-263.27731514697575,-0.012964923507984397,-0.11462733459695683,0.1284009651262347,0.25,2.0,False,False,True,applied
2026-06-06_run02_circle_r40_on_r03,600,610,10,0.0,0.0,-263.27731514697575,-3.6970857355085e-14,1.7090213940031e-14,-263.277315149429,0.0,0.0,0.0,-2.241470101640292,0.21151450077734035,0.029639194569131624,0.560367525410073,-0.05287862519433509,0.0,0.560367525410073,-0.05287862519433509,0.0,0.560367525410073,-0.05287862519433509,-263.27731514697575,-0.012964923507984397,-0.11462733459695683,0.1284009651262347,0.25,2.0,False,False,False,applied
2026-06-06_run02_circle_r40_on_r03,700,704,4,0.0,0.0,-263.27731514697575,-3.6970857355085e-14,1.7090213940031e-14,-263.277315149429,0.0,0.0,0.0,-2.241470101640292,0.21151450077734035,0.029639194569131624,0.560367525410073,-0.05287862519433509,0.0,0.560367525410073,-0.05287862519433509,0.0,0.560367525410073,-0.05287862519433509,-263.27731514697575,-0.012964923507984397,-0.11462733459695683,0.1284009651262347,0.25,2.0,False,False,False,applied
2026-06-06_run02_circle_r40_on_r03,800,813,13,0.0,0.0,-263.27731514697575,-3.6970857355085e-14,1.7090213940031e-14,-263.277315149429,0.0,0.0,0.0,-2.241470101640292,0.21151450077734035,0.029639194569131624,0.560367525410073,-0.05287862519433509,0.0,0.560367525410073,-0.05287862519433509,0.0,0.560367525410073,-0.05287862519433509,-263.27731514697575,-0.012964923507984397,-0.11462733459695683,0.1284009651262347,0.25,2.0,False,False,False,applied
2026-06-06_run02_circle_r40_on_r03,900,907,7,0.0,0.0,-263.27731514697575,-3.6970857355085e-14,1.7090213940031e-14,-263.277315149429,0.0,0.0,0.0,-2.241470101640292,0.21151450077734035,0.029639194569131624,0.560367525410073,-0.05287862519433509,0.0,0.560367525410073,-0.05287862519433509,0.0,0.560367525410073,-0.05287862519433509,-263.27731514697575,-0.012964923507984397,-0.11462733459695683,0.1284009651262347,0.25,2.0,False,False,False,applied
2026-06-06_run02_circle_r40_on_r03,1000,1000,0,0.0,0.0,-263.27731514697575,-5.56241419654394e-14,3.18584147892591e-14,-263.277315146976,0.0,0.0,0.0,-2.241470103135972,0.21151450542995492,0.029639194119389957,0.560367525783993,-0.05287862635748873,0.0,0.560367525783993,-0.05287862635748873,0.0,0.560367525783993,-0.05287862635748873,-263.27731514697575,-0.012964923798547823,-0.1146273345320148,0.12840096535346235,0.25,2.0,False,False,True,applied
2026-06-06_run02_circle_r40_on_r03,1100,1110,10,0.0,0.0,-263.27731514697575,-5.56241419654394e-14,3.18584147892591e-14,-263.277315146976,0.0,0.0,0.0,-2.241470103135972,0.21151450542995492,0.029639194119389957,0.560367525783993,-0.05287862635748873,0.0,0.560367525783993,-0.05287862635748873,0.0,0.560367525783993,-0.05287862635748873,-263.27731514697575,-0.012964923798547823,-0.1146273345320148,0.12840096535346235,0.25,2.0,False,False,False,applied
2026-06-06_run02_circle_r40_on_r03,1200,1204,4,0.0,0.0,-263.27731514697575,-5.56241419654394e-14,3.18584147892591e-14,-263.277315146976,0.0,0.0,0.0,-2.241470103135972,0.21151450542995492,0.029639194119389957,0.560367525783993,-0.05287862635748873,0.0,0.560367525783993,-0.05287862635748873,0.0,0.560367525783993,-0.05287862635748873,-263.27731514697575,-0.012964923798547823,-0.1146273345320148,0.12840096535346235,0.25,2.0,False,False,False,applied
2026-06-06_run02_circle_r40_on_r03,1300,1313,13,0.0,0.0,-263.27731514697575,-5.56241419654394e-14,3.18584147892591e-14,-263.277315146976,0.0,0.0,0.0,-2.241470103135972,0.21151450542995492,0.029639194119389957,0.560367525783993,-0.05287862635748873,0.0,0.560367525783993,-0.05287862635748873,0.0,0.560367525783993,-0.05287862635748873,-263.27731514697575,-0.012964923798547823,-0.1146273345320148,0.12840096535346235,0.25,2.0,False,False,False,applied
2026-06-06_run02_circle_r40_on_r03,1400,1407,7,0.0,0.0,-263.27731514697575,-5.56241419654394e-14,3.18584147892591e-14,-263.277315146976,0.0,0.0,0.0,-2.241470103135972,0.21151450542995492,0.029639194119389957,0.560367525783993,-0.05287862635748873,0.0,0.560367525783993,-0.05287862635748873,0.0,0.560367525783993,-0.05287862635748873,-263.27731514697575,-0.012964923798547823,-0.1146273345320148,0.12840096535346235,0.25,2.0,False,False,False,applied
2026-06-06_run02_circle_r40_on_r03,1500,1500,0,0.0,0.0,-263.27731514697575,-1.75229798749075e-14,3.94321816358354e-14,-263.277315146976,0.0,0.0,0.0,-2.241470103135976,0.21151450542995467,0.029639194119389957,0.560367525783994,-0.05287862635748867,0.0,0.560367525783994,-0.05287862635748867,0.0,0.560367525783994,-0.05287862635748867,-263.27731514697575,-0.012964923798547823,-0.1146273345320148,0.12840096535346232,0.25,2.0,False,False,True,applied
2026-06-06_run02_circle_r40_on_r03,1600,1610,10,0.0,0.0,-263.27731514697575,-1.75229798749075e-14,3.94321816358354e-14,-263.277315146976,0.0,0.0,0.0,-2.241470103135976,0.21151450542995467,0.029639194119389957,0.560367525783994,-0.05287862635748867,0.0,0.560367525783994,-0.05287862635748867,0.0,0.560367525783994,-0.05287862635748867,-263.27731514697575,-0.012964923798547823,-0.1146273345320148,0.12840096535346232,0.25,2.0,False,False,False,applied
2026-06-06_run02_circle_r40_on_r03,1700,1704,4,0.0,0.0,-263.27731514697575,-1.75229798749075e-14,3.94321816358354e-14,-263.277315146976,0.0,0.0,0.0,-2.241470103135976,0.21151450542995467,0.029639194119389957,0.560367525783994,-0.05287862635748867,0.0,0.560367525783994,-0.05287862635748867,0.0,0.560367525783994,-0.05287862635748867,-263.27731514697575,-0.012964923798547823,-0.1146273345320148,0.12840096535346232,0.25,2.0,False,False,False,applied
2026-06-06_run02_circle_r40_on_r03,1800,1813,13,0.0,0.0,-263.27731514697575,-1.75229798749075e-14,3.94321816358354e-14,-263.277315146976,0.0,0.0,0.0,-2.241470103135976,0.21151450542995467,0.029639194119389957,0.560367525783994,-0.05287862635748867,0.0,0.560367525783994,-0.05287862635748867,0.0,0.560367525783994,-0.05287862635748867,-263.27731514697575,-0.012964923798547823,-0.1146273345320148,0.12840096535346232,0.25,2.0,False,False,False,applied
2026-06-06_run02_circle_r40_on_r03,1900,1922,22,0.0,0.0,-263.27731514697575,-1.75229798749075e-14,3.94321816358354e-14,-263.277315146976,0.0,0.0,0.0,-2.241470103135976,0.21151450542995467,0.029639194119389957,0.560367525783994,-0.05287862635748867,0.0,0.560367525783994,-0.05287862635748867,0.0,0.560367525783994,-0.05287862635748867,-263.27731514697575,-0.012964923798547823,-0.1146273345320148,0.12840096535346232,0.25,2.0,False,False,False,applied
2026-06-06_run02_circle_r40_on_r03,2000,2000,0,0.0,0.0,-263.27731514697575,3.70478118671377e-15,4.22704841859878e-14,-263.277315146976,0.0,0.0,0.0,-2.241470103135978,0.21151450542995445,0.029639194119389957,0.5603675257839945,-0.05287862635748861,0.0,0.5603675257839945,-0.05287862635748861,0.0,0.5603675257839945,-0.05287862635748861,-263.27731514697575,-0.012964923798547823,-0.1146273345320148,0.12840096535346232,0.25,2.0,False,False,True,applied
2026-06-06_run02_circle_r40_on_r03,2100,2125,25,0.0,0.0,-263.27731514697575,3.70478118671377e-15,4.22704841859878e-14,-263.277315146976,0.0,0.0,0.0,-2.241470103135978,0.21151450542995445,0.029639194119389957,0.5603675257839945,-0.05287862635748861,0.0,0.5603675257839945,-0.05287862635748861,0.0,0.5603675257839945,-0.05287862635748861,-263.27731514697575,-0.012964923798547823,-0.1146273345320148,0.12840096535346232,0.25,2.0,False,False,False,applied
2026-06-06_run02_circle_r40_on_r03,2200,2204,4,0.0,0.0,-263.27731514697575,3.70478118671377e-15,4.22704841859878e-14,-263.277315146976,0.0,0.0,0.0,-2.241470103135978,0.21151450542995445,0.029639194119389957,0.5603675257839945,-0.05287862635748861,0.0,0.5603675257839945,-0.05287862635748861,0.0,0.5603675257839945,-0.05287862635748861,-263.27731514697575,-0.012964923798547823,-0.1146273345320148,0.12840096535346232,0.25,2.0,False,False,False,applied
2026-06-06_run02_circle_r40_on_r03,2300,2313,13,0.0,0.0,-263.27731514697575,3.70478118671377e-15,4.22704841859878e-14,-263.277315146976,0.0,0.0,0.0,-2.241470103135978,0.21151450542995445,0.029639194119389957,0.5603675257839945,-0.05287862635748861,0.0,0.5603675257839945,-0.05287862635748861,0.0,0.5603675257839945,-0.05287862635748861,-263.27731514697575,-0.012964923798547823,-0.1146273345320148,0.12840096535346232,0.25,2.0,False,False,False,applied
2026-06-06_run02_circle_r40_on_r03,2400,2407,7,0.0,0.0,-263.27731514697575,3.70478118671377e-15,4.22704841859878e-14,-263.277315146976,0.0,0.0,0.0,-2.241470103135978,0.21151450542995445,0.029639194119389957,0.5603675257839945,-0.05287862635748861,0.0,0.5603675257839945,-0.05287862635748861,0.0,0.5603675257839945,-0.05287862635748861,-263.27731514697575,-0.012964923798547823,-0.1146273345320148,0.12840096535346232,0.25,2.0,False,False,False,applied
2026-06-06_run02_circle_r40_on_r03,2500,2500,0,0.0,0.0,-263.27731514697575,7.22930182455985e-15,4.01404307530069e-14,-263.277315146976,0.0,0.0,0.0,-2.2414701031359785,0.2115145054299543,0.029639194119389964,0.5603675257839946,-0.05287862635748858,0.0,0.5603675257839946,-0.05287862635748858,0.0,0.5603675257839946,-0.05287862635748858,-263.27731514697575,-0.012964923798547823,-0.1146273345320148,0.12840096535346232,0.25,2.0,False,False,True,applied
2026-06-06_run02_circle_r40_on_r03,2600,2610,10,0.0,0.0,-263.27731514697575,7.22930182455985e-15,4.01404307530069e-14,-263.277315146976,0.0,0.0,0.0,-2.2414701031359785,0.2115145054299543,0.029639194119389964,0.5603675257839946,-0.05287862635748858,0.0,0.5603675257839946,-0.05287862635748858,0.0,0.5603675257839946,-0.05287862635748858,-263.27731514697575,-0.012964923798547823,-0.1146273345320148,0.12840096535346232,0.25,2.0,False,False,False,applied
2026-06-06_run02_circle_r40_on_r03,2700,2704,4,0.0,0.0,-263.27731514697575,7.22930182455985e-15,4.01404307530069e-14,-263.277315146976,0.0,0.0,0.0,-2.2414701031359785,0.2115145054299543,0.029639194119389964,0.5603675257839946,-0.05287862635748858,0.0,0.5603675257839946,-0.05287862635748858,0.0,0.5603675257839946,-0.05287862635748858,-263.27731514697575,-0.012964923798547823,-0.1146273345320148,0.12840096535346232,0.25,2.0,False,False,False,applied
2026-06-06_run02_circle_r40_on_r03,2800,2813,13,0.0,0.0,-263.27731514697575,7.22930182455985e-15,4.01404307530069e-14,-263.277315146976,0.0,0.0,0.0,-2.2414701031359785,0.2115145054299543,0.029639194119389964,0.5603675257839946,-0.05287862635748858,0.0,0.5603675257839946,-0.05287862635748858,0.0,0.5603675257839946,-0.05287862635748858,-263.27731514697575,-0.012964923798547823,-0.1146273345320148,0.12840096535346232,0.25,2.0,False,False,False,applied
2026-06-06_run02_circle_r40_on_r03,2900,2907,7,0.0,0.0,-263.27731514697575,7.22930182455985e-15,4.01404307530069e-14,-263.277315146976,0.0,0.0,0.0,-2.2414701031359785,0.2115145054299543,0.029639194119389964,0.5603675257839946,-0.05287862635748858,0.0,0.5603675257839946,-0.05287862635748858,0.0,0.5603675257839946,-0.05287862635748858,-263.27731514697575,-0.012964923798547823,-0.1146273345320148,0.12840096535346232,0.25,2.0,False,False,False,applied
2026-06-06_run02_circle_r40_on_r03,3000,3000,0,0.0,0.0,-263.27731514697575,-2.49472357633398e-14,4.02243588728414e-14,-263.277315146976,0.0,0.0,0.0,-2.241470103135975,0.21151450542995479,0.029639194119389957,0.5603675257839937,-0.052878626357488696,0.0,0.5603675257839937,-0.052878626357488696,0.0,0.5603675257839937,-0.052878626357488696,-263.27731514697575,-0.012964923798547823,-0.1146273345320148,0.12840096535346232,0.25,2.0,False,False,True,applied
2026-06-06_run02_circle_r40_on_r03,3100,3110,10,0.0,0.0,-263.27731514697575,-2.49472357633398e-14,4.02243588728414e-14,-263.277315146976,0.0,0.0,0.0,-2.241470103135975,0.21151450542995479,0.029639194119389957,0.5603675257839937,-0.052878626357488696,0.0,0.5603675257839937,-0.052878626357488696,0.0,0.5603675257839937,-0.052878626357488696,-263.27731514697575,-0.012964923798547823,-0.1146273345320148,0.12840096535346232,0.25,2.0,False,False,False,applied
2026-06-06_run02_circle_r40_on_r03,3200,3204,4,0.0,0.0,-263.27731514697575,-2.49472357633398e-14,4.02243588728414e-14,-263.277315146976,0.0,0.0,0.0,-2.241470103135975,0.21151450542995479,0.029639194119389957,0.5603675257839937,-0.052878626357488696,0.0,0.5603675257839937,-0.052878626357488696,0.0,0.5603675257839937,-0.052878626357488696,-263.27731514697575,-0.012964923798547823,-0.1146273345320148,0.12840096535346232,0.25,2.0,False,False,False,applied
2026-06-06_run02_circle_r40_on_r03,3300,3313,13,0.0,0.0,-263.27731514697575,-2.49472357633398e-14,4.02243588728414e-14,-263.277315146976,0.0,0.0,0.0,-2.241470103135975,0.21151450542995479,0.029639194119389957,0.5603675257839937,-0.052878626357488696,0.0,0.5603675257839937,-0.052878626357488696,0.0,0.5603675257839937,-0.052878626357488696,-263.27731514697575,-0.012964923798547823,-0.1146273345320148,0.12840096535346232,0.25,2.0,False,False,False,applied
2026-06-06_run02_circle_r40_on_r03,3400,3407,7,0.0,0.0,-263.27731514697575,-2.49472357633398e-14,4.02243588728414e-14,-263.277315146976,0.0,0.0,0.0,-2.241470103135975,0.21151450542995479,0.029639194119389957,0.5603675257839937,-0.052878626357488696,0.0,0.5603675257839937,-0.052878626357488696,0.0,0.5603675257839937,-0.052878626357488696,-263.27731514697575,-0.012964923798547823,-0.1146273345320148,0.12840096535346232,0.25,2.0,False,False,False,applied
2026-06-06_run02_circle_r40_on_r03,3500,3500,0,0.0,0.0,-263.27731514697575,-7.01946525923595e-14,4.11188704027232e-14,-263.277315146976,0.0,0.0,0.0,-2.24147010313597,0.21151450542995548,0.029639194119389946,0.5603675257839925,-0.05287862635748887,0.0,0.5603675257839925,-0.05287862635748887,0.0,0.5603675257839925,-0.05287862635748887,-263.27731514697575,-0.012964923798547823,-0.1146273345320148,0.12840096535346235,0.25,2.0,False,False,True,applied
2026-06-06_run02_circle_r40_on_r03,3600,3610,10,0.0,0.0,-263.27731514697575,-7.01946525923595e-14,4.11188704027232e-14,-263.277315146976,0.0,0.0,0.0,-2.24147010313597,0.21151450542995548,0.029639194119389946,0.5603675257839925,-0.05287862635748887,0.0,0.5603675257839925,-0.05287862635748887,0.0,0.5603675257839925,-0.05287862635748887,-263.27731514697575,-0.012964923798547823,-0.1146273345320148,0.12840096535346235,0.25,2.0,False,False,False,applied
2026-06-06_run02_circle_r40_on_r03,3700,3704,4,0.0,0.0,-263.27731514697575,-7.01946525923595e-14,4.11188704027232e-14,-263.277315146976,0.0,0.0,0.0,-2.24147010313597,0.21151450542995548,0.029639194119389946,0.5603675257839925,-0.05287862635748887,0.0,0.5603675257839925,-0.05287862635748887,0.0,0.5603675257839925,-0.05287862635748887,-263.27731514697575,-0.012964923798547823,-0.1146273345320148,0.12840096535346235,0.25,2.0,False,False,False,applied
2026-06-06_run02_circle_r40_on_r03,3800,3813,13,0.0,0.0,-263.27731514697575,-7.01946525923595e-14,4.11188704027232e-14,-263.277315146976,0.0,0.0,0.0,-2.24147010313597,0.21151450542995548,0.029639194119389946,0.5603675257839925,-0.05287862635748887,0.0,0.5603675257839925,-0.05287862635748887,0.0,0.5603675257839925,-0.05287862635748887,-263.27731514697575,-0.012964923798547823,-0.1146273345320148,0.12840096535346235,0.25,2.0,False,False,False,applied
2026-06-06_run02_circle_r40_on_r03,3900,3907,7,0.0,0.0,-263.27731514697575,-7.01946525923595e-14,4.11188704027232e-14,-263.277315146976,0.0,0.0,0.0,-2.24147010313597,0.21151450542995548,0.029639194119389946,0.5603675257839925,-0.05287862635748887,0.0,0.5603675257839925,-0.05287862635748887,0.0,0.5603675257839925,-0.05287862635748887,-263.27731514697575,-0.012964923798547823,-0.1146273345320148,0.12840096535346235,0.25,2.0,False,False,False,applied
2026-06-06_run02_circle_r40_on_r03,4000,4000,0,0.0,0.0,-263.27731514697575,-3.31707579213487e-14,4.78737765365526e-14,-263.277315146976,0.0,0.0,0.0,-2.241470103135974,0.2115145054299552,0.02963919411938995,0.5603675257839935,-0.0528786263574888,0.0,0.5603675257839935,-0.0528786263574888,0.0,0.5603675257839935,-0.0528786263574888,-263.27731514697575,-0.012964923798547823,-0.1146273345320148,0.12840096535346232,0.25,2.0,False,False,True,applied
2026-06-06_run02_circle_r40_on_r03,4100,4110,10,0.0,0.0,-263.27731514697575,-3.31707579213487e-14,4.78737765365526e-14,-263.277315146976,0.0,0.0,0.0,-2.241470103135974,0.2115145054299552,0.02963919411938995,0.5603675257839935,-0.0528786263574888,0.0,0.5603675257839935,-0.0528786263574888,0.0,0.5603675257839935,-0.0528786263574888,-263.27731514697575,-0.012964923798547823,-0.1146273345320148,0.12840096535346232,0.25,2.0,False,False,False,applied
2026-06-06_run02_circle_r40_on_r03,4200,4204,4,0.0,0.0,-263.27731514697575,-3.31707579213487e-14,4.78737765365526e-14,-263.277315146976,0.0,0.0,0.0,-2.241470103135974,0.2115145054299552,0.02963919411938995,0.5603675257839935,-0.0528786263574888,0.0,0.5603675257839935,-0.0528786263574888,0.0,0.5603675257839935,-0.0528786263574888,-263.27731514697575,-0.012964923798547823,-0.1146273345320148,0.12840096535346232,0.25,2.0,False,False,False,applied
2026-06-06_run02_circle_r40_on_r03,4300,4313,13,0.0,0.0,-263.27731514697575,-3.31707579213487e-14,4.78737765365526e-14,-263.277315146976,0.0,0.0,0.0,-2.241470103135974,0.2115145054299552,0.02963919411938995,0.5603675257839935,-0.0528786263574888,0.0,0.5603675257839935,-0.0528786263574888,0.0,0.5603675257839935,-0.0528786263574888,-263.27731514697575,-0.012964923798547823,-0.1146273345320148,0.12840096535346232,0.25,2.0,False,False,False,applied
2026-06-06_run02_circle_r40_on_r03,4400,4407,7,0.0,0.0,-263.27731514697575,-3.31707579213487e-14,4.78737765365526e-14,-263.277315146976,0.0,0.0,0.0,-2.241470103135974,0.2115145054299552,0.02963919411938995,0.5603675257839935,-0.0528786263574888,0.0,0.5603675257839935,-0.0528786263574888,0.0,0.5603675257839935,-0.0528786263574888,-263.27731514697575,-0.012964923798547823,-0.1146273345320148,0.12840096535346232,0.25,2.0,False,False,False,applied
2026-06-06_run02_circle_r40_on_r03,4500,4500,0,0.0,0.0,-263.27731514697575,-5.94985430917366e-15,5.94731868546133e-14,-263.277315146976,0.0,0.0,0.0,-2.2414701031359767,0.21151450542995529,0.02963919411938995,0.5603675257839942,-0.05287862635748882,0.0,0.5603675257839942,-0.05287862635748882,0.0,0.5603675257839942,-0.05287862635748882,-263.27731514697575,-0.012964923798547823,-0.1146273345320148,0.12840096535346232,0.25,2.0,False,False,True,applied
2026-06-06_run02_circle_r40_on_r03,4600,4610,10,0.0,0.0,-263.27731514697575,-5.94985430917366e-15,5.94731868546133e-14,-263.277315146976,0.0,0.0,0.0,-2.2414701031359767,0.21151450542995529,0.02963919411938995,0.5603675257839942,-0.05287862635748882,0.0,0.5603675257839942,-0.05287862635748882,0.0,0.5603675257839942,-0.05287862635748882,-263.27731514697575,-0.012964923798547823,-0.1146273345320148,0.12840096535346232,0.25,2.0,False,False,False,applied
2026-06-06_run02_circle_r40_on_r03,4700,4704,4,0.0,0.0,-263.27731514697575,-5.94985430917366e-15,5.94731868546133e-14,-263.277315146976,0.0,0.0,0.0,-2.2414701031359767,0.21151450542995529,0.02963919411938995,0.5603675257839942,-0.05287862635748882,0.0,0.5603675257839942,-0.05287862635748882,0.0,0.5603675257839942,-0.05287862635748882,-263.27731514697575,-0.012964923798547823,-0.1146273345320148,0.12840096535346232,0.25,2.0,False,False,False,applied
2026-06-06_run02_circle_r40_on_r03,4800,4813,13,0.0,0.0,-263.27731514697575,-5.94985430917366e-15,5.94731868546133e-14,-263.277315146976,0.0,0.0,0.0,-2.2414701031359767,0.21151450542995529,0.02963919411938995,0.5603675257839942,-0.05287862635748882,0.0,0.5603675257839942,-0.05287862635748882,0.0,0.5603675257839942,-0.05287862635748882,-263.27731514697575,-0.012964923798547823,-0.1146273345320148,0.12840096535346232,0.25,2.0,False,False,False,applied
2026-06-06_run02_circle_r40_on_r03,4900,4907,7,0.0,0.0,-263.27731514697575,-5.94985430917366e-15,5.94731868546133e-14,-263.277315146976,0.0,0.0,0.0,-2.2414701031359767,0.21151450542995529,0.02963919411938995,0.5603675257839942,-0.05287862635748882,0.0,0.5603675257839942,-0.05287862635748882,0.0,0.5603675257839942,-0.05287862635748882,-263.27731514697575,-0.012964923798547823,-0.1146273345320148,0.12840096535346232,0.25,2.0,False,False,False,applied
2026-06-06_run02_circle_r40_on_r03,5000,5000,0,40.0,0.0,-263.27731514697575,31.5715952695589,-1.16400062950338,-263.760337353959,1.0,-7.0,10.0,-2.7106282504571917,-3.2317684205403485,0.11914924981330031,0.6776570626142979,0.8079421051350871,0.0,0.6776570626142979,0.8079421051350871,0.0,40.6776570626143,0.8079421051350871,-263.27731514697575,1.6417378668876255,-7.471214693014266,10.0333824292816,0.25,2.0,False,False,True,applied
2026-06-06_run02_circle_r40_on_r03,5100,5110,10,40.0,0.0,-263.27731514697575,31.5715952695589,-1.16400062950338,-263.760337353959,1.0,-7.0,10.0,-2.7106282504571917,-3.2317684205403485,0.11914924981330031,0.6776570626142979,0.8079421051350871,0.0,0.6776570626142979,0.8079421051350871,0.0,40.6776570626143,0.8079421051350871,-263.27731514697575,1.6417378668876255,-7.471214693014266,10.0333824292816,0.25,2.0,False,False,False,applied
2026-06-06_run02_circle_r40_on_r03,5200,5204,4,40.0,0.0,-263.27731514697575,31.5715952695589,-1.16400062950338,-263.760337353959,1.0,-7.0,10.0,-2.7106282504571917,-3.2317684205403485,0.11914924981330031,0.6776570626142979,0.8079421051350871,0.0,0.6776570626142979,0.8079421051350871,0.0,40.6776570626143,0.8079421051350871,-263.27731514697575,1.6417378668876255,-7.471214693014266,10.0333824292816,0.25,2.0,False,False,False,applied
2026-06-06_run02_circle_r40_on_r03,5300,5313,13,40.0,0.0,-263.27731514697575,31.5715952695589,-1.16400062950338,-263.760337353959,1.0,-7.0,10.0,-2.7106282504571917,-3.2317684205403485,0.11914924981330031,0.6776570626142979,0.8079421051350871,0.0,0.6776570626142979,0.8079421051350871,0.0,40.6776570626143,0.8079421051350871,-263.27731514697575,1.6417378668876255,-7.471214693014266,10.0333824292816,0.25,2.0,False,False,False,applied
2026-06-06_run02_circle_r40_on_r03,5400,5407,7,40.0,0.0,-263.27731514697575,31.5715952695589,-1.16400062950338,-263.760337353959,1.0,-7.0,10.0,-2.7106282504571917,-3.2317684205403485,0.11914924981330031,0.6776570626142979,0.8079421051350871,0.0,0.6776570626142979,0.8079421051350871,0.0,40.6776570626143,0.8079421051350871,-263.27731514697575,1.6417378668876255,-7.471214693014266,10.0333824292816,0.25,2.0,False,False,False,applied
2026-06-06_run02_circle_r40_on_r03,5500,5500,0,40.0,0.0,-263.27731514697575,39.511605752396,-1.49082185835997,-263.305768143696,1.0,-7.0,10.0,-3.874716322989416,-2.49648601277038,0.03741626758472951,0.968679080747354,0.624121503192595,0.0,0.968679080747354,0.624121503192595,0.0,40.96867908074736,0.624121503192595,-263.27731514697575,1.6162243061135888,-7.490560428337886,10.136700550055341,0.25,2.0,False,False,True,applied
2026-06-06_run02_circle_r40_on_r03,5600,5610,10,40.0,0.0,-263.27731514697575,39.511605752396,-1.49082185835997,-263.305768143696,1.0,-7.0,10.0,-3.874716322989416,-2.49648601277038,0.03741626758472951,0.968679080747354,0.624121503192595,0.0,0.968679080747354,0.624121503192595,0.0,40.96867908074736,0.624121503192595,-263.27731514697575,1.6162243061135888,-7.490560428337886,10.136700550055341,0.25,2.0,False,False,False,applied
2026-06-06_run02_circle_r40_on_r03,5700,5704,4,40.0,0.0,-263.27731514697575,39.511605752396,-1.49082185835997,-263.305768143696,1.0,-7.0,10.0,-3.874716322989416,-2.49648601277038,0.03741626758472951,0.968679080747354,0.624121503192595,0.0,0.968679080747354,0.624121503192595,0.0,40.96867908074736,0.624121503192595,-263.27731514697575,1.6162243061135888,-7.490560428337886,10.136700550055341,0.25,2.0,False,False,False,applied
2026-06-06_run02_circle_r40_on_r03,5800,5813,13,40.0,0.0,-263.27731514697575,39.511605752396,-1.49082185835997,-263.305768143696,1.0,-7.0,10.0,-3.874716322989416,-2.49648601277038,0.03741626758472951,0.968679080747354,0.624121503192595,0.0,0.968679080747354,0.624121503192595,0.0,40.96867908074736,0.624121503192595,-263.27731514697575,1.6162243061135888,-7.490560428337886,10.136700550055341,0.25,2.0,False,False,False,applied
2026-06-06_run02_circle_r40_on_r03,5900,5907,7,40.0,0.0,-263.27731514697575,39.511605752396,-1.49082185835997,-263.305768143696,1.0,-7.0,10.0,-3.874716322989416,-2.49648601277038,0.03741626758472951,0.968679080747354,0.624121503192595,0.0,0.968679080747354,0.624121503192595,0.0,40.96867908074736,0.624121503192595,-263.27731514697575,1.6162243061135888,-7.490560428337886,10.136700550055341,0.25,2.0,False,False,False,applied
2026-06-06_run02_circle_r40_on_r03,6000,6000,0,40.0,0.0,-263.27731514697575,39.5112211325955,-1.49080561460065,-263.305796113924,1.0,-7.0,10.0,-3.8746562999914484,-2.4965329006003736,0.03742131757256832,0.9686640749978621,0.6241332251500934,0.0,0.9686640749978621,0.6241332251500934,0.0,40.96866407499786,0.6241332251500934,-263.27731514697575,1.6162261795026962,-7.490559712654272,10.13669494969686,0.25,2.0,False,False,True,applied
2026-06-06_run02_circle_r40_on_r03,6100,6110,10,40.0,0.0,-263.27731514697575,39.5112211325955,-1.49080561460065,-263.305796113924,1.0,-7.0,10.0,-3.8746562999914484,-2.4965329006003736,0.03742131757256832,0.9686640749978621,0.6241332251500934,0.0,0.9686640749978621,0.6241332251500934,0.0,40.96866407499786,0.6241332251500934,-263.27731514697575,1.6162261795026962,-7.490559712654272,10.13669494969686,0.25,2.0,False,False,False,applied
2026-06-06_run02_circle_r40_on_r03,6200,6204,4,40.0,0.0,-263.27731514697575,39.5112211325955,-1.49080561460065,-263.305796113924,1.0,-7.0,10.0,-3.8746562999914484,-2.4965329006003736,0.03742131757256832,0.9686640749978621,0.6241332251500934,0.0,0.9686640749978621,0.6241332251500934,0.0,40.96866407499786,0.6241332251500934,-263.27731514697575,1.6162261795026962,-7.490559712654272,10.13669494969686,0.25,2.0,False,False,False,applied
2026-06-06_run02_circle_r40_on_r03,6300,6313,13,40.0,0.0,-263.27731514697575,39.5112211325955,-1.49080561460065,-263.305796113924,1.0,-7.0,10.0,-3.8746562999914484,-2.4965329006003736,0.03742131757256832,0.9686640749978621,0.6241332251500934,0.0,0.9686640749978621,0.6241332251500934,0.0,40.96866407499786,0.6241332251500934,-263.27731514697575,1.6162261795026962,-7.490559712654272,10.13669494969686,0.25,2.0,False,False,False,applied
2026-06-06_run02_circle_r40_on_r03,6400,6407,7,40.0,0.0,-263.27731514697575,39.5112211325955,-1.49080561460065,-263.305796113924,1.0,-7.0,10.0,-3.8746562999914484,-2.4965329006003736,0.03742131757256832,0.9686640749978621,0.6241332251500934,0.0,0.9686640749978621,0.6241332251500934,0.0,40.96866407499786,0.6241332251500934,-263.27731514697575,1.6162261795026962,-7.490559712654272,10.13669494969686,0.25,2.0,False,False,False,applied
2026-06-06_run02_circle_r40_on_r03,6500,6500,0,40.0,0.0,-263.27731514697575,39.5110098517776,-1.49079669153875,-263.305811478337,1.0,-7.0,10.0,-3.8746233281118236,-2.496558656635125,0.0374240915962849,0.9686558320279559,0.6241396641587813,0.0,0.9686558320279559,0.6241396641587813,0.0,40.968655832027956,0.6241396641587813,-263.27731514697575,1.616227208567695,-7.49055931949282,10.136691873316689,0.25,2.0,False,False,True,applied
2026-06-06_run02_circle_r40_on_r03,6600,6610,10,40.0,0.0,-263.27731514697575,39.5110098517776,-1.49079669153875,-263.305811478337,1.0,-7.0,10.0,-3.8746233281118236,-2.496558656635125,0.0374240915962849,0.9686558320279559,0.6241396641587813,0.0,0.9686558320279559,0.6241396641587813,0.0,40.968655832027956,0.6241396641587813,-263.27731514697575,1.616227208567695,-7.49055931949282,10.136691873316689,0.25,2.0,False,False,False,applied
2026-06-06_run02_circle_r40_on_r03,6700,6704,4,40.0,0.0,-263.27731514697575,39.5110098517776,-1.49079669153875,-263.305811478337,1.0,-7.0,10.0,-3.8746233281118236,-2.496558656635125,0.0374240915962849,0.9686558320279559,0.6241396641587813,0.0,0.9686558320279559,0.6241396641587813,0.0,40.968655832027956,0.6241396641587813,-263.27731514697575,1.616227208567695,-7.49055931949282,10.136691873316689,0.25,2.0,False,False,False,applied
2026-06-06_run02_circle_r40_on_r03,6800,6813,13,40.0,0.0,-263.27731514697575,39.5110098517776,-1.49079669153875,-263.305811478337,1.0,-7.0,10.0,-3.8746233281118236,-2.496558656635125,0.0374240915962849,0.9686558320279559,0.6241396641587813,0.0,0.9686558320279559,0.6241396641587813,0.0,40.968655832027956,0.6241396641587813,-263.27731514697575,1.616227208567695,-7.49055931949282,10.136691873316689,0.25,2.0,False,False,False,applied
2026-06-06_run02_circle_r40_on_r03,6900,6907,7,40.0,0.0,-263.27731514697575,39.5110098517776,-1.49079669153875,-263.305811478337,1.0,-7.0,10.0,-3.8746233281118236,-2.496558656635125,0.0374240915962849,0.9686558320279559,0.6241396641587813,0.0,0.9686558320279559,0.6241396641587813,0.0,40.968655832027956,0.6241396641587813,-263.27731514697575,1.616227208567695,-7.49055931949282,10.136691873316689,0.25,2.0,False,False,False,applied
2026-06-06_run02_circle_r40_on_r03,7000,7000,0,39.84778792366982,3.4862297099063264,-263.27731514697575,39.3772034244672,2.79552204900486,-262.710618632392,2.0,-8.0,9.0,-4.040940822206952,-1.1097764437269437,-0.0692722781297553,1.010235205551738,0.27744411093173593,0.0,1.010235205551738,0.27744411093173593,0.0,40.85802312922156,3.7636738208380622,-263.27731514697575,2.4043133690292056,-7.852638921485337,9.737115879722403,0.25,2.0,False,False,True,applied
2026-06-06_run02_circle_r40_on_r03,7100,7110,10,39.84778792366982,3.4862297099063264,-263.27731514697575,39.3772034244672,2.79552204900486,-262.710618632392,2.0,-8.0,9.0,-4.040940822206952,-1.1097764437269437,-0.0692722781297553,1.010235205551738,0.27744411093173593,0.0,1.010235205551738,0.27744411093173593,0.0,40.85802312922156,3.7636738208380622,-263.27731514697575,2.4043133690292056,-7.852638921485337,9.737115879722403,0.25,2.0,False,False,False,applied
2026-06-06_run02_circle_r40_on_r03,7200,7204,4,39.84778792366982,3.4862297099063264,-263.27731514697575,39.3772034244672,2.79552204900486,-262.710618632392,2.0,-8.0,9.0,-4.040940822206952,-1.1097764437269437,-0.0692722781297553,1.010235205551738,0.27744411093173593,0.0,1.010235205551738,0.27744411093173593,0.0,40.85802312922156,3.7636738208380622,-263.27731514697575,2.4043133690292056,-7.852638921485337,9.737115879722403,0.25,2.0,False,False,False,applied
2026-06-06_run02_circle_r40_on_r03,7300,7313,13,39.84778792366982,3.4862297099063264,-263.27731514697575,39.3772034244672,2.79552204900486,-262.710618632392,2.0,-8.0,9.0,-4.040940822206952,-1.1097764437269437,-0.0692722781297553,1.010235205551738,0.27744411093173593,0.0,1.010235205551738,0.27744411093173593,0.0,40.85802312922156,3.7636738208380622,-263.27731514697575,2.4043133690292056,-7.852638921485337,9.737115879722403,0.25,2.0,False,False,False,applied
2026-06-06_run02_circle_r40_on_r03,7400,7407,7,39.84778792366982,3.4862297099063264,-263.27731514697575,39.3772034244672,2.79552204900486,-262.710618632392,2.0,-8.0,9.0,-4.040940822206952,-1.1097764437269437,-0.0692722781297553,1.010235205551738,0.27744411093173593,0.0,1.010235205551738,0.27744411093173593,0.0,40.85802312922156,3.7636738208380622,-263.27731514697575,2.4043133690292056,-7.852638921485337,9.737115879722403,0.25,2.0,False,False,False,applied
2026-06-06_run02_circle_r40_on_r03,7417,7422,5,39.39231012048832,6.945927106677213,-263.27731514697575,39.3662800385655,4.4874024660209,-262.705023607767,3.0,-8.0,9.0,-4.138593683344803,-1.0690422418009096,-0.06684989608347554,1.0346484208362008,0.2672605604502274,0.0,1.0346484208362008,0.2672605604502274,0.0,40.42695854132452,7.213187667127441,-263.27731514697575,3.2667022007506947,-8.185581504854005,9.22981594670993,0.25,2.0,False,False,True,applied
2026-06-06_run02_circle_r40_on_r03,7517,7532,15,39.39231012048832,6.945927106677213,-263.27731514697575,39.3662800385655,4.4874024660209,-262.705023607767,3.0,-8.0,9.0,-4.138593683344803,-1.0690422418009096,-0.06684989608347554,1.0346484208362008,0.2672605604502274,0.0,1.0346484208362008,0.2672605604502274,0.0,40.42695854132452,7.213187667127441,-263.27731514697575,3.2667022007506947,-8.185581504854005,9.22981594670993,0.25,2.0,False,False,False,applied
2026-06-06_run02_circle_r40_on_r03,7617,7625,8,39.39231012048832,6.945927106677213,-263.27731514697575,39.3662800385655,4.4874024660209,-262.705023607767,3.0,-8.0,9.0,-4.138593683344803,-1.0690422418009096,-0.06684989608347554,1.0346484208362008,0.2672605604502274,0.0,1.0346484208362008,0.2672605604502274,0.0,40.42695854132452,7.213187667127441,-263.27731514697575,3.2667022007506947,-8.185581504854005,9.22981594670993,0.25,2.0,False,False,False,applied
2026-06-06_run02_circle_r40_on_r03,7717,7719,2,39.39231012048832,6.945927106677213,-263.27731514697575,39.3662800385655,4.4874024660209,-262.705023607767,3.0,-8.0,9.0,-4.138593683344803,-1.0690422418009096,-0.06684989608347554,1.0346484208362008,0.2672605604502274,0.0,1.0346484208362008,0.2672605604502274,0.0,40.42695854132452,7.213187667127441,-263.27731514697575,3.2667022007506947,-8.185581504854005,9.22981594670993,0.25,2.0,False,False,False,applied
2026-06-06_run02_circle_r40_on_r03,7817,7829,12,39.39231012048832,6.945927106677213,-263.27731514697575,39.3662800385655,4.4874024660209,-262.705023607767,3.0,-8.0,9.0,-4.138593683344803,-1.0690422418009096,-0.06684989608347554,1.0346484208362008,0.2672605604502274,0.0,1.0346484208362008,0.2672605604502274,0.0,40.42695854132452,7.213187667127441,-263.27731514697575,3.2667022007506947,-8.185581504854005,9.22981594670993,0.25,2.0,False,False,False,applied
2026-06-06_run02_circle_r40_on_r03,7833,7860,27,38.63703305156273,10.35276180410083,-263.27731514697575,38.9426978969819,7.42519612900029,-263.262055875484,4.0,-8.0,8.0,-3.9001930116526315,-1.8723393336682008,0.038719772146902684,0.9750482529131579,0.4680848334170502,0.0,0.9750482529131579,0.4680848334170502,0.0,39.612081304475886,10.82084663751788,-263.27731514697575,4.163978044400112,-8.457993265330881,8.618158877958066,0.25,2.0,False,False,True,applied
2026-06-06_run02_circle_r40_on_r03,7933,7954,21,38.63703305156273,10.35276180410083,-263.27731514697575,38.9426978969819,7.42519612900029,-263.262055875484,4.0,-8.0,8.0,-3.9001930116526315,-1.8723393336682008,0.038719772146902684,0.9750482529131579,0.4680848334170502,0.0,0.9750482529131579,0.4680848334170502,0.0,39.612081304475886,10.82084663751788,-263.27731514697575,4.163978044400112,-8.457993265330881,8.618158877958066,0.25,2.0,False,False,False,applied
2026-06-06_run02_circle_r40_on_r03,8033,8047,14,38.63703305156273,10.35276180410083,-263.27731514697575,38.9426978969819,7.42519612900029,-263.262055875484,4.0,-8.0,8.0,-3.9001930116526315,-1.8723393336682008,0.038719772146902684,0.9750482529131579,0.4680848334170502,0.0,0.9750482529131579,0.4680848334170502,0.0,39.612081304475886,10.82084663751788,-263.27731514697575,4.163978044400112,-8.457993265330881,8.618158877958066,0.25,2.0,False,False,False,applied
2026-06-06_run02_circle_r40_on_r03,8133,8141,8,38.63703305156273,10.35276180410083,-263.27731514697575,38.9426978969819,7.42519612900029,-263.262055875484,4.0,-8.0,8.0,-3.9001930116526315,-1.8723393336682008,0.038719772146902684,0.9750482529131579,0.4680848334170502,0.0,0.9750482529131579,0.4680848334170502,0.0,39.612081304475886,10.82084663751788,-263.27731514697575,4.163978044400112,-8.457993265330881,8.618158877958066,0.25,2.0,False,False,False,applied
2026-06-06_run02_circle_r40_on_r03,8233,8235,2,38.63703305156273,10.35276180410083,-263.27731514697575,38.9426978969819,7.42519612900029,-263.262055875484,4.0,-8.0,8.0,-3.9001930116526315,-1.8723393336682008,0.038719772146902684,0.9750482529131579,0.4680848334170502,0.0,0.9750482529131579,0.4680848334170502,0.0,39.612081304475886,10.82084663751788,-263.27731514697575,4.163978044400112,-8.457993265330881,8.618158877958066,0.25,2.0,False,False,False,applied
2026-06-06_run02_circle_r40_on_r03,8250,8250,0,37.58770483143634,13.680805733026748,-263.27731514697575,37.1238613117783,11.2232531351485,-263.547079107673,5.0,-8.0,8.0,-3.591633555490775,-2.274355162816954,0.09304581798139858,0.8979083888726938,0.5685887907042385,0.0,0.8979083888726938,0.5685887907042385,0.0,38.485613220309034,14.249394523730986,-263.27731514697575,5.01294229588635,-8.642773413768372,7.958853433902424,0.25,2.0,False,False,True,applied
2026-06-06_run02_circle_r40_on_r03,8350,8360,10,37.58770483143634,13.680805733026748,-263.27731514697575,37.1238613117783,11.2232531351485,-263.547079107673,5.0,-8.0,8.0,-3.591633555490775,-2.274355162816954,0.09304581798139858,0.8979083888726938,0.5685887907042385,0.0,0.8979083888726938,0.5685887907042385,0.0,38.485613220309034,14.249394523730986,-263.27731514697575,5.01294229588635,-8.642773413768372,7.958853433902424,0.25,2.0,False,False,False,applied
2026-06-06_run02_circle_r40_on_r03,8450,8454,4,37.58770483143634,13.680805733026748,-263.27731514697575,37.1238613117783,11.2232531351485,-263.547079107673,5.0,-8.0,8.0,-3.591633555490775,-2.274355162816954,0.09304581798139858,0.8979083888726938,0.5685887907042385,0.0,0.8979083888726938,0.5685887907042385,0.0,38.485613220309034,14.249394523730986,-263.27731514697575,5.01294229588635,-8.642773413768372,7.958853433902424,0.25,2.0,False,False,False,applied
2026-06-06_run02_circle_r40_on_r03,8550,8563,13,37.58770483143634,13.680805733026748,-263.27731514697575,37.1238613117783,11.2232531351485,-263.547079107673,5.0,-8.0,8.0,-3.591633555490775,-2.274355162816954,0.09304581798139858,0.8979083888726938,0.5685887907042385,0.0,0.8979083888726938,0.5685887907042385,0.0,38.485613220309034,14.249394523730986,-263.27731514697575,5.01294229588635,-8.642773413768372,7.958853433902424,0.25,2.0,False,False,False,applied
2026-06-06_run02_circle_r40_on_r03,8650,8657,7,37.58770483143634,13.680805733026748,-263.27731514697575,37.1238613117783,11.2232531351485,-263.547079107673,5.0,-8.0,8.0,-3.591633555490775,-2.274355162816954,0.09304581798139858,0.8979083888726938,0.5685887907042385,0.0,0.8979083888726938,0.5685887907042385,0.0,38.485613220309034,14.249394523730986,-263.27731514697575,5.01294229588635,-8.642773413768372,7.958853433902424,0.25,2.0,False,False,False,applied
2026-06-06_run02_circle_r40_on_r03,8667,8672,5,36.252311481465995,16.904730469627978,-263.27731514697575,37.1497319503659,14.5694385357142,-263.776823507785,6.0,-9.0,7.0,-3.2852333715378963,-2.4913334171626524,0.13809267090336216,0.8213083428844741,0.6228333542906631,0.0,0.8213083428844741,0.6228333542906631,0.0,37.073619824350466,17.52756382391864,-263.27731514697575,5.821936357499011,-8.748045152020815,7.254776160696155,0.25,2.0,False,False,True,applied
2026-06-06_run02_circle_r40_on_r03,8767,8782,15,36.252311481465995,16.904730469627978,-263.27731514697575,37.1497319503659,14.5694385357142,-263.776823507785,6.0,-9.0,7.0,-3.2852333715378963,-2.4913334171626524,0.13809267090336216,0.8213083428844741,0.6228333542906631,0.0,0.8213083428844741,0.6228333542906631,0.0,37.073619824350466,17.52756382391864,-263.27731514697575,5.821936357499011,-8.748045152020815,7.254776160696155,0.25,2.0,False,False,False,applied
2026-06-06_run02_circle_r40_on_r03,8867,8875,8,36.252311481465995,16.904730469627978,-263.27731514697575,37.1497319503659,14.5694385357142,-263.776823507785,6.0,-9.0,7.0,-3.2852333715378963,-2.4913334171626524,0.13809267090336216,0.8213083428844741,0.6228333542906631,0.0,0.8213083428844741,0.6228333542906631,0.0,37.073619824350466,17.52756382391864,-263.27731514697575,5.821936357499011,-8.748045152020815,7.254776160696155,0.25,2.0,False,False,False,applied
2026-06-06_run02_circle_r40_on_r03,8967,8969,2,36.252311481465995,16.904730469627978,-263.27731514697575,37.1497319503659,14.5694385357142,-263.776823507785,6.0,-9.0,7.0,-3.2852333715378963,-2.4913334171626524,0.13809267090336216,0.8213083428844741,0.6228333542906631,0.0,0.8213083428844741,0.6228333542906631,0.0,37.073619824350466,17.52756382391864,-263.27731514697575,5.821936357499011,-8.748045152020815,7.254776160696155,0.25,2.0,False,False,False,applied
2026-06-06_run02_circle_r40_on_r03,9067,9079,12,36.252311481465995,16.904730469627978,-263.27731514697575,37.1497319503659,14.5694385357142,-263.776823507785,6.0,-9.0,7.0,-3.2852333715378963,-2.4913334171626524,0.13809267090336216,0.8213083428844741,0.6228333542906631,0.0,0.8213083428844741,0.6228333542906631,0.0,37.073619824350466,17.52756382391864,-263.27731514697575,5.821936357499011,-8.748045152020815,7.254776160696155,0.25,2.0,False,False,False,applied
2026-06-06_run02_circle_r40_on_r03,9083,9094,11,34.64101615137755,19.999999999999996,-263.27731514697575,36.5121624173754,18.9442507311012,-262.858119144156,6.0,-9.0,6.0,-3.785714881412829,-0.3999744116189858,-0.03195060451966556,0.9464287203532072,0.09999360290474645,0.0,0.9464287203532072,0.09999360290474645,0.0,35.58744487173075,20.099993602904743,-263.27731514697575,6.4471375672307225,-8.75756727677853,6.612140064281588,0.25,2.0,False,False,True,applied
2026-06-06_run02_circle_r40_on_r03,9183,9188,5,34.64101615137755,19.999999999999996,-263.27731514697575,36.5121624173754,18.9442507311012,-262.858119144156,6.0,-9.0,6.0,-3.785714881412829,-0.3999744116189858,-0.03195060451966556,0.9464287203532072,0.09999360290474645,0.0,0.9464287203532072,0.09999360290474645,0.0,35.58744487173075,20.099993602904743,-263.27731514697575,6.4471375672307225,-8.75756727677853,6.612140064281588,0.25,2.0,False,False,False,applied
2026-06-06_run02_circle_r40_on_r03,9283,9297,14,34.64101615137755,19.999999999999996,-263.27731514697575,36.5121624173754,18.9442507311012,-262.858119144156,6.0,-9.0,6.0,-3.785714881412829,-0.3999744116189858,-0.03195060451966556,0.9464287203532072,0.09999360290474645,0.0,0.9464287203532072,0.09999360290474645,0.0,35.58744487173075,20.099993602904743,-263.27731514697575,6.4471375672307225,-8.75756727677853,6.612140064281588,0.25,2.0,False,False,False,applied
2026-06-06_run02_circle_r40_on_r03,9383,9391,8,34.64101615137755,19.999999999999996,-263.27731514697575,36.5121624173754,18.9442507311012,-262.858119144156,6.0,-9.0,6.0,-3.785714881412829,-0.3999744116189858,-0.03195060451966556,0.9464287203532072,0.09999360290474645,0.0,0.9464287203532072,0.09999360290474645,0.0,35.58744487173075,20.099993602904743,-263.27731514697575,6.4471375672307225,-8.75756727677853,6.612140064281588,0.25,2.0,False,False,False,applied
2026-06-06_run02_circle_r40_on_r03,9483,9485,2,34.64101615137755,19.999999999999996,-263.27731514697575,36.5121624173754,18.9442507311012,-262.858119144156,6.0,-9.0,6.0,-3.785714881412829,-0.3999744116189858,-0.03195060451966556,0.9464287203532072,0.09999360290474645,0.0,0.9464287203532072,0.09999360290474645,0.0,35.58744487173075,20.099993602904743,-263.27731514697575,6.4471375672307225,-8.75756727677853,6.612140064281588,0.25,2.0,False,False,False,applied
2026-06-06_run02_circle_r40_on_r03,9500,9500,0,32.76608177155967,22.943057454041842,-263.27731514697575,34.6219947220224,20.6097160772328,-262.574239033025,7.0,-9.0,6.0,-3.8445116477869776,0.19454894837120956,-0.08087857035725014,0.9611279119467444,-0.04863723709280239,0.0,0.9611279119467444,-0.04863723709280239,0.0,33.727209683506416,22.89442021694904,-263.27731514697575,7.127380110408321,-8.712278347516927,5.862464364390794,0.25,2.0,False,False,True,applied
2026-06-06_run02_circle_r40_on_r03,9600,9610,10,32.76608177155967,22.943057454041842,-263.27731514697575,34.6219947220224,20.6097160772328,-262.574239033025,7.0,-9.0,6.0,-3.8445116477869776,0.19454894837120956,-0.08087857035725014,0.9611279119467444,-0.04863723709280239,0.0,0.9611279119467444,-0.04863723709280239,0.0,33.727209683506416,22.89442021694904,-263.27731514697575,7.127380110408321,-8.712278347516927,5.862464364390794,0.25,2.0,False,False,False,applied
2026-06-06_run02_circle_r40_on_r03,9700,9704,4,32.76608177155967,22.943057454041842,-263.27731514697575,34.6219947220224,20.6097160772328,-262.574239033025,7.0,-9.0,6.0,-3.8445116477869776,0.19454894837120956,-0.08087857035725014,0.9611279119467444,-0.04863723709280239,0.0,0.9611279119467444,-0.04863723709280239,0.0,33.727209683506416,22.89442021694904,-263.27731514697575,7.127380110408321,-8.712278347516927,5.862464364390794,0.25,2.0,False,False,False,applied
2026-06-06_run02_circle_r40_on_r03,9800,9813,13,32.76608177155967,22.943057454041842,-263.27731514697575,34.6219947220224,20.6097160772328,-262.574239033025,7.0,-9.0,6.0,-3.8445116477869776,0.19454894837120956,-0.08087857035725014,0.9611279119467444,-0.04863723709280239,0.0,0.9611279119467444,-0.04863723709280239,0.0,33.727209683506416,22.89442021694904,-263.27731514697575,7.127380110408321,-8.712278347516927,5.862464364390794,0.25,2.0,False,False,False,applied
2026-06-06_run02_circle_r40_on_r03,9900,9907,7,32.76608177155967,22.943057454041842,-263.27731514697575,34.6219947220224,20.6097160772328,-262.574239033025,7.0,-9.0,6.0,-3.8445116477869776,0.19454894837120956,-0.08087857035725014,0.9611279119467444,-0.04863723709280239,0.0,0.9611279119467444,-0.04863723709280239,0.0,33.727209683506416,22.89442021694904,-263.27731514697575,7.127380110408321,-8.712278347516927,5.862464364390794,0.25,2.0,False,False,False,applied
2026-06-06_run02_circle_r40_on_r03,9917,9938,21,30.64177772475912,25.71150438746157,-263.27731514697575,33.6588881134281,23.3559842657367,-263.206604844569,8.0,-8.0,5.0,-3.8148341186315564,-0.7074010970560265,0.038895633030646665,0.9537085296578891,0.17685027426400662,0.0,0.9537085296578891,0.17685027426400662,0.0,31.595486254417008,25.888354661725575,-263.27731514697575,7.867863627858444,-8.619886534162385,5.041222861560549,0.25,2.0,False,False,True,applied
2026-06-06_run02_circle_r40_on_r03,10017,10032,15,30.64177772475912,25.71150438746157,-263.27731514697575,33.6588881134281,23.3559842657367,-263.206604844569,8.0,-8.0,5.0,-3.8148341186315564,-0.7074010970560265,0.038895633030646665,0.9537085296578891,0.17685027426400662,0.0,0.9537085296578891,0.17685027426400662,0.0,31.595486254417008,25.888354661725575,-263.27731514697575,7.867863627858444,-8.619886534162385,5.041222861560549,0.25,2.0,False,False,False,applied
2026-06-06_run02_circle_r40_on_r03,10117,10125,8,30.64177772475912,25.71150438746157,-263.27731514697575,33.6588881134281,23.3559842657367,-263.206604844569,8.0,-8.0,5.0,-3.8148341186315564,-0.7074010970560265,0.038895633030646665,0.9537085296578891,0.17685027426400662,0.0,0.9537085296578891,0.17685027426400662,0.0,31.595486254417008,25.888354661725575,-263.27731514697575,7.867863627858444,-8.619886534162385,5.041222861560549,0.25,2.0,False,False,False,applied
2026-06-06_run02_circle_r40_on_r03,10217,10219,2,30.64177772475912,25.71150438746157,-263.27731514697575,33.6588881134281,23.3559842657367,-263.206604844569,8.0,-8.0,5.0,-3.8148341186315564,-0.7074010970560265,0.038895633030646665,0.9537085296578891,0.17685027426400662,0.0,0.9537085296578891,0.17685027426400662,0.0,31.595486254417008,25.888354661725575,-263.27731514697575,7.867863627858444,-8.619886534162385,5.041222861560549,0.25,2.0,False,False,False,applied
2026-06-06_run02_circle_r40_on_r03,10317,10329,12,30.64177772475912,25.71150438746157,-263.27731514697575,33.6588881134281,23.3559842657367,-263.206604844569,8.0,-8.0,5.0,-3.8148341186315564,-0.7074010970560265,0.038895633030646665,0.9537085296578891,0.17685027426400662,0.0,0.9537085296578891,0.17685027426400662,0.0,31.595486254417008,25.888354661725575,-263.27731514697575,7.867863627858444,-8.619886534162385,5.041222861560549,0.25,2.0,False,False,False,applied
2026-06-06_run02_circle_r40_on_r03,10333,10344,11,28.284271247461902,28.284271247461902,-263.27731514697575,29.6290912523103,25.8154433353548,-263.884141743412,8.0,-8.0,4.0,-2.990489577465911,-1.6698779906542267,0.16184724891438163,0.7476223943664777,0.4174694976635567,0.0,0.7476223943664777,0.4174694976635567,0.0,29.03189364182838,28.70174074512546,-263.27731514697575,8.554302530980818,-8.41992473045451,4.139744107609676,0.25,2.0,False,False,True,applied
2026-06-06_run02_circle_r40_on_r03,10433,10438,5,28.284271247461902,28.284271247461902,-263.27731514697575,29.6290912523103,25.8154433353548,-263.884141743412,8.0,-8.0,4.0,-2.990489577465911,-1.6698779906542267,0.16184724891438163,0.7476223943664777,0.4174694976635567,0.0,0.7476223943664777,0.4174694976635567,0.0,29.03189364182838,28.70174074512546,-263.27731514697575,8.554302530980818,-8.41992473045451,4.139744107609676,0.25,2.0,False,False,False,applied
2026-06-06_run02_circle_r40_on_r03,10533,10547,14,28.284271247461902,28.284271247461902,-263.27731514697575,29.6290912523103,25.8154433353548,-263.884141743412,8.0,-8.0,4.0,-2.990489577465911,-1.6698779906542267,0.16184724891438163,0.7476223943664777,0.4174694976635567,0.0,0.7476223943664777,0.4174694976635567,0.0,29.03189364182838,28.70174074512546,-263.27731514697575,8.554302530980818,-8.41992473045451,4.139744107609676,0.25,2.0,False,False,False,applied
2026-06-06_run02_circle_r40_on_r03,10633,10641,8,28.284271247461902,28.284271247461902,-263.27731514697575,29.6290912523103,25.8154433353548,-263.884141743412,8.0,-8.0,4.0,-2.990489577465911,-1.6698779906542267,0.16184724891438163,0.7476223943664777,0.4174694976635567,0.0,0.7476223943664777,0.4174694976635567,0.0,29.03189364182838,28.70174074512546,-263.27731514697575,8.554302530980818,-8.41992473045451,4.139744107609676,0.25,2.0,False,False,False,applied
2026-06-06_run02_circle_r40_on_r03,10733,10735,2,28.284271247461902,28.284271247461902,-263.27731514697575,29.6290912523103,25.8154433353548,-263.884141743412,8.0,-8.0,4.0,-2.990489577465911,-1.6698779906542267,0.16184724891438163,0.7476223943664777,0.4174694976635567,0.0,0.7476223943664777,0.4174694976635567,0.0,29.03189364182838,28.70174074512546,-263.27731514697575,8.554302530980818,-8.41992473045451,4.139744107609676,0.25,2.0,False,False,False,applied
2026-06-06_run02_circle_r40_on_r03,10750,10750,0,25.711504387461574,30.64177772475912,-263.27731514697575,27.2183614992818,27.7344709124728,-263.372568369663,9.0,-8.0,3.0,-3.196340170440184,-0.4577073380726175,0.07164256653797714,0.799085042610046,0.11442683451815437,0.0,0.799085042610046,0.11442683451815437,0.0,26.51058943007162,30.756204559277275,-263.27731514697575,9.039917557766378,-8.148743908639277,3.325621372697007,0.25,2.0,False,False,True,applied
2026-06-06_run02_circle_r40_on_r03,10850,10860,10,25.711504387461574,30.64177772475912,-263.27731514697575,27.2183614992818,27.7344709124728,-263.372568369663,9.0,-8.0,3.0,-3.196340170440184,-0.4577073380726175,0.07164256653797714,0.799085042610046,0.11442683451815437,0.0,0.799085042610046,0.11442683451815437,0.0,26.51058943007162,30.756204559277275,-263.27731514697575,9.039917557766378,-8.148743908639277,3.325621372697007,0.25,2.0,False,False,False,applied
2026-06-06_run02_circle_r40_on_r03,10950,10954,4,25.711504387461574,30.64177772475912,-263.27731514697575,27.2183614992818,27.7344709124728,-263.372568369663,9.0,-8.0,3.0,-3.196340170440184,-0.4577073380726175,0.07164256653797714,0.799085042610046,0.11442683451815437,0.0,0.799085042610046,0.11442683451815437,0.0,26.51058943007162,30.756204559277275,-263.27731514697575,9.039917557766378,-8.148743908639277,3.325621372697007,0.25,2.0,False,False,False,applied
2026-06-06_run02_circle_r40_on_r03,11050,11063,13,25.711504387461574,30.64177772475912,-263.27731514697575,27.2183614992818,27.7344709124728,-263.372568369663,9.0,-8.0,3.0,-3.196340170440184,-0.4577073380726175,0.07164256653797714,0.799085042610046,0.11442683451815437,0.0,0.799085042610046,0.11442683451815437,0.0,26.51058943007162,30.756204559277275,-263.27731514697575,9.039917557766378,-8.148743908639277,3.325621372697007,0.25,2.0,False,False,False,applied
2026-06-06_run02_circle_r40_on_r03,11150,11157,7,25.711504387461574,30.64177772475912,-263.27731514697575,27.2183614992818,27.7344709124728,-263.372568369663,9.0,-8.0,3.0,-3.196340170440184,-0.4577073380726175,0.07164256653797714,0.799085042610046,0.11442683451815437,0.0,0.799085042610046,0.11442683451815437,0.0,26.51058943007162,30.756204559277275,-263.27731514697575,9.039917557766378,-8.148743908639277,3.325621372697007,0.25,2.0,False,False,False,applied
2026-06-06_run02_circle_r40_on_r03,11167,11172,5,22.943057454041845,32.76608177155967,-263.27731514697575,24.8542523686997,31.1675883369209,-263.06357321353,9.0,-8.0,2.0,-3.145694015397489,0.4651543730994515,0.013539512518011292,0.7864235038493722,-0.11628859327486288,0.0,0.7864235038493722,-0.11628859327486288,0.0,23.72948095789122,32.64979317828481,-263.27731514697575,9.483656950912142,-7.803004563064288,2.472261665509119,0.25,2.0,False,False,True,applied
2026-06-06_run02_circle_r40_on_r03,11267,11282,15,22.943057454041845,32.76608177155967,-263.27731514697575,24.8542523686997,31.1675883369209,-263.06357321353,9.0,-8.0,2.0,-3.145694015397489,0.4651543730994515,0.013539512518011292,0.7864235038493722,-0.11628859327486288,0.0,0.7864235038493722,-0.11628859327486288,0.0,23.72948095789122,32.64979317828481,-263.27731514697575,9.483656950912142,-7.803004563064288,2.472261665509119,0.25,2.0,False,False,False,applied
2026-06-06_run02_circle_r40_on_r03,11367,11375,8,22.943057454041845,32.76608177155967,-263.27731514697575,24.8542523686997,31.1675883369209,-263.06357321353,9.0,-8.0,2.0,-3.145694015397489,0.4651543730994515,0.013539512518011292,0.7864235038493722,-0.11628859327486288,0.0,0.7864235038493722,-0.11628859327486288,0.0,23.72948095789122,32.64979317828481,-263.27731514697575,9.483656950912142,-7.803004563064288,2.472261665509119,0.25,2.0,False,False,False,applied
2026-06-06_run02_circle_r40_on_r03,11467,11469,2,22.943057454041845,32.76608177155967,-263.27731514697575,24.8542523686997,31.1675883369209,-263.06357321353,9.0,-8.0,2.0,-3.145694015397489,0.4651543730994515,0.013539512518011292,0.7864235038493722,-0.11628859327486288,0.0,0.7864235038493722,-0.11628859327486288,0.0,23.72948095789122,32.64979317828481,-263.27731514697575,9.483656950912142,-7.803004563064288,2.472261665509119,0.25,2.0,False,False,False,applied
2026-06-06_run02_circle_r40_on_r03,11567,11579,12,22.943057454041845,32.76608177155967,-263.27731514697575,24.8542523686997,31.1675883369209,-263.06357321353,9.0,-8.0,2.0,-3.145694015397489,0.4651543730994515,0.013539512518011292,0.7864235038493722,-0.11628859327486288,0.0,0.7864235038493722,-0.11628859327486288,0.0,23.72948095789122,32.64979317828481,-263.27731514697575,9.483656950912142,-7.803004563064288,2.472261665509119,0.25,2.0,False,False,False,applied
2026-06-06_run02_circle_r40_on_r03,11583,11594,11,20.000000000000004,34.64101615137754,-263.27731514697575,22.0647066888825,32.7317135548364,-262.718301537507,10.0,-7.0,1.0,-3.5248414503172505,1.397426377920851,-0.045671669996349855,0.8812103625793126,-0.3493565944802127,0.0,0.8812103625793126,-0.3493565944802127,0.0,20.881210362579317,34.29165955689733,-263.27731514697575,9.867405168862096,-7.408948981211363,1.6364947090299928,0.25,2.0,False,False,True,applied
2026-06-06_run02_circle_r40_on_r03,11683,11688,5,20.000000000000004,34.64101615137754,-263.27731514697575,22.0647066888825,32.7317135548364,-262.718301537507,10.0,-7.0,1.0,-3.5248414503172505,1.397426377920851,-0.045671669996349855,0.8812103625793126,-0.3493565944802127,0.0,0.8812103625793126,-0.3493565944802127,0.0,20.881210362579317,34.29165955689733,-263.27731514697575,9.867405168862096,-7.408948981211363,1.6364947090299928,0.25,2.0,False,False,False,applied
2026-06-06_run02_circle_r40_on_r03,11783,11797,14,20.000000000000004,34.64101615137754,-263.27731514697575,22.0647066888825,32.7317135548364,-262.718301537507,10.0,-7.0,1.0,-3.5248414503172505,1.397426377920851,-0.045671669996349855,0.8812103625793126,-0.3493565944802127,0.0,0.8812103625793126,-0.3493565944802127,0.0,20.881210362579317,34.29165955689733,-263.27731514697575,9.867405168862096,-7.408948981211363,1.6364947090299928,0.25,2.0,False,False,False,applied
2026-06-06_run02_circle_r40_on_r03,11883,11891,8,20.000000000000004,34.64101615137754,-263.27731514697575,22.0647066888825,32.7317135548364,-262.718301537507,10.0,-7.0,1.0,-3.5248414503172505,1.397426377920851,-0.045671669996349855,0.8812103625793126,-0.3493565944802127,0.0,0.8812103625793126,-0.3493565944802127,0.0,20.881210362579317,34.29165955689733,-263.27731514697575,9.867405168862096,-7.408948981211363,1.6364947090299928,0.25,2.0,False,False,False,applied
2026-06-06_run02_circle_r40_on_r03,11983,11985,2,20.000000000000004,34.64101615137754,-263.27731514697575,22.0647066888825,32.7317135548364,-262.718301537507,10.0,-7.0,1.0,-3.5248414503172505,1.397426377920851,-0.045671669996349855,0.8812103625793126,-0.3493565944802127,0.0,0.8812103625793126,-0.3493565944802127,0.0,20.881210362579317,34.29165955689733,-263.27731514697575,9.867405168862096,-7.408948981211363,1.6364947090299928,0.25,2.0,False,False,False,applied
2026-06-06_run02_circle_r40_on_r03,12000,12000,0,16.904730469627978,36.252311481465995,-263.27731514697575,18.4634306661774,34.9620870806285,-263.305968042255,10.0,-7.0,1.0,-2.7365145394276147,0.4219023156274618,0.060304962169200504,0.6841286348569037,-0.10547557890686544,0.0,0.6841286348569037,-0.10547557890686544,0.0,17.588859104484882,36.14683590255913,-263.27731514697575,10.319906765320694,-6.926805884644654,0.6950770551717497,0.25,2.0,False,False,True,applied
2026-06-06_run02_circle_r40_on_r03,12100,12110,10,16.904730469627978,36.252311481465995,-263.27731514697575,18.4634306661774,34.9620870806285,-263.305968042255,10.0,-7.0,1.0,-2.7365145394276147,0.4219023156274618,0.060304962169200504,0.6841286348569037,-0.10547557890686544,0.0,0.6841286348569037,-0.10547557890686544,0.0,17.588859104484882,36.14683590255913,-263.27731514697575,10.319906765320694,-6.926805884644654,0.6950770551717497,0.25,2.0,False,False,False,applied
2026-06-06_run02_circle_r40_on_r03,12200,12204,4,16.904730469627978,36.252311481465995,-263.27731514697575,18.4634306661774,34.9620870806285,-263.305968042255,10.0,-7.0,1.0,-2.7365145394276147,0.4219023156274618,0.060304962169200504,0.6841286348569037,-0.10547557890686544,0.0,0.6841286348569037,-0.10547557890686544,0.0,17.588859104484882,36.14683590255913,-263.27731514697575,10.319906765320694,-6.926805884644654,0.6950770551717497,0.25,2.0,False,False,False,applied
2026-06-06_run02_circle_r40_on_r03,12300,12313,13,16.904730469627978,36.252311481465995,-263.27731514697575,18.4634306661774,34.9620870806285,-263.305968042255,10.0,-7.0,1.0,-2.7365145394276147,0.4219023156274618,0.060304962169200504,0.6841286348569037,-0.10547557890686544,0.0,0.6841286348569037,-0.10547557890686544,0.0,17.588859104484882,36.14683590255913,-263.27731514697575,10.319906765320694,-6.926805884644654,0.6950770551717497,0.25,2.0,False,False,False,applied
2026-06-06_run02_circle_r40_on_r03,12400,12407,7,16.904730469627978,36.252311481465995,-263.27731514697575,18.4634306661774,34.9620870806285,-263.305968042255,10.0,-7.0,1.0,-2.7365145394276147,0.4219023156274618,0.060304962169200504,0.6841286348569037,-0.10547557890686544,0.0,0.6841286348569037,-0.10547557890686544,0.0,17.588859104484882,36.14683590255913,-263.27731514697575,10.319906765320694,-6.926805884644654,0.6950770551717497,0.25,2.0,False,False,False,applied
2026-06-06_run02_circle_r40_on_r03,12417,12422,5,13.680805733026753,37.587704831436334,-263.27731514697575,17.4376017025312,35.5968552299308,-263.460680463466,11.0,-6.0,0.0,-3.019231286607044,0.3441211249819746,0.09354615488675332,0.754807821651761,-0.08603028124549365,0.0,0.754807821651761,-0.08603028124549365,0.0,14.435613554678515,37.50167455019084,-263.27731514697575,10.646087725640207,-6.416296694252039,-0.15914114244611624,0.25,2.0,False,False,True,applied
2026-06-06_run02_circle_r40_on_r03,12517,12547,30,13.680805733026753,37.587704831436334,-263.27731514697575,17.4376017025312,35.5968552299308,-263.460680463466,11.0,-6.0,0.0,-3.019231286607044,0.3441211249819746,0.09354615488675332,0.754807821651761,-0.08603028124549365,0.0,0.754807821651761,-0.08603028124549365,0.0,14.435613554678515,37.50167455019084,-263.27731514697575,10.646087725640207,-6.416296694252039,-0.15914114244611624,0.25,2.0,False,False,False,applied
2026-06-06_run02_circle_r40_on_r03,12617,12625,8,13.680805733026753,37.587704831436334,-263.27731514697575,17.4376017025312,35.5968552299308,-263.460680463466,11.0,-6.0,0.0,-3.019231286607044,0.3441211249819746,0.09354615488675332,0.754807821651761,-0.08603028124549365,0.0,0.754807821651761,-0.08603028124549365,0.0,14.435613554678515,37.50167455019084,-263.27731514697575,10.646087725640207,-6.416296694252039,-0.15914114244611624,0.25,2.0,False,False,False,applied
2026-06-06_run02_circle_r40_on_r03,12717,12719,2,13.680805733026753,37.587704831436334,-263.27731514697575,17.4376017025312,35.5968552299308,-263.460680463466,11.0,-6.0,0.0,-3.019231286607044,0.3441211249819746,0.09354615488675332,0.754807821651761,-0.08603028124549365,0.0,0.754807821651761,-0.08603028124549365,0.0,14.435613554678515,37.50167455019084,-263.27731514697575,10.646087725640207,-6.416296694252039,-0.15914114244611624,0.25,2.0,False,False,False,applied
2026-06-06_run02_circle_r40_on_r03,12817,12829,12,13.680805733026753,37.587704831436334,-263.27731514697575,17.4376017025312,35.5968552299308,-263.460680463466,11.0,-6.0,0.0,-3.019231286607044,0.3441211249819746,0.09354615488675332,0.754807821651761,-0.08603028124549365,0.0,0.754807821651761,-0.08603028124549365,0.0,14.435613554678515,37.50167455019084,-263.27731514697575,10.646087725640207,-6.416296694252039,-0.15914114244611624,0.25,2.0,False,False,False,applied
2026-06-06_run02_circle_r40_on_r03,12833,12844,11,10.352761804100838,38.637033051562724,-263.27731514697575,13.3776417516982,38.0596951337666,-263.788299550393,11.0,-6.0,-1.0,-2.4048445794784947,0.0458947470955105,0.1523359770013066,0.6012111448696237,-0.011473686773877625,0.0,0.6012111448696237,-0.011473686773877625,0.0,10.953972948970462,38.62555936478885,-263.27731514697575,10.914602487674829,-5.806820914986072,-1.057695284016675,0.25,2.0,False,False,True,applied
2026-06-06_run02_circle_r40_on_r03,12933,12938,5,10.352761804100838,38.637033051562724,-263.27731514697575,13.3776417516982,38.0596951337666,-263.788299550393,11.0,-6.0,-1.0,-2.4048445794784947,0.0458947470955105,0.1523359770013066,0.6012111448696237,-0.011473686773877625,0.0,0.6012111448696237,-0.011473686773877625,0.0,10.953972948970462,38.62555936478885,-263.27731514697575,10.914602487674829,-5.806820914986072,-1.057695284016675,0.25,2.0,False,False,False,applied
2026-06-06_run02_circle_r40_on_r03,13033,13047,14,10.352761804100838,38.637033051562724,-263.27731514697575,13.3776417516982,38.0596951337666,-263.788299550393,11.0,-6.0,-1.0,-2.4048445794784947,0.0458947470955105,0.1523359770013066,0.6012111448696237,-0.011473686773877625,0.0,0.6012111448696237,-0.011473686773877625,0.0,10.953972948970462,38.62555936478885,-263.27731514697575,10.914602487674829,-5.806820914986072,-1.057695284016675,0.25,2.0,False,False,False,applied
2026-06-06_run02_circle_r40_on_r03,13133,13141,8,10.352761804100838,38.637033051562724,-263.27731514697575,13.3776417516982,38.0596951337666,-263.788299550393,11.0,-6.0,-1.0,-2.4048445794784947,0.0458947470955105,0.1523359770013066,0.6012111448696237,-0.011473686773877625,0.0,0.6012111448696237,-0.011473686773877625,0.0,10.953972948970462,38.62555936478885,-263.27731514697575,10.914602487674829,-5.806820914986072,-1.057695284016675,0.25,2.0,False,False,False,applied
2026-06-06_run02_circle_r40_on_r03,13233,13235,2,10.352761804100838,38.637033051562724,-263.27731514697575,13.3776417516982,38.0596951337666,-263.788299550393,11.0,-6.0,-1.0,-2.4048445794784947,0.0458947470955105,0.1523359770013066,0.6012111448696237,-0.011473686773877625,0.0,0.6012111448696237,-0.011473686773877625,0.0,10.953972948970462,38.62555936478885,-263.27731514697575,10.914602487674829,-5.806820914986072,-1.057695284016675,0.25,2.0,False,False,False,applied
2026-06-06_run02_circle_r40_on_r03,13250,13250,0,6.945927106677217,39.39231012048832,-263.27731514697575,10.4875915034263,39.0314642232291,-263.201572246647,11.0,-5.0,-2.0,-2.8099415750637853,1.450671657628634,0.04483939816068336,0.7024853937659463,-0.3626679144071585,0.0,0.7024853937659463,-0.3626679144071585,0.0,7.648412500443163,39.02964220608116,-263.27731514697575,10.986292676067622,-5.168553888150428,-1.8519100462356322,0.25,2.0,False,False,True,applied
2026-06-06_run02_circle_r40_on_r03,13350,13360,10,6.945927106677217,39.39231012048832,-263.27731514697575,10.4875915034263,39.0314642232291,-263.201572246647,11.0,-5.0,-2.0,-2.8099415750637853,1.450671657628634,0.04483939816068336,0.7024853937659463,-0.3626679144071585,0.0,0.7024853937659463,-0.3626679144071585,0.0,7.648412500443163,39.02964220608116,-263.27731514697575,10.986292676067622,-5.168553888150428,-1.8519100462356322,0.25,2.0,False,False,False,applied
2026-06-06_run02_circle_r40_on_r03,13450,13454,4,6.945927106677217,39.39231012048832,-263.27731514697575,10.4875915034263,39.0314642232291,-263.201572246647,11.0,-5.0,-2.0,-2.8099415750637853,1.450671657628634,0.04483939816068336,0.7024853937659463,-0.3626679144071585,0.0,0.7024853937659463,-0.3626679144071585,0.0,7.648412500443163,39.02964220608116,-263.27731514697575,10.986292676067622,-5.168553888150428,-1.8519100462356322,0.25,2.0,False,False,False,applied
2026-06-06_run02_circle_r40_on_r03,13550,13563,13,6.945927106677217,39.39231012048832,-263.27731514697575,10.4875915034263,39.0314642232291,-263.201572246647,11.0,-5.0,-2.0,-2.8099415750637853,1.450671657628634,0.04483939816068336,0.7024853937659463,-0.3626679144071585,0.0,0.7024853937659463,-0.3626679144071585,0.0,7.648412500443163,39.02964220608116,-263.27731514697575,10.986292676067622,-5.168553888150428,-1.8519100462356322,0.25,2.0,False,False,False,applied
2026-06-06_run02_circle_r40_on_r03,13650,13657,7,6.945927106677217,39.39231012048832,-263.27731514697575,10.4875915034263,39.0314642232291,-263.201572246647,11.0,-5.0,-2.0,-2.8099415750637853,1.450671657628634,0.04483939816068336,0.7024853937659463,-0.3626679144071585,0.0,0.7024853937659463,-0.3626679144071585,0.0,7.648412500443163,39.02964220608116,-263.27731514697575,10.986292676067622,-5.168553888150428,-1.8519100462356322,0.25,2.0,False,False,False,applied
2026-06-06_run02_circle_r40_on_r03,13667,13672,5,3.4862297099063255,39.84778792366982,-263.27731514697575,5.88301180005543,39.0488131626556,-263.346134931228,11.0,-4.0,-3.0,-2.5912838614842864,1.4556796083423766,0.07158242794422198,0.6478209653710716,-0.36391990208559416,0.0,0.6478209653710716,-0.36391990208559416,0.0,4.134050675277397,39.48386802158423,-263.27731514697575,11.090720310127493,-4.469355953538938,-2.6764747464622958,0.25,2.0,False,False,True,applied
2026-06-06_run02_circle_r40_on_r03,13767,13782,15,3.4862297099063255,39.84778792366982,-263.27731514697575,5.88301180005543,39.0488131626556,-263.346134931228,11.0,-4.0,-3.0,-2.5912838614842864,1.4556796083423766,0.07158242794422198,0.6478209653710716,-0.36391990208559416,0.0,0.6478209653710716,-0.36391990208559416,0.0,4.134050675277397,39.48386802158423,-263.27731514697575,11.090720310127493,-4.469355953538938,-2.6764747464622958,0.25,2.0,False,False,False,applied
2026-06-06_run02_circle_r40_on_r03,13867,13891,24,3.4862297099063255,39.84778792366982,-263.27731514697575,5.88301180005543,39.0488131626556,-263.346134931228,11.0,-4.0,-3.0,-2.5912838614842864,1.4556796083423766,0.07158242794422198,0.6478209653710716,-0.36391990208559416,0.0,0.6478209653710716,-0.36391990208559416,0.0,4.134050675277397,39.48386802158423,-263.27731514697575,11.090720310127493,-4.469355953538938,-2.6764747464622958,0.25,2.0,False,False,False,applied
2026-06-06_run02_circle_r40_on_r03,13967,13969,2,3.4862297099063255,39.84778792366982,-263.27731514697575,5.88301180005543,39.0488131626556,-263.346134931228,11.0,-4.0,-3.0,-2.5912838614842864,1.4556796083423766,0.07158242794422198,0.6478209653710716,-0.36391990208559416,0.0,0.6478209653710716,-0.36391990208559416,0.0,4.134050675277397,39.48386802158423,-263.27731514697575,11.090720310127493,-4.469355953538938,-2.6764747464622958,0.25,2.0,False,False,False,applied
2026-06-06_run02_circle_r40_on_r03,14067,14079,12,3.4862297099063255,39.84778792366982,-263.27731514697575,5.88301180005543,39.0488131626556,-263.346134931228,11.0,-4.0,-3.0,-2.5912838614842864,1.4556796083423766,0.07158242794422198,0.6478209653710716,-0.36391990208559416,0.0,0.6478209653710716,-0.36391990208559416,0.0,4.134050675277397,39.48386802158423,-263.27731514697575,11.090720310127493,-4.469355953538938,-2.6764747464622958,0.25,2.0,False,False,False,applied
2026-06-06_run02_circle_r40_on_r03,14083,14094,11,0.0,40.0,-263.27731514697575,1.83218863932269,39.3040638746317,-263.218982743947,11.0,-4.0,-4.0,-2.2846069413054932,1.9334261945004967,0.04809546411899532,0.5711517353263733,-0.48335654862512417,0.0,0.5711517353263733,-0.48335654862512417,0.0,0.5711517353263733,39.516643451374875,-263.27731514697575,11.086554454309839,-3.713578574119971,-3.4658625791857434,0.25,2.0,False,False,True,applied
2026-06-06_run02_circle_r40_on_r03,14183,14188,5,0.0,40.0,-263.27731514697575,1.83218863932269,39.3040638746317,-263.218982743947,11.0,-4.0,-4.0,-2.2846069413054932,1.9334261945004967,0.04809546411899532,0.5711517353263733,-0.48335654862512417,0.0,0.5711517353263733,-0.48335654862512417,0.0,0.5711517353263733,39.516643451374875,-263.27731514697575,11.086554454309839,-3.713578574119971,-3.4658625791857434,0.25,2.0,False,False,False,applied
2026-06-06_run02_circle_r40_on_r03,14283,14297,14,0.0,40.0,-263.27731514697575,1.83218863932269,39.3040638746317,-263.218982743947,11.0,-4.0,-4.0,-2.2846069413054932,1.9334261945004967,0.04809546411899532,0.5711517353263733,-0.48335654862512417,0.0,0.5711517353263733,-0.48335654862512417,0.0,0.5711517353263733,39.516643451374875,-263.27731514697575,11.086554454309839,-3.713578574119971,-3.4658625791857434,0.25,2.0,False,False,False,applied
2026-06-06_run02_circle_r40_on_r03,14383,14391,8,0.0,40.0,-263.27731514697575,1.83218863932269,39.3040638746317,-263.218982743947,11.0,-4.0,-4.0,-2.2846069413054932,1.9334261945004967,0.04809546411899532,0.5711517353263733,-0.48335654862512417,0.0,0.5711517353263733,-0.48335654862512417,0.0,0.5711517353263733,39.516643451374875,-263.27731514697575,11.086554454309839,-3.713578574119971,-3.4658625791857434,0.25,2.0,False,False,False,applied
2026-06-06_run02_circle_r40_on_r03,14483,14485,2,0.0,40.0,-263.27731514697575,1.83218863932269,39.3040638746317,-263.218982743947,11.0,-4.0,-4.0,-2.2846069413054932,1.9334261945004967,0.04809546411899532,0.5711517353263733,-0.48335654862512417,0.0,0.5711517353263733,-0.48335654862512417,0.0,0.5711517353263733,39.516643451374875,-263.27731514697575,11.086554454309839,-3.713578574119971,-3.4658625791857434,0.25,2.0,False,False,False,applied
2026-06-06_run02_circle_r40_on_r03,14500,14500,0,-3.4862297099063206,39.84778792366982,-263.27731514697575,-0.526781314122054,39.986777817266,-262.708071006306,11.0,-3.0,-4.0,-2.636896542407713,3.007079184467661,-0.04595034841467881,0.6592241356019283,-0.7517697961169153,0.0,0.6592241356019283,-0.7517697961169153,0.0,-2.8270055743043923,39.0960181275529,-263.27731514697575,10.96372893608214,-2.9459876364079336,-4.172118828998068,0.25,2.0,False,False,True,applied
2026-06-06_run02_circle_r40_on_r03,14600,14610,10,-3.4862297099063206,39.84778792366982,-263.27731514697575,-0.526781314122054,39.986777817266,-262.708071006306,11.0,-3.0,-4.0,-2.636896542407713,3.007079184467661,-0.04595034841467881,0.6592241356019283,-0.7517697961169153,0.0,0.6592241356019283,-0.7517697961169153,0.0,-2.8270055743043923,39.0960181275529,-263.27731514697575,10.96372893608214,-2.9459876364079336,-4.172118828998068,0.25,2.0,False,False,False,applied
2026-06-06_run02_circle_r40_on_r03,14700,14704,4,-3.4862297099063206,39.84778792366982,-263.27731514697575,-0.526781314122054,39.986777817266,-262.708071006306,11.0,-3.0,-4.0,-2.636896542407713,3.007079184467661,-0.04595034841467881,0.6592241356019283,-0.7517697961169153,0.0,0.6592241356019283,-0.7517697961169153,0.0,-2.8270055743043923,39.0960181275529,-263.27731514697575,10.96372893608214,-2.9459876364079336,-4.172118828998068,0.25,2.0,False,False,False,applied
2026-06-06_run02_circle_r40_on_r03,14800,14813,13,-3.4862297099063206,39.84778792366982,-263.27731514697575,-0.526781314122054,39.986777817266,-262.708071006306,11.0,-3.0,-4.0,-2.636896542407713,3.007079184467661,-0.04595034841467881,0.6592241356019283,-0.7517697961169153,0.0,0.6592241356019283,-0.7517697961169153,0.0,-2.8270055743043923,39.0960181275529,-263.27731514697575,10.96372893608214,-2.9459876364079336,-4.172118828998068,0.25,2.0,False,False,False,applied
2026-06-06_run02_circle_r40_on_r03,14900,14907,7,-3.4862297099063206,39.84778792366982,-263.27731514697575,-0.526781314122054,39.986777817266,-262.708071006306,11.0,-3.0,-4.0,-2.636896542407713,3.007079184467661,-0.04595034841467881,0.6592241356019283,-0.7517697961169153,0.0,0.6592241356019283,-0.7517697961169153,0.0,-2.8270055743043923,39.0960181275529,-263.27731514697575,10.96372893608214,-2.9459876364079336,-4.172118828998068,0.25,2.0,False,False,False,applied
2026-06-06_run02_circle_r40_on_r03,14917,14922,5,-6.945927106677212,39.39231012048832,-263.27731514697575,-3.3647727850101,39.0541600705056,-263.390684482118,11.0,-2.0,-5.0,-2.299191421300297,1.928984937027067,0.08023507296141773,0.5747978553250742,-0.48224623425676677,0.0,0.5747978553250742,-0.48224623425676677,0.0,-6.371129251352138,38.910063886231555,-263.27731514697575,10.934344957931994,-2.137857479617498,-4.900853182122896,0.25,2.0,False,False,True,applied
2026-06-06_run02_circle_r40_on_r03,15017,15032,15,-6.945927106677212,39.39231012048832,-263.27731514697575,-3.3647727850101,39.0541600705056,-263.390684482118,11.0,-2.0,-5.0,-2.299191421300297,1.928984937027067,0.08023507296141773,0.5747978553250742,-0.48224623425676677,0.0,0.5747978553250742,-0.48224623425676677,0.0,-6.371129251352138,38.910063886231555,-263.27731514697575,10.934344957931994,-2.137857479617498,-4.900853182122896,0.25,2.0,False,False,False,applied
2026-06-06_run02_circle_r40_on_r03,15117,15125,8,-6.945927106677212,39.39231012048832,-263.27731514697575,-3.3647727850101,39.0541600705056,-263.390684482118,11.0,-2.0,-5.0,-2.299191421300297,1.928984937027067,0.08023507296141773,0.5747978553250742,-0.48224623425676677,0.0,0.5747978553250742,-0.48224623425676677,0.0,-6.371129251352138,38.910063886231555,-263.27731514697575,10.934344957931994,-2.137857479617498,-4.900853182122896,0.25,2.0,False,False,False,applied
2026-06-06_run02_circle_r40_on_r03,15217,15219,2,-6.945927106677212,39.39231012048832,-263.27731514697575,-3.3647727850101,39.0541600705056,-263.390684482118,11.0,-2.0,-5.0,-2.299191421300297,1.928984937027067,0.08023507296141773,0.5747978553250742,-0.48224623425676677,0.0,0.5747978553250742,-0.48224623425676677,0.0,-6.371129251352138,38.910063886231555,-263.27731514697575,10.934344957931994,-2.137857479617498,-4.900853182122896,0.25,2.0,False,False,False,applied
2026-06-06_run02_circle_r40_on_r03,15317,15329,12,-6.945927106677212,39.39231012048832,-263.27731514697575,-3.3647727850101,39.0541600705056,-263.390684482118,11.0,-2.0,-5.0,-2.299191421300297,1.928984937027067,0.08023507296141773,0.5747978553250742,-0.48224623425676677,0.0,0.5747978553250742,-0.48224623425676677,0.0,-6.371129251352138,38.910063886231555,-263.27731514697575,10.934344957931994,-2.137857479617498,-4.900853182122896,0.25,2.0,False,False,False,applied
2026-06-06_run02_circle_r40_on_r03,15333,15344,11,-10.352761804100833,38.63703305156273,-263.27731514697575,-7.90459601163288,39.042400315511,-263.292719613611,11.0,-1.0,-6.0,-2.2359959387733706,2.391921339859751,0.06253892452392279,0.5589989846933426,-0.5979803349649377,0.0,0.5589989846933426,-0.5979803349649377,0.0,-9.79376281940749,38.039052716597794,-263.27731514697575,10.714511232318072,-1.2961307633193548,-5.542912589414001,0.25,2.0,False,False,True,applied
2026-06-06_run02_circle_r40_on_r03,15433,15454,21,-10.352761804100833,38.63703305156273,-263.27731514697575,-7.90459601163288,39.042400315511,-263.292719613611,11.0,-1.0,-6.0,-2.2359959387733706,2.391921339859751,0.06253892452392279,0.5589989846933426,-0.5979803349649377,0.0,0.5589989846933426,-0.5979803349649377,0.0,-9.79376281940749,38.039052716597794,-263.27731514697575,10.714511232318072,-1.2961307633193548,-5.542912589414001,0.25,2.0,False,False,False,applied
2026-06-06_run02_circle_r40_on_r03,15533,15547,14,-10.352761804100833,38.63703305156273,-263.27731514697575,-7.90459601163288,39.042400315511,-263.292719613611,11.0,-1.0,-6.0,-2.2359959387733706,2.391921339859751,0.06253892452392279,0.5589989846933426,-0.5979803349649377,0.0,0.5589989846933426,-0.5979803349649377,0.0,-9.79376281940749,38.039052716597794,-263.27731514697575,10.714511232318072,-1.2961307633193548,-5.542912589414001,0.25,2.0,False,False,False,applied
2026-06-06_run02_circle_r40_on_r03,15633,15641,8,-10.352761804100833,38.63703305156273,-263.27731514697575,-7.90459601163288,39.042400315511,-263.292719613611,11.0,-1.0,-6.0,-2.2359959387733706,2.391921339859751,0.06253892452392279,0.5589989846933426,-0.5979803349649377,0.0,0.5589989846933426,-0.5979803349649377,0.0,-9.79376281940749,38.039052716597794,-263.27731514697575,10.714511232318072,-1.2961307633193548,-5.542912589414001,0.25,2.0,False,False,False,applied
2026-06-06_run02_circle_r40_on_r03,15733,15735,2,-10.352761804100833,38.63703305156273,-263.27731514697575,-7.90459601163288,39.042400315511,-263.292719613611,11.0,-1.0,-6.0,-2.2359959387733706,2.391921339859751,0.06253892452392279,0.5589989846933426,-0.5979803349649377,0.0,0.5589989846933426,-0.5979803349649377,0.0,-9.79376281940749,38.039052716597794,-263.27731514697575,10.714511232318072,-1.2961307633193548,-5.542912589414001,0.25,2.0,False,False,False,applied
2026-06-06_run02_circle_r40_on_r03,15750,15750,0,-13.68080573302674,37.58770483143634,-263.27731514697575,-12.0539366900062,38.7518693090574,-263.33894213628,11.0,0.0,-6.0,-2.062539566487302,2.3964769117307454,0.07079824084393417,0.5156348916218255,-0.5991192279326863,0.0,0.5156348916218255,-0.5991192279326863,0.0,-13.165170841404914,36.98858560350365,-263.27731514697575,10.45982043566004,-0.4342597795402947,-6.141824439179047,0.25,2.0,False,False,True,applied
2026-06-06_run02_circle_r40_on_r03,15850,15875,25,-13.68080573302674,37.58770483143634,-263.27731514697575,-12.0539366900062,38.7518693090574,-263.33894213628,11.0,0.0,-6.0,-2.062539566487302,2.3964769117307454,0.07079824084393417,0.5156348916218255,-0.5991192279326863,0.0,0.5156348916218255,-0.5991192279326863,0.0,-13.165170841404914,36.98858560350365,-263.27731514697575,10.45982043566004,-0.4342597795402947,-6.141824439179047,0.25,2.0,False,False,False,applied
2026-06-06_run02_circle_r40_on_r03,15950,15954,4,-13.68080573302674,37.58770483143634,-263.27731514697575,-12.0539366900062,38.7518693090574,-263.33894213628,11.0,0.0,-6.0,-2.062539566487302,2.3964769117307454,0.07079824084393417,0.5156348916218255,-0.5991192279326863,0.0,0.5156348916218255,-0.5991192279326863,0.0,-13.165170841404914,36.98858560350365,-263.27731514697575,10.45982043566004,-0.4342597795402947,-6.141824439179047,0.25,2.0,False,False,False,applied
2026-06-06_run02_circle_r40_on_r03,16050,16063,13,-13.68080573302674,37.58770483143634,-263.27731514697575,-12.0539366900062,38.7518693090574,-263.33894213628,11.0,0.0,-6.0,-2.062539566487302,2.3964769117307454,0.07079824084393417,0.5156348916218255,-0.5991192279326863,0.0,0.5156348916218255,-0.5991192279326863,0.0,-13.165170841404914,36.98858560350365,-263.27731514697575,10.45982043566004,-0.4342597795402947,-6.141824439179047,0.25,2.0,False,False,False,applied
2026-06-06_run02_circle_r40_on_r03,16150,16157,7,-13.68080573302674,37.58770483143634,-263.27731514697575,-12.0539366900062,38.7518693090574,-263.33894213628,11.0,0.0,-6.0,-2.062539566487302,2.3964769117307454,0.07079824084393417,0.5156348916218255,-0.5991192279326863,0.0,0.5156348916218255,-0.5991192279326863,0.0,-13.165170841404914,36.98858560350365,-263.27731514697575,10.45982043566004,-0.4342597795402947,-6.141824439179047,0.25,2.0,False,False,False,applied
2026-06-06_run02_circle_r40_on_r03,16167,16172,5,-16.904730469627975,36.252311481466,-263.27731514697575,-14.9151324161332,37.1567168914296,-263.818143540361,10.0,1.0,-7.0,-1.737114790614025,1.7148717049237123,0.15572229625179934,0.43427869765350624,-0.4287179262309281,0.0,0.43427869765350624,-0.4287179262309281,0.0,-16.470451771974467,35.82359355523507,-263.27731514697575,10.18943259760693,0.4397558610406131,-6.698778056967354,0.25,2.0,False,False,True,applied
2026-06-06_run02_circle_r40_on_r03,16267,16282,15,-16.904730469627975,36.252311481466,-263.27731514697575,-14.9151324161332,37.1567168914296,-263.818143540361,10.0,1.0,-7.0,-1.737114790614025,1.7148717049237123,0.15572229625179934,0.43427869765350624,-0.4287179262309281,0.0,0.43427869765350624,-0.4287179262309281,0.0,-16.470451771974467,35.82359355523507,-263.27731514697575,10.18943259760693,0.4397558610406131,-6.698778056967354,0.25,2.0,False,False,False,applied
2026-06-06_run02_circle_r40_on_r03,16367,16375,8,-16.904730469627975,36.252311481466,-263.27731514697575,-14.9151324161332,37.1567168914296,-263.818143540361,10.0,1.0,-7.0,-1.737114790614025,1.7148717049237123,0.15572229625179934,0.43427869765350624,-0.4287179262309281,0.0,0.43427869765350624,-0.4287179262309281,0.0,-16.470451771974467,35.82359355523507,-263.27731514697575,10.18943259760693,0.4397558610406131,-6.698778056967354,0.25,2.0,False,False,False,applied
2026-06-06_run02_circle_r40_on_r03,16467,16469,2,-16.904730469627975,36.252311481466,-263.27731514697575,-14.9151324161332,37.1567168914296,-263.818143540361,10.0,1.0,-7.0,-1.737114790614025,1.7148717049237123,0.15572229625179934,0.43427869765350624,-0.4287179262309281,0.0,0.43427869765350624,-0.4287179262309281,0.0,-16.470451771974467,35.82359355523507,-263.27731514697575,10.18943259760693,0.4397558610406131,-6.698778056967354,0.25,2.0,False,False,False,applied
2026-06-06_run02_circle_r40_on_r03,16567,16579,12,-16.904730469627975,36.252311481466,-263.27731514697575,-14.9151324161332,37.1567168914296,-263.818143540361,10.0,1.0,-7.0,-1.737114790614025,1.7148717049237123,0.15572229625179934,0.43427869765350624,-0.4287179262309281,0.0,0.43427869765350624,-0.4287179262309281,0.0,-16.470451771974467,35.82359355523507,-263.27731514697575,10.18943259760693,0.4397558610406131,-6.698778056967354,0.25,2.0,False,False,False,applied
2026-06-06_run02_circle_r40_on_r03,16583,16594,11,-19.999999999999993,34.64101615137755,-263.27731514697575,-18.4646246887072,34.9613480851234,-263.30578450908,10.0,1.0,-7.0,-1.6842163139555946,2.65168500686834,0.06223319915949993,0.42105407848889864,-0.662921251717085,0.0,0.42105407848889864,-0.662921251717085,0.0,-19.578945921511096,33.97809489966046,-263.27731514697575,9.728119948008905,1.329406002087053,-7.153931103955371,0.25,2.0,False,False,True,applied
2026-06-06_run02_circle_r40_on_r03,16683,16688,5,-19.999999999999993,34.64101615137755,-263.27731514697575,-18.4646246887072,34.9613480851234,-263.30578450908,10.0,1.0,-7.0,-1.6842163139555946,2.65168500686834,0.06223319915949993,0.42105407848889864,-0.662921251717085,0.0,0.42105407848889864,-0.662921251717085,0.0,-19.578945921511096,33.97809489966046,-263.27731514697575,9.728119948008905,1.329406002087053,-7.153931103955371,0.25,2.0,False,False,False,applied
2026-06-06_run02_circle_r40_on_r03,16783,16797,14,-19.999999999999993,34.64101615137755,-263.27731514697575,-18.4646246887072,34.9613480851234,-263.30578450908,10.0,1.0,-7.0,-1.6842163139555946,2.65168500686834,0.06223319915949993,0.42105407848889864,-0.662921251717085,0.0,0.42105407848889864,-0.662921251717085,0.0,-19.578945921511096,33.97809489966046,-263.27731514697575,9.728119948008905,1.329406002087053,-7.153931103955371,0.25,2.0,False,False,False,applied
2026-06-06_run02_circle_r40_on_r03,16883,16891,8,-19.999999999999993,34.64101615137755,-263.27731514697575,-18.4646246887072,34.9613480851234,-263.30578450908,10.0,1.0,-7.0,-1.6842163139555946,2.65168500686834,0.06223319915949993,0.42105407848889864,-0.662921251717085,0.0,0.42105407848889864,-0.662921251717085,0.0,-19.578945921511096,33.97809489966046,-263.27731514697575,9.728119948008905,1.329406002087053,-7.153931103955371,0.25,2.0,False,False,False,applied
2026-06-06_run02_circle_r40_on_r03,16983,16985,2,-19.999999999999993,34.64101615137755,-263.27731514697575,-18.4646246887072,34.9613480851234,-263.30578450908,10.0,1.0,-7.0,-1.6842163139555946,2.65168500686834,0.06223319915949993,0.42105407848889864,-0.662921251717085,0.0,0.42105407848889864,-0.662921251717085,0.0,-19.578945921511096,33.97809489966046,-263.27731514697575,9.728119948008905,1.329406002087053,-7.153931103955371,0.25,2.0,False,False,False,applied
2026-06-06_run02_circle_r40_on_r03,17000,17000,0,-22.943057454041845,32.76608177155967,-263.27731514697575,-19.4878537801682,34.3279280598979,-263.145527710324,9.0,2.0,-8.0,-1.9401768122507084,3.194185207358038,0.029773096941418636,0.4850442030626771,-0.7985463018395095,0.0,0.4850442030626771,-0.7985463018395095,0.0,-22.458013250979167,31.96753546972016,-263.27731514697575,9.22993595072382,2.1933480930234075,-7.534132736391098,0.25,2.0,False,False,True,applied
2026-06-06_run02_circle_r40_on_r03,17100,17110,10,-22.943057454041845,32.76608177155967,-263.27731514697575,-19.4878537801682,34.3279280598979,-263.145527710324,9.0,2.0,-8.0,-1.9401768122507084,3.194185207358038,0.029773096941418636,0.4850442030626771,-0.7985463018395095,0.0,0.4850442030626771,-0.7985463018395095,0.0,-22.458013250979167,31.96753546972016,-263.27731514697575,9.22993595072382,2.1933480930234075,-7.534132736391098,0.25,2.0,False,False,False,applied
2026-06-06_run02_circle_r40_on_r03,17200,17204,4,-22.943057454041845,32.76608177155967,-263.27731514697575,-19.4878537801682,34.3279280598979,-263.145527710324,9.0,2.0,-8.0,-1.9401768122507084,3.194185207358038,0.029773096941418636,0.4850442030626771,-0.7985463018395095,0.0,0.4850442030626771,-0.7985463018395095,0.0,-22.458013250979167,31.96753546972016,-263.27731514697575,9.22993595072382,2.1933480930234075,-7.534132736391098,0.25,2.0,False,False,False,applied
2026-06-06_run02_circle_r40_on_r03,17300,17313,13,-22.943057454041845,32.76608177155967,-263.27731514697575,-19.4878537801682,34.3279280598979,-263.145527710324,9.0,2.0,-8.0,-1.9401768122507084,3.194185207358038,0.029773096941418636,0.4850442030626771,-0.7985463018395095,0.0,0.4850442030626771,-0.7985463018395095,0.0,-22.458013250979167,31.96753546972016,-263.27731514697575,9.22993595072382,2.1933480930234075,-7.534132736391098,0.25,2.0,False,False,False,applied
2026-06-06_run02_circle_r40_on_r03,17400,17407,7,-22.943057454041845,32.76608177155967,-263.27731514697575,-19.4878537801682,34.3279280598979,-263.145527710324,9.0,2.0,-8.0,-1.9401768122507084,3.194185207358038,0.029773096941418636,0.4850442030626771,-0.7985463018395095,0.0,0.4850442030626771,-0.7985463018395095,0.0,-22.458013250979167,31.96753546972016,-263.27731514697575,9.22993595072382,2.1933480930234075,-7.534132736391098,0.25,2.0,False,False,False,applied
2026-06-06_run02_circle_r40_on_r03,17417,17422,5,-25.711504387461574,30.64177772475912,-263.27731514697575,-23.571903427676,31.8471476668441,-262.705773274136,9.0,3.0,-8.0,-2.0994681270344016,4.033773330690847,-0.04996410092879959,0.5248670317586004,-1.0084433326727118,0.0,0.5248670317586004,-1.0084433326727118,0.0,-25.186637355702974,29.633334392086407,-263.27731514697575,8.649584775948446,3.0617409710232484,-7.8433306204266655,0.25,2.0,False,False,True,applied
2026-06-06_run02_circle_r40_on_r03,17517,17532,15,-25.711504387461574,30.64177772475912,-263.27731514697575,-23.571903427676,31.8471476668441,-262.705773274136,9.0,3.0,-8.0,-2.0994681270344016,4.033773330690847,-0.04996410092879959,0.5248670317586004,-1.0084433326727118,0.0,0.5248670317586004,-1.0084433326727118,0.0,-25.186637355702974,29.633334392086407,-263.27731514697575,8.649584775948446,3.0617409710232484,-7.8433306204266655,0.25,2.0,False,False,False,applied
2026-06-06_run02_circle_r40_on_r03,17617,17625,8,-25.711504387461574,30.64177772475912,-263.27731514697575,-23.571903427676,31.8471476668441,-262.705773274136,9.0,3.0,-8.0,-2.0994681270344016,4.033773330690847,-0.04996410092879959,0.5248670317586004,-1.0084433326727118,0.0,0.5248670317586004,-1.0084433326727118,0.0,-25.186637355702974,29.633334392086407,-263.27731514697575,8.649584775948446,3.0617409710232484,-7.8433306204266655,0.25,2.0,False,False,False,applied
2026-06-06_run02_circle_r40_on_r03,17717,17719,2,-25.711504387461574,30.64177772475912,-263.27731514697575,-23.571903427676,31.8471476668441,-262.705773274136,9.0,3.0,-8.0,-2.0994681270344016,4.033773330690847,-0.04996410092879959,0.5248670317586004,-1.0084433326727118,0.0,0.5248670317586004,-1.0084433326727118,0.0,-25.186637355702974,29.633334392086407,-263.27731514697575,8.649584775948446,3.0617409710232484,-7.8433306204266655,0.25,2.0,False,False,False,applied
2026-06-06_run02_circle_r40_on_r03,17817,17829,12,-25.711504387461574,30.64177772475912,-263.27731514697575,-23.571903427676,31.8471476668441,-262.705773274136,9.0,3.0,-8.0,-2.0994681270344016,4.033773330690847,-0.04996410092879959,0.5248670317586004,-1.0084433326727118,0.0,0.5248670317586004,-1.0084433326727118,0.0,-25.186637355702974,29.633334392086407,-263.27731514697575,8.649584775948446,3.0617409710232484,-7.8433306204266655,0.25,2.0,False,False,False,applied
2026-06-06_run02_circle_r40_on_r03,17833,17844,11,-28.2842712474619,28.284271247461902,-263.27731514697575,-25.9042034919957,30.0085340721913,-263.26232741071,8.0,4.0,-8.0,-1.7194485326889681,3.0199456442726667,0.04866942722432179,0.42986213317224203,-0.7549864110681667,0.0,0.42986213317224203,-0.7549864110681667,0.0,-27.854409114289655,27.529284836393735,-263.27731514697575,8.153856763624487,3.916927695212476,-8.137266482895393,0.25,2.0,False,False,True,applied
2026-06-06_run02_circle_r40_on_r03,17933,17938,5,-28.2842712474619,28.284271247461902,-263.27731514697575,-25.9042034919957,30.0085340721913,-263.26232741071,8.0,4.0,-8.0,-1.7194485326889681,3.0199456442726667,0.04866942722432179,0.42986213317224203,-0.7549864110681667,0.0,0.42986213317224203,-0.7549864110681667,0.0,-27.854409114289655,27.529284836393735,-263.27731514697575,8.153856763624487,3.916927695212476,-8.137266482895393,0.25,2.0,False,False,False,applied
2026-06-06_run02_circle_r40_on_r03,18033,18047,14,-28.2842712474619,28.284271247461902,-263.27731514697575,-25.9042034919957,30.0085340721913,-263.26232741071,8.0,4.0,-8.0,-1.7194485326889681,3.0199456442726667,0.04866942722432179,0.42986213317224203,-0.7549864110681667,0.0,0.42986213317224203,-0.7549864110681667,0.0,-27.854409114289655,27.529284836393735,-263.27731514697575,8.153856763624487,3.916927695212476,-8.137266482895393,0.25,2.0,False,False,False,applied
2026-06-06_run02_circle_r40_on_r03,18133,18141,8,-28.2842712474619,28.284271247461902,-263.27731514697575,-25.9042034919957,30.0085340721913,-263.26232741071,8.0,4.0,-8.0,-1.7194485326889681,3.0199456442726667,0.04866942722432179,0.42986213317224203,-0.7549864110681667,0.0,0.42986213317224203,-0.7549864110681667,0.0,-27.854409114289655,27.529284836393735,-263.27731514697575,8.153856763624487,3.916927695212476,-8.137266482895393,0.25,2.0,False,False,False,applied
2026-06-06_run02_circle_r40_on_r03,18233,18235,2,-28.2842712474619,28.284271247461902,-263.27731514697575,-25.9042034919957,30.0085340721913,-263.26232741071,8.0,4.0,-8.0,-1.7194485326889681,3.0199456442726667,0.04866942722432179,0.42986213317224203,-0.7549864110681667,0.0,0.42986213317224203,-0.7549864110681667,0.0,-27.854409114289655,27.529284836393735,-263.27731514697575,8.153856763624487,3.916927695212476,-8.137266482895393,0.25,2.0,False,False,False,applied
2026-06-06_run02_circle_r40_on_r03,18250,18250,0,-30.641777724759116,25.71150438746158,-263.27731514697575,-28.293370873238,26.5322709461238,-263.550012331248,8.0,5.0,-8.0,-1.6368522515054438,2.4164685334905287,0.10310711883300626,0.40921306287636094,-0.6041171333726322,0.0,0.40921306287636094,-0.6041171333726322,0.0,-30.232564661882755,25.10738725408895,-263.27731514697575,7.569867508123201,4.7381724963772225,-8.338508640208245,0.25,2.0,False,False,True,applied
2026-06-06_run02_circle_r40_on_r03,18350,18360,10,-30.641777724759116,25.71150438746158,-263.27731514697575,-28.293370873238,26.5322709461238,-263.550012331248,8.0,5.0,-8.0,-1.6368522515054438,2.4164685334905287,0.10310711883300626,0.40921306287636094,-0.6041171333726322,0.0,0.40921306287636094,-0.6041171333726322,0.0,-30.232564661882755,25.10738725408895,-263.27731514697575,7.569867508123201,4.7381724963772225,-8.338508640208245,0.25,2.0,False,False,False,applied
2026-06-06_run02_circle_r40_on_r03,18450,18454,4,-30.641777724759116,25.71150438746158,-263.27731514697575,-28.293370873238,26.5322709461238,-263.550012331248,8.0,5.0,-8.0,-1.6368522515054438,2.4164685334905287,0.10310711883300626,0.40921306287636094,-0.6041171333726322,0.0,0.40921306287636094,-0.6041171333726322,0.0,-30.232564661882755,25.10738725408895,-263.27731514697575,7.569867508123201,4.7381724963772225,-8.338508640208245,0.25,2.0,False,False,False,applied
2026-06-06_run02_circle_r40_on_r03,18550,18579,29,-30.641777724759116,25.71150438746158,-263.27731514697575,-28.293370873238,26.5322709461238,-263.550012331248,8.0,5.0,-8.0,-1.6368522515054438,2.4164685334905287,0.10310711883300626,0.40921306287636094,-0.6041171333726322,0.0,0.40921306287636094,-0.6041171333726322,0.0,-30.232564661882755,25.10738725408895,-263.27731514697575,7.569867508123201,4.7381724963772225,-8.338508640208245,0.25,2.0,False,False,False,applied
2026-06-06_run02_circle_r40_on_r03,18650,18657,7,-30.641777724759116,25.71150438746158,-263.27731514697575,-28.293370873238,26.5322709461238,-263.550012331248,8.0,5.0,-8.0,-1.6368522515054438,2.4164685334905287,0.10310711883300626,0.40921306287636094,-0.6041171333726322,0.0,0.40921306287636094,-0.6041171333726322,0.0,-30.232564661882755,25.10738725408895,-263.27731514697575,7.569867508123201,4.7381724963772225,-8.338508640208245,0.25,2.0,False,False,False,applied
2026-06-06_run02_circle_r40_on_r03,18667,18672,5,-32.766081771559676,22.94305745404184,-263.27731514697575,-31.1863353990137,24.8916421543386,-263.778266335983,7.0,6.0,-9.0,-1.4615123286380463,2.209507617499012,0.14203886646844877,0.36537808215951156,-0.552376904374753,0.0,0.36537808215951156,-0.552376904374753,0.0,-32.40070368940017,22.390680549667085,-263.27731514697575,6.908422719432389,5.545384555741009,-8.46138826979481,0.25,2.0,False,False,True,applied
2026-06-06_run02_circle_r40_on_r03,18767,18782,15,-32.766081771559676,22.94305745404184,-263.27731514697575,-31.1863353990137,24.8916421543386,-263.778266335983,7.0,6.0,-9.0,-1.4615123286380463,2.209507617499012,0.14203886646844877,0.36537808215951156,-0.552376904374753,0.0,0.36537808215951156,-0.552376904374753,0.0,-32.40070368940017,22.390680549667085,-263.27731514697575,6.908422719432389,5.545384555741009,-8.46138826979481,0.25,2.0,False,False,False,applied
2026-06-06_run02_circle_r40_on_r03,18867,18875,8,-32.766081771559676,22.94305745404184,-263.27731514697575,-31.1863353990137,24.8916421543386,-263.778266335983,7.0,6.0,-9.0,-1.4615123286380463,2.209507617499012,0.14203886646844877,0.36537808215951156,-0.552376904374753,0.0,0.36537808215951156,-0.552376904374753,0.0,-32.40070368940017,22.390680549667085,-263.27731514697575,6.908422719432389,5.545384555741009,-8.46138826979481,0.25,2.0,False,False,False,applied
2026-06-06_run02_circle_r40_on_r03,18967,18969,2,-32.766081771559676,22.94305745404184,-263.27731514697575,-31.1863353990137,24.8916421543386,-263.778266335983,7.0,6.0,-9.0,-1.4615123286380463,2.209507617499012,0.14203886646844877,0.36537808215951156,-0.552376904374753,0.0,0.36537808215951156,-0.552376904374753,0.0,-32.40070368940017,22.390680549667085,-263.27731514697575,6.908422719432389,5.545384555741009,-8.46138826979481,0.25,2.0,False,False,False,applied
2026-06-06_run02_circle_r40_on_r03,19067,19079,12,-32.766081771559676,22.94305745404184,-263.27731514697575,-31.1863353990137,24.8916421543386,-263.778266335983,7.0,6.0,-9.0,-1.4615123286380463,2.209507617499012,0.14203886646844877,0.36537808215951156,-0.552376904374753,0.0,0.36537808215951156,-0.552376904374753,0.0,-32.40070368940017,22.390680549667085,-263.27731514697575,6.908422719432389,5.545384555741009,-8.46138826979481,0.25,2.0,False,False,False,applied
2026-06-06_run02_circle_r40_on_r03,19083,19094,11,-34.64101615137754,20.000000000000014,-263.27731514697575,-34.6618640231211,22.1342378834765,-262.855585301567,6.0,6.0,-9.0,-1.5565155131358515,3.937792949989807,-0.030679262000224417,0.38912887828396286,-0.9844482374974517,0.0,0.38912887828396286,-0.9844482374974517,0.0,-34.25188727309358,19.01555176250256,-263.27731514697575,6.0626997593366445,6.343832062782332,-8.454705847448729,0.25,2.0,False,False,True,applied
2026-06-06_run02_circle_r40_on_r03,19183,19204,21,-34.64101615137754,20.000000000000014,-263.27731514697575,-34.6618640231211,22.1342378834765,-262.855585301567,6.0,6.0,-9.0,-1.5565155131358515,3.937792949989807,-0.030679262000224417,0.38912887828396286,-0.9844482374974517,0.0,0.38912887828396286,-0.9844482374974517,0.0,-34.25188727309358,19.01555176250256,-263.27731514697575,6.0626997593366445,6.343832062782332,-8.454705847448729,0.25,2.0,False,False,False,applied
2026-06-06_run02_circle_r40_on_r03,19283,19297,14,-34.64101615137754,20.000000000000014,-263.27731514697575,-34.6618640231211,22.1342378834765,-262.855585301567,6.0,6.0,-9.0,-1.5565155131358515,3.937792949989807,-0.030679262000224417,0.38912887828396286,-0.9844482374974517,0.0,0.38912887828396286,-0.9844482374974517,0.0,-34.25188727309358,19.01555176250256,-263.27731514697575,6.0626997593366445,6.343832062782332,-8.454705847448729,0.25,2.0,False,False,False,applied
2026-06-06_run02_circle_r40_on_r03,19383,19391,8,-34.64101615137754,20.000000000000014,-263.27731514697575,-34.6618640231211,22.1342378834765,-262.855585301567,6.0,6.0,-9.0,-1.5565155131358515,3.937792949989807,-0.030679262000224417,0.38912887828396286,-0.9844482374974517,0.0,0.38912887828396286,-0.9844482374974517,0.0,-34.25188727309358,19.01555176250256,-263.27731514697575,6.0626997593366445,6.343832062782332,-8.454705847448729,0.25,2.0,False,False,False,applied
2026-06-06_run02_circle_r40_on_r03,19483,19485,2,-34.64101615137754,20.000000000000014,-263.27731514697575,-34.6618640231211,22.1342378834765,-262.855585301567,6.0,6.0,-9.0,-1.5565155131358515,3.937792949989807,-0.030679262000224417,0.38912887828396286,-0.9844482374974517,0.0,0.38912887828396286,-0.9844482374974517,0.0,-34.25188727309358,19.01555176250256,-263.27731514697575,6.0626997593366445,6.343832062782332,-8.454705847448729,0.25,2.0,False,False,False,applied
2026-06-06_run02_circle_r40_on_r03,19500,19500,0,-36.252311481465995,16.904730469627978,-263.27731514697575,-35.1510363195173,19.6834143107693,-262.57255900241,6.0,7.0,-9.0,-2.01943350454209,4.429633325079181,-0.08104197719478269,0.5048583761355225,-1.1074083312697953,0.0,0.5048583761355225,-1.1074083312697953,0.0,-35.74745310533047,15.797322138358183,-263.27731514697575,5.2608730459611115,7.052487046030792,-8.383266548839932,0.25,2.0,False,False,True,applied
2026-06-06_run02_circle_r40_on_r03,19600,19610,10,-36.252311481465995,16.904730469627978,-263.27731514697575,-35.1510363195173,19.6834143107693,-262.57255900241,6.0,7.0,-9.0,-2.01943350454209,4.429633325079181,-0.08104197719478269,0.5048583761355225,-1.1074083312697953,0.0,0.5048583761355225,-1.1074083312697953,0.0,-35.74745310533047,15.797322138358183,-263.27731514697575,5.2608730459611115,7.052487046030792,-8.383266548839932,0.25,2.0,False,False,False,applied
2026-06-06_run02_circle_r40_on_r03,19700,19704,4,-36.252311481465995,16.904730469627978,-263.27731514697575,-35.1510363195173,19.6834143107693,-262.57255900241,6.0,7.0,-9.0,-2.01943350454209,4.429633325079181,-0.08104197719478269,0.5048583761355225,-1.1074083312697953,0.0,0.5048583761355225,-1.1074083312697953,0.0,-35.74745310533047,15.797322138358183,-263.27731514697575,5.2608730459611115,7.052487046030792,-8.383266548839932,0.25,2.0,False,False,False,applied
2026-06-06_run02_circle_r40_on_r03,19800,19813,13,-36.252311481465995,16.904730469627978,-263.27731514697575,-35.1510363195173,19.6834143107693,-262.57255900241,6.0,7.0,-9.0,-2.01943350454209,4.429633325079181,-0.08104197719478269,0.5048583761355225,-1.1074083312697953,0.0,0.5048583761355225,-1.1074083312697953,0.0,-35.74745310533047,15.797322138358183,-263.27731514697575,5.2608730459611115,7.052487046030792,-8.383266548839932,0.25,2.0,False,False,False,applied
2026-06-06_run02_circle_r40_on_r03,19900,19907,7,-36.252311481465995,16.904730469627978,-263.27731514697575,-35.1510363195173,19.6834143107693,-262.57255900241,6.0,7.0,-9.0,-2.01943350454209,4.429633325079181,-0.08104197719478269,0.5048583761355225,-1.1074083312697953,0.0,0.5048583761355225,-1.1074083312697953,0.0,-35.74745310533047,15.797322138358183,-263.27731514697575,5.2608730459611115,7.052487046030792,-8.383266548839932,0.25,2.0,False,False,False,applied
2026-06-06_run02_circle_r40_on_r03,19917,19922,5,-37.587704831436334,13.680805733026755,-263.27731514697575,-37.0572206976825,17.4427745032799,-263.212067783626,5.0,8.0,-8.0,-1.572091116044405,3.0682251821788378,0.03238839943896312,0.3930227790111013,-0.7670562955447094,0.0,0.3930227790111013,-0.7670562955447094,0.0,-37.19468205242523,12.913749437482046,-263.27731514697575,4.565922685656438,7.7335496573219995,-8.316716443970295,0.25,2.0,False,False,True,applied
2026-06-06_run02_circle_r40_on_r03,20017,20032,15,-37.587704831436334,13.680805733026755,-263.27731514697575,-37.0572206976825,17.4427745032799,-263.212067783626,5.0,8.0,-8.0,-1.572091116044405,3.0682251821788378,0.03238839943896312,0.3930227790111013,-0.7670562955447094,0.0,0.3930227790111013,-0.7670562955447094,0.0,-37.19468205242523,12.913749437482046,-263.27731514697575,4.565922685656438,7.7335496573219995,-8.316716443970295,0.25,2.0,False,False,False,applied
2026-06-06_run02_circle_r40_on_r03,20117,20125,8,-37.587704831436334,13.680805733026755,-263.27731514697575,-37.0572206976825,17.4427745032799,-263.212067783626,5.0,8.0,-8.0,-1.572091116044405,3.0682251821788378,0.03238839943896312,0.3930227790111013,-0.7670562955447094,0.0,0.3930227790111013,-0.7670562955447094,0.0,-37.19468205242523,12.913749437482046,-263.27731514697575,4.565922685656438,7.7335496573219995,-8.316716443970295,0.25,2.0,False,False,False,applied
2026-06-06_run02_circle_r40_on_r03,20217,20219,2,-37.587704831436334,13.680805733026755,-263.27731514697575,-37.0572206976825,17.4427745032799,-263.212067783626,5.0,8.0,-8.0,-1.572091116044405,3.0682251821788378,0.03238839943896312,0.3930227790111013,-0.7670562955447094,0.0,0.3930227790111013,-0.7670562955447094,0.0,-37.19468205242523,12.913749437482046,-263.27731514697575,4.565922685656438,7.7335496573219995,-8.316716443970295,0.25,2.0,False,False,False,applied
2026-06-06_run02_circle_r40_on_r03,20317,20329,12,-37.587704831436334,13.680805733026755,-263.27731514697575,-37.0572206976825,17.4427745032799,-263.212067783626,5.0,8.0,-8.0,-1.572091116044405,3.0682251821788378,0.03238839943896312,0.3930227790111013,-0.7670562955447094,0.0,0.3930227790111013,-0.7670562955447094,0.0,-37.19468205242523,12.913749437482046,-263.27731514697575,4.565922685656438,7.7335496573219995,-8.316716443970295,0.25,2.0,False,False,False,applied
2026-06-06_run02_circle_r40_on_r03,20333,20344,11,-38.63703305156273,10.352761804100822,-263.27731514697575,-37.1714500282264,12.7539038206361,-263.884671199275,4.0,8.0,-8.0,-1.0937528148657185,1.6468134252098925,0.1537274766696867,0.27343820371642963,-0.4117033563024731,0.0,0.27343820371642963,-0.4117033563024731,0.0,-38.3635948478463,9.94105844779835,-263.27731514697575,3.845196210931244,8.36245180465743,-8.181391234196576,0.25,2.0,False,False,True,applied
2026-06-06_run02_circle_r40_on_r03,20433,20438,5,-38.63703305156273,10.352761804100822,-263.27731514697575,-37.1714500282264,12.7539038206361,-263.884671199275,4.0,8.0,-8.0,-1.0937528148657185,1.6468134252098925,0.1537274766696867,0.27343820371642963,-0.4117033563024731,0.0,0.27343820371642963,-0.4117033563024731,0.0,-38.3635948478463,9.94105844779835,-263.27731514697575,3.845196210931244,8.36245180465743,-8.181391234196576,0.25,2.0,False,False,False,applied
2026-06-06_run02_circle_r40_on_r03,20533,20547,14,-38.63703305156273,10.352761804100822,-263.27731514697575,-37.1714500282264,12.7539038206361,-263.884671199275,4.0,8.0,-8.0,-1.0937528148657185,1.6468134252098925,0.1537274766696867,0.27343820371642963,-0.4117033563024731,0.0,0.27343820371642963,-0.4117033563024731,0.0,-38.3635948478463,9.94105844779835,-263.27731514697575,3.845196210931244,8.36245180465743,-8.181391234196576,0.25,2.0,False,False,False,applied
2026-06-06_run02_circle_r40_on_r03,20633,20641,8,-38.63703305156273,10.352761804100822,-263.27731514697575,-37.1714500282264,12.7539038206361,-263.884671199275,4.0,8.0,-8.0,-1.0937528148657185,1.6468134252098925,0.1537274766696867,0.27343820371642963,-0.4117033563024731,0.0,0.27343820371642963,-0.4117033563024731,0.0,-38.3635948478463,9.94105844779835,-263.27731514697575,3.845196210931244,8.36245180465743,-8.181391234196576,0.25,2.0,False,False,False,applied
2026-06-06_run02_circle_r40_on_r03,20733,20735,2,-38.63703305156273,10.352761804100822,-263.27731514697575,-37.1714500282264,12.7539038206361,-263.884671199275,4.0,8.0,-8.0,-1.0937528148657185,1.6468134252098925,0.1537274766696867,0.27343820371642963,-0.4117033563024731,0.0,0.27343820371642963,-0.4117033563024731,0.0,-38.3635948478463,9.94105844779835,-263.27731514697575,3.845196210931244,8.36245180465743,-8.181391234196576,0.25,2.0,False,False,False,applied
2026-06-06_run02_circle_r40_on_r03,20750,20750,0,-39.39231012048832,6.945927106677211,-263.27731514697575,-37.6346299909976,9.69295100881586,-263.372114876807,3.0,9.0,-8.0,-1.5896464370747452,2.586025824388722,0.05729771950867938,0.3974116092686863,-0.6465064560971805,0.0,0.3974116092686863,-0.6465064560971805,0.0,-38.99489851121963,6.29942065058003,-263.27731514697575,2.9297101404719066,8.931234547248572,-7.87409400223764,0.25,2.0,False,False,True,applied
2026-06-06_run02_circle_r40_on_r03,20850,20860,10,-39.39231012048832,6.945927106677211,-263.27731514697575,-37.6346299909976,9.69295100881586,-263.372114876807,3.0,9.0,-8.0,-1.5896464370747452,2.586025824388722,0.05729771950867938,0.3974116092686863,-0.6465064560971805,0.0,0.3974116092686863,-0.6465064560971805,0.0,-38.99489851121963,6.29942065058003,-263.27731514697575,2.9297101404719066,8.931234547248572,-7.87409400223764,0.25,2.0,False,False,False,applied
2026-06-06_run02_circle_r40_on_r03,20950,20954,4,-39.39231012048832,6.945927106677211,-263.27731514697575,-37.6346299909976,9.69295100881586,-263.372114876807,3.0,9.0,-8.0,-1.5896464370747452,2.586025824388722,0.05729771950867938,0.3974116092686863,-0.6465064560971805,0.0,0.3974116092686863,-0.6465064560971805,0.0,-38.99489851121963,6.29942065058003,-263.27731514697575,2.9297101404719066,8.931234547248572,-7.87409400223764,0.25,2.0,False,False,False,applied
2026-06-06_run02_circle_r40_on_r03,21050,21079,29,-39.39231012048832,6.945927106677211,-263.27731514697575,-37.6346299909976,9.69295100881586,-263.372114876807,3.0,9.0,-8.0,-1.5896464370747452,2.586025824388722,0.05729771950867938,0.3974116092686863,-0.6465064560971805,0.0,0.3974116092686863,-0.6465064560971805,0.0,-38.99489851121963,6.29942065058003,-263.27731514697575,2.9297101404719066,8.931234547248572,-7.87409400223764,0.25,2.0,False,False,False,applied
2026-06-06_run02_circle_r40_on_r03,21150,21157,7,-39.39231012048832,6.945927106677211,-263.27731514697575,-37.6346299909976,9.69295100881586,-263.372114876807,3.0,9.0,-8.0,-1.5896464370747452,2.586025824388722,0.05729771950867938,0.3974116092686863,-0.6465064560971805,0.0,0.3974116092686863,-0.6465064560971805,0.0,-38.99489851121963,6.29942065058003,-263.27731514697575,2.9297101404719066,8.931234547248572,-7.87409400223764,0.25,2.0,False,False,False,applied
2026-06-06_run02_circle_r40_on_r03,21167,21172,5,-39.84778792366982,3.4862297099063277,-263.27731514697575,-39.4197819259895,5.96139803389995,-263.068674017267,2.0,9.0,-8.0,-1.5079493944871103,3.0773661778745662,-0.0010944220205914654,0.3769873486217776,-0.7693415444686416,0.0,0.3769873486217776,-0.7693415444686416,0.0,-39.470800575048045,2.716888165437686,-263.27731514697575,2.0403745475617514,9.47153949375624,-7.527031512215712,0.25,2.0,False,False,True,applied
2026-06-06_run02_circle_r40_on_r03,21267,21282,15,-39.84778792366982,3.4862297099063277,-263.27731514697575,-39.4197819259895,5.96139803389995,-263.068674017267,2.0,9.0,-8.0,-1.5079493944871103,3.0773661778745662,-0.0010944220205914654,0.3769873486217776,-0.7693415444686416,0.0,0.3769873486217776,-0.7693415444686416,0.0,-39.470800575048045,2.716888165437686,-263.27731514697575,2.0403745475617514,9.47153949375624,-7.527031512215712,0.25,2.0,False,False,False,applied
2026-06-06_run02_circle_r40_on_r03,21367,21375,8,-39.84778792366982,3.4862297099063277,-263.27731514697575,-39.4197819259895,5.96139803389995,-263.068674017267,2.0,9.0,-8.0,-1.5079493944871103,3.0773661778745662,-0.0010944220205914654,0.3769873486217776,-0.7693415444686416,0.0,0.3769873486217776,-0.7693415444686416,0.0,-39.470800575048045,2.716888165437686,-263.27731514697575,2.0403745475617514,9.47153949375624,-7.527031512215712,0.25,2.0,False,False,False,applied
2026-06-06_run02_circle_r40_on_r03,21467,21469,2,-39.84778792366982,3.4862297099063277,-263.27731514697575,-39.4197819259895,5.96139803389995,-263.068674017267,2.0,9.0,-8.0,-1.5079493944871103,3.0773661778745662,-0.0010944220205914654,0.3769873486217776,-0.7693415444686416,0.0,0.3769873486217776,-0.7693415444686416,0.0,-39.470800575048045,2.716888165437686,-263.27731514697575,2.0403745475617514,9.47153949375624,-7.527031512215712,0.25,2.0,False,False,False,applied
2026-06-06_run02_circle_r40_on_r03,21567,21579,12,-39.84778792366982,3.4862297099063277,-263.27731514697575,-39.4197819259895,5.96139803389995,-263.068674017267,2.0,9.0,-8.0,-1.5079493944871103,3.0773661778745662,-0.0010944220205914654,0.3769873486217776,-0.7693415444686416,0.0,0.3769873486217776,-0.7693415444686416,0.0,-39.470800575048045,2.716888165437686,-263.27731514697575,2.0403745475617514,9.47153949375624,-7.527031512215712,0.25,2.0,False,False,False,applied
2026-06-06_run02_circle_r40_on_r03,21583,21594,11,-40.0,0.0,-263.27731514697575,-39.3793253119647,2.72726489984278,-262.720419259299,1.0,10.0,-7.0,-1.8924889816906783,3.522556681690008,-0.06791296281807767,0.47312224542266956,-0.880639170422502,0.0,0.47312224542266956,-0.880639170422502,0.0,-39.52687775457733,-0.880639170422502,-263.27731514697575,1.139517302047286,9.917832456257917,-7.09357599492774,0.25,2.0,False,False,True,applied
2026-06-06_run02_circle_r40_on_r03,21683,21688,5,-40.0,0.0,-263.27731514697575,-39.3793253119647,2.72726489984278,-262.720419259299,1.0,10.0,-7.0,-1.8924889816906783,3.522556681690008,-0.06791296281807767,0.47312224542266956,-0.880639170422502,0.0,0.47312224542266956,-0.880639170422502,0.0,-39.52687775457733,-0.880639170422502,-263.27731514697575,1.139517302047286,9.917832456257917,-7.09357599492774,0.25,2.0,False,False,False,applied
2026-06-06_run02_circle_r40_on_r03,21783,21797,14,-40.0,0.0,-263.27731514697575,-39.3793253119647,2.72726489984278,-262.720419259299,1.0,10.0,-7.0,-1.8924889816906783,3.522556681690008,-0.06791296281807767,0.47312224542266956,-0.880639170422502,0.0,0.47312224542266956,-0.880639170422502,0.0,-39.52687775457733,-0.880639170422502,-263.27731514697575,1.139517302047286,9.917832456257917,-7.09357599492774,0.25,2.0,False,False,False,applied
2026-06-06_run02_circle_r40_on_r03,21883,21891,8,-40.0,0.0,-263.27731514697575,-39.3793253119647,2.72726489984278,-262.720419259299,1.0,10.0,-7.0,-1.8924889816906783,3.522556681690008,-0.06791296281807767,0.47312224542266956,-0.880639170422502,0.0,0.47312224542266956,-0.880639170422502,0.0,-39.52687775457733,-0.880639170422502,-263.27731514697575,1.139517302047286,9.917832456257917,-7.09357599492774,0.25,2.0,False,False,False,applied
2026-06-06_run02_circle_r40_on_r03,21983,22000,17,-40.0,0.0,-263.27731514697575,-39.3793253119647,2.72726489984278,-262.720419259299,1.0,10.0,-7.0,-1.8924889816906783,3.522556681690008,-0.06791296281807767,0.47312224542266956,-0.880639170422502,0.0,0.47312224542266956,-0.880639170422502,0.0,-39.52687775457733,-0.880639170422502,-263.27731514697575,1.139517302047286,9.917832456257917,-7.09357599492774,0.25,2.0,False,False,False,applied
2026-06-06_run02_circle_r40_on_r03,22000,22000,0,-39.84778792366982,-3.4862297099063175,-263.27731514697575,-39.5097931433319,-1.49196949949062,-263.306062966823,1.0,10.0,-7.0,-1.5771041811832032,2.2484127580374995,0.04153910357176411,0.3942760452958008,-0.5621031895093749,0.0,0.3942760452958008,-0.5621031895093749,0.0,-39.453511878374016,-4.048332899415692,-263.27731514697575,0.3555241518344114,10.294156149336144,-6.674793823834731,0.25,2.0,False,False,True,applied
2026-06-06_run02_circle_r40_on_r03,22100,22110,10,-39.84778792366982,-3.4862297099063175,-263.27731514697575,-39.5097931433319,-1.49196949949062,-263.306062966823,1.0,10.0,-7.0,-1.5771041811832032,2.2484127580374995,0.04153910357176411,0.3942760452958008,-0.5621031895093749,0.0,0.3942760452958008,-0.5621031895093749,0.0,-39.453511878374016,-4.048332899415692,-263.27731514697575,0.3555241518344114,10.294156149336144,-6.674793823834731,0.25,2.0,False,False,False,applied
2026-06-06_run02_circle_r40_on_r03,22200,22204,4,-39.84778792366982,-3.4862297099063175,-263.27731514697575,-39.5097931433319,-1.49196949949062,-263.306062966823,1.0,10.0,-7.0,-1.5771041811832032,2.2484127580374995,0.04153910357176411,0.3942760452958008,-0.5621031895093749,0.0,0.3942760452958008,-0.5621031895093749,0.0,-39.453511878374016,-4.048332899415692,-263.27731514697575,0.3555241518344114,10.294156149336144,-6.674793823834731,0.25,2.0,False,False,False,applied
2026-06-06_run02_circle_r40_on_r03,22300,22313,13,-39.84778792366982,-3.4862297099063175,-263.27731514697575,-39.5097931433319,-1.49196949949062,-263.306062966823,1.0,10.0,-7.0,-1.5771041811832032,2.2484127580374995,0.04153910357176411,0.3942760452958008,-0.5621031895093749,0.0,0.3942760452958008,-0.5621031895093749,0.0,-39.453511878374016,-4.048332899415692,-263.27731514697575,0.3555241518344114,10.294156149336144,-6.674793823834731,0.25,2.0,False,False,False,applied
2026-06-06_run02_circle_r40_on_r03,22400,22407,7,-39.84778792366982,-3.4862297099063175,-263.27731514697575,-39.5097931433319,-1.49196949949062,-263.306062966823,1.0,10.0,-7.0,-1.5771041811832032,2.2484127580374995,0.04153910357176411,0.3942760452958008,-0.5621031895093749,0.0,0.3942760452958008,-0.5621031895093749,0.0,-39.453511878374016,-4.048332899415692,-263.27731514697575,0.3555241518344114,10.294156149336144,-6.674793823834731,0.25,2.0,False,False,False,applied
2026-06-06_run02_circle_r40_on_r03,22417,22422,5,-39.392310120488325,-6.9459271066772015,-263.27731514697575,-39.5466521244301,-2.69935217471278,-263.460958098082,0.0,11.0,-6.0,-1.6192665168725744,1.8197687946884091,0.06594488984807796,0.4048166292181436,-0.4549421986721023,0.0,0.4048166292181436,-0.4549421986721023,0.0,-38.98749349127018,-7.400869305349303,-263.27731514697575,-0.48237991932377244,10.60310964906688,-6.154705876762257,0.25,2.0,False,False,True,applied
2026-06-06_run02_circle_r40_on_r03,22517,22532,15,-39.392310120488325,-6.9459271066772015,-263.27731514697575,-39.5466521244301,-2.69935217471278,-263.460958098082,0.0,11.0,-6.0,-1.6192665168725744,1.8197687946884091,0.06594488984807796,0.4048166292181436,-0.4549421986721023,0.0,0.4048166292181436,-0.4549421986721023,0.0,-38.98749349127018,-7.400869305349303,-263.27731514697575,-0.48237991932377244,10.60310964906688,-6.154705876762257,0.25,2.0,False,False,False,applied
2026-06-06_run02_circle_r40_on_r03,22617,22625,8,-39.392310120488325,-6.9459271066772015,-263.27731514697575,-39.5466521244301,-2.69935217471278,-263.460958098082,0.0,11.0,-6.0,-1.6192665168725744,1.8197687946884091,0.06594488984807796,0.4048166292181436,-0.4549421986721023,0.0,0.4048166292181436,-0.4549421986721023,0.0,-38.98749349127018,-7.400869305349303,-263.27731514697575,-0.48237991932377244,10.60310964906688,-6.154705876762257,0.25,2.0,False,False,False,applied
2026-06-06_run02_circle_r40_on_r03,22717,22719,2,-39.392310120488325,-6.9459271066772015,-263.27731514697575,-39.5466521244301,-2.69935217471278,-263.460958098082,0.0,11.0,-6.0,-1.6192665168725744,1.8197687946884091,0.06594488984807796,0.4048166292181436,-0.4549421986721023,0.0,0.4048166292181436,-0.4549421986721023,0.0,-38.98749349127018,-7.400869305349303,-263.27731514697575,-0.48237991932377244,10.60310964906688,-6.154705876762257,0.25,2.0,False,False,False,applied
2026-06-06_run02_circle_r40_on_r03,22817,22829,12,-39.392310120488325,-6.9459271066772015,-263.27731514697575,-39.5466521244301,-2.69935217471278,-263.460958098082,0.0,11.0,-6.0,-1.6192665168725744,1.8197687946884091,0.06594488984807796,0.4048166292181436,-0.4549421986721023,0.0,0.4048166292181436,-0.4549421986721023,0.0,-38.98749349127018,-7.400869305349303,-263.27731514697575,-0.48237991932377244,10.60310964906688,-6.154705876762257,0.25,2.0,False,False,False,applied
2026-06-06_run02_circle_r40_on_r03,22833,22844,11,-38.63703305156274,-10.352761804100814,-263.27731514697575,-39.6492584121028,-7.44971331168197,-263.786692446852,-1.0,11.0,-6.0,-1.3545359806070651,1.0536840702480026,0.12372107496433069,0.3386339951517663,-0.26342101756200065,0.0,0.3386339951517663,-0.26342101756200065,0.0,-38.29839905641097,-10.616182821662814,-263.27731514697575,-1.2838758098080547,10.850836763956563,-5.600454587667841,0.25,2.0,False,False,True,applied
2026-06-06_run02_circle_r40_on_r03,22933,22954,21,-38.63703305156274,-10.352761804100814,-263.27731514697575,-39.6492584121028,-7.44971331168197,-263.786692446852,-1.0,11.0,-6.0,-1.3545359806070651,1.0536840702480026,0.12372107496433069,0.3386339951517663,-0.26342101756200065,0.0,0.3386339951517663,-0.26342101756200065,0.0,-38.29839905641097,-10.616182821662814,-263.27731514697575,-1.2838758098080547,10.850836763956563,-5.600454587667841,0.25,2.0,False,False,False,applied
2026-06-06_run02_circle_r40_on_r03,23033,23047,14,-38.63703305156274,-10.352761804100814,-263.27731514697575,-39.6492584121028,-7.44971331168197,-263.786692446852,-1.0,11.0,-6.0,-1.3545359806070651,1.0536840702480026,0.12372107496433069,0.3386339951517663,-0.26342101756200065,0.0,0.3386339951517663,-0.26342101756200065,0.0,-38.29839905641097,-10.616182821662814,-263.27731514697575,-1.2838758098080547,10.850836763956563,-5.600454587667841,0.25,2.0,False,False,False,applied
2026-06-06_run02_circle_r40_on_r03,23133,23141,8,-38.63703305156274,-10.352761804100814,-263.27731514697575,-39.6492584121028,-7.44971331168197,-263.786692446852,-1.0,11.0,-6.0,-1.3545359806070651,1.0536840702480026,0.12372107496433069,0.3386339951517663,-0.26342101756200065,0.0,0.3386339951517663,-0.26342101756200065,0.0,-38.29839905641097,-10.616182821662814,-263.27731514697575,-1.2838758098080547,10.850836763956563,-5.600454587667841,0.25,2.0,False,False,False,applied
2026-06-06_run02_circle_r40_on_r03,23233,23235,2,-38.63703305156274,-10.352761804100814,-263.27731514697575,-39.6492584121028,-7.44971331168197,-263.786692446852,-1.0,11.0,-6.0,-1.3545359806070651,1.0536840702480026,0.12372107496433069,0.3386339951517663,-0.26342101756200065,0.0,0.3386339951517663,-0.26342101756200065,0.0,-38.29839905641097,-10.616182821662814,-263.27731514697575,-1.2838758098080547,10.850836763956563,-5.600454587667841,0.25,2.0,False,False,False,applied
2026-06-06_run02_circle_r40_on_r03,23250,23250,0,-37.58770483143634,-13.680805733026746,-263.27731514697575,-39.0370946200209,-10.4488810572654,-263.202394362614,-2.0,11.0,-5.0,-1.631340736463829,1.9035825024236548,0.013217363496508122,0.40783518411595726,-0.4758956256059137,0.0,0.40783518411595726,-0.4758956256059137,0.0,-37.17986964732038,-14.15670135863266,-263.27731514697575,-2.168237601160485,11.046647420235812,-4.91323401315723,0.25,2.0,False,False,True,applied
2026-06-06_run02_circle_r40_on_r03,23350,23360,10,-37.58770483143634,-13.680805733026746,-263.27731514697575,-39.0370946200209,-10.4488810572654,-263.202394362614,-2.0,11.0,-5.0,-1.631340736463829,1.9035825024236548,0.013217363496508122,0.40783518411595726,-0.4758956256059137,0.0,0.40783518411595726,-0.4758956256059137,0.0,-37.17986964732038,-14.15670135863266,-263.27731514697575,-2.168237601160485,11.046647420235812,-4.91323401315723,0.25,2.0,False,False,False,applied
2026-06-06_run02_circle_r40_on_r03,23450,23454,4,-37.58770483143634,-13.680805733026746,-263.27731514697575,-39.0370946200209,-10.4488810572654,-263.202394362614,-2.0,11.0,-5.0,-1.631340736463829,1.9035825024236548,0.013217363496508122,0.40783518411595726,-0.4758956256059137,0.0,0.40783518411595726,-0.4758956256059137,0.0,-37.17986964732038,-14.15670135863266,-263.27731514697575,-2.168237601160485,11.046647420235812,-4.91323401315723,0.25,2.0,False,False,False,applied
2026-06-06_run02_circle_r40_on_r03,23550,23563,13,-37.58770483143634,-13.680805733026746,-263.27731514697575,-39.0370946200209,-10.4488810572654,-263.202394362614,-2.0,11.0,-5.0,-1.631340736463829,1.9035825024236548,0.013217363496508122,0.40783518411595726,-0.4758956256059137,0.0,0.40783518411595726,-0.4758956256059137,0.0,-37.17986964732038,-14.15670135863266,-263.27731514697575,-2.168237601160485,11.046647420235812,-4.91323401315723,0.25,2.0,False,False,False,applied
2026-06-06_run02_circle_r40_on_r03,23650,23657,7,-37.58770483143634,-13.680805733026746,-263.27731514697575,-39.0370946200209,-10.4488810572654,-263.202394362614,-2.0,11.0,-5.0,-1.631340736463829,1.9035825024236548,0.013217363496508122,0.40783518411595726,-0.4758956256059137,0.0,0.40783518411595726,-0.4758956256059137,0.0,-37.17986964732038,-14.15670135863266,-263.27731514697575,-2.168237601160485,11.046647420235812,-4.91323401315723,0.25,2.0,False,False,False,applied
2026-06-06_run02_circle_r40_on_r03,23667,23672,5,-36.25231148146601,-16.904730469627957,-263.27731514697575,-36.746011921927,-14.4517806736582,-263.346609650977,-3.0,11.0,-4.0,-1.6639385152126023,1.3082849572933706,0.03708665817088731,0.41598462880315057,-0.32707123932334264,0.0,0.41598462880315057,-0.32707123932334264,0.0,-35.83632685266286,-17.2318017089513,-263.27731514697575,-2.9401053737845206,11.135284631339141,-4.2390059191794895,0.25,2.0,False,False,True,applied
2026-06-06_run02_circle_r40_on_r03,23767,23782,15,-36.25231148146601,-16.904730469627957,-263.27731514697575,-36.746011921927,-14.4517806736582,-263.346609650977,-3.0,11.0,-4.0,-1.6639385152126023,1.3082849572933706,0.03708665817088731,0.41598462880315057,-0.32707123932334264,0.0,0.41598462880315057,-0.32707123932334264,0.0,-35.83632685266286,-17.2318017089513,-263.27731514697575,-2.9401053737845206,11.135284631339141,-4.2390059191794895,0.25,2.0,False,False,False,applied
2026-06-06_run02_circle_r40_on_r03,23867,23875,8,-36.25231148146601,-16.904730469627957,-263.27731514697575,-36.746011921927,-14.4517806736582,-263.346609650977,-3.0,11.0,-4.0,-1.6639385152126023,1.3082849572933706,0.03708665817088731,0.41598462880315057,-0.32707123932334264,0.0,0.41598462880315057,-0.32707123932334264,0.0,-35.83632685266286,-17.2318017089513,-263.27731514697575,-2.9401053737845206,11.135284631339141,-4.2390059191794895,0.25,2.0,False,False,False,applied
2026-06-06_run02_circle_r40_on_r03,23967,23969,2,-36.25231148146601,-16.904730469627957,-263.27731514697575,-36.746011921927,-14.4517806736582,-263.346609650977,-3.0,11.0,-4.0,-1.6639385152126023,1.3082849572933706,0.03708665817088731,0.41598462880315057,-0.32707123932334264,0.0,0.41598462880315057,-0.32707123932334264,0.0,-35.83632685266286,-17.2318017089513,-263.27731514697575,-2.9401053737845206,11.135284631339141,-4.2390059191794895,0.25,2.0,False,False,False,applied
2026-06-06_run02_circle_r40_on_r03,24067,24079,12,-36.25231148146601,-16.904730469627957,-263.27731514697575,-36.746011921927,-14.4517806736582,-263.346609650977,-3.0,11.0,-4.0,-1.6639385152126023,1.3082849572933706,0.03708665817088731,0.41598462880315057,-0.32707123932334264,0.0,0.41598462880315057,-0.32707123932334264,0.0,-35.83632685266286,-17.2318017089513,-263.27731514697575,-2.9401053737845206,11.135284631339141,-4.2390059191794895,0.25,2.0,False,False,False,applied
2026-06-06_run02_circle_r40_on_r03,24083,24094,11,-34.64101615137754,-20.000000000000004,-263.27731514697575,-34.953397747636,-18.08973615917,-263.210480178387,-4.0,11.0,-4.0,-1.8766654959395654,1.4345426530158467,0.009974520511110788,0.46916637398489136,-0.3586356632539617,0.0,0.46916637398489136,-0.3586356632539617,0.0,-34.17184977739265,-20.358635663253967,-263.27731514697575,-3.7223383108483783,11.16546935720783,-3.4858975410112842,0.25,2.0,False,False,True,applied
2026-06-06_run02_circle_r40_on_r03,24183,24188,5,-34.64101615137754,-20.000000000000004,-263.27731514697575,-34.953397747636,-18.08973615917,-263.210480178387,-4.0,11.0,-4.0,-1.8766654959395654,1.4345426530158467,0.009974520511110788,0.46916637398489136,-0.3586356632539617,0.0,0.46916637398489136,-0.3586356632539617,0.0,-34.17184977739265,-20.358635663253967,-263.27731514697575,-3.7223383108483783,11.16546935720783,-3.4858975410112842,0.25,2.0,False,False,False,applied
2026-06-06_run02_circle_r40_on_r03,24283,24297,14,-34.64101615137754,-20.000000000000004,-263.27731514697575,-34.953397747636,-18.08973615917,-263.210480178387,-4.0,11.0,-4.0,-1.8766654959395654,1.4345426530158467,0.009974520511110788,0.46916637398489136,-0.3586356632539617,0.0,0.46916637398489136,-0.3586356632539617,0.0,-34.17184977739265,-20.358635663253967,-263.27731514697575,-3.7223383108483783,11.16546935720783,-3.4858975410112842,0.25,2.0,False,False,False,applied
2026-06-06_run02_circle_r40_on_r03,24383,24391,8,-34.64101615137754,-20.000000000000004,-263.27731514697575,-34.953397747636,-18.08973615917,-263.210480178387,-4.0,11.0,-4.0,-1.8766654959395654,1.4345426530158467,0.009974520511110788,0.46916637398489136,-0.3586356632539617,0.0,0.46916637398489136,-0.3586356632539617,0.0,-34.17184977739265,-20.358635663253967,-263.27731514697575,-3.7223383108483783,11.16546935720783,-3.4858975410112842,0.25,2.0,False,False,False,applied
2026-06-06_run02_circle_r40_on_r03,24483,24485,2,-34.64101615137754,-20.000000000000004,-263.27731514697575,-34.953397747636,-18.08973615917,-263.210480178387,-4.0,11.0,-4.0,-1.8766654959395654,1.4345426530158467,0.009974520511110788,0.46916637398489136,-0.3586356632539617,0.0,0.46916637398489136,-0.3586356632539617,0.0,-34.17184977739265,-20.358635663253967,-263.27731514697575,-3.7223383108483783,11.16546935720783,-3.4858975410112842,0.25,2.0,False,False,False,applied
2026-06-06_run02_circle_r40_on_r03,24500,24500,0,-32.76608177155968,-22.943057454041835,-263.27731514697575,-34.3635125213373,-20.4512784647586,-262.709137557952,-4.0,11.0,-3.0,-2.209912172514931,2.116098627172256,-0.08134844285295627,0.5524780431287327,-0.529024656793064,0.0,0.5524780431287327,-0.529024656793064,0.0,-32.213603728430954,-23.472082110834897,-263.27731514697575,-4.495890988866608,11.137496917425802,-2.6655034466055025,0.25,2.0,False,False,True,applied
2026-06-06_run02_circle_r40_on_r03,24600,24610,10,-32.76608177155968,-22.943057454041835,-263.27731514697575,-34.3635125213373,-20.4512784647586,-262.709137557952,-4.0,11.0,-3.0,-2.209912172514931,2.116098627172256,-0.08134844285295627,0.5524780431287327,-0.529024656793064,0.0,0.5524780431287327,-0.529024656793064,0.0,-32.213603728430954,-23.472082110834897,-263.27731514697575,-4.495890988866608,11.137496917425802,-2.6655034466055025,0.25,2.0,False,False,False,applied
2026-06-06_run02_circle_r40_on_r03,24700,24704,4,-32.76608177155968,-22.943057454041835,-263.27731514697575,-34.3635125213373,-20.4512784647586,-262.709137557952,-4.0,11.0,-3.0,-2.209912172514931,2.116098627172256,-0.08134844285295627,0.5524780431287327,-0.529024656793064,0.0,0.5524780431287327,-0.529024656793064,0.0,-32.213603728430954,-23.472082110834897,-263.27731514697575,-4.495890988866608,11.137496917425802,-2.6655034466055025,0.25,2.0,False,False,False,applied
2026-06-06_run02_circle_r40_on_r03,24800,24813,13,-32.76608177155968,-22.943057454041835,-263.27731514697575,-34.3635125213373,-20.4512784647586,-262.709137557952,-4.0,11.0,-3.0,-2.209912172514931,2.116098627172256,-0.08134844285295627,0.5524780431287327,-0.529024656793064,0.0,0.5524780431287327,-0.529024656793064,0.0,-32.213603728430954,-23.472082110834897,-263.27731514697575,-4.495890988866608,11.137496917425802,-2.6655034466055025,0.25,2.0,False,False,False,applied
2026-06-06_run02_circle_r40_on_r03,24900,24907,7,-32.76608177155968,-22.943057454041835,-263.27731514697575,-34.3635125213373,-20.4512784647586,-262.709137557952,-4.0,11.0,-3.0,-2.209912172514931,2.116098627172256,-0.08134844285295627,0.5524780431287327,-0.529024656793064,0.0,0.5524780431287327,-0.529024656793064,0.0,-32.213603728430954,-23.472082110834897,-263.27731514697575,-4.495890988866608,11.137496917425802,-2.6655034466055025,0.25,2.0,False,False,False,applied
2026-06-06_run02_circle_r40_on_r03,24917,24922,5,-30.641777724759134,-25.711504387461556,-263.27731514697575,-32.1380984467176,-22.443471782732,-263.390566728424,-5.0,11.0,-2.0,-1.880871169157216,0.581562180277525,0.04000065475874239,0.470217792289304,-0.14539054506938126,0.0,0.470217792289304,-0.14539054506938126,0.0,-30.17155993246983,-25.85689493253094,-263.27731514697575,-5.100702493133151,10.990593453058318,-1.9320772550898804,0.25,2.0,False,False,True,applied
2026-06-06_run02_circle_r40_on_r03,25017,25032,15,-30.641777724759134,-25.711504387461556,-263.27731514697575,-32.1380984467176,-22.443471782732,-263.390566728424,-5.0,11.0,-2.0,-1.880871169157216,0.581562180277525,0.04000065475874239,0.470217792289304,-0.14539054506938126,0.0,0.470217792289304,-0.14539054506938126,0.0,-30.17155993246983,-25.85689493253094,-263.27731514697575,-5.100702493133151,10.990593453058318,-1.9320772550898804,0.25,2.0,False,False,False,applied
2026-06-06_run02_circle_r40_on_r03,25117,25125,8,-30.641777724759134,-25.711504387461556,-263.27731514697575,-32.1380984467176,-22.443471782732,-263.390566728424,-5.0,11.0,-2.0,-1.880871169157216,0.581562180277525,0.04000065475874239,0.470217792289304,-0.14539054506938126,0.0,0.470217792289304,-0.14539054506938126,0.0,-30.17155993246983,-25.85689493253094,-263.27731514697575,-5.100702493133151,10.990593453058318,-1.9320772550898804,0.25,2.0,False,False,False,applied
2026-06-06_run02_circle_r40_on_r03,25217,25219,2,-30.641777724759134,-25.711504387461556,-263.27731514697575,-32.1380984467176,-22.443471782732,-263.390566728424,-5.0,11.0,-2.0,-1.880871169157216,0.581562180277525,0.04000065475874239,0.470217792289304,-0.14539054506938126,0.0,0.470217792289304,-0.14539054506938126,0.0,-30.17155993246983,-25.85689493253094,-263.27731514697575,-5.100702493133151,10.990593453058318,-1.9320772550898804,0.25,2.0,False,False,False,applied
2026-06-06_run02_circle_r40_on_r03,25317,25329,12,-30.641777724759134,-25.711504387461556,-263.27731514697575,-32.1380984467176,-22.443471782732,-263.390566728424,-5.0,11.0,-2.0,-1.880871169157216,0.581562180277525,0.04000065475874239,0.470217792289304,-0.14539054506938126,0.0,0.470217792289304,-0.14539054506938126,0.0,-30.17155993246983,-25.85689493253094,-263.27731514697575,-5.100702493133151,10.990593453058318,-1.9320772550898804,0.25,2.0,False,False,False,applied
2026-06-06_run02_circle_r40_on_r03,25333,25344,11,-28.28427124746191,-28.2842712474619,-263.27731514697575,-29.8573632268186,-26.3702840007529,-263.292525826293,-6.0,11.0,-1.0,-2.059016296197062,0.448877344684499,0.019414421101552372,0.5147540740492655,-0.11221933617112476,0.0,0.5147540740492655,-0.11221933617112476,0.0,-27.769517173412645,-28.396490583633025,-263.27731514697575,-5.736294183358796,10.794191171863973,-1.0938185347817835,0.25,2.0,False,False,True,applied
2026-06-06_run02_circle_r40_on_r03,25433,25454,21,-28.28427124746191,-28.2842712474619,-263.27731514697575,-29.8573632268186,-26.3702840007529,-263.292525826293,-6.0,11.0,-1.0,-2.059016296197062,0.448877344684499,0.019414421101552372,0.5147540740492655,-0.11221933617112476,0.0,0.5147540740492655,-0.11221933617112476,0.0,-27.769517173412645,-28.396490583633025,-263.27731514697575,-5.736294183358796,10.794191171863973,-1.0938185347817835,0.25,2.0,False,False,False,applied
2026-06-06_run02_circle_r40_on_r03,25533,25547,14,-28.28427124746191,-28.2842712474619,-263.27731514697575,-29.8573632268186,-26.3702840007529,-263.292525826293,-6.0,11.0,-1.0,-2.059016296197062,0.448877344684499,0.019414421101552372,0.5147540740492655,-0.11221933617112476,0.0,0.5147540740492655,-0.11221933617112476,0.0,-27.769517173412645,-28.396490583633025,-263.27731514697575,-5.736294183358796,10.794191171863973,-1.0938185347817835,0.25,2.0,False,False,False,applied
2026-06-06_run02_circle_r40_on_r03,25633,25641,8,-28.28427124746191,-28.2842712474619,-263.27731514697575,-29.8573632268186,-26.3702840007529,-263.292525826293,-6.0,11.0,-1.0,-2.059016296197062,0.448877344684499,0.019414421101552372,0.5147540740492655,-0.11221933617112476,0.0,0.5147540740492655,-0.11221933617112476,0.0,-27.769517173412645,-28.396490583633025,-263.27731514697575,-5.736294183358796,10.794191171863973,-1.0938185347817835,0.25,2.0,False,False,False,applied
2026-06-06_run02_circle_r40_on_r03,25733,25735,2,-28.28427124746191,-28.2842712474619,-263.27731514697575,-29.8573632268186,-26.3702840007529,-263.292525826293,-6.0,11.0,-1.0,-2.059016296197062,0.448877344684499,0.019414421101552372,0.5147540740492655,-0.11221933617112476,0.0,0.5147540740492655,-0.11221933617112476,0.0,-27.769517173412645,-28.396490583633025,-263.27731514697575,-5.736294183358796,10.794191171863973,-1.0938185347817835,0.25,2.0,False,False,False,applied
2026-06-06_run02_circle_r40_on_r03,25750,25750,0,-25.71150438746158,-30.641777724759116,-263.27731514697575,-27.5225716448239,-29.8216599164246,-263.342735858321,-6.0,11.0,0.0,-2.2644361183998485,0.016556334128497496,0.030075065183971662,0.5661090295999621,-0.004139083532124374,0.0,0.5661090295999621,-0.004139083532124374,0.0,-25.14539535786162,-30.64591680829124,-263.27731514697575,-6.302809429827977,10.512148051537633,-0.2480203785845958,0.25,2.0,False,False,True,applied
2026-06-06_run02_circle_r40_on_r03,25850,25860,10,-25.71150438746158,-30.641777724759116,-263.27731514697575,-27.5225716448239,-29.8216599164246,-263.342735858321,-6.0,11.0,0.0,-2.2644361183998485,0.016556334128497496,0.030075065183971662,0.5661090295999621,-0.004139083532124374,0.0,0.5661090295999621,-0.004139083532124374,0.0,-25.14539535786162,-30.64591680829124,-263.27731514697575,-6.302809429827977,10.512148051537633,-0.2480203785845958,0.25,2.0,False,False,False,applied
2026-06-06_run02_circle_r40_on_r03,25950,25954,4,-25.71150438746158,-30.641777724759116,-263.27731514697575,-27.5225716448239,-29.8216599164246,-263.342735858321,-6.0,11.0,0.0,-2.2644361183998485,0.016556334128497496,0.030075065183971662,0.5661090295999621,-0.004139083532124374,0.0,0.5661090295999621,-0.004139083532124374,0.0,-25.14539535786162,-30.64591680829124,-263.27731514697575,-6.302809429827977,10.512148051537633,-0.2480203785845958,0.25,2.0,False,False,False,applied
2026-06-06_run02_circle_r40_on_r03,26050,26063,13,-25.71150438746158,-30.641777724759116,-263.27731514697575,-27.5225716448239,-29.8216599164246,-263.342735858321,-6.0,11.0,0.0,-2.2644361183998485,0.016556334128497496,0.030075065183971662,0.5661090295999621,-0.004139083532124374,0.0,0.5661090295999621,-0.004139083532124374,0.0,-25.14539535786162,-30.64591680829124,-263.27731514697575,-6.302809429827977,10.512148051537633,-0.2480203785845958,0.25,2.0,False,False,False,applied
2026-06-06_run02_circle_r40_on_r03,26150,26157,7,-25.71150438746158,-30.641777724759116,-263.27731514697575,-27.5225716448239,-29.8216599164246,-263.342735858321,-6.0,11.0,0.0,-2.2644361183998485,0.016556334128497496,0.030075065183971662,0.5661090295999621,-0.004139083532124374,0.0,0.5661090295999621,-0.004139083532124374,0.0,-25.14539535786162,-30.64591680829124,-263.27731514697575,-6.302809429827977,10.512148051537633,-0.2480203785845958,0.25,2.0,False,False,False,applied
2026-06-06_run02_circle_r40_on_r03,26167,26172,5,-22.943057454041824,-32.76608177155968,-263.27731514697575,-24.7400813360146,-31.4850321556002,-263.820765268959,-7.0,10.0,1.0,-1.8048799956898067,-1.1713009626037212,0.11367448816191138,0.4512199989224517,0.2928252406509303,0.0,0.4512199989224517,0.2928252406509303,0.0,-22.491837455119374,-32.473256530908756,-263.27731514697575,-6.767878063689256,10.168130566861931,0.5464267038562046,0.25,2.0,False,False,True,applied
2026-06-06_run02_circle_r40_on_r03,26267,26282,15,-22.943057454041824,-32.76608177155968,-263.27731514697575,-24.7400813360146,-31.4850321556002,-263.820765268959,-7.0,10.0,1.0,-1.8048799956898067,-1.1713009626037212,0.11367448816191138,0.4512199989224517,0.2928252406509303,0.0,0.4512199989224517,0.2928252406509303,0.0,-22.491837455119374,-32.473256530908756,-263.27731514697575,-6.767878063689256,10.168130566861931,0.5464267038562046,0.25,2.0,False,False,False,applied
2026-06-06_run02_circle_r40_on_r03,26367,26375,8,-22.943057454041824,-32.76608177155968,-263.27731514697575,-24.7400813360146,-31.4850321556002,-263.820765268959,-7.0,10.0,1.0,-1.8048799956898067,-1.1713009626037212,0.11367448816191138,0.4512199989224517,0.2928252406509303,0.0,0.4512199989224517,0.2928252406509303,0.0,-22.491837455119374,-32.473256530908756,-263.27731514697575,-6.767878063689256,10.168130566861931,0.5464267038562046,0.25,2.0,False,False,False,applied
2026-06-06_run02_circle_r40_on_r03,26467,26469,2,-22.943057454041824,-32.76608177155968,-263.27731514697575,-24.7400813360146,-31.4850321556002,-263.820765268959,-7.0,10.0,1.0,-1.8048799956898067,-1.1713009626037212,0.11367448816191138,0.4512199989224517,0.2928252406509303,0.0,0.4512199989224517,0.2928252406509303,0.0,-22.491837455119374,-32.473256530908756,-263.27731514697575,-6.767878063689256,10.168130566861931,0.5464267038562046,0.25,2.0,False,False,False,applied
2026-06-06_run02_circle_r40_on_r03,26567,26579,12,-22.943057454041824,-32.76608177155968,-263.27731514697575,-24.7400813360146,-31.4850321556002,-263.820765268959,-7.0,10.0,1.0,-1.8048799956898067,-1.1713009626037212,0.11367448816191138,0.4512199989224517,0.2928252406509303,0.0,0.4512199989224517,0.2928252406509303,0.0,-22.491837455119374,-32.473256530908756,-263.27731514697575,-6.767878063689256,10.168130566861931,0.5464267038562046,0.25,2.0,False,False,False,applied
2026-06-06_run02_circle_r40_on_r03,26583,26594,11,-20.000000000000018,-34.64101615137754,-263.27731514697575,-21.0452010307017,-33.4714555622558,-263.305799016811,-7.0,10.0,1.0,-2.5560343539526955,-0.3254579064278477,0.02092232794083293,0.6390085884881739,0.08136447660696193,0.0,0.6390085884881739,0.08136447660696193,0.0,-19.360991411511844,-34.55965167477058,-263.27731514697575,-7.279561087541675,9.771600359447152,1.4931272847507286,0.25,2.0,False,False,True,applied
2026-06-06_run02_circle_r40_on_r03,26683,26688,5,-20.000000000000018,-34.64101615137754,-263.27731514697575,-21.0452010307017,-33.4714555622558,-263.305799016811,-7.0,10.0,1.0,-2.5560343539526955,-0.3254579064278477,0.02092232794083293,0.6390085884881739,0.08136447660696193,0.0,0.6390085884881739,0.08136447660696193,0.0,-19.360991411511844,-34.55965167477058,-263.27731514697575,-7.279561087541675,9.771600359447152,1.4931272847507286,0.25,2.0,False,False,False,applied
2026-06-06_run02_circle_r40_on_r03,26783,26797,14,-20.000000000000018,-34.64101615137754,-263.27731514697575,-21.0452010307017,-33.4714555622558,-263.305799016811,-7.0,10.0,1.0,-2.5560343539526955,-0.3254579064278477,0.02092232794083293,0.6390085884881739,0.08136447660696193,0.0,0.6390085884881739,0.08136447660696193,0.0,-19.360991411511844,-34.55965167477058,-263.27731514697575,-7.279561087541675,9.771600359447152,1.4931272847507286,0.25,2.0,False,False,False,applied
2026-06-06_run02_circle_r40_on_r03,26883,26891,8,-20.000000000000018,-34.64101615137754,-263.27731514697575,-21.0452010307017,-33.4714555622558,-263.305799016811,-7.0,10.0,1.0,-2.5560343539526955,-0.3254579064278477,0.02092232794083293,0.6390085884881739,0.08136447660696193,0.0,0.6390085884881739,0.08136447660696193,0.0,-19.360991411511844,-34.55965167477058,-263.27731514697575,-7.279561087541675,9.771600359447152,1.4931272847507286,0.25,2.0,False,False,False,applied
2026-06-06_run02_circle_r40_on_r03,26983,26985,2,-20.000000000000018,-34.64101615137754,-263.27731514697575,-21.0452010307017,-33.4714555622558,-263.305799016811,-7.0,10.0,1.0,-2.5560343539526955,-0.3254579064278477,0.02092232794083293,0.6390085884881739,0.08136447660696193,0.0,0.6390085884881739,0.08136447660696193,0.0,-19.360991411511844,-34.55965167477058,-263.27731514697575,-7.279561087541675,9.771600359447152,1.4931272847507286,0.25,2.0,False,False,False,applied
2026-06-06_run02_circle_r40_on_r03,27000,27000,0,-16.904730469628,-36.25231148146599,-263.27731514697575,-19.9530017841928,-34.0580732700619,-263.1403090048,-8.0,9.0,2.0,-2.2866250192799775,-0.22630301413122195,-0.014306761369199993,0.5716562548199944,0.05657575353280549,0.0,0.5716562548199944,0.05657575353280549,0.0,-16.333074214808004,-36.19573572793318,-263.27731514697575,-7.679640524256263,9.34012267870246,2.35897756393025,0.25,2.0,False,False,True,applied
2026-06-06_run02_circle_r40_on_r03,27100,27110,10,-16.904730469628,-36.25231148146599,-263.27731514697575,-19.9530017841928,-34.0580732700619,-263.1403090048,-8.0,9.0,2.0,-2.2866250192799775,-0.22630301413122195,-0.014306761369199993,0.5716562548199944,0.05657575353280549,0.0,0.5716562548199944,0.05657575353280549,0.0,-16.333074214808004,-36.19573572793318,-263.27731514697575,-7.679640524256263,9.34012267870246,2.35897756393025,0.25,2.0,False,False,False,applied
2026-06-06_run02_circle_r40_on_r03,27200,27204,4,-16.904730469628,-36.25231148146599,-263.27731514697575,-19.9530017841928,-34.0580732700619,-263.1403090048,-8.0,9.0,2.0,-2.2866250192799775,-0.22630301413122195,-0.014306761369199993,0.5716562548199944,0.05657575353280549,0.0,0.5716562548199944,0.05657575353280549,0.0,-16.333074214808004,-36.19573572793318,-263.27731514697575,-7.679640524256263,9.34012267870246,2.35897756393025,0.25,2.0,False,False,False,applied
2026-06-06_run02_circle_r40_on_r03,27300,27313,13,-16.904730469628,-36.25231148146599,-263.27731514697575,-19.9530017841928,-34.0580732700619,-263.1403090048,-8.0,9.0,2.0,-2.2866250192799775,-0.22630301413122195,-0.014306761369199993,0.5716562548199944,0.05657575353280549,0.0,0.5716562548199944,0.05657575353280549,0.0,-16.333074214808004,-36.19573572793318,-263.27731514697575,-7.679640524256263,9.34012267870246,2.35897756393025,0.25,2.0,False,False,False,applied
2026-06-06_run02_circle_r40_on_r03,27400,27407,7,-16.904730469628,-36.25231148146599,-263.27731514697575,-19.9530017841928,-34.0580732700619,-263.1403090048,-8.0,9.0,2.0,-2.2866250192799775,-0.22630301413122195,-0.014306761369199993,0.5716562548199944,0.05657575353280549,0.0,0.5716562548199944,0.05657575353280549,0.0,-16.333074214808004,-36.19573572793318,-263.27731514697575,-7.679640524256263,9.34012267870246,2.35897756393025,0.25,2.0,False,False,False,applied
2026-06-06_run02_circle_r40_on_r03,27417,27422,5,-13.680805733026741,-37.58770483143634,-263.27731514697575,-15.7945606381025,-36.337393136082,-262.705741416997,-8.0,9.0,3.0,-2.974723587739414,0.2805432038055024,-0.09277826086692409,0.7436808969348535,-0.0701358009513756,0.0,0.7436808969348535,-0.0701358009513756,0.0,-12.937124836091888,-37.65784063238772,-263.27731514697575,-8.03528304187729,8.809499168950403,3.2817990612284174,0.25,2.0,False,False,True,applied
2026-06-06_run02_circle_r40_on_r03,27517,27532,15,-13.680805733026741,-37.58770483143634,-263.27731514697575,-15.7945606381025,-36.337393136082,-262.705741416997,-8.0,9.0,3.0,-2.974723587739414,0.2805432038055024,-0.09277826086692409,0.7436808969348535,-0.0701358009513756,0.0,0.7436808969348535,-0.0701358009513756,0.0,-12.937124836091888,-37.65784063238772,-263.27731514697575,-8.03528304187729,8.809499168950403,3.2817990612284174,0.25,2.0,False,False,False,applied
2026-06-06_run02_circle_r40_on_r03,27617,27625,8,-13.680805733026741,-37.58770483143634,-263.27731514697575,-15.7945606381025,-36.337393136082,-262.705741416997,-8.0,9.0,3.0,-2.974723587739414,0.2805432038055024,-0.09277826086692409,0.7436808969348535,-0.0701358009513756,0.0,0.7436808969348535,-0.0701358009513756,0.0,-12.937124836091888,-37.65784063238772,-263.27731514697575,-8.03528304187729,8.809499168950403,3.2817990612284174,0.25,2.0,False,False,False,applied
2026-06-06_run02_circle_r40_on_r03,27717,27719,2,-13.680805733026741,-37.58770483143634,-263.27731514697575,-15.7945606381025,-36.337393136082,-262.705741416997,-8.0,9.0,3.0,-2.974723587739414,0.2805432038055024,-0.09277826086692409,0.7436808969348535,-0.0701358009513756,0.0,0.7436808969348535,-0.0701358009513756,0.0,-12.937124836091888,-37.65784063238772,-263.27731514697575,-8.03528304187729,8.809499168950403,3.2817990612284174,0.25,2.0,False,False,False,applied
2026-06-06_run02_circle_r40_on_r03,27817,27829,12,-13.680805733026741,-37.58770483143634,-263.27731514697575,-15.7945606381025,-36.337393136082,-262.705741416997,-8.0,9.0,3.0,-2.974723587739414,0.2805432038055024,-0.09277826086692409,0.7436808969348535,-0.0701358009513756,0.0,0.7436808969348535,-0.0701358009513756,0.0,-12.937124836091888,-37.65784063238772,-263.27731514697575,-8.03528304187729,8.809499168950403,3.2817990612284174,0.25,2.0,False,False,False,applied
2026-06-06_run02_circle_r40_on_r03,27833,27844,11,-10.352761804100826,-38.63703305156273,-263.27731514697575,-13.0387248465084,-37.4379643167546,-263.262235620116,-8.0,8.0,4.0,-2.574857775786465,-1.0700065794030025,0.009215075514594525,0.6437144439466163,0.2675016448507506,0.0,0.6437144439466163,0.2675016448507506,0.0,-9.70904736015421,-38.36953140671198,-263.27731514697575,-8.228416483687598,8.197545960521193,4.049306743660202,0.25,2.0,False,False,True,applied
2026-06-06_run02_circle_r40_on_r03,27933,27938,5,-10.352761804100826,-38.63703305156273,-263.27731514697575,-13.0387248465084,-37.4379643167546,-263.262235620116,-8.0,8.0,4.0,-2.574857775786465,-1.0700065794030025,0.009215075514594525,0.6437144439466163,0.2675016448507506,0.0,0.6437144439466163,0.2675016448507506,0.0,-9.70904736015421,-38.36953140671198,-263.27731514697575,-8.228416483687598,8.197545960521193,4.049306743660202,0.25,2.0,False,False,False,applied
2026-06-06_run02_circle_r40_on_r03,28033,28047,14,-10.352761804100826,-38.63703305156273,-263.27731514697575,-13.0387248465084,-37.4379643167546,-263.262235620116,-8.0,8.0,4.0,-2.574857775786465,-1.0700065794030025,0.009215075514594525,0.6437144439466163,0.2675016448507506,0.0,0.6437144439466163,0.2675016448507506,0.0,-9.70904736015421,-38.36953140671198,-263.27731514697575,-8.228416483687598,8.197545960521193,4.049306743660202,0.25,2.0,False,False,False,applied
2026-06-06_run02_circle_r40_on_r03,28133,28141,8,-10.352761804100826,-38.63703305156273,-263.27731514697575,-13.0387248465084,-37.4379643167546,-263.262235620116,-8.0,8.0,4.0,-2.574857775786465,-1.0700065794030025,0.009215075514594525,0.6437144439466163,0.2675016448507506,0.0,0.6437144439466163,0.2675016448507506,0.0,-9.70904736015421,-38.36953140671198,-263.27731514697575,-8.228416483687598,8.197545960521193,4.049306743660202,0.25,2.0,False,False,False,applied
2026-06-06_run02_circle_r40_on_r03,28233,28235,2,-10.352761804100826,-38.63703305156273,-263.27731514697575,-13.0387248465084,-37.4379643167546,-263.262235620116,-8.0,8.0,4.0,-2.574857775786465,-1.0700065794030025,0.009215075514594525,0.6437144439466163,0.2675016448507506,0.0,0.6437144439466163,0.2675016448507506,0.0,-9.70904736015421,-38.36953140671198,-263.27731514697575,-8.228416483687598,8.197545960521193,4.049306743660202,0.25,2.0,False,False,False,applied
2026-06-06_run02_circle_r40_on_r03,28250,28250,0,-6.945927106677213,-39.39231012048832,-263.27731514697575,-8.83481471576728,-37.7665197682569,-263.549062217467,-8.0,8.0,5.0,-2.8021691014599956,-1.8556761794475172,0.062041466129130696,0.7005422753649989,0.4639190448618793,0.0,0.7005422753649989,0.4639190448618793,0.0,-6.245384831312214,-38.928391075626436,-263.27731514697575,-8.377519364693189,7.520965299052828,4.852729645753332,0.25,2.0,False,False,True,applied
2026-06-06_run02_circle_r40_on_r03,28350,28360,10,-6.945927106677213,-39.39231012048832,-263.27731514697575,-8.83481471576728,-37.7665197682569,-263.549062217467,-8.0,8.0,5.0,-2.8021691014599956,-1.8556761794475172,0.062041466129130696,0.7005422753649989,0.4639190448618793,0.0,0.7005422753649989,0.4639190448618793,0.0,-6.245384831312214,-38.928391075626436,-263.27731514697575,-8.377519364693189,7.520965299052828,4.852729645753332,0.25,2.0,False,False,False,applied
2026-06-06_run02_circle_r40_on_r03,28450,28454,4,-6.945927106677213,-39.39231012048832,-263.27731514697575,-8.83481471576728,-37.7665197682569,-263.549062217467,-8.0,8.0,5.0,-2.8021691014599956,-1.8556761794475172,0.062041466129130696,0.7005422753649989,0.4639190448618793,0.0,0.7005422753649989,0.4639190448618793,0.0,-6.245384831312214,-38.928391075626436,-263.27731514697575,-8.377519364693189,7.520965299052828,4.852729645753332,0.25,2.0,False,False,False,applied
2026-06-06_run02_circle_r40_on_r03,28550,28563,13,-6.945927106677213,-39.39231012048832,-263.27731514697575,-8.83481471576728,-37.7665197682569,-263.549062217467,-8.0,8.0,5.0,-2.8021691014599956,-1.8556761794475172,0.062041466129130696,0.7005422753649989,0.4639190448618793,0.0,0.7005422753649989,0.4639190448618793,0.0,-6.245384831312214,-38.928391075626436,-263.27731514697575,-8.377519364693189,7.520965299052828,4.852729645753332,0.25,2.0,False,False,False,applied
2026-06-06_run02_circle_r40_on_r03,28650,28657,7,-6.945927106677213,-39.39231012048832,-263.27731514697575,-8.83481471576728,-37.7665197682569,-263.549062217467,-8.0,8.0,5.0,-2.8021691014599956,-1.8556761794475172,0.062041466129130696,0.7005422753649989,0.4639190448618793,0.0,0.7005422753649989,0.4639190448618793,0.0,-6.245384831312214,-38.928391075626436,-263.27731514697575,-8.377519364693189,7.520965299052828,4.852729645753332,0.25,2.0,False,False,False,applied
2026-06-06_run02_circle_r40_on_r03,28667,28672,5,-3.48622970990633,-39.84778792366982,-263.27731514697575,-5.96649654295361,-39.4524526632643,-263.779107439257,-9.0,7.0,6.0,-2.5036572498333767,-2.5753018403582453,0.10020185398695686,0.6259143124583442,0.6438254600895613,0.0,0.6259143124583442,0.6438254600895613,0.0,-2.8603153974479856,-39.20396246358026,-263.27731514697575,-8.453927543873071,6.826589290092242,5.604576104387585,0.25,2.0,False,False,True,applied
2026-06-06_run02_circle_r40_on_r03,28767,28782,15,-3.48622970990633,-39.84778792366982,-263.27731514697575,-5.96649654295361,-39.4524526632643,-263.779107439257,-9.0,7.0,6.0,-2.5036572498333767,-2.5753018403582453,0.10020185398695686,0.6259143124583442,0.6438254600895613,0.0,0.6259143124583442,0.6438254600895613,0.0,-2.8603153974479856,-39.20396246358026,-263.27731514697575,-8.453927543873071,6.826589290092242,5.604576104387585,0.25,2.0,False,False,False,applied
2026-06-06_run02_circle_r40_on_r03,28867,28875,8,-3.48622970990633,-39.84778792366982,-263.27731514697575,-5.96649654295361,-39.4524526632643,-263.779107439257,-9.0,7.0,6.0,-2.5036572498333767,-2.5753018403582453,0.10020185398695686,0.6259143124583442,0.6438254600895613,0.0,0.6259143124583442,0.6438254600895613,0.0,-2.8603153974479856,-39.20396246358026,-263.27731514697575,-8.453927543873071,6.826589290092242,5.604576104387585,0.25,2.0,False,False,False,applied
2026-06-06_run02_circle_r40_on_r03,28967,28969,2,-3.48622970990633,-39.84778792366982,-263.27731514697575,-5.96649654295361,-39.4524526632643,-263.779107439257,-9.0,7.0,6.0,-2.5036572498333767,-2.5753018403582453,0.10020185398695686,0.6259143124583442,0.6438254600895613,0.0,0.6259143124583442,0.6438254600895613,0.0,-2.8603153974479856,-39.20396246358026,-263.27731514697575,-8.453927543873071,6.826589290092242,5.604576104387585,0.25,2.0,False,False,False,applied
2026-06-06_run02_circle_r40_on_r03,29067,29079,12,-3.48622970990633,-39.84778792366982,-263.27731514697575,-5.96649654295361,-39.4524526632643,-263.779107439257,-9.0,7.0,6.0,-2.5036572498333767,-2.5753018403582453,0.10020185398695686,0.6259143124583442,0.6438254600895613,0.0,0.6259143124583442,0.6438254600895613,0.0,-2.8603153974479856,-39.20396246358026,-263.27731514697575,-8.453927543873071,6.826589290092242,5.604576104387585,0.25,2.0,False,False,False,applied
2026-06-06_run02_circle_r40_on_r03,29083,29094,11,0.0,-40.0,-263.27731514697575,-1.85046925873682,-41.0928881293873,-262.858336125916,-9.0,6.0,6.0,-3.2323713658496365,-0.9962545260273572,-0.06744267108979193,0.8080928414624091,0.2490636315068393,0.0,0.8080928414624091,0.2490636315068393,0.0,0.8080928414624091,-39.75093636849316,-263.27731514697575,-8.558474855057389,6.14187317140532,6.487007493413393,0.25,2.0,False,False,True,applied
2026-06-06_run02_circle_r40_on_r03,29183,29204,21,0.0,-40.0,-263.27731514697575,-1.85046925873682,-41.0928881293873,-262.858336125916,-9.0,6.0,6.0,-3.2323713658496365,-0.9962545260273572,-0.06744267108979193,0.8080928414624091,0.2490636315068393,0.0,0.8080928414624091,0.2490636315068393,0.0,0.8080928414624091,-39.75093636849316,-263.27731514697575,-8.558474855057389,6.14187317140532,6.487007493413393,0.25,2.0,False,False,False,applied
2026-06-06_run02_circle_r40_on_r03,29283,29297,14,0.0,-40.0,-263.27731514697575,-1.85046925873682,-41.0928881293873,-262.858336125916,-9.0,6.0,6.0,-3.2323713658496365,-0.9962545260273572,-0.06744267108979193,0.8080928414624091,0.2490636315068393,0.0,0.8080928414624091,0.2490636315068393,0.0,0.8080928414624091,-39.75093636849316,-263.27731514697575,-8.558474855057389,6.14187317140532,6.487007493413393,0.25,2.0,False,False,False,applied
2026-06-06_run02_circle_r40_on_r03,29383,29391,8,0.0,-40.0,-263.27731514697575,-1.85046925873682,-41.0928881293873,-262.858336125916,-9.0,6.0,6.0,-3.2323713658496365,-0.9962545260273572,-0.06744267108979193,0.8080928414624091,0.2490636315068393,0.0,0.8080928414624091,0.2490636315068393,0.0,0.8080928414624091,-39.75093636849316,-263.27731514697575,-8.558474855057389,6.14187317140532,6.487007493413393,0.25,2.0,False,False,False,applied
2026-06-06_run02_circle_r40_on_r03,29483,29485,2,0.0,-40.0,-263.27731514697575,-1.85046925873682,-41.0928881293873,-262.858336125916,-9.0,6.0,6.0,-3.2323713658496365,-0.9962545260273572,-0.06744267108979193,0.8080928414624091,0.2490636315068393,0.0,0.8080928414624091,0.2490636315068393,0.0,0.8080928414624091,-39.75093636849316,-263.27731514697575,-8.558474855057389,6.14187317140532,6.487007493413393,0.25,2.0,False,False,False,applied
2026-06-06_run02_circle_r40_on_r03,29500,29500,0,3.4862297099063158,-39.84778792366982,-263.27731514697575,0.530005006210524,-40.2839018404087,-262.572737332872,-9.0,6.0,7.0,-3.5908718719603447,-0.625461283615236,-0.12046481202032129,0.8977179679900862,0.156365320903809,0.0,0.8977179679900862,0.156365320903809,0.0,4.383947677896402,-39.69142260276601,-263.27731514697575,-8.531689145712587,5.381218020012051,7.253471867834182,0.25,2.0,False,False,True,applied
2026-06-06_run02_circle_r40_on_r03,29600,29625,25,3.4862297099063158,-39.84778792366982,-263.27731514697575,0.530005006210524,-40.2839018404087,-262.572737332872,-9.0,6.0,7.0,-3.5908718719603447,-0.625461283615236,-0.12046481202032129,0.8977179679900862,0.156365320903809,0.0,0.8977179679900862,0.156365320903809,0.0,4.383947677896402,-39.69142260276601,-263.27731514697575,-8.531689145712587,5.381218020012051,7.253471867834182,0.25,2.0,False,False,False,applied
2026-06-06_run02_circle_r40_on_r03,29700,29704,4,3.4862297099063158,-39.84778792366982,-263.27731514697575,0.530005006210524,-40.2839018404087,-262.572737332872,-9.0,6.0,7.0,-3.5908718719603447,-0.625461283615236,-0.12046481202032129,0.8977179679900862,0.156365320903809,0.0,0.8977179679900862,0.156365320903809,0.0,4.383947677896402,-39.69142260276601,-263.27731514697575,-8.531689145712587,5.381218020012051,7.253471867834182,0.25,2.0,False,False,False,applied
2026-06-06_run02_circle_r40_on_r03,29800,29813,13,3.4862297099063158,-39.84778792366982,-263.27731514697575,0.530005006210524,-40.2839018404087,-262.572737332872,-9.0,6.0,7.0,-3.5908718719603447,-0.625461283615236,-0.12046481202032129,0.8977179679900862,0.156365320903809,0.0,0.8977179679900862,0.156365320903809,0.0,4.383947677896402,-39.69142260276601,-263.27731514697575,-8.531689145712587,5.381218020012051,7.253471867834182,0.25,2.0,False,False,False,applied
2026-06-06_run02_circle_r40_on_r03,29900,29907,7,3.4862297099063158,-39.84778792366982,-263.27731514697575,0.530005006210524,-40.2839018404087,-262.572737332872,-9.0,6.0,7.0,-3.5908718719603447,-0.625461283615236,-0.12046481202032129,0.8977179679900862,0.156365320903809,0.0,0.8977179679900862,0.156365320903809,0.0,4.383947677896402,-39.69142260276601,-263.27731514697575,-8.531689145712587,5.381218020012051,7.253471867834182,0.25,2.0,False,False,False,applied
2026-06-06_run02_circle_r40_on_r03,29917,29922,5,6.945927106677199,-39.392310120488325,-263.27731514697575,3.42150981639177,-40.8145354724585,-263.211870782295,-8.0,5.0,8.0,-3.2660990477325744,-2.148674215494634,0.0007137901427124935,0.8165247619331436,0.5371685538736585,0.0,0.8165247619331436,0.5371685538736585,0.0,7.762451868610342,-38.85514156661467,-263.27731514697575,-8.345822753847438,4.531247849857534,7.847393374423275,0.25,2.0,False,False,True,applied
2026-06-06_run02_circle_r40_on_r03,30017,30032,15,6.945927106677199,-39.392310120488325,-263.27731514697575,3.42150981639177,-40.8145354724585,-263.211870782295,-8.0,5.0,8.0,-3.2660990477325744,-2.148674215494634,0.0007137901427124935,0.8165247619331436,0.5371685538736585,0.0,0.8165247619331436,0.5371685538736585,0.0,7.762451868610342,-38.85514156661467,-263.27731514697575,-8.345822753847438,4.531247849857534,7.847393374423275,0.25,2.0,False,False,False,applied
2026-06-06_run02_circle_r40_on_r03,30117,30125,8,6.945927106677199,-39.392310120488325,-263.27731514697575,3.42150981639177,-40.8145354724585,-263.211870782295,-8.0,5.0,8.0,-3.2660990477325744,-2.148674215494634,0.0007137901427124935,0.8165247619331436,0.5371685538736585,0.0,0.8165247619331436,0.5371685538736585,0.0,7.762451868610342,-38.85514156661467,-263.27731514697575,-8.345822753847438,4.531247849857534,7.847393374423275,0.25,2.0,False,False,False,applied
2026-06-06_run02_circle_r40_on_r03,30217,30219,2,6.945927106677199,-39.392310120488325,-263.27731514697575,3.42150981639177,-40.8145354724585,-263.211870782295,-8.0,5.0,8.0,-3.2660990477325744,-2.148674215494634,0.0007137901427124935,0.8165247619331436,0.5371685538736585,0.0,0.8165247619331436,0.5371685538736585,0.0,7.762451868610342,-38.85514156661467,-263.27731514697575,-8.345822753847438,4.531247849857534,7.847393374423275,0.25,2.0,False,False,False,applied
2026-06-06_run02_circle_r40_on_r03,30317,30344,27,6.945927106677199,-39.392310120488325,-263.27731514697575,3.42150981639177,-40.8145354724585,-263.211870782295,-8.0,5.0,8.0,-3.2660990477325744,-2.148674215494634,0.0007137901427124935,0.8165247619331436,0.5371685538736585,0.0,0.8165247619331436,0.5371685538736585,0.0,7.762451868610342,-38.85514156661467,-263.27731514697575,-8.345822753847438,4.531247849857534,7.847393374423275,0.25,2.0,False,False,False,applied
2026-06-06_run02_circle_r40_on_r03,30333,30344,11,10.352761804100812,-38.63703305156274,-263.27731514697575,7.54073687842033,-38.5682240505648,-263.884531478646,-8.0,4.0,8.0,-2.971831010067665,-3.439700563025361,0.12327573627438823,0.7429577525169162,0.8599251407563403,0.0,0.7429577525169162,0.8599251407563403,0.0,11.095719556617729,-37.7771079108064,-263.27731514697575,-8.095571148865968,3.6629928504641462,8.404702088054224,0.25,2.0,False,False,True,applied
2026-06-06_run02_circle_r40_on_r03,30433,30438,5,10.352761804100812,-38.63703305156274,-263.27731514697575,7.54073687842033,-38.5682240505648,-263.884531478646,-8.0,4.0,8.0,-2.971831010067665,-3.439700563025361,0.12327573627438823,0.7429577525169162,0.8599251407563403,0.0,0.7429577525169162,0.8599251407563403,0.0,11.095719556617729,-37.7771079108064,-263.27731514697575,-8.095571148865968,3.6629928504641462,8.404702088054224,0.25,2.0,False,False,False,applied
2026-06-06_run02_circle_r40_on_r03,30533,30547,14,10.352761804100812,-38.63703305156274,-263.27731514697575,7.54073687842033,-38.5682240505648,-263.884531478646,-8.0,4.0,8.0,-2.971831010067665,-3.439700563025361,0.12327573627438823,0.7429577525169162,0.8599251407563403,0.0,0.7429577525169162,0.8599251407563403,0.0,11.095719556617729,-37.7771079108064,-263.27731514697575,-8.095571148865968,3.6629928504641462,8.404702088054224,0.25,2.0,False,False,False,applied
2026-06-06_run02_circle_r40_on_r03,30633,30641,8,10.352761804100812,-38.63703305156274,-263.27731514697575,7.54073687842033,-38.5682240505648,-263.884531478646,-8.0,4.0,8.0,-2.971831010067665,-3.439700563025361,0.12327573627438823,0.7429577525169162,0.8599251407563403,0.0,0.7429577525169162,0.8599251407563403,0.0,11.095719556617729,-37.7771079108064,-263.27731514697575,-8.095571148865968,3.6629928504641462,8.404702088054224,0.25,2.0,False,False,False,applied
2026-06-06_run02_circle_r40_on_r03,30733,30735,2,10.352761804100812,-38.63703305156274,-263.27731514697575,7.54073687842033,-38.5682240505648,-263.884531478646,-8.0,4.0,8.0,-2.971831010067665,-3.439700563025361,0.12327573627438823,0.7429577525169162,0.8599251407563403,0.0,0.7429577525169162,0.8599251407563403,0.0,11.095719556617729,-37.7771079108064,-263.27731514697575,-8.095571148865968,3.6629928504641462,8.404702088054224,0.25,2.0,False,False,False,applied
2026-06-06_run02_circle_r40_on_r03,30750,30750,0,13.680805733026759,-37.587704831436334,-263.27731514697575,10.4288686563194,-37.4390170868915,-263.371588803402,-8.0,3.0,9.0,-3.2090373000121213,-2.676440346526099,0.028109246315508353,0.8022593250030303,0.6691100866315247,0.0,0.8022593250030303,0.6691100866315247,0.0,14.483065058029789,-36.91859474480481,-263.27731514697575,-7.862830827856044,2.845097929017893,9.034719317994318,0.25,2.0,False,False,True,applied
2026-06-06_run02_circle_r40_on_r03,30850,30875,25,13.680805733026759,-37.587704831436334,-263.27731514697575,10.4288686563194,-37.4390170868915,-263.371588803402,-8.0,3.0,9.0,-3.2090373000121213,-2.676440346526099,0.028109246315508353,0.8022593250030303,0.6691100866315247,0.0,0.8022593250030303,0.6691100866315247,0.0,14.483065058029789,-36.91859474480481,-263.27731514697575,-7.862830827856044,2.845097929017893,9.034719317994318,0.25,2.0,False,False,False,applied
2026-06-06_run02_circle_r40_on_r03,30950,30954,4,13.680805733026759,-37.587704831436334,-263.27731514697575,10.4288686563194,-37.4390170868915,-263.371588803402,-8.0,3.0,9.0,-3.2090373000121213,-2.676440346526099,0.028109246315508353,0.8022593250030303,0.6691100866315247,0.0,0.8022593250030303,0.6691100866315247,0.0,14.483065058029789,-36.91859474480481,-263.27731514697575,-7.862830827856044,2.845097929017893,9.034719317994318,0.25,2.0,False,False,False,applied
2026-06-06_run02_circle_r40_on_r03,31050,31063,13,13.680805733026759,-37.587704831436334,-263.27731514697575,10.4288686563194,-37.4390170868915,-263.371588803402,-8.0,3.0,9.0,-3.2090373000121213,-2.676440346526099,0.028109246315508353,0.8022593250030303,0.6691100866315247,0.0,0.8022593250030303,0.6691100866315247,0.0,14.483065058029789,-36.91859474480481,-263.27731514697575,-7.862830827856044,2.845097929017893,9.034719317994318,0.25,2.0,False,False,False,applied
2026-06-06_run02_circle_r40_on_r03,31150,31157,7,13.680805733026759,-37.587704831436334,-263.27731514697575,10.4288686563194,-37.4390170868915,-263.371588803402,-8.0,3.0,9.0,-3.2090373000121213,-2.676440346526099,0.028109246315508353,0.8022593250030303,0.6691100866315247,0.0,0.8022593250030303,0.6691100866315247,0.0,14.483065058029789,-36.91859474480481,-263.27731514697575,-7.862830827856044,2.845097929017893,9.034719317994318,0.25,2.0,False,False,False,applied
2026-06-06_run02_circle_r40_on_r03,31167,31172,5,16.904730469627953,-36.25231148146601,-263.27731514697575,14.5587996872499,-37.111931566592,-263.065206838902,-8.0,2.0,9.0,-3.5384764772413546,-2.1858443253867104,-0.027869963377885755,0.8846191193103387,0.5464610813466776,0.0,0.8846191193103387,0.5464610813466776,0.0,17.789349588938293,-35.70585040011933,-263.27731514697575,-7.545294073618868,1.9955771813327436,9.599340789351444,0.25,2.0,False,False,True,applied
2026-06-06_run02_circle_r40_on_r03,31267,31282,15,16.904730469627953,-36.25231148146601,-263.27731514697575,14.5587996872499,-37.111931566592,-263.065206838902,-8.0,2.0,9.0,-3.5384764772413546,-2.1858443253867104,-0.027869963377885755,0.8846191193103387,0.5464610813466776,0.0,0.8846191193103387,0.5464610813466776,0.0,17.789349588938293,-35.70585040011933,-263.27731514697575,-7.545294073618868,1.9955771813327436,9.599340789351444,0.25,2.0,False,False,False,applied
2026-06-06_run02_circle_r40_on_r03,31367,31375,8,16.904730469627953,-36.25231148146601,-263.27731514697575,14.5587996872499,-37.111931566592,-263.065206838902,-8.0,2.0,9.0,-3.5384764772413546,-2.1858443253867104,-0.027869963377885755,0.8846191193103387,0.5464610813466776,0.0,0.8846191193103387,0.5464610813466776,0.0,17.789349588938293,-35.70585040011933,-263.27731514697575,-7.545294073618868,1.9955771813327436,9.599340789351444,0.25,2.0,False,False,False,applied
2026-06-06_run02_circle_r40_on_r03,31467,31469,2,16.904730469627953,-36.25231148146601,-263.27731514697575,14.5587996872499,-37.111931566592,-263.065206838902,-8.0,2.0,9.0,-3.5384764772413546,-2.1858443253867104,-0.027869963377885755,0.8846191193103387,0.5464610813466776,0.0,0.8846191193103387,0.5464610813466776,0.0,17.789349588938293,-35.70585040011933,-263.27731514697575,-7.545294073618868,1.9955771813327436,9.599340789351444,0.25,2.0,False,False,False,applied
2026-06-06_run02_circle_r40_on_r03,31567,31579,12,16.904730469627953,-36.25231148146601,-263.27731514697575,14.5587996872499,-37.111931566592,-263.065206838902,-8.0,2.0,9.0,-3.5384764772413546,-2.1858443253867104,-0.027869963377885755,0.8846191193103387,0.5464610813466776,0.0,0.8846191193103387,0.5464610813466776,0.0,17.789349588938293,-35.70585040011933,-263.27731514697575,-7.545294073618868,1.9955771813327436,9.599340789351444,0.25,2.0,False,False,False,applied
2026-06-06_run02_circle_r40_on_r03,31583,31594,11,19.99999999999997,-34.64101615137756,-263.27731514697575,17.2902058248704,-35.4872962484482,-262.714472048462,-7.0,1.0,10.0,-3.770751757078389,-1.7448804812119811,-0.0892790244602282,0.9426879392695973,0.4362201203029953,0.0,0.9426879392695973,0.4362201203029953,0.0,20.942687939269568,-34.204796031074565,-263.27731514697575,-7.157006082352968,1.140529671785031,10.094061963495795,0.25,2.0,False,False,True,applied
2026-06-06_run02_circle_r40_on_r03,31683,31704,21,19.99999999999997,-34.64101615137756,-263.27731514697575,17.2902058248704,-35.4872962484482,-262.714472048462,-7.0,1.0,10.0,-3.770751757078389,-1.7448804812119811,-0.0892790244602282,0.9426879392695973,0.4362201203029953,0.0,0.9426879392695973,0.4362201203029953,0.0,20.942687939269568,-34.204796031074565,-263.27731514697575,-7.157006082352968,1.140529671785031,10.094061963495795,0.25,2.0,False,False,False,applied
2026-06-06_run02_circle_r40_on_r03,31783,31797,14,19.99999999999997,-34.64101615137756,-263.27731514697575,17.2902058248704,-35.4872962484482,-262.714472048462,-7.0,1.0,10.0,-3.770751757078389,-1.7448804812119811,-0.0892790244602282,0.9426879392695973,0.4362201203029953,0.0,0.9426879392695973,0.4362201203029953,0.0,20.942687939269568,-34.204796031074565,-263.27731514697575,-7.157006082352968,1.140529671785031,10.094061963495795,0.25,2.0,False,False,False,applied
2026-06-06_run02_circle_r40_on_r03,31883,31891,8,19.99999999999997,-34.64101615137756,-263.27731514697575,17.2902058248704,-35.4872962484482,-262.714472048462,-7.0,1.0,10.0,-3.770751757078389,-1.7448804812119811,-0.0892790244602282,0.9426879392695973,0.4362201203029953,0.0,0.9426879392695973,0.4362201203029953,0.0,20.942687939269568,-34.204796031074565,-263.27731514697575,-7.157006082352968,1.140529671785031,10.094061963495795,0.25,2.0,False,False,False,applied
2026-06-06_run02_circle_r40_on_r03,31983,31985,2,19.99999999999997,-34.64101615137756,-263.27731514697575,17.2902058248704,-35.4872962484482,-262.714472048462,-7.0,1.0,10.0,-3.770751757078389,-1.7448804812119811,-0.0892790244602282,0.9426879392695973,0.4362201203029953,0.0,0.9426879392695973,0.4362201203029953,0.0,20.942687939269568,-34.204796031074565,-263.27731514697575,-7.157006082352968,1.140529671785031,10.094061963495795,0.25,2.0,False,False,False,applied
2026-06-06_run02_circle_r40_on_r03,32000,32000,0,22.943057454041842,-32.76608177155967,-263.27731514697575,21.046372848653,-33.470826024101,-263.305972878847,-7.0,1.0,10.0,-3.8007509440620195,-2.8417769603779726,0.018846875617078915,0.9501877360155049,0.7104442400944931,0.0,0.9501877360155049,0.7104442400944931,0.0,23.893245190057346,-32.05563753146517,-263.27731514697575,-6.630681141288892,0.22349800212728174,10.443483046496297,0.25,2.0,False,False,True,applied
2026-06-06_run02_circle_r40_on_r03,32100,32110,10,22.943057454041842,-32.76608177155967,-263.27731514697575,21.046372848653,-33.470826024101,-263.305972878847,-7.0,1.0,10.0,-3.8007509440620195,-2.8417769603779726,0.018846875617078915,0.9501877360155049,0.7104442400944931,0.0,0.9501877360155049,0.7104442400944931,0.0,23.893245190057346,-32.05563753146517,-263.27731514697575,-6.630681141288892,0.22349800212728174,10.443483046496297,0.25,2.0,False,False,False,applied
2026-06-06_run02_circle_r40_on_r03,32200,32204,4,22.943057454041842,-32.76608177155967,-263.27731514697575,21.046372848653,-33.470826024101,-263.305972878847,-7.0,1.0,10.0,-3.8007509440620195,-2.8417769603779726,0.018846875617078915,0.9501877360155049,0.7104442400944931,0.0,0.9501877360155049,0.7104442400944931,0.0,23.893245190057346,-32.05563753146517,-263.27731514697575,-6.630681141288892,0.22349800212728174,10.443483046496297,0.25,2.0,False,False,False,applied
2026-06-06_run02_circle_r40_on_r03,32300,32313,13,22.943057454041842,-32.76608177155967,-263.27731514697575,21.046372848653,-33.470826024101,-263.305972878847,-7.0,1.0,10.0,-3.8007509440620195,-2.8417769603779726,0.018846875617078915,0.9501877360155049,0.7104442400944931,0.0,0.9501877360155049,0.7104442400944931,0.0,23.893245190057346,-32.05563753146517,-263.27731514697575,-6.630681141288892,0.22349800212728174,10.443483046496297,0.25,2.0,False,False,False,applied
2026-06-06_run02_circle_r40_on_r03,32400,32407,7,22.943057454041842,-32.76608177155967,-263.27731514697575,21.046372848653,-33.470826024101,-263.305972878847,-7.0,1.0,10.0,-3.8007509440620195,-2.8417769603779726,0.018846875617078915,0.9501877360155049,0.7104442400944931,0.0,0.9501877360155049,0.7104442400944931,0.0,23.893245190057346,-32.05563753146517,-263.27731514697575,-6.630681141288892,0.22349800212728174,10.443483046496297,0.25,2.0,False,False,False,applied
2026-06-06_run02_circle_r40_on_r03,32417,32422,5,25.71150438746157,-30.641777724759123,-263.27731514697575,22.1366190591415,-32.8849734507731,-263.464507333385,-6.0,0.0,11.0,-3.553923504579395,-3.38383627545588,0.051027109009594424,0.8884808761448487,0.84595906886397,0.0,0.8884808761448487,0.84595906886397,0.0,26.59998526360642,-29.795818655895154,-263.27731514697575,-6.069962526642438,-0.6492214987679709,10.73387770193756,0.25,2.0,False,False,True,applied
2026-06-06_run02_circle_r40_on_r03,32517,32532,15,25.71150438746157,-30.641777724759123,-263.27731514697575,22.1366190591415,-32.8849734507731,-263.464507333385,-6.0,0.0,11.0,-3.553923504579395,-3.38383627545588,0.051027109009594424,0.8884808761448487,0.84595906886397,0.0,0.8884808761448487,0.84595906886397,0.0,26.59998526360642,-29.795818655895154,-263.27731514697575,-6.069962526642438,-0.6492214987679709,10.73387770193756,0.25,2.0,False,False,False,applied
2026-06-06_run02_circle_r40_on_r03,32617,32625,8,25.71150438746157,-30.641777724759123,-263.27731514697575,22.1366190591415,-32.8849734507731,-263.464507333385,-6.0,0.0,11.0,-3.553923504579395,-3.38383627545588,0.051027109009594424,0.8884808761448487,0.84595906886397,0.0,0.8884808761448487,0.84595906886397,0.0,26.59998526360642,-29.795818655895154,-263.27731514697575,-6.069962526642438,-0.6492214987679709,10.73387770193756,0.25,2.0,False,False,False,applied
2026-06-06_run02_circle_r40_on_r03,32717,32719,2,25.71150438746157,-30.641777724759123,-263.27731514697575,22.1366190591415,-32.8849734507731,-263.464507333385,-6.0,0.0,11.0,-3.553923504579395,-3.38383627545588,0.051027109009594424,0.8884808761448487,0.84595906886397,0.0,0.8884808761448487,0.84595906886397,0.0,26.59998526360642,-29.795818655895154,-263.27731514697575,-6.069962526642438,-0.6492214987679709,10.73387770193756,0.25,2.0,False,False,False,applied
2026-06-06_run02_circle_r40_on_r03,32817,32829,12,25.71150438746157,-30.641777724759123,-263.27731514697575,22.1366190591415,-32.8849734507731,-263.464507333385,-6.0,0.0,11.0,-3.553923504579395,-3.38383627545588,0.051027109009594424,0.8884808761448487,0.84595906886397,0.0,0.8884808761448487,0.84595906886397,0.0,26.59998526360642,-29.795818655895154,-263.27731514697575,-6.069962526642438,-0.6492214987679709,10.73387770193756,0.25,2.0,False,False,False,applied
2026-06-06_run02_circle_r40_on_r03,32833,32844,11,28.284271247461895,-28.28427124746191,-263.27731514697575,26.2613408469705,-30.6218833585678,-263.792027546038,-6.0,-1.0,11.0,-3.470485486815663,-4.01966089842166,0.11030296165097873,0.8676213717039157,1.004915224605415,0.0,0.8676213717039157,1.004915224605415,0.0,29.15189261916581,-27.279356022856494,-263.27731514697575,-5.44295408623447,-1.5194028463966296,10.96206263915328,0.25,2.0,False,False,True,applied
2026-06-06_run02_circle_r40_on_r03,32933,32954,21,28.284271247461895,-28.28427124746191,-263.27731514697575,26.2613408469705,-30.6218833585678,-263.792027546038,-6.0,-1.0,11.0,-3.470485486815663,-4.01966089842166,0.11030296165097873,0.8676213717039157,1.004915224605415,0.0,0.8676213717039157,1.004915224605415,0.0,29.15189261916581,-27.279356022856494,-263.27731514697575,-5.44295408623447,-1.5194028463966296,10.96206263915328,0.25,2.0,False,False,False,applied
2026-06-06_run02_circle_r40_on_r03,33033,33047,14,28.284271247461895,-28.28427124746191,-263.27731514697575,26.2613408469705,-30.6218833585678,-263.792027546038,-6.0,-1.0,11.0,-3.470485486815663,-4.01966089842166,0.11030296165097873,0.8676213717039157,1.004915224605415,0.0,0.8676213717039157,1.004915224605415,0.0,29.15189261916581,-27.279356022856494,-263.27731514697575,-5.44295408623447,-1.5194028463966296,10.96206263915328,0.25,2.0,False,False,False,applied
2026-06-06_run02_circle_r40_on_r03,33133,33141,8,28.284271247461895,-28.28427124746191,-263.27731514697575,26.2613408469705,-30.6218833585678,-263.792027546038,-6.0,-1.0,11.0,-3.470485486815663,-4.01966089842166,0.11030296165097873,0.8676213717039157,1.004915224605415,0.0,0.8676213717039157,1.004915224605415,0.0,29.15189261916581,-27.279356022856494,-263.27731514697575,-5.44295408623447,-1.5194028463966296,10.96206263915328,0.25,2.0,False,False,False,applied
2026-06-06_run02_circle_r40_on_r03,33233,33235,2,28.284271247461895,-28.28427124746191,-263.27731514697575,26.2613408469705,-30.6218833585678,-263.792027546038,-6.0,-1.0,11.0,-3.470485486815663,-4.01966089842166,0.11030296165097873,0.8676213717039157,1.004915224605415,0.0,0.8676213717039157,1.004915224605415,0.0,29.15189261916581,-27.279356022856494,-263.27731514697575,-5.44295408623447,-1.5194028463966296,10.96206263915328,0.25,2.0,False,False,False,applied
2026-06-06_run02_circle_r40_on_r03,33250,33250,0,30.641777724759113,-25.711504387461584,-263.27731514697575,28.5694888689683,-28.57932534861,-263.202473789323,-5.0,-2.0,11.0,-3.86522470926926,-2.9349092281731046,0.0055131801571220145,0.966306177317315,0.7337273070432762,0.0,0.966306177317315,0.7337273070432762,0.0,31.608083902076427,-24.977777080418306,-263.27731514697575,-4.842531213662961,-2.3155660806983795,11.221588409580244,0.25,2.0,False,False,True,applied
2026-06-06_run02_circle_r40_on_r03,33350,33360,10,30.641777724759113,-25.711504387461584,-263.27731514697575,28.5694888689683,-28.57932534861,-263.202473789323,-5.0,-2.0,11.0,-3.86522470926926,-2.9349092281731046,0.0055131801571220145,0.966306177317315,0.7337273070432762,0.0,0.966306177317315,0.7337273070432762,0.0,31.608083902076427,-24.977777080418306,-263.27731514697575,-4.842531213662961,-2.3155660806983795,11.221588409580244,0.25,2.0,False,False,False,applied
2026-06-06_run02_circle_r40_on_r03,33450,33454,4,30.641777724759113,-25.711504387461584,-263.27731514697575,28.5694888689683,-28.57932534861,-263.202473789323,-5.0,-2.0,11.0,-3.86522470926926,-2.9349092281731046,0.0055131801571220145,0.966306177317315,0.7337273070432762,0.0,0.966306177317315,0.7337273070432762,0.0,31.608083902076427,-24.977777080418306,-263.27731514697575,-4.842531213662961,-2.3155660806983795,11.221588409580244,0.25,2.0,False,False,False,applied
2026-06-06_run02_circle_r40_on_r03,33550,33563,13,30.641777724759113,-25.711504387461584,-263.27731514697575,28.5694888689683,-28.57932534861,-263.202473789323,-5.0,-2.0,11.0,-3.86522470926926,-2.9349092281731046,0.0055131801571220145,0.966306177317315,0.7337273070432762,0.0,0.966306177317315,0.7337273070432762,0.0,31.608083902076427,-24.977777080418306,-263.27731514697575,-4.842531213662961,-2.3155660806983795,11.221588409580244,0.25,2.0,False,False,False,applied
2026-06-06_run02_circle_r40_on_r03,33650,33657,7,30.641777724759113,-25.711504387461584,-263.27731514697575,28.5694888689683,-28.57932534861,-263.202473789323,-5.0,-2.0,11.0,-3.86522470926926,-2.9349092281731046,0.0055131801571220145,0.966306177317315,0.7337273070432762,0.0,0.966306177317315,0.7337273070432762,0.0,31.608083902076427,-24.977777080418306,-263.27731514697575,-4.842531213662961,-2.3155660806983795,11.221588409580244,0.25,2.0,False,False,False,applied
2026-06-06_run02_circle_r40_on_r03,33667,33672,5,32.76608177155966,-22.94305745404186,-263.27731514697575,30.8796775656063,-24.6125286506819,-263.346438070471,-4.0,-3.0,11.0,-3.787310476498885,-3.16608330315701,0.034249411817812034,0.9468276191247212,0.7915208257892525,0.0,0.9468276191247212,0.7915208257892525,0.0,33.71290939068438,-22.151536628252607,-263.27731514697575,-4.131832293785354,-3.1225433279841215,11.323698620195024,0.25,2.0,False,False,True,applied
2026-06-06_run02_circle_r40_on_r03,33767,33782,15,32.76608177155966,-22.94305745404186,-263.27731514697575,30.8796775656063,-24.6125286506819,-263.346438070471,-4.0,-3.0,11.0,-3.787310476498885,-3.16608330315701,0.034249411817812034,0.9468276191247212,0.7915208257892525,0.0,0.9468276191247212,0.7915208257892525,0.0,33.71290939068438,-22.151536628252607,-263.27731514697575,-4.131832293785354,-3.1225433279841215,11.323698620195024,0.25,2.0,False,False,False,applied
2026-06-06_run02_circle_r40_on_r03,33867,33875,8,32.76608177155966,-22.94305745404186,-263.27731514697575,30.8796775656063,-24.6125286506819,-263.346438070471,-4.0,-3.0,11.0,-3.787310476498885,-3.16608330315701,0.034249411817812034,0.9468276191247212,0.7915208257892525,0.0,0.9468276191247212,0.7915208257892525,0.0,33.71290939068438,-22.151536628252607,-263.27731514697575,-4.131832293785354,-3.1225433279841215,11.323698620195024,0.25,2.0,False,False,False,applied
2026-06-06_run02_circle_r40_on_r03,33967,33969,2,32.76608177155966,-22.94305745404186,-263.27731514697575,30.8796775656063,-24.6125286506819,-263.346438070471,-4.0,-3.0,11.0,-3.787310476498885,-3.16608330315701,0.034249411817812034,0.9468276191247212,0.7915208257892525,0.0,0.9468276191247212,0.7915208257892525,0.0,33.71290939068438,-22.151536628252607,-263.27731514697575,-4.131832293785354,-3.1225433279841215,11.323698620195024,0.25,2.0,False,False,False,applied
2026-06-06_run02_circle_r40_on_r03,34067,34079,12,32.76608177155966,-22.94305745404186,-263.27731514697575,30.8796775656063,-24.6125286506819,-263.346438070471,-4.0,-3.0,11.0,-3.787310476498885,-3.16608330315701,0.034249411817812034,0.9468276191247212,0.7915208257892525,0.0,0.9468276191247212,0.7915208257892525,0.0,33.71290939068438,-22.151536628252607,-263.27731514697575,-4.131832293785354,-3.1225433279841215,11.323698620195024,0.25,2.0,False,False,False,applied
2026-06-06_run02_circle_r40_on_r03,34083,34094,11,34.641016151377556,-19.999999999999986,-263.27731514697575,33.1404655263036,-21.2271818997484,-263.211434582377,-4.0,-4.0,11.0,-3.7637532671843257,-2.853910892807862,0.007826567509975292,0.9409383167960814,0.7134777232019655,0.0,0.9409383167960814,0.7134777232019655,0.0,35.581954468173635,-19.28652227679802,-263.27731514697575,-3.4051757806034475,-3.8771580972956516,11.377579925481335,0.25,2.0,False,False,True,applied
2026-06-06_run02_circle_r40_on_r03,34183,34188,5,34.641016151377556,-19.999999999999986,-263.27731514697575,33.1404655263036,-21.2271818997484,-263.211434582377,-4.0,-4.0,11.0,-3.7637532671843257,-2.853910892807862,0.007826567509975292,0.9409383167960814,0.7134777232019655,0.0,0.9409383167960814,0.7134777232019655,0.0,35.581954468173635,-19.28652227679802,-263.27731514697575,-3.4051757806034475,-3.8771580972956516,11.377579925481335,0.25,2.0,False,False,False,applied
2026-06-06_run02_circle_r40_on_r03,34283,34297,14,34.641016151377556,-19.999999999999986,-263.27731514697575,33.1404655263036,-21.2271818997484,-263.211434582377,-4.0,-4.0,11.0,-3.7637532671843257,-2.853910892807862,0.007826567509975292,0.9409383167960814,0.7134777232019655,0.0,0.9409383167960814,0.7134777232019655,0.0,35.581954468173635,-19.28652227679802,-263.27731514697575,-3.4051757806034475,-3.8771580972956516,11.377579925481335,0.25,2.0,False,False,False,applied
2026-06-06_run02_circle_r40_on_r03,34383,34391,8,34.641016151377556,-19.999999999999986,-263.27731514697575,33.1404655263036,-21.2271818997484,-263.211434582377,-4.0,-4.0,11.0,-3.7637532671843257,-2.853910892807862,0.007826567509975292,0.9409383167960814,0.7134777232019655,0.0,0.9409383167960814,0.7134777232019655,0.0,35.581954468173635,-19.28652227679802,-263.27731514697575,-3.4051757806034475,-3.8771580972956516,11.377579925481335,0.25,2.0,False,False,False,applied
2026-06-06_run02_circle_r40_on_r03,34483,34485,2,34.641016151377556,-19.999999999999986,-263.27731514697575,33.1404655263036,-21.2271818997484,-263.211434582377,-4.0,-4.0,11.0,-3.7637532671843257,-2.853910892807862,0.007826567509975292,0.9409383167960814,0.7134777232019655,0.0,0.9409383167960814,0.7134777232019655,0.0,35.581954468173635,-19.28652227679802,-263.27731514697575,-3.4051757806034475,-3.8771580972956516,11.377579925481335,0.25,2.0,False,False,False,applied
2026-06-06_run02_circle_r40_on_r03,34500,34500,0,36.25231148146599,-16.904730469628,-263.27731514697575,34.8925983554588,-19.5459780474676,-262.704988483757,-3.0,-4.0,11.0,-4.362904695030505,-1.8889711886049292,-0.08125172191332138,1.0907261737576261,0.4722427971512323,0.0,1.0907261737576261,0.4722427971512323,0.0,37.34303765522361,-16.432487672476768,-263.27731514697575,-2.6671832865819325,-4.592737450474074,11.42363995168764,0.25,2.0,False,False,True,applied
2026-06-06_run02_circle_r40_on_r03,34600,34610,10,36.25231148146599,-16.904730469628,-263.27731514697575,34.8925983554588,-19.5459780474676,-262.704988483757,-3.0,-4.0,11.0,-4.362904695030505,-1.8889711886049292,-0.08125172191332138,1.0907261737576261,0.4722427971512323,0.0,1.0907261737576261,0.4722427971512323,0.0,37.34303765522361,-16.432487672476768,-263.27731514697575,-2.6671832865819325,-4.592737450474074,11.42363995168764,0.25,2.0,False,False,False,applied
2026-06-06_run02_circle_r40_on_r03,34700,34704,4,36.25231148146599,-16.904730469628,-263.27731514697575,34.8925983554588,-19.5459780474676,-262.704988483757,-3.0,-4.0,11.0,-4.362904695030505,-1.8889711886049292,-0.08125172191332138,1.0907261737576261,0.4722427971512323,0.0,1.0907261737576261,0.4722427971512323,0.0,37.34303765522361,-16.432487672476768,-263.27731514697575,-2.6671832865819325,-4.592737450474074,11.42363995168764,0.25,2.0,False,False,False,applied
2026-06-06_run02_circle_r40_on_r03,34800,34813,13,36.25231148146599,-16.904730469628,-263.27731514697575,34.8925983554588,-19.5459780474676,-262.704988483757,-3.0,-4.0,11.0,-4.362904695030505,-1.8889711886049292,-0.08125172191332138,1.0907261737576261,0.4722427971512323,0.0,1.0907261737576261,0.4722427971512323,0.0,37.34303765522361,-16.432487672476768,-263.27731514697575,-2.6671832865819325,-4.592737450474074,11.42363995168764,0.25,2.0,False,False,False,applied
2026-06-06_run02_circle_r40_on_r03,34900,34907,7,36.25231148146599,-16.904730469628,-263.27731514697575,34.8925983554588,-19.5459780474676,-262.704988483757,-3.0,-4.0,11.0,-4.362904695030505,-1.8889711886049292,-0.08125172191332138,1.0907261737576261,0.4722427971512323,0.0,1.0907261737576261,0.4722427971512323,0.0,37.34303765522361,-16.432487672476768,-263.27731514697575,-2.6671832865819325,-4.592737450474074,11.42363995168764,0.25,2.0,False,False,False,applied
2026-06-06_run02_circle_r40_on_r03,34917,34922,5,37.58770483143634,-13.680805733026745,-263.27731514697575,35.4859382173503,-16.6450144699627,-263.391329785786,-2.0,-5.0,11.0,-3.7776480580092824,-3.165935268903192,0.04714354816059392,0.9444120145023206,0.791483817225798,0.0,0.9444120145023206,0.791483817225798,0.0,38.53211684593866,-12.889321915800947,-263.27731514697575,-1.7912846812866174,-5.304897311951372,11.233798421757426,0.25,2.0,False,False,True,applied
2026-06-06_run02_circle_r40_on_r03,35017,35032,15,37.58770483143634,-13.680805733026745,-263.27731514697575,35.4859382173503,-16.6450144699627,-263.391329785786,-2.0,-5.0,11.0,-3.7776480580092824,-3.165935268903192,0.04714354816059392,0.9444120145023206,0.791483817225798,0.0,0.9444120145023206,0.791483817225798,0.0,38.53211684593866,-12.889321915800947,-263.27731514697575,-1.7912846812866174,-5.304897311951372,11.233798421757426,0.25,2.0,False,False,False,applied
2026-06-06_run02_circle_r40_on_r03,35117,35125,8,37.58770483143634,-13.680805733026745,-263.27731514697575,35.4859382173503,-16.6450144699627,-263.391329785786,-2.0,-5.0,11.0,-3.7776480580092824,-3.165935268903192,0.04714354816059392,0.9444120145023206,0.791483817225798,0.0,0.9444120145023206,0.791483817225798,0.0,38.53211684593866,-12.889321915800947,-263.27731514697575,-1.7912846812866174,-5.304897311951372,11.233798421757426,0.25,2.0,False,False,False,applied
2026-06-06_run02_circle_r40_on_r03,35217,35219,2,37.58770483143634,-13.680805733026745,-263.27731514697575,35.4859382173503,-16.6450144699627,-263.391329785786,-2.0,-5.0,11.0,-3.7776480580092824,-3.165935268903192,0.04714354816059392,0.9444120145023206,0.791483817225798,0.0,0.9444120145023206,0.791483817225798,0.0,38.53211684593866,-12.889321915800947,-263.27731514697575,-1.7912846812866174,-5.304897311951372,11.233798421757426,0.25,2.0,False,False,False,applied
2026-06-06_run02_circle_r40_on_r03,35317,35344,27,37.58770483143634,-13.680805733026745,-263.27731514697575,35.4859382173503,-16.6450144699627,-263.391329785786,-2.0,-5.0,11.0,-3.7776480580092824,-3.165935268903192,0.04714354816059392,0.9444120145023206,0.791483817225798,0.0,0.9444120145023206,0.791483817225798,0.0,38.53211684593866,-12.889321915800947,-263.27731514697575,-1.7912846812866174,-5.304897311951372,11.233798421757426,0.25,2.0,False,False,False,applied
2026-06-06_run02_circle_r40_on_r03,35333,35344,11,38.63703305156273,-10.352761804100828,-263.27731514697575,37.7633502826282,-12.6767762494312,-263.292790278993,-1.0,-6.0,11.0,-3.84393335426303,-2.936628040769764,0.03141197410174483,0.9609833385657575,0.734157010192441,0.0,0.9609833385657575,0.734157010192441,0.0,39.59801639012849,-9.618604793908387,-263.27731514697575,-0.9633049864401814,-5.935262468555732,11.070692069856289,0.25,2.0,False,False,True,applied
2026-06-06_run02_circle_r40_on_r03,35433,35454,21,38.63703305156273,-10.352761804100828,-263.27731514697575,37.7633502826282,-12.6767762494312,-263.292790278993,-1.0,-6.0,11.0,-3.84393335426303,-2.936628040769764,0.03141197410174483,0.9609833385657575,0.734157010192441,0.0,0.9609833385657575,0.734157010192441,0.0,39.59801639012849,-9.618604793908387,-263.27731514697575,-0.9633049864401814,-5.935262468555732,11.070692069856289,0.25,2.0,False,False,False,applied
2026-06-06_run02_circle_r40_on_r03,35533,35547,14,38.63703305156273,-10.352761804100828,-263.27731514697575,37.7633502826282,-12.6767762494312,-263.292790278993,-1.0,-6.0,11.0,-3.84393335426303,-2.936628040769764,0.03141197410174483,0.9609833385657575,0.734157010192441,0.0,0.9609833385657575,0.734157010192441,0.0,39.59801639012849,-9.618604793908387,-263.27731514697575,-0.9633049864401814,-5.935262468555732,11.070692069856289,0.25,2.0,False,False,False,applied
2026-06-06_run02_circle_r40_on_r03,35633,35641,8,38.63703305156273,-10.352761804100828,-263.27731514697575,37.7633502826282,-12.6767762494312,-263.292790278993,-1.0,-6.0,11.0,-3.84393335426303,-2.936628040769764,0.03141197410174483,0.9609833385657575,0.734157010192441,0.0,0.9609833385657575,0.734157010192441,0.0,39.59801639012849,-9.618604793908387,-263.27731514697575,-0.9633049864401814,-5.935262468555732,11.070692069856289,0.25,2.0,False,False,False,applied
2026-06-06_run02_circle_r40_on_r03,35733,35735,2,38.63703305156273,-10.352761804100828,-263.27731514697575,37.7633502826282,-12.6767762494312,-263.292790278993,-1.0,-6.0,11.0,-3.84393335426303,-2.936628040769764,0.03141197410174483,0.9609833385657575,0.734157010192441,0.0,0.9609833385657575,0.734157010192441,0.0,39.59801639012849,-9.618604793908387,-263.27731514697575,-0.9633049864401814,-5.935262468555732,11.070692069856289,0.25,2.0,False,False,False,applied
2026-06-06_run02_circle_r40_on_r03,35750,35750,0,39.39231012048832,-6.945927106677216,-263.27731514697575,39.5870359129035,-8.93775598051435,-263.338688293319,0.0,-6.0,11.0,-4.086845916022471,-2.939751412505642,0.04258900107531758,1.0217114790056177,0.7349378531264105,0.0,1.0217114790056177,0.7349378531264105,0.0,40.414021599493935,-6.210989253550805,-263.27731514697575,-0.09984777668867702,-6.526457360712917,10.840203791244464,0.25,2.0,False,False,True,applied
2026-06-06_run02_circle_r40_on_r03,35850,35860,10,39.39231012048832,-6.945927106677216,-263.27731514697575,39.5870359129035,-8.93775598051435,-263.338688293319,0.0,-6.0,11.0,-4.086845916022471,-2.939751412505642,0.04258900107531758,1.0217114790056177,0.7349378531264105,0.0,1.0217114790056177,0.7349378531264105,0.0,40.414021599493935,-6.210989253550805,-263.27731514697575,-0.09984777668867702,-6.526457360712917,10.840203791244464,0.25,2.0,False,False,False,applied
2026-06-06_run02_circle_r40_on_r03,35950,35954,4,39.39231012048832,-6.945927106677216,-263.27731514697575,39.5870359129035,-8.93775598051435,-263.338688293319,0.0,-6.0,11.0,-4.086845916022471,-2.939751412505642,0.04258900107531758,1.0217114790056177,0.7349378531264105,0.0,1.0217114790056177,0.7349378531264105,0.0,40.414021599493935,-6.210989253550805,-263.27731514697575,-0.09984777668867702,-6.526457360712917,10.840203791244464,0.25,2.0,False,False,False,applied
2026-06-06_run02_circle_r40_on_r03,36050,36063,13,39.39231012048832,-6.945927106677216,-263.27731514697575,39.5870359129035,-8.93775598051435,-263.338688293319,0.0,-6.0,11.0,-4.086845916022471,-2.939751412505642,0.04258900107531758,1.0217114790056177,0.7349378531264105,0.0,1.0217114790056177,0.7349378531264105,0.0,40.414021599493935,-6.210989253550805,-263.27731514697575,-0.09984777668867702,-6.526457360712917,10.840203791244464,0.25,2.0,False,False,False,applied
2026-06-06_run02_circle_r40_on_r03,36150,36157,7,39.39231012048832,-6.945927106677216,-263.27731514697575,39.5870359129035,-8.93775598051435,-263.338688293319,0.0,-6.0,11.0,-4.086845916022471,-2.939751412505642,0.04258900107531758,1.0217114790056177,0.7349378531264105,0.0,1.0217114790056177,0.7349378531264105,0.0,40.414021599493935,-6.210989253550805,-263.27731514697575,-0.09984777668867702,-6.526457360712917,10.840203791244464,0.25,2.0,False,False,False,applied
2026-06-06_run02_circle_r40_on_r03,36167,36172,5,39.84778792366982,-3.4862297099063326,-263.27731514697575,39.6356146169099,-5.64126530263258,-263.815655125293,1.0,-7.0,10.0,-3.632892688365436,-3.627905796628693,0.13299099997037603,0.908223172091359,0.9069764491571732,0.0,0.908223172091359,0.9069764491571732,0.0,40.75601109576118,-2.5792532607491596,-263.27731514697575,0.8055807890499744,-7.056056504416427,10.469976533939958,0.25,2.0,False,False,True,applied
2026-06-06_run02_circle_r40_on_r03,36267,36282,15,39.84778792366982,-3.4862297099063326,-263.27731514697575,39.6356146169099,-5.64126530263258,-263.815655125293,1.0,-7.0,10.0,-3.632892688365436,-3.627905796628693,0.13299099997037603,0.908223172091359,0.9069764491571732,0.0,0.908223172091359,0.9069764491571732,0.0,40.75601109576118,-2.5792532607491596,-263.27731514697575,0.8055807890499744,-7.056056504416427,10.469976533939958,0.25,2.0,False,False,False,applied
2026-06-06_run02_circle_r40_on_r03,36367,36375,8,39.84778792366982,-3.4862297099063326,-263.27731514697575,39.6356146169099,-5.64126530263258,-263.815655125293,1.0,-7.0,10.0,-3.632892688365436,-3.627905796628693,0.13299099997037603,0.908223172091359,0.9069764491571732,0.0,0.908223172091359,0.9069764491571732,0.0,40.75601109576118,-2.5792532607491596,-263.27731514697575,0.8055807890499744,-7.056056504416427,10.469976533939958,0.25,2.0,False,False,False,applied
2026-06-06_run02_circle_r40_on_r03,36467,36469,2,39.84778792366982,-3.4862297099063326,-263.27731514697575,39.6356146169099,-5.64126530263258,-263.815655125293,1.0,-7.0,10.0,-3.632892688365436,-3.627905796628693,0.13299099997037603,0.908223172091359,0.9069764491571732,0.0,0.908223172091359,0.9069764491571732,0.0,40.75601109576118,-2.5792532607491596,-263.27731514697575,0.8055807890499744,-7.056056504416427,10.469976533939958,0.25,2.0,False,False,False,applied
2026-06-06_run02_circle_r40_on_r03,36567,36579,12,39.84778792366982,-3.4862297099063326,-263.27731514697575,39.6356146169099,-5.64126530263258,-263.815655125293,1.0,-7.0,10.0,-3.632892688365436,-3.627905796628693,0.13299099997037603,0.908223172091359,0.9069764491571732,0.0,0.908223172091359,0.9069764491571732,0.0,40.75601109576118,-2.5792532607491596,-263.27731514697575,0.8055807890499744,-7.056056504416427,10.469976533939958,0.25,2.0,False,False,False,applied
2026-06-06_run02_circle_r40_on_r03,36583,36594,11,40.0,0.0,-263.27731514697575,39.50969864705,-1.48888346409043,-263.305659426128,1.0,-7.0,10.0,-3.874544807256822,-2.49617649302513,0.03739502179378967,0.9686362018142055,0.6240441232562824,0.0,0.9686362018142055,0.6240441232562824,0.0,40.968636201814206,0.6240441232562824,-263.27731514697575,1.6162018325799803,-7.4905447234971785,10.13669784719974,0.25,2.0,False,False,True,applied
2026-06-06_run02_circle_r40_on_r03,36683,36688,5,40.0,0.0,-263.27731514697575,39.50969864705,-1.48888346409043,-263.305659426128,1.0,-7.0,10.0,-3.874544807256822,-2.49617649302513,0.03739502179378967,0.9686362018142055,0.6240441232562824,0.0,0.9686362018142055,0.6240441232562824,0.0,40.968636201814206,0.6240441232562824,-263.27731514697575,1.6162018325799803,-7.4905447234971785,10.13669784719974,0.25,2.0,False,False,False,applied
2026-06-06_run02_circle_r40_on_r03,36783,36797,14,40.0,0.0,-263.27731514697575,39.50969864705,-1.48888346409043,-263.305659426128,1.0,-7.0,10.0,-3.874544807256822,-2.49617649302513,0.03739502179378967,0.9686362018142055,0.6240441232562824,0.0,0.9686362018142055,0.6240441232562824,0.0,40.968636201814206,0.6240441232562824,-263.27731514697575,1.6162018325799803,-7.4905447234971785,10.13669784719974,0.25,2.0,False,False,False,applied
2026-06-06_run02_circle_r40_on_r03,36883,36891,8,40.0,0.0,-263.27731514697575,39.50969864705,-1.48888346409043,-263.305659426128,1.0,-7.0,10.0,-3.874544807256822,-2.49617649302513,0.03739502179378967,0.9686362018142055,0.6240441232562824,0.0,0.9686362018142055,0.6240441232562824,0.0,40.968636201814206,0.6240441232562824,-263.27731514697575,1.6162018325799803,-7.4905447234971785,10.13669784719974,0.25,2.0,False,False,False,applied
2026-06-06_run02_circle_r40_on_r03,36983,36985,2,40.0,0.0,-263.27731514697575,39.50969864705,-1.48888346409043,-263.305659426128,1.0,-7.0,10.0,-3.874544807256822,-2.49617649302513,0.03739502179378967,0.9686362018142055,0.6240441232562824,0.0,0.9686362018142055,0.6240441232562824,0.0,40.968636201814206,0.6240441232562824,-263.27731514697575,1.6162018325799803,-7.4905447234971785,10.13669784719974,0.25,2.0,False,False,False,applied
2026-06-06_run02_circle_r40_on_r03,37000,37000,0,40.0,0.0,-263.27731514697575,39.5097429455087,-1.49033014613882,-263.305848604262,1.0,-7.0,10.0,-3.8744536540372936,-2.4965925969994958,0.037430435138633436,0.9686134135093234,0.6241481492498739,0.0,0.9686134135093234,0.6241481492498739,0.0,40.968613413509324,0.6241481492498739,-263.27731514697575,1.6162263176257547,-7.49055425940062,10.136678999128986,0.25,2.0,False,False,True,applied
2026-06-06_run02_circle_r40_on_r03,37100,37110,10,40.0,0.0,-263.27731514697575,39.5097429455087,-1.49033014613882,-263.305848604262,1.0,-7.0,10.0,-3.8744536540372936,-2.4965925969994958,0.037430435138633436,0.9686134135093234,0.6241481492498739,0.0,0.9686134135093234,0.6241481492498739,0.0,40.968613413509324,0.6241481492498739,-263.27731514697575,1.6162263176257547,-7.49055425940062,10.136678999128986,0.25,2.0,False,False,False,applied
2026-06-06_run02_circle_r40_on_r03,37200,37204,4,40.0,0.0,-263.27731514697575,39.5097429455087,-1.49033014613882,-263.305848604262,1.0,-7.0,10.0,-3.8744536540372936,-2.4965925969994958,0.037430435138633436,0.9686134135093234,0.6241481492498739,0.0,0.9686134135093234,0.6241481492498739,0.0,40.968613413509324,0.6241481492498739,-263.27731514697575,1.6162263176257547,-7.49055425940062,10.136678999128986,0.25,2.0,False,False,False,applied
2026-06-06_run02_circle_r40_on_r03,37300,37313,13,40.0,0.0,-263.27731514697575,39.5097429455087,-1.49033014613882,-263.305848604262,1.0,-7.0,10.0,-3.8744536540372936,-2.4965925969994958,0.037430435138633436,0.9686134135093234,0.6241481492498739,0.0,0.9686134135093234,0.6241481492498739,0.0,40.968613413509324,0.6241481492498739,-263.27731514697575,1.6162263176257547,-7.49055425940062,10.136678999128986,0.25,2.0,False,False,False,applied
2026-06-06_run02_circle_r40_on_r03,37400,37407,7,40.0,0.0,-263.27731514697575,39.5097429455087,-1.49033014613882,-263.305848604262,1.0,-7.0,10.0,-3.8744536540372936,-2.4965925969994958,0.037430435138633436,0.9686134135093234,0.6241481492498739,0.0,0.9686134135093234,0.6241481492498739,0.0,40.968613413509324,0.6241481492498739,-263.27731514697575,1.6162263176257547,-7.49055425940062,10.136678999128986,0.25,2.0,False,False,False,applied
2026-06-06_run02_circle_r40_on_r03,37500,37500,0,40.0,0.0,-263.27731514697575,39.5097434811106,-1.49034763767423,-263.305850891548,1.0,-7.0,10.0,-3.8744525519392976,-2.4965976279741375,0.037430863308986824,0.9686131379848244,0.6241494069935344,0.0,0.9686131379848244,0.6241494069935344,0.0,40.968613137984825,0.6241494069935344,-263.27731514697575,1.6162266136664039,-7.4905543746947,10.136678771243652,0.25,2.0,False,False,True,applied
2026-06-06_run02_circle_r40_on_r03,37600,37610,10,40.0,0.0,-263.27731514697575,39.5097434811106,-1.49034763767423,-263.305850891548,1.0,-7.0,10.0,-3.8744525519392976,-2.4965976279741375,0.037430863308986824,0.9686131379848244,0.6241494069935344,0.0,0.9686131379848244,0.6241494069935344,0.0,40.968613137984825,0.6241494069935344,-263.27731514697575,1.6162266136664039,-7.4905543746947,10.136678771243652,0.25,2.0,False,False,False,applied
2026-06-06_run02_circle_r40_on_r03,37700,37704,4,40.0,0.0,-263.27731514697575,39.5097434811106,-1.49034763767423,-263.305850891548,1.0,-7.0,10.0,-3.8744525519392976,-2.4965976279741375,0.037430863308986824,0.9686131379848244,0.6241494069935344,0.0,0.9686131379848244,0.6241494069935344,0.0,40.968613137984825,0.6241494069935344,-263.27731514697575,1.6162266136664039,-7.4905543746947,10.136678771243652,0.25,2.0,False,False,False,applied
2026-06-06_run02_circle_r40_on_r03,37800,37813,13,40.0,0.0,-263.27731514697575,39.5097434811106,-1.49034763767423,-263.305850891548,1.0,-7.0,10.0,-3.8744525519392976,-2.4965976279741375,0.037430863308986824,0.9686131379848244,0.6241494069935344,0.0,0.9686131379848244,0.6241494069935344,0.0,40.968613137984825,0.6241494069935344,-263.27731514697575,1.6162266136664039,-7.4905543746947,10.136678771243652,0.25,2.0,False,False,False,applied
2026-06-06_run02_circle_r40_on_r03,37900,37907,7,40.0,0.0,-263.27731514697575,39.5097434811106,-1.49034763767423,-263.305850891548,1.0,-7.0,10.0,-3.8744525519392976,-2.4965976279741375,0.037430863308986824,0.9686131379848244,0.6241494069935344,0.0,0.9686131379848244,0.6241494069935344,0.0,40.968613137984825,0.6241494069935344,-263.27731514697575,1.6162266136664039,-7.4905543746947,10.136678771243652,0.25,2.0,False,False,False,applied
2026-06-06_run02_circle_r40_on_r03,38000,38000,0,40.0,0.0,-263.27731514697575,39.5097426548007,-1.4903206523334,-263.305847362823,1.0,-7.0,10.0,-3.874454252205063,-2.496589866399557,0.037430202746371995,0.9686135630512658,0.6241474665998893,0.0,0.9686135630512658,0.6241474665998893,0.0,40.968613563051264,0.6241474665998893,-263.27731514697575,1.6162261569472673,-7.49055419681947,10.136679122815186,0.25,2.0,False,False,True,applied
2026-06-06_run02_circle_r40_on_r03,38100,38110,10,40.0,0.0,-263.27731514697575,39.5097426548007,-1.4903206523334,-263.305847362823,1.0,-7.0,10.0,-3.874454252205063,-2.496589866399557,0.037430202746371995,0.9686135630512658,0.6241474665998893,0.0,0.9686135630512658,0.6241474665998893,0.0,40.968613563051264,0.6241474665998893,-263.27731514697575,1.6162261569472673,-7.49055419681947,10.136679122815186,0.25,2.0,False,False,False,applied
2026-06-06_run02_circle_r40_on_r03,38200,38204,4,40.0,0.0,-263.27731514697575,39.5097426548007,-1.4903206523334,-263.305847362823,1.0,-7.0,10.0,-3.874454252205063,-2.496589866399557,0.037430202746371995,0.9686135630512658,0.6241474665998893,0.0,0.9686135630512658,0.6241474665998893,0.0,40.968613563051264,0.6241474665998893,-263.27731514697575,1.6162261569472673,-7.49055419681947,10.136679122815186,0.25,2.0,False,False,False,applied
2026-06-06_run02_circle_r40_on_r03,38300,38313,13,40.0,0.0,-263.27731514697575,39.5097426548007,-1.4903206523334,-263.305847362823,1.0,-7.0,10.0,-3.874454252205063,-2.496589866399557,0.037430202746371995,0.9686135630512658,0.6241474665998893,0.0,0.9686135630512658,0.6241474665998893,0.0,40.968613563051264,0.6241474665998893,-263.27731514697575,1.6162261569472673,-7.49055419681947,10.136679122815186,0.25,2.0,False,False,False,applied
2026-06-06_run02_circle_r40_on_r03,38400,38407,7,40.0,0.0,-263.27731514697575,39.5097426548007,-1.4903206523334,-263.305847362823,1.0,-7.0,10.0,-3.874454252205063,-2.496589866399557,0.037430202746371995,0.9686135630512658,0.6241474665998893,0.0,0.9686135630512658,0.6241474665998893,0.0,40.968613563051264,0.6241474665998893,-263.27731514697575,1.6162261569472673,-7.49055419681947,10.136679122815186,0.25,2.0,False,False,False,applied
2026-06-06_run02_circle_r40_on_r03,38500,38500,0,40.0,0.0,-263.27731514697575,39.5097420012268,-1.49029930813152,-263.305844571759,1.0,-7.0,10.0,-3.8744555970394132,-2.4965837273404237,0.03742968027082565,0.9686138992598533,0.6241459318351059,0.0,0.9686138992598533,0.6241459318351059,0.0,40.96861389925985,0.6241459318351059,-263.27731514697575,1.6162257957027768,-7.490554056129417,10.1366794008925,0.25,2.0,False,False,True,applied
2026-06-06_run02_circle_r40_on_r03,38600,38610,10,40.0,0.0,-263.27731514697575,39.5097420012268,-1.49029930813152,-263.305844571759,1.0,-7.0,10.0,-3.8744555970394132,-2.4965837273404237,0.03742968027082565,0.9686138992598533,0.6241459318351059,0.0,0.9686138992598533,0.6241459318351059,0.0,40.96861389925985,0.6241459318351059,-263.27731514697575,1.6162257957027768,-7.490554056129417,10.1366794008925,0.25,2.0,False,False,False,applied
2026-06-06_run02_circle_r40_on_r03,38700,38704,4,40.0,0.0,-263.27731514697575,39.5097420012268,-1.49029930813152,-263.305844571759,1.0,-7.0,10.0,-3.8744555970394132,-2.4965837273404237,0.03742968027082565,0.9686138992598533,0.6241459318351059,0.0,0.9686138992598533,0.6241459318351059,0.0,40.96861389925985,0.6241459318351059,-263.27731514697575,1.6162257957027768,-7.490554056129417,10.1366794008925,0.25,2.0,False,False,False,applied
2026-06-06_run02_circle_r40_on_r03,38800,38813,13,40.0,0.0,-263.27731514697575,39.5097420012268,-1.49029930813152,-263.305844571759,1.0,-7.0,10.0,-3.8744555970394132,-2.4965837273404237,0.03742968027082565,0.9686138992598533,0.6241459318351059,0.0,0.9686138992598533,0.6241459318351059,0.0,40.96861389925985,0.6241459318351059,-263.27731514697575,1.6162257957027768,-7.490554056129417,10.1366794008925,0.25,2.0,False,False,False,applied
2026-06-06_run02_circle_r40_on_r03,38900,38907,7,40.0,0.0,-263.27731514697575,39.5097420012268,-1.49029930813152,-263.305844571759,1.0,-7.0,10.0,-3.8744555970394132,-2.4965837273404237,0.03742968027082565,0.9686138992598533,0.6241459318351059,0.0,0.9686138992598533,0.6241459318351059,0.0,40.96861389925985,0.6241459318351059,-263.27731514697575,1.6162257957027768,-7.490554056129417,10.1366794008925,0.25,2.0,False,False,False,applied
2026-06-06_run02_circle_r40_on_r03,39000,39000,0,0.0,0.0,-263.27731514697575,7.86076203949671,-0.27204474852698,-263.743981340736,0.0,0.0,0.0,-2.834314160463954,-0.7972146723462408,0.11676558522311808,0.7085785401159885,0.1993036680865602,0.0,0.7085785401159885,0.1993036680865602,0.0,0.7085785401159885,0.1993036680865602,-263.27731514697575,0.05037490544714432,-0.1781549316150246,0.12916343629645283,0.25,2.0,False,False,True,applied
2026-06-06_run02_circle_r40_on_r03,39100,39110,10,0.0,0.0,-263.27731514697575,7.86076203949671,-0.27204474852698,-263.743981340736,0.0,0.0,0.0,-2.834314160463954,-0.7972146723462408,0.11676558522311808,0.7085785401159885,0.1993036680865602,0.0,0.7085785401159885,0.1993036680865602,0.0,0.7085785401159885,0.1993036680865602,-263.27731514697575,0.05037490544714432,-0.1781549316150246,0.12916343629645283,0.25,2.0,False,False,False,applied
2026-06-06_run02_circle_r40_on_r03,39200,39204,4,0.0,0.0,-263.27731514697575,7.86076203949671,-0.27204474852698,-263.743981340736,0.0,0.0,0.0,-2.834314160463954,-0.7972146723462408,0.11676558522311808,0.7085785401159885,0.1993036680865602,0.0,0.7085785401159885,0.1993036680865602,0.0,0.7085785401159885,0.1993036680865602,-263.27731514697575,0.05037490544714432,-0.1781549316150246,0.12916343629645283,0.25,2.0,False,False,False,applied
2026-06-06_run02_circle_r40_on_r03,39300,39313,13,0.0,0.0,-263.27731514697575,7.86076203949671,-0.27204474852698,-263.743981340736,0.0,0.0,0.0,-2.834314160463954,-0.7972146723462408,0.11676558522311808,0.7085785401159885,0.1993036680865602,0.0,0.7085785401159885,0.1993036680865602,0.0,0.7085785401159885,0.1993036680865602,-263.27731514697575,0.05037490544714432,-0.1781549316150246,0.12916343629645283,0.25,2.0,False,False,False,applied
2026-06-06_run02_circle_r40_on_r03,39400,39407,7,0.0,0.0,-263.27731514697575,7.86076203949671,-0.27204474852698,-263.743981340736,0.0,0.0,0.0,-2.834314160463954,-0.7972146723462408,0.11676558522311808,0.7085785401159885,0.1993036680865602,0.0,0.7085785401159885,0.1993036680865602,0.0,0.7085785401159885,0.1993036680865602,-263.27731514697575,0.05037490544714432,-0.1781549316150246,0.12916343629645283,0.25,2.0,False,False,False,applied
2026-06-06_run02_circle_r40_on_r03,39500,39500,0,0.0,0.0,-263.27731514697575,-0.00134154875496092,4.55612426463614e-05,-263.277215586518,0.0,0.0,0.0,-2.241381081797436,0.21172440219167357,0.029620673529271294,0.560345270449359,-0.05293110054791839,0.0,0.560345270449359,-0.05293110054791839,0.0,0.560345270449359,-0.05293110054791839,-263.27731514697575,-0.012978080221129267,-0.11461595409874752,0.12840269180178432,0.25,2.0,False,False,True,applied
2026-06-06_run02_circle_r40_on_r03,39600,39610,10,0.0,0.0,-263.27731514697575,-0.00134154875496092,4.55612426463614e-05,-263.277215586518,0.0,0.0,0.0,-2.241381081797436,0.21172440219167357,0.029620673529271294,0.560345270449359,-0.05293110054791839,0.0,0.560345270449359,-0.05293110054791839,0.0,0.560345270449359,-0.05293110054791839,-263.27731514697575,-0.012978080221129267,-0.11461595409874752,0.12840269180178432,0.25,2.0,False,False,False,applied
2026-06-06_run02_circle_r40_on_r03,39700,39704,4,0.0,0.0,-263.27731514697575,-0.00134154875496092,4.55612426463614e-05,-263.277215586518,0.0,0.0,0.0,-2.241381081797436,0.21172440219167357,0.029620673529271294,0.560345270449359,-0.05293110054791839,0.0,0.560345270449359,-0.05293110054791839,0.0,0.560345270449359,-0.05293110054791839,-263.27731514697575,-0.012978080221129267,-0.11461595409874752,0.12840269180178432,0.25,2.0,False,False,False,applied
2026-06-06_run02_circle_r40_on_r03,39800,39813,13,0.0,0.0,-263.27731514697575,-0.00134154875496092,4.55612426463614e-05,-263.277215586518,0.0,0.0,0.0,-2.241381081797436,0.21172440219167357,0.029620673529271294,0.560345270449359,-0.05293110054791839,0.0,0.560345270449359,-0.05293110054791839,0.0,0.560345270449359,-0.05293110054791839,-263.27731514697575,-0.012978080221129267,-0.11461595409874752,0.12840269180178432,0.25,2.0,False,False,False,applied
2026-06-06_run02_circle_r40_on_r03,39900,39907,7,0.0,0.0,-263.27731514697575,-0.00134154875496092,4.55612426463614e-05,-263.277215586518,0.0,0.0,0.0,-2.241381081797436,0.21172440219167357,0.029620673529271294,0.560345270449359,-0.05293110054791839,0.0,0.560345270449359,-0.05293110054791839,0.0,0.560345270449359,-0.05293110054791839,-263.27731514697575,-0.012978080221129267,-0.11461595409874752,0.12840269180178432,0.25,2.0,False,False,False,applied
2026-06-06_run02_circle_r40_on_r03,40000,40000,0,0.0,0.0,-263.27731514697575,-0.00189865168112226,6.44813105669068e-05,-263.277174240297,0.0,0.0,0.0,-2.2413441152001243,0.21181156930355596,0.02961298216346643,0.5603360288000311,-0.05295289232588899,0.0,0.5603360288000311,-0.05295289232588899,0.0,0.5603360288000311,-0.05295289232588899,-263.27731514697575,-0.012983543892288644,-0.1146112281116148,0.12840340891893426,0.25,2.0,False,False,True,applied
2026-06-06_run02_circle_r40_on_r03,40100,40110,10,0.0,0.0,-263.27731514697575,-0.00189865168112226,6.44813105669068e-05,-263.277174240297,0.0,0.0,0.0,-2.2413441152001243,0.21181156930355596,0.02961298216346643,0.5603360288000311,-0.05295289232588899,0.0,0.5603360288000311,-0.05295289232588899,0.0,0.5603360288000311,-0.05295289232588899,-263.27731514697575,-0.012983543892288644,-0.1146112281116148,0.12840340891893426,0.25,2.0,False,False,False,applied
2026-06-06_run02_circle_r40_on_r03,40200,40204,4,0.0,0.0,-263.27731514697575,-0.00189865168112226,6.44813105669068e-05,-263.277174240297,0.0,0.0,0.0,-2.2413441152001243,0.21181156930355596,0.02961298216346643,0.5603360288000311,-0.05295289232588899,0.0,0.5603360288000311,-0.05295289232588899,0.0,0.5603360288000311,-0.05295289232588899,-263.27731514697575,-0.012983543892288644,-0.1146112281116148,0.12840340891893426,0.25,2.0,False,False,False,applied
2026-06-06_run02_circle_r40_on_r03,40300,40313,13,0.0,0.0,-263.27731514697575,-0.00189865168112226,6.44813105669068e-05,-263.277174240297,0.0,0.0,0.0,-2.2413441152001243,0.21181156930355596,0.02961298216346643,0.5603360288000311,-0.05295289232588899,0.0,0.5603360288000311,-0.05295289232588899,0.0,0.5603360288000311,-0.05295289232588899,-263.27731514697575,-0.012983543892288644,-0.1146112281116148,0.12840340891893426,0.25,2.0,False,False,False,applied
2026-06-06_run02_circle_r40_on_r03,40400,40407,7,0.0,0.0,-263.27731514697575,-0.00189865168112226,6.44813105669068e-05,-263.277174240297,0.0,0.0,0.0,-2.2413441152001243,0.21181156930355596,0.02961298216346643,0.5603360288000311,-0.05295289232588899,0.0,0.5603360288000311,-0.05295289232588899,0.0,0.5603360288000311,-0.05295289232588899,-263.27731514697575,-0.012983543892288644,-0.1146112281116148,0.12840340891893426,0.25,2.0,False,False,False,applied
2026-06-06_run02_circle_r40_on_r03,40500,40500,0,0.0,0.0,-263.27731514697575,-0.00077111561991398,2.61884015332113e-05,-263.277257920698,0.0,0.0,0.0,-2.241418933752983,0.21163515195021784,0.029628548682262994,0.5603547334382457,-0.05290878798755446,0.0,0.5603547334382457,-0.05290878798755446,0.0,0.5603547334382457,-0.05290878798755446,-263.27731514697575,-0.012972485977197787,-0.11462079313112811,0.12840195765282308,0.25,2.0,False,False,True,applied
2026-06-06_run02_circle_r40_on_r03,40600,40610,10,0.0,0.0,-263.27731514697575,-0.00077111561991398,2.61884015332113e-05,-263.277257920698,0.0,0.0,0.0,-2.241418933752983,0.21163515195021784,0.029628548682262994,0.5603547334382457,-0.05290878798755446,0.0,0.5603547334382457,-0.05290878798755446,0.0,0.5603547334382457,-0.05290878798755446,-263.27731514697575,-0.012972485977197787,-0.11462079313112811,0.12840195765282308,0.25,2.0,False,False,False,applied
2026-06-06_run02_circle_r40_on_r03,40700,40704,4,0.0,0.0,-263.27731514697575,-0.00077111561991398,2.61884015332113e-05,-263.277257920698,0.0,0.0,0.0,-2.241418933752983,0.21163515195021784,0.029628548682262994,0.5603547334382457,-0.05290878798755446,0.0,0.5603547334382457,-0.05290878798755446,0.0,0.5603547334382457,-0.05290878798755446,-263.27731514697575,-0.012972485977197787,-0.11462079313112811,0.12840195765282308,0.25,2.0,False,False,False,applied
2026-06-06_run02_circle_r40_on_r03,40800,40813,13,0.0,0.0,-263.27731514697575,-0.00077111561991398,2.61884015332113e-05,-263.277257920698,0.0,0.0,0.0,-2.241418933752983,0.21163515195021784,0.029628548682262994,0.5603547334382457,-0.05290878798755446,0.0,0.5603547334382457,-0.05290878798755446,0.0,0.5603547334382457,-0.05290878798755446,-263.27731514697575,-0.012972485977197787,-0.11462079313112811,0.12840195765282308,0.25,2.0,False,False,False,applied
2026-06-06_run02_circle_r40_on_r03,40900,40907,7,0.0,0.0,-263.27731514697575,-0.00077111561991398,2.61884015332113e-05,-263.277257920698,0.0,0.0,0.0,-2.241418933752983,0.21163515195021784,0.029628548682262994,0.5603547334382457,-0.05290878798755446,0.0,0.5603547334382457,-0.05290878798755446,0.0,0.5603547334382457,-0.05290878798755446,-263.27731514697575,-0.012972485977197787,-0.11462079313112811,0.12840195765282308,0.25,2.0,False,False,False,applied
2026-06-06_run02_circle_r40_on_r03,41000,41000,0,0.0,0.0,-263.27731514697575,-0.00108273852662904,3.67716220944647e-05,-263.277234793848,0.0,0.0,0.0,-2.241398255565379,0.21168390869028314,0.02962424654441848,0.5603495638913447,-0.052920977172570785,0.0,0.5603495638913447,-0.052920977172570785,0.0,0.5603495638913447,-0.052920977172570785,-263.27731514697575,-0.012975542070980851,-0.11461814960671872,0.12840235871574027,0.25,2.0,False,False,True,applied
2026-06-06_run02_circle_r40_on_r03,41100,41110,10,0.0,0.0,-263.27731514697575,-0.00108273852662904,3.67716220944647e-05,-263.277234793848,0.0,0.0,0.0,-2.241398255565379,0.21168390869028314,0.02962424654441848,0.5603495638913447,-0.052920977172570785,0.0,0.5603495638913447,-0.052920977172570785,0.0,0.5603495638913447,-0.052920977172570785,-263.27731514697575,-0.012975542070980851,-0.11461814960671872,0.12840235871574027,0.25,2.0,False,False,False,applied
2026-06-06_run02_circle_r40_on_r03,41200,41204,4,0.0,0.0,-263.27731514697575,-0.00108273852662904,3.67716220944647e-05,-263.277234793848,0.0,0.0,0.0,-2.241398255565379,0.21168390869028314,0.02962424654441848,0.5603495638913447,-0.052920977172570785,0.0,0.5603495638913447,-0.052920977172570785,0.0,0.5603495638913447,-0.052920977172570785,-263.27731514697575,-0.012975542070980851,-0.11461814960671872,0.12840235871574027,0.25,2.0,False,False,False,applied
2026-06-06_run02_circle_r40_on_r03,41300,41313,13,0.0,0.0,-263.27731514697575,-0.00108273852662904,3.67716220944647e-05,-263.277234793848,0.0,0.0,0.0,-2.241398255565379,0.21168390869028314,0.02962424654441848,0.5603495638913447,-0.052920977172570785,0.0,0.5603495638913447,-0.052920977172570785,0.0,0.5603495638913447,-0.052920977172570785,-263.27731514697575,-0.012975542070980851,-0.11461814960671872,0.12840235871574027,0.25,2.0,False,False,False,applied
2026-06-06_run02_circle_r40_on_r03,41400,41407,7,0.0,0.0,-263.27731514697575,-0.00108273852662904,3.67716220944647e-05,-263.277234793848,0.0,0.0,0.0,-2.241398255565379,0.21168390869028314,0.02962424654441848,0.5603495638913447,-0.052920977172570785,0.0,0.5603495638913447,-0.052920977172570785,0.0,0.5603495638913447,-0.052920977172570785,-263.27731514697575,-0.012975542070980851,-0.11461814960671872,0.12840235871574027,0.25,2.0,False,False,False,applied
2026-06-06_run02_circle_r40_on_r03,41500,41500,0,0.0,0.0,-263.27731514697575,-0.000332869835672022,1.13048438551877e-05,-263.277290444332,0.0,0.0,0.0,-2.2414480144490243,0.21156658452723193,0.029634598844030753,0.5603620036122561,-0.05289164613180798,0.0,0.5603620036122561,-0.05289164613180798,0.0,0.5603620036122561,-0.05289164613180798,-263.27731514697575,-0.012968188140487918,-0.11462451079620238,0.12840139366514405,0.25,2.0,False,False,True,applied
2026-06-06_run02_circle_r40_on_r03,41600,41610,10,0.0,0.0,-263.27731514697575,-0.000332869835672022,1.13048438551877e-05,-263.277290444332,0.0,0.0,0.0,-2.2414480144490243,0.21156658452723193,0.029634598844030753,0.5603620036122561,-0.05289164613180798,0.0,0.5603620036122561,-0.05289164613180798,0.0,0.5603620036122561,-0.05289164613180798,-263.27731514697575,-0.012968188140487918,-0.11462451079620238,0.12840139366514405,0.25,2.0,False,False,False,applied
2026-06-06_run02_circle_r40_on_r03,41700,41704,4,0.0,0.0,-263.27731514697575,-0.000332869835672022,1.13048438551877e-05,-263.277290444332,0.0,0.0,0.0,-2.2414480144490243,0.21156658452723193,0.029634598844030753,0.5603620036122561,-0.05289164613180798,0.0,0.5603620036122561,-0.05289164613180798,0.0,0.5603620036122561,-0.05289164613180798,-263.27731514697575,-0.012968188140487918,-0.11462451079620238,0.12840139366514405,0.25,2.0,False,False,False,applied
2026-06-06_run02_circle_r40_on_r03,41800,41813,13,0.0,0.0,-263.27731514697575,-0.000332869835672022,1.13048438551877e-05,-263.277290444332,0.0,0.0,0.0,-2.2414480144490243,0.21156658452723193,0.029634598844030753,0.5603620036122561,-0.05289164613180798,0.0,0.5603620036122561,-0.05289164613180798,0.0,0.5603620036122561,-0.05289164613180798,-263.27731514697575,-0.012968188140487918,-0.11462451079620238,0.12840139366514405,0.25,2.0,False,False,False,applied
2026-06-06_run02_circle_r40_on_r03,41900,41907,7,0.0,0.0,-263.27731514697575,-0.000332869835672022,1.13048438551877e-05,-263.277290444332,0.0,0.0,0.0,-2.2414480144490243,0.21156658452723193,0.029634598844030753,0.5603620036122561,-0.05289164613180798,0.0,0.5603620036122561,-0.05289164613180798,0.0,0.5603620036122561,-0.05289164613180798,-263.27731514697575,-0.012968188140487918,-0.11462451079620238,0.12840139366514405,0.25,2.0,False,False,False,applied
2026-06-06_run02_circle_r40_on_r03,42000,42000,0,0.0,0.0,-263.27731514697575,-0.000595616243242499,2.02281537109587e-05,-263.277270945165,0.0,0.0,0.0,-2.2414305793172646,0.21160769334879426,0.029630971539572774,0.5603576448293162,-0.052901923337198564,0.0,0.5603576448293162,-0.052901923337198564,0.0,0.5603576448293162,-0.052901923337198564,-263.27731514697575,-0.012970764859798298,-0.11462228190515547,0.12840173179036102,0.25,2.0,False,False,True,applied
2026-06-06_run02_circle_r40_on_r03,42100,42110,10,0.0,0.0,-263.27731514697575,-0.000595616243242499,2.02281537109587e-05,-263.277270945165,0.0,0.0,0.0,-2.2414305793172646,0.21160769334879426,0.029630971539572774,0.5603576448293162,-0.052901923337198564,0.0,0.5603576448293162,-0.052901923337198564,0.0,0.5603576448293162,-0.052901923337198564,-263.27731514697575,-0.012970764859798298,-0.11462228190515547,0.12840173179036102,0.25,2.0,False,False,False,applied
2026-06-06_run02_circle_r40_on_r03,42200,42204,4,0.0,0.0,-263.27731514697575,-0.000595616243242499,2.02281537109587e-05,-263.277270945165,0.0,0.0,0.0,-2.2414305793172646,0.21160769334879426,0.029630971539572774,0.5603576448293162,-0.052901923337198564,0.0,0.5603576448293162,-0.052901923337198564,0.0,0.5603576448293162,-0.052901923337198564,-263.27731514697575,-0.012970764859798298,-0.11462228190515547,0.12840173179036102,0.25,2.0,False,False,False,applied
2026-06-06_run02_circle_r40_on_r03,42300,42313,13,0.0,0.0,-263.27731514697575,-0.000595616243242499,2.02281537109587e-05,-263.277270945165,0.0,0.0,0.0,-2.2414305793172646,0.21160769334879426,0.029630971539572774,0.5603576448293162,-0.052901923337198564,0.0,0.5603576448293162,-0.052901923337198564,0.0,0.5603576448293162,-0.052901923337198564,-263.27731514697575,-0.012970764859798298,-0.11462228190515547,0.12840173179036102,0.25,2.0,False,False,False,applied
2026-06-06_run02_circle_r40_on_r03,42400,42407,7,0.0,0.0,-263.27731514697575,-0.000595616243242499,2.02281537109587e-05,-263.277270945165,0.0,0.0,0.0,-2.2414305793172646,0.21160769334879426,0.029630971539572774,0.5603576448293162,-0.052901923337198564,0.0,0.5603576448293162,-0.052901923337198564,0.0,0.5603576448293162,-0.052901923337198564,-263.27731514697575,-0.012970764859798298,-0.11462228190515547,0.12840173179036102,0.25,2.0,False,False,False,applied
2026-06-06_run02_circle_r40_on_r03,42500,42500,0,0.0,0.0,-263.27731514697575,-0.000346966422636589,1.17835866558132e-05,-263.27728939816,0.0,0.0,0.0,-2.241447079052593,0.21156879009829968,0.02963440423145973,0.5603617697631482,-0.05289219752457492,0.0,0.5603617697631482,-0.05289219752457492,0.0,0.5603617697631482,-0.05289219752457492,-263.27731514697575,-0.012968326386615037,-0.11462439121354677,0.12840141180812087,0.25,2.0,False,False,True,applied
2026-06-06_run02_circle_r40_on_r03,42600,42610,10,0.0,0.0,-263.27731514697575,-0.000346966422636589,1.17835866558132e-05,-263.27728939816,0.0,0.0,0.0,-2.241447079052593,0.21156879009829968,0.02963440423145973,0.5603617697631482,-0.05289219752457492,0.0,0.5603617697631482,-0.05289219752457492,0.0,0.5603617697631482,-0.05289219752457492,-263.27731514697575,-0.012968326386615037,-0.11462439121354677,0.12840141180812087,0.25,2.0,False,False,False,applied
2026-06-06_run02_circle_r40_on_r03,42700,42704,4,0.0,0.0,-263.27731514697575,-0.000346966422636589,1.17835866558132e-05,-263.27728939816,0.0,0.0,0.0,-2.241447079052593,0.21156879009829968,0.02963440423145973,0.5603617697631482,-0.05289219752457492,0.0,0.5603617697631482,-0.05289219752457492,0.0,0.5603617697631482,-0.05289219752457492,-263.27731514697575,-0.012968326386615037,-0.11462439121354677,0.12840141180812087,0.25,2.0,False,False,False,applied
2026-06-06_run02_circle_r40_on_r03,42800,42813,13,0.0,0.0,-263.27731514697575,-0.000346966422636589,1.17835866558132e-05,-263.27728939816,0.0,0.0,0.0,-2.241447079052593,0.21156879009829968,0.02963440423145973,0.5603617697631482,-0.05289219752457492,0.0,0.5603617697631482,-0.05289219752457492,0.0,0.5603617697631482,-0.05289219752457492,-263.27731514697575,-0.012968326386615037,-0.11462439121354677,0.12840141180812087,0.25,2.0,False,False,False,applied
2026-06-06_run02_circle_r40_on_r03,42900,42907,7,0.0,0.0,-263.27731514697575,-0.000346966422636589,1.17835866558132e-05,-263.27728939816,0.0,0.0,0.0,-2.241447079052593,0.21156879009829968,0.02963440423145973,0.5603617697631482,-0.05289219752457492,0.0,0.5603617697631482,-0.05289219752457492,0.0,0.5603617697631482,-0.05289219752457492,-263.27731514697575,-0.012968326386615037,-0.11462439121354677,0.12840141180812087,0.25,2.0,False,False,False,applied
2026-06-06_run02_circle_r40_on_r03,43000,43000,0,0.0,0.0,-263.27731514697575,-0.000377517385448881,1.28211491670505e-05,-263.277287130897,0.0,0.0,0.0,-2.24144505176718,0.2115735700235425,0.029633982467087656,0.560361262941795,-0.05289339250588562,0.0,0.560361262941795,-0.05289339250588562,0.0,0.560361262941795,-0.05289339250588562,-263.27731514697575,-0.012968625994466394,-0.11462413204853446,0.1284014511227488,0.25,2.0,False,False,True,applied
2026-06-06_run02_circle_r40_on_r03,43100,43110,10,0.0,0.0,-263.27731514697575,-0.000377517385448881,1.28211491670505e-05,-263.277287130897,0.0,0.0,0.0,-2.24144505176718,0.2115735700235425,0.029633982467087656,0.560361262941795,-0.05289339250588562,0.0,0.560361262941795,-0.05289339250588562,0.0,0.560361262941795,-0.05289339250588562,-263.27731514697575,-0.012968625994466394,-0.11462413204853446,0.1284014511227488,0.25,2.0,False,False,False,applied
2026-06-06_run02_circle_r40_on_r03,43200,43204,4,0.0,0.0,-263.27731514697575,-0.000377517385448881,1.28211491670505e-05,-263.277287130897,0.0,0.0,0.0,-2.24144505176718,0.2115735700235425,0.029633982467087656,0.560361262941795,-0.05289339250588562,0.0,0.560361262941795,-0.05289339250588562,0.0,0.560361262941795,-0.05289339250588562,-263.27731514697575,-0.012968625994466394,-0.11462413204853446,0.1284014511227488,0.25,2.0,False,False,False,applied
2026-06-06_run02_circle_r40_on_r03,43300,43313,13,0.0,0.0,-263.27731514697575,-0.000377517385448881,1.28211491670505e-05,-263.277287130897,0.0,0.0,0.0,-2.24144505176718,0.2115735700235425,0.029633982467087656,0.560361262941795,-0.05289339250588562,0.0,0.560361262941795,-0.05289339250588562,0.0,0.560361262941795,-0.05289339250588562,-263.27731514697575,-0.012968625994466394,-0.11462413204853446,0.1284014511227488,0.25,2.0,False,False,False,applied
2026-06-06_run02_circle_r40_on_r03,43400,43407,7,0.0,0.0,-263.27731514697575,-0.000377517385448881,1.28211491670505e-05,-263.277287130897,0.0,0.0,0.0,-2.24144505176718,0.2115735700235425,0.029633982467087656,0.560361262941795,-0.05289339250588562,0.0,0.560361262941795,-0.05289339250588562,0.0,0.560361262941795,-0.05289339250588562,-263.27731514697575,-0.012968625994466394,-0.11462413204853446,0.1284014511227488,0.25,2.0,False,False,False,applied
2026-06-06_run02_circle_r40_on_r03,43500,43500,0,0.0,0.0,-263.27731514697575,-0.000416584296534983,1.41479279299012e-05,-263.277284231646,0.0,0.0,0.0,-2.241442459383685,0.21157968232887883,0.029633443138049196,0.5603606148459213,-0.05289492058221971,0.0,0.5603606148459213,-0.05289492058221971,0.0,0.5603606148459213,-0.05289492058221971,-263.27731514697575,-0.012969009116614675,-0.11462380064242429,0.12840150139587742,0.25,2.0,False,False,True,applied
2026-06-06_run02_circle_r40_on_r03,43600,43610,10,0.0,0.0,-263.27731514697575,-0.000416584296534983,1.41479279299012e-05,-263.277284231646,0.0,0.0,0.0,-2.241442459383685,0.21157968232887883,0.029633443138049196,0.5603606148459213,-0.05289492058221971,0.0,0.5603606148459213,-0.05289492058221971,0.0,0.5603606148459213,-0.05289492058221971,-263.27731514697575,-0.012969009116614675,-0.11462380064242429,0.12840150139587742,0.25,2.0,False,False,False,applied
2026-06-06_run02_circle_r40_on_r03,43700,43704,4,0.0,0.0,-263.27731514697575,-0.000416584296534983,1.41479279299012e-05,-263.277284231646,0.0,0.0,0.0,-2.241442459383685,0.21157968232887883,0.029633443138049196,0.5603606148459213,-0.05289492058221971,0.0,0.5603606148459213,-0.05289492058221971,0.0,0.5603606148459213,-0.05289492058221971,-263.27731514697575,-0.012969009116614675,-0.11462380064242429,0.12840150139587742,0.25,2.0,False,False,False,applied
2026-06-06_run02_circle_r40_on_r03,43800,43813,13,0.0,0.0,-263.27731514697575,-0.000416584296534983,1.41479279299012e-05,-263.277284231646,0.0,0.0,0.0,-2.241442459383685,0.21157968232887883,0.029633443138049196,0.5603606148459213,-0.05289492058221971,0.0,0.5603606148459213,-0.05289492058221971,0.0,0.5603606148459213,-0.05289492058221971,-263.27731514697575,-0.012969009116614675,-0.11462380064242429,0.12840150139587742,0.25,2.0,False,False,False,applied
2026-06-06_run02_circle_r40_on_r03,43900,43907,7,0.0,0.0,-263.27731514697575,-0.000416584296534983,1.41479279299012e-05,-263.277284231646,0.0,0.0,0.0,-2.241442459383685,0.21157968232887883,0.029633443138049196,0.5603606148459213,-0.05289492058221971,0.0,0.5603606148459213,-0.05289492058221971,0.0,0.5603606148459213,-0.05289492058221971,-263.27731514697575,-0.012969009116614675,-0.11462380064242429,0.12840150139587742,0.25,2.0,False,False,False,applied
