run_id,time,actual_elapsed_ms,schedule_lag_ms,target_x,target_y,target_z,sim_x,sim_y,sim_z,nominal_theta1,nominal_theta2,nominal_theta3,predicted_error_x,predicted_error_y,predicted_error_z,requested_correction_x,requested_correction_y,requested_correction_z,applied_correction_x,applied_correction_y,applied_correction_z,corrected_target_x,corrected_target_y,corrected_target_z,corrected_theta1,corrected_theta2,corrected_theta3,correction_gain,max_xy_correction_mm,correction_clamped,fallback_used,command_sent,correction_status
2026-06-06_run02_reverse_grid_3x3_pm40_on_r02,0,0,0,0.0,0.0,-263.27731514697575,0.0,0.0,-263.277315152675,0.0,0.0,0.0,-2.241470099661118,0.21151449462071747,0.02963919516425717,0.5603675249152795,-0.05287862365517937,0.0,0.5603675249152795,-0.05287862365517937,0.0,0.5603675249152795,-0.05287862365517937,-263.27731514697575,-0.012964923123112634,-0.11462733468306198,0.1284009648257489,0.25,2.0,False,False,True,applied
2026-06-06_run02_reverse_grid_3x3_pm40_on_r02,100,109,9,0.0,0.0,-263.27731514697575,0.0,0.0,-263.277315152675,0.0,0.0,0.0,-2.241470099661118,0.21151449462071747,0.02963919516425717,0.5603675249152795,-0.05287862365517937,0.0,0.5603675249152795,-0.05287862365517937,0.0,0.5603675249152795,-0.05287862365517937,-263.27731514697575,-0.012964923123112634,-0.11462733468306198,0.1284009648257489,0.25,2.0,False,False,False,applied
2026-06-06_run02_reverse_grid_3x3_pm40_on_r02,200,203,3,0.0,0.0,-263.27731514697575,0.0,0.0,-263.277315152675,0.0,0.0,0.0,-2.241470099661118,0.21151449462071747,0.02963919516425717,0.5603675249152795,-0.05287862365517937,0.0,0.5603675249152795,-0.05287862365517937,0.0,0.5603675249152795,-0.05287862365517937,-263.27731514697575,-0.012964923123112634,-0.11462733468306198,0.1284009648257489,0.25,2.0,False,False,False,applied
2026-06-06_run02_reverse_grid_3x3_pm40_on_r02,300,312,12,0.0,0.0,-263.27731514697575,0.0,0.0,-263.277315152675,0.0,0.0,0.0,-2.241470099661118,0.21151449462071747,0.02963919516425717,0.5603675249152795,-0.05287862365517937,0.0,0.5603675249152795,-0.05287862365517937,0.0,0.5603675249152795,-0.05287862365517937,-263.27731514697575,-0.012964923123112634,-0.11462733468306198,0.1284009648257489,0.25,2.0,False,False,False,applied
2026-06-06_run02_reverse_grid_3x3_pm40_on_r02,400,406,6,0.0,0.0,-263.27731514697575,0.0,0.0,-263.277315152675,0.0,0.0,0.0,-2.241470099661118,0.21151449462071747,0.02963919516425717,0.5603675249152795,-0.05287862365517937,0.0,0.5603675249152795,-0.05287862365517937,0.0,0.5603675249152795,-0.05287862365517937,-263.27731514697575,-0.012964923123112634,-0.11462733468306198,0.1284009648257489,0.25,2.0,False,False,False,applied
2026-06-06_run02_reverse_grid_3x3_pm40_on_r02,500,500,0,0.0,0.0,-263.27731514697575,-8.49656327733031e-15,1.05560794296578e-14,-263.27731515008,0.0,0.0,0.0,-2.2414701012433436,0.21151449954254373,0.02963919468849232,0.5603675253108359,-0.05287862488563593,0.0,0.5603675253108359,-0.05287862488563593,0.0,0.5603675253108359,-0.05287862488563593,-263.27731514697575,-0.012964923430725955,-0.11462733461432158,0.1284009650659642,0.25,2.0,False,False,True,applied
2026-06-06_run02_reverse_grid_3x3_pm40_on_r02,600,609,9,0.0,0.0,-263.27731514697575,-8.49656327733031e-15,1.05560794296578e-14,-263.27731515008,0.0,0.0,0.0,-2.2414701012433436,0.21151449954254373,0.02963919468849232,0.5603675253108359,-0.05287862488563593,0.0,0.5603675253108359,-0.05287862488563593,0.0,0.5603675253108359,-0.05287862488563593,-263.27731514697575,-0.012964923430725955,-0.11462733461432158,0.1284009650659642,0.25,2.0,False,False,False,applied
2026-06-06_run02_reverse_grid_3x3_pm40_on_r02,700,703,3,0.0,0.0,-263.27731514697575,-8.49656327733031e-15,1.05560794296578e-14,-263.27731515008,0.0,0.0,0.0,-2.2414701012433436,0.21151449954254373,0.02963919468849232,0.5603675253108359,-0.05287862488563593,0.0,0.5603675253108359,-0.05287862488563593,0.0,0.5603675253108359,-0.05287862488563593,-263.27731514697575,-0.012964923430725955,-0.11462733461432158,0.1284009650659642,0.25,2.0,False,False,False,applied
2026-06-06_run02_reverse_grid_3x3_pm40_on_r02,800,812,12,0.0,0.0,-263.27731514697575,-8.49656327733031e-15,1.05560794296578e-14,-263.27731515008,0.0,0.0,0.0,-2.2414701012433436,0.21151449954254373,0.02963919468849232,0.5603675253108359,-0.05287862488563593,0.0,0.5603675253108359,-0.05287862488563593,0.0,0.5603675253108359,-0.05287862488563593,-263.27731514697575,-0.012964923430725955,-0.11462733461432158,0.1284009650659642,0.25,2.0,False,False,False,applied
2026-06-06_run02_reverse_grid_3x3_pm40_on_r02,900,906,6,0.0,0.0,-263.27731514697575,-8.49656327733031e-15,1.05560794296578e-14,-263.27731515008,0.0,0.0,0.0,-2.2414701012433436,0.21151449954254373,0.02963919468849232,0.5603675253108359,-0.05287862488563593,0.0,0.5603675253108359,-0.05287862488563593,0.0,0.5603675253108359,-0.05287862488563593,-263.27731514697575,-0.012964923430725955,-0.11462733461432158,0.1284009650659642,0.25,2.0,False,False,False,applied
2026-06-06_run02_reverse_grid_3x3_pm40_on_r02,1000,1000,0,0.0,0.0,-263.27731514697575,-1.69931265546606e-14,2.11121588593157e-14,-263.277315147484,0.0,0.0,0.0,-2.241470102826227,0.21151450446641848,0.029639194212529446,0.5603675257065568,-0.05287862611660462,0.0,0.5603675257065568,-0.05287862611660462,0.0,0.5603675257065568,-0.05287862611660462,-263.27731514697575,-0.01296492373833944,-0.11462733454540178,0.12840096530635375,0.25,2.0,False,False,True,applied
2026-06-06_run02_reverse_grid_3x3_pm40_on_r02,1100,1109,9,0.0,0.0,-263.27731514697575,-1.69931265546606e-14,2.11121588593157e-14,-263.277315147484,0.0,0.0,0.0,-2.241470102826227,0.21151450446641848,0.029639194212529446,0.5603675257065568,-0.05287862611660462,0.0,0.5603675257065568,-0.05287862611660462,0.0,0.5603675257065568,-0.05287862611660462,-263.27731514697575,-0.01296492373833944,-0.11462733454540178,0.12840096530635375,0.25,2.0,False,False,False,applied
2026-06-06_run02_reverse_grid_3x3_pm40_on_r02,1200,1203,3,0.0,0.0,-263.27731514697575,-1.69931265546606e-14,2.11121588593157e-14,-263.277315147484,0.0,0.0,0.0,-2.241470102826227,0.21151450446641848,0.029639194212529446,0.5603675257065568,-0.05287862611660462,0.0,0.5603675257065568,-0.05287862611660462,0.0,0.5603675257065568,-0.05287862611660462,-263.27731514697575,-0.01296492373833944,-0.11462733454540178,0.12840096530635375,0.25,2.0,False,False,False,applied
2026-06-06_run02_reverse_grid_3x3_pm40_on_r02,1300,1312,12,0.0,0.0,-263.27731514697575,-1.69931265546606e-14,2.11121588593157e-14,-263.277315147484,0.0,0.0,0.0,-2.241470102826227,0.21151450446641848,0.029639194212529446,0.5603675257065568,-0.05287862611660462,0.0,0.5603675257065568,-0.05287862611660462,0.0,0.5603675257065568,-0.05287862611660462,-263.27731514697575,-0.01296492373833944,-0.11462733454540178,0.12840096530635375,0.25,2.0,False,False,False,applied
2026-06-06_run02_reverse_grid_3x3_pm40_on_r02,1400,1406,6,0.0,0.0,-263.27731514697575,-1.69931265546606e-14,2.11121588593157e-14,-263.277315147484,0.0,0.0,0.0,-2.241470102826227,0.21151450446641848,0.029639194212529446,0.5603675257065568,-0.05287862611660462,0.0,0.5603675257065568,-0.05287862611660462,0.0,0.5603675257065568,-0.05287862611660462,-263.27731514697575,-0.01296492373833944,-0.11462733454540178,0.12840096530635375,0.25,2.0,False,False,False,applied
2026-06-06_run02_reverse_grid_3x3_pm40_on_r02,1500,1500,0,0.0,0.0,-263.27731514697575,-3.10973654040606e-14,3.61202832507815e-14,-263.277315146976,0.0,0.0,0.0,-2.2414701031359745,0.21151450542995473,0.029639194119389957,0.5603675257839936,-0.05287862635748868,0.0,0.5603675257839936,-0.05287862635748868,0.0,0.5603675257839936,-0.05287862635748868,-263.27731514697575,-0.012964923798547823,-0.1146273345320148,0.12840096535346232,0.25,2.0,False,False,True,applied
2026-06-06_run02_reverse_grid_3x3_pm40_on_r02,1600,1609,9,0.0,0.0,-263.27731514697575,-3.10973654040606e-14,3.61202832507815e-14,-263.277315146976,0.0,0.0,0.0,-2.2414701031359745,0.21151450542995473,0.029639194119389957,0.5603675257839936,-0.05287862635748868,0.0,0.5603675257839936,-0.05287862635748868,0.0,0.5603675257839936,-0.05287862635748868,-263.27731514697575,-0.012964923798547823,-0.1146273345320148,0.12840096535346232,0.25,2.0,False,False,False,applied
2026-06-06_run02_reverse_grid_3x3_pm40_on_r02,1700,1703,3,0.0,0.0,-263.27731514697575,-3.10973654040606e-14,3.61202832507815e-14,-263.277315146976,0.0,0.0,0.0,-2.2414701031359745,0.21151450542995473,0.029639194119389957,0.5603675257839936,-0.05287862635748868,0.0,0.5603675257839936,-0.05287862635748868,0.0,0.5603675257839936,-0.05287862635748868,-263.27731514697575,-0.012964923798547823,-0.1146273345320148,0.12840096535346232,0.25,2.0,False,False,False,applied
2026-06-06_run02_reverse_grid_3x3_pm40_on_r02,1800,1812,12,0.0,0.0,-263.27731514697575,-3.10973654040606e-14,3.61202832507815e-14,-263.277315146976,0.0,0.0,0.0,-2.2414701031359745,0.21151450542995473,0.029639194119389957,0.5603675257839936,-0.05287862635748868,0.0,0.5603675257839936,-0.05287862635748868,0.0,0.5603675257839936,-0.05287862635748868,-263.27731514697575,-0.012964923798547823,-0.1146273345320148,0.12840096535346232,0.25,2.0,False,False,False,applied
2026-06-06_run02_reverse_grid_3x3_pm40_on_r02,1900,1906,6,0.0,0.0,-263.27731514697575,-3.10973654040606e-14,3.61202832507815e-14,-263.277315146976,0.0,0.0,0.0,-2.2414701031359745,0.21151450542995473,0.029639194119389957,0.5603675257839936,-0.05287862635748868,0.0,0.5603675257839936,-0.05287862635748868,0.0,0.5603675257839936,-0.05287862635748868,-263.27731514697575,-0.012964923798547823,-0.1146273345320148,0.12840096535346232,0.25,2.0,False,False,False,applied
2026-06-06_run02_reverse_grid_3x3_pm40_on_r02,2000,2000,0,0.0,0.0,-263.27731514697575,-4.65686495421741e-14,5.22137320359219e-14,-263.277315146976,0.0,0.0,0.0,-2.2414701031359723,0.2115145054299556,0.029639194119389943,0.5603675257839931,-0.0528786263574889,0.0,0.5603675257839931,-0.0528786263574889,0.0,0.5603675257839931,-0.0528786263574889,-263.27731514697575,-0.012964923798547823,-0.1146273345320148,0.12840096535346232,0.25,2.0,False,False,True,applied
2026-06-06_run02_reverse_grid_3x3_pm40_on_r02,2100,2109,9,0.0,0.0,-263.27731514697575,-4.65686495421741e-14,5.22137320359219e-14,-263.277315146976,0.0,0.0,0.0,-2.2414701031359723,0.2115145054299556,0.029639194119389943,0.5603675257839931,-0.0528786263574889,0.0,0.5603675257839931,-0.0528786263574889,0.0,0.5603675257839931,-0.0528786263574889,-263.27731514697575,-0.012964923798547823,-0.1146273345320148,0.12840096535346232,0.25,2.0,False,False,False,applied
2026-06-06_run02_reverse_grid_3x3_pm40_on_r02,2200,2203,3,0.0,0.0,-263.27731514697575,-4.65686495421741e-14,5.22137320359219e-14,-263.277315146976,0.0,0.0,0.0,-2.2414701031359723,0.2115145054299556,0.029639194119389943,0.5603675257839931,-0.0528786263574889,0.0,0.5603675257839931,-0.0528786263574889,0.0,0.5603675257839931,-0.0528786263574889,-263.27731514697575,-0.012964923798547823,-0.1146273345320148,0.12840096535346232,0.25,2.0,False,False,False,applied
2026-06-06_run02_reverse_grid_3x3_pm40_on_r02,2300,2312,12,0.0,0.0,-263.27731514697575,-4.65686495421741e-14,5.22137320359219e-14,-263.277315146976,0.0,0.0,0.0,-2.2414701031359723,0.2115145054299556,0.029639194119389943,0.5603675257839931,-0.0528786263574889,0.0,0.5603675257839931,-0.0528786263574889,0.0,0.5603675257839931,-0.0528786263574889,-263.27731514697575,-0.012964923798547823,-0.1146273345320148,0.12840096535346232,0.25,2.0,False,False,False,applied
2026-06-06_run02_reverse_grid_3x3_pm40_on_r02,2400,2406,6,0.0,0.0,-263.27731514697575,-4.65686495421741e-14,5.22137320359219e-14,-263.277315146976,0.0,0.0,0.0,-2.2414701031359723,0.2115145054299556,0.029639194119389943,0.5603675257839931,-0.0528786263574889,0.0,0.5603675257839931,-0.0528786263574889,0.0,0.5603675257839931,-0.0528786263574889,-263.27731514697575,-0.012964923798547823,-0.1146273345320148,0.12840096535346232,0.25,2.0,False,False,False,applied
2026-06-06_run02_reverse_grid_3x3_pm40_on_r02,2500,2500,0,0.0,0.0,-263.27731514697575,-5.17071766951082e-14,5.73457109398299e-14,-263.277315146976,0.0,0.0,0.0,-2.241470103135972,0.21151450542995584,0.029639194119389943,0.560367525783993,-0.05287862635748896,0.0,0.560367525783993,-0.05287862635748896,0.0,0.560367525783993,-0.05287862635748896,-263.27731514697575,-0.012964923798547823,-0.1146273345320148,0.12840096535346232,0.25,2.0,False,False,True,applied
2026-06-06_run02_reverse_grid_3x3_pm40_on_r02,2600,2609,9,0.0,0.0,-263.27731514697575,-5.17071766951082e-14,5.73457109398299e-14,-263.277315146976,0.0,0.0,0.0,-2.241470103135972,0.21151450542995584,0.029639194119389943,0.560367525783993,-0.05287862635748896,0.0,0.560367525783993,-0.05287862635748896,0.0,0.560367525783993,-0.05287862635748896,-263.27731514697575,-0.012964923798547823,-0.1146273345320148,0.12840096535346232,0.25,2.0,False,False,False,applied
2026-06-06_run02_reverse_grid_3x3_pm40_on_r02,2700,2703,3,0.0,0.0,-263.27731514697575,-5.17071766951082e-14,5.73457109398299e-14,-263.277315146976,0.0,0.0,0.0,-2.241470103135972,0.21151450542995584,0.029639194119389943,0.560367525783993,-0.05287862635748896,0.0,0.560367525783993,-0.05287862635748896,0.0,0.560367525783993,-0.05287862635748896,-263.27731514697575,-0.012964923798547823,-0.1146273345320148,0.12840096535346232,0.25,2.0,False,False,False,applied
2026-06-06_run02_reverse_grid_3x3_pm40_on_r02,2800,2812,12,0.0,0.0,-263.27731514697575,-5.17071766951082e-14,5.73457109398299e-14,-263.277315146976,0.0,0.0,0.0,-2.241470103135972,0.21151450542995584,0.029639194119389943,0.560367525783993,-0.05287862635748896,0.0,0.560367525783993,-0.05287862635748896,0.0,0.560367525783993,-0.05287862635748896,-263.27731514697575,-0.012964923798547823,-0.1146273345320148,0.12840096535346232,0.25,2.0,False,False,False,applied
2026-06-06_run02_reverse_grid_3x3_pm40_on_r02,2900,2906,6,0.0,0.0,-263.27731514697575,-5.17071766951082e-14,5.73457109398299e-14,-263.277315146976,0.0,0.0,0.0,-2.241470103135972,0.21151450542995584,0.029639194119389943,0.560367525783993,-0.05287862635748896,0.0,0.560367525783993,-0.05287862635748896,0.0,0.560367525783993,-0.05287862635748896,-263.27731514697575,-0.012964923798547823,-0.1146273345320148,0.12840096535346232,0.25,2.0,False,False,False,applied
2026-06-06_run02_reverse_grid_3x3_pm40_on_r02,3000,3000,0,0.0,0.0,-263.27731514697575,-5.01837947391767e-14,5.54104263676801e-14,-263.277315146976,0.0,0.0,0.0,-2.241470103135972,0.21151450542995576,0.029639194119389943,0.560367525783993,-0.05287862635748894,0.0,0.560367525783993,-0.05287862635748894,0.0,0.560367525783993,-0.05287862635748894,-263.27731514697575,-0.012964923798547823,-0.1146273345320148,0.12840096535346232,0.25,2.0,False,False,True,applied
2026-06-06_run02_reverse_grid_3x3_pm40_on_r02,3100,3109,9,0.0,0.0,-263.27731514697575,-5.01837947391767e-14,5.54104263676801e-14,-263.277315146976,0.0,0.0,0.0,-2.241470103135972,0.21151450542995576,0.029639194119389943,0.560367525783993,-0.05287862635748894,0.0,0.560367525783993,-0.05287862635748894,0.0,0.560367525783993,-0.05287862635748894,-263.27731514697575,-0.012964923798547823,-0.1146273345320148,0.12840096535346232,0.25,2.0,False,False,False,applied
2026-06-06_run02_reverse_grid_3x3_pm40_on_r02,3200,3203,3,0.0,0.0,-263.27731514697575,-5.01837947391767e-14,5.54104263676801e-14,-263.277315146976,0.0,0.0,0.0,-2.241470103135972,0.21151450542995576,0.029639194119389943,0.560367525783993,-0.05287862635748894,0.0,0.560367525783993,-0.05287862635748894,0.0,0.560367525783993,-0.05287862635748894,-263.27731514697575,-0.012964923798547823,-0.1146273345320148,0.12840096535346232,0.25,2.0,False,False,False,applied
2026-06-06_run02_reverse_grid_3x3_pm40_on_r02,3300,3312,12,0.0,0.0,-263.27731514697575,-5.01837947391767e-14,5.54104263676801e-14,-263.277315146976,0.0,0.0,0.0,-2.241470103135972,0.21151450542995576,0.029639194119389943,0.560367525783993,-0.05287862635748894,0.0,0.560367525783993,-0.05287862635748894,0.0,0.560367525783993,-0.05287862635748894,-263.27731514697575,-0.012964923798547823,-0.1146273345320148,0.12840096535346232,0.25,2.0,False,False,False,applied
2026-06-06_run02_reverse_grid_3x3_pm40_on_r02,3400,3406,6,0.0,0.0,-263.27731514697575,-5.01837947391767e-14,5.54104263676801e-14,-263.277315146976,0.0,0.0,0.0,-2.241470103135972,0.21151450542995576,0.029639194119389943,0.560367525783993,-0.05287862635748894,0.0,0.560367525783993,-0.05287862635748894,0.0,0.560367525783993,-0.05287862635748894,-263.27731514697575,-0.012964923798547823,-0.1146273345320148,0.12840096535346232,0.25,2.0,False,False,False,applied
2026-06-06_run02_reverse_grid_3x3_pm40_on_r02,3500,3500,0,0.0,0.0,-263.27731514697575,-4.76489552335971e-14,6.01836256238484e-14,-263.277315146976,0.0,0.0,0.0,-2.2414701031359723,0.21151450542995592,0.029639194119389943,0.5603675257839931,-0.05287862635748898,0.0,0.5603675257839931,-0.05287862635748898,0.0,0.5603675257839931,-0.05287862635748898,-263.27731514697575,-0.012964923798547823,-0.1146273345320148,0.12840096535346232,0.25,2.0,False,False,True,applied
2026-06-06_run02_reverse_grid_3x3_pm40_on_r02,3600,3609,9,0.0,0.0,-263.27731514697575,-4.76489552335971e-14,6.01836256238484e-14,-263.277315146976,0.0,0.0,0.0,-2.2414701031359723,0.21151450542995592,0.029639194119389943,0.5603675257839931,-0.05287862635748898,0.0,0.5603675257839931,-0.05287862635748898,0.0,0.5603675257839931,-0.05287862635748898,-263.27731514697575,-0.012964923798547823,-0.1146273345320148,0.12840096535346232,0.25,2.0,False,False,False,applied
2026-06-06_run02_reverse_grid_3x3_pm40_on_r02,3700,3703,3,0.0,0.0,-263.27731514697575,-4.76489552335971e-14,6.01836256238484e-14,-263.277315146976,0.0,0.0,0.0,-2.2414701031359723,0.21151450542995592,0.029639194119389943,0.5603675257839931,-0.05287862635748898,0.0,0.5603675257839931,-0.05287862635748898,0.0,0.5603675257839931,-0.05287862635748898,-263.27731514697575,-0.012964923798547823,-0.1146273345320148,0.12840096535346232,0.25,2.0,False,False,False,applied
2026-06-06_run02_reverse_grid_3x3_pm40_on_r02,3800,3812,12,0.0,0.0,-263.27731514697575,-4.76489552335971e-14,6.01836256238484e-14,-263.277315146976,0.0,0.0,0.0,-2.2414701031359723,0.21151450542995592,0.029639194119389943,0.5603675257839931,-0.05287862635748898,0.0,0.5603675257839931,-0.05287862635748898,0.0,0.5603675257839931,-0.05287862635748898,-263.27731514697575,-0.012964923798547823,-0.1146273345320148,0.12840096535346232,0.25,2.0,False,False,False,applied
2026-06-06_run02_reverse_grid_3x3_pm40_on_r02,3900,3906,6,0.0,0.0,-263.27731514697575,-4.76489552335971e-14,6.01836256238484e-14,-263.277315146976,0.0,0.0,0.0,-2.2414701031359723,0.21151450542995592,0.029639194119389943,0.5603675257839931,-0.05287862635748898,0.0,0.5603675257839931,-0.05287862635748898,0.0,0.5603675257839931,-0.05287862635748898,-263.27731514697575,-0.012964923798547823,-0.1146273345320148,0.12840096535346232,0.25,2.0,False,False,False,applied
2026-06-06_run02_reverse_grid_3x3_pm40_on_r02,4000,4000,0,0.0,0.0,-263.27731514697575,-4.36705792251217e-14,7.45310687903346e-14,-263.277315146976,0.0,0.0,0.0,-2.2414701031359723,0.21151450542995642,0.029639194119389936,0.5603675257839931,-0.052878626357489106,0.0,0.5603675257839931,-0.052878626357489106,0.0,0.5603675257839931,-0.052878626357489106,-263.27731514697575,-0.012964923798547823,-0.1146273345320148,0.12840096535346232,0.25,2.0,False,False,True,applied
2026-06-06_run02_reverse_grid_3x3_pm40_on_r02,4100,4109,9,0.0,0.0,-263.27731514697575,-4.36705792251217e-14,7.45310687903346e-14,-263.277315146976,0.0,0.0,0.0,-2.2414701031359723,0.21151450542995642,0.029639194119389936,0.5603675257839931,-0.052878626357489106,0.0,0.5603675257839931,-0.052878626357489106,0.0,0.5603675257839931,-0.052878626357489106,-263.27731514697575,-0.012964923798547823,-0.1146273345320148,0.12840096535346232,0.25,2.0,False,False,False,applied
2026-06-06_run02_reverse_grid_3x3_pm40_on_r02,4200,4203,3,0.0,0.0,-263.27731514697575,-4.36705792251217e-14,7.45310687903346e-14,-263.277315146976,0.0,0.0,0.0,-2.2414701031359723,0.21151450542995642,0.029639194119389936,0.5603675257839931,-0.052878626357489106,0.0,0.5603675257839931,-0.052878626357489106,0.0,0.5603675257839931,-0.052878626357489106,-263.27731514697575,-0.012964923798547823,-0.1146273345320148,0.12840096535346232,0.25,2.0,False,False,False,applied
2026-06-06_run02_reverse_grid_3x3_pm40_on_r02,4300,4312,12,0.0,0.0,-263.27731514697575,-4.36705792251217e-14,7.45310687903346e-14,-263.277315146976,0.0,0.0,0.0,-2.2414701031359723,0.21151450542995642,0.029639194119389936,0.5603675257839931,-0.052878626357489106,0.0,0.5603675257839931,-0.052878626357489106,0.0,0.5603675257839931,-0.052878626357489106,-263.27731514697575,-0.012964923798547823,-0.1146273345320148,0.12840096535346232,0.25,2.0,False,False,False,applied
2026-06-06_run02_reverse_grid_3x3_pm40_on_r02,4400,4406,6,0.0,0.0,-263.27731514697575,-4.36705792251217e-14,7.45310687903346e-14,-263.277315146976,0.0,0.0,0.0,-2.2414701031359723,0.21151450542995642,0.029639194119389936,0.5603675257839931,-0.052878626357489106,0.0,0.5603675257839931,-0.052878626357489106,0.0,0.5603675257839931,-0.052878626357489106,-263.27731514697575,-0.012964923798547823,-0.1146273345320148,0.12840096535346232,0.25,2.0,False,False,False,applied
2026-06-06_run02_reverse_grid_3x3_pm40_on_r02,4500,4500,0,0.0,0.0,-263.27731514697575,1.53098052471026e-14,3.65815763051278e-14,-263.277315146976,0.0,0.0,0.0,-2.2414701031359794,0.2115145054299541,0.029639194119389964,0.5603675257839948,-0.05287862635748852,0.0,0.5603675257839948,-0.05287862635748852,0.0,0.5603675257839948,-0.05287862635748852,-263.27731514697575,-0.012964923798547823,-0.1146273345320148,0.12840096535346232,0.25,2.0,False,False,True,applied
2026-06-06_run02_reverse_grid_3x3_pm40_on_r02,4600,4609,9,0.0,0.0,-263.27731514697575,1.53098052471026e-14,3.65815763051278e-14,-263.277315146976,0.0,0.0,0.0,-2.2414701031359794,0.2115145054299541,0.029639194119389964,0.5603675257839948,-0.05287862635748852,0.0,0.5603675257839948,-0.05287862635748852,0.0,0.5603675257839948,-0.05287862635748852,-263.27731514697575,-0.012964923798547823,-0.1146273345320148,0.12840096535346232,0.25,2.0,False,False,False,applied
2026-06-06_run02_reverse_grid_3x3_pm40_on_r02,4700,4703,3,0.0,0.0,-263.27731514697575,1.53098052471026e-14,3.65815763051278e-14,-263.277315146976,0.0,0.0,0.0,-2.2414701031359794,0.2115145054299541,0.029639194119389964,0.5603675257839948,-0.05287862635748852,0.0,0.5603675257839948,-0.05287862635748852,0.0,0.5603675257839948,-0.05287862635748852,-263.27731514697575,-0.012964923798547823,-0.1146273345320148,0.12840096535346232,0.25,2.0,False,False,False,applied
2026-06-06_run02_reverse_grid_3x3_pm40_on_r02,4800,4812,12,0.0,0.0,-263.27731514697575,1.53098052471026e-14,3.65815763051278e-14,-263.277315146976,0.0,0.0,0.0,-2.2414701031359794,0.2115145054299541,0.029639194119389964,0.5603675257839948,-0.05287862635748852,0.0,0.5603675257839948,-0.05287862635748852,0.0,0.5603675257839948,-0.05287862635748852,-263.27731514697575,-0.012964923798547823,-0.1146273345320148,0.12840096535346232,0.25,2.0,False,False,False,applied
2026-06-06_run02_reverse_grid_3x3_pm40_on_r02,4900,4906,6,0.0,0.0,-263.27731514697575,1.53098052471026e-14,3.65815763051278e-14,-263.277315146976,0.0,0.0,0.0,-2.2414701031359794,0.2115145054299541,0.029639194119389964,0.5603675257839948,-0.05287862635748852,0.0,0.5603675257839948,-0.05287862635748852,0.0,0.5603675257839948,-0.05287862635748852,-263.27731514697575,-0.012964923798547823,-0.1146273345320148,0.12840096535346232,0.25,2.0,False,False,False,applied
2026-06-06_run02_reverse_grid_3x3_pm40_on_r02,5000,5000,0,40.0,40.0,-263.27731514697575,31.5428998120813,33.4586656797318,-264.005245386646,13.0,-11.0,6.0,-2.5423747675905237,-2.2778971545731994,0.19948983083947605,0.6355936918976309,0.5694742886432999,0.0,0.6355936918976309,0.5694742886432999,0.0,40.63559369189763,40.5694742886433,-263.27731514697575,12.813265606419112,-10.942234635674144,6.568932691313271,0.25,2.0,False,False,True,applied
2026-06-06_run02_reverse_grid_3x3_pm40_on_r02,5100,5109,9,40.0,40.0,-263.27731514697575,31.5428998120813,33.4586656797318,-264.005245386646,13.0,-11.0,6.0,-2.5423747675905237,-2.2778971545731994,0.19948983083947605,0.6355936918976309,0.5694742886432999,0.0,0.6355936918976309,0.5694742886432999,0.0,40.63559369189763,40.5694742886433,-263.27731514697575,12.813265606419112,-10.942234635674144,6.568932691313271,0.25,2.0,False,False,False,applied
2026-06-06_run02_reverse_grid_3x3_pm40_on_r02,5200,5203,3,40.0,40.0,-263.27731514697575,31.5428998120813,33.4586656797318,-264.005245386646,13.0,-11.0,6.0,-2.5423747675905237,-2.2778971545731994,0.19948983083947605,0.6355936918976309,0.5694742886432999,0.0,0.6355936918976309,0.5694742886432999,0.0,40.63559369189763,40.5694742886433,-263.27731514697575,12.813265606419112,-10.942234635674144,6.568932691313271,0.25,2.0,False,False,False,applied
2026-06-06_run02_reverse_grid_3x3_pm40_on_r02,5300,5312,12,40.0,40.0,-263.27731514697575,31.5428998120813,33.4586656797318,-264.005245386646,13.0,-11.0,6.0,-2.5423747675905237,-2.2778971545731994,0.19948983083947605,0.6355936918976309,0.5694742886432999,0.0,0.6355936918976309,0.5694742886432999,0.0,40.63559369189763,40.5694742886433,-263.27731514697575,12.813265606419112,-10.942234635674144,6.568932691313271,0.25,2.0,False,False,False,applied
2026-06-06_run02_reverse_grid_3x3_pm40_on_r02,5400,5406,6,40.0,40.0,-263.27731514697575,31.5428998120813,33.4586656797318,-264.005245386646,13.0,-11.0,6.0,-2.5423747675905237,-2.2778971545731994,0.19948983083947605,0.6355936918976309,0.5694742886432999,0.0,0.6355936918976309,0.5694742886432999,0.0,40.63559369189763,40.5694742886433,-263.27731514697575,12.813265606419112,-10.942234635674144,6.568932691313271,0.25,2.0,False,False,False,applied
2026-06-06_run02_reverse_grid_3x3_pm40_on_r02,5500,5500,0,40.0,40.0,-263.27731514697575,39.3892133201095,41.8881453656362,-262.937525426437,13.0,-11.0,6.0,-3.953266590653927,-0.03539465381140028,0.0009596123538415154,0.9883166476634817,0.00884866345285007,0.0,0.9883166476634817,0.00884866345285007,0.0,40.98831664766348,40.00884866345285,-263.27731514697575,12.66531183305689,-10.962528100032516,6.699419653880903,0.25,2.0,False,False,True,applied
2026-06-06_run02_reverse_grid_3x3_pm40_on_r02,5600,5609,9,40.0,40.0,-263.27731514697575,39.3892133201095,41.8881453656362,-262.937525426437,13.0,-11.0,6.0,-3.953266590653927,-0.03539465381140028,0.0009596123538415154,0.9883166476634817,0.00884866345285007,0.0,0.9883166476634817,0.00884866345285007,0.0,40.98831664766348,40.00884866345285,-263.27731514697575,12.66531183305689,-10.962528100032516,6.699419653880903,0.25,2.0,False,False,False,applied
2026-06-06_run02_reverse_grid_3x3_pm40_on_r02,5700,5703,3,40.0,40.0,-263.27731514697575,39.3892133201095,41.8881453656362,-262.937525426437,13.0,-11.0,6.0,-3.953266590653927,-0.03539465381140028,0.0009596123538415154,0.9883166476634817,0.00884866345285007,0.0,0.9883166476634817,0.00884866345285007,0.0,40.98831664766348,40.00884866345285,-263.27731514697575,12.66531183305689,-10.962528100032516,6.699419653880903,0.25,2.0,False,False,False,applied
2026-06-06_run02_reverse_grid_3x3_pm40_on_r02,5800,5812,12,40.0,40.0,-263.27731514697575,39.3892133201095,41.8881453656362,-262.937525426437,13.0,-11.0,6.0,-3.953266590653927,-0.03539465381140028,0.0009596123538415154,0.9883166476634817,0.00884866345285007,0.0,0.9883166476634817,0.00884866345285007,0.0,40.98831664766348,40.00884866345285,-263.27731514697575,12.66531183305689,-10.962528100032516,6.699419653880903,0.25,2.0,False,False,False,applied
2026-06-06_run02_reverse_grid_3x3_pm40_on_r02,5900,5906,6,40.0,40.0,-263.27731514697575,39.3892133201095,41.8881453656362,-262.937525426437,13.0,-11.0,6.0,-3.953266590653927,-0.03539465381140028,0.0009596123538415154,0.9883166476634817,0.00884866345285007,0.0,0.9883166476634817,0.00884866345285007,0.0,40.98831664766348,40.00884866345285,-263.27731514697575,12.66531183305689,-10.962528100032516,6.699419653880903,0.25,2.0,False,False,False,applied
2026-06-06_run02_reverse_grid_3x3_pm40_on_r02,6000,6000,0,40.0,40.0,-263.27731514697575,39.3898836596328,41.8888679967474,-262.93741147408,13.0,-11.0,6.0,-3.9534009565236152,-0.035159854249366795,0.0009384820227189544,0.9883502391309038,0.008789963562341699,0.0,0.9883502391309038,0.008789963562341699,0.0,40.9883502391309,40.00878996356234,-263.27731514697575,12.665296141019049,-10.962529714579183,6.699432401989312,0.25,2.0,False,False,True,applied
2026-06-06_run02_reverse_grid_3x3_pm40_on_r02,6100,6109,9,40.0,40.0,-263.27731514697575,39.3898836596328,41.8888679967474,-262.93741147408,13.0,-11.0,6.0,-3.9534009565236152,-0.035159854249366795,0.0009384820227189544,0.9883502391309038,0.008789963562341699,0.0,0.9883502391309038,0.008789963562341699,0.0,40.9883502391309,40.00878996356234,-263.27731514697575,12.665296141019049,-10.962529714579183,6.699432401989312,0.25,2.0,False,False,False,applied
2026-06-06_run02_reverse_grid_3x3_pm40_on_r02,6200,6203,3,40.0,40.0,-263.27731514697575,39.3898836596328,41.8888679967474,-262.93741147408,13.0,-11.0,6.0,-3.9534009565236152,-0.035159854249366795,0.0009384820227189544,0.9883502391309038,0.008789963562341699,0.0,0.9883502391309038,0.008789963562341699,0.0,40.9883502391309,40.00878996356234,-263.27731514697575,12.665296141019049,-10.962529714579183,6.699432401989312,0.25,2.0,False,False,False,applied
2026-06-06_run02_reverse_grid_3x3_pm40_on_r02,6300,6312,12,40.0,40.0,-263.27731514697575,39.3898836596328,41.8888679967474,-262.93741147408,13.0,-11.0,6.0,-3.9534009565236152,-0.035159854249366795,0.0009384820227189544,0.9883502391309038,0.008789963562341699,0.0,0.9883502391309038,0.008789963562341699,0.0,40.9883502391309,40.00878996356234,-263.27731514697575,12.665296141019049,-10.962529714579183,6.699432401989312,0.25,2.0,False,False,False,applied
2026-06-06_run02_reverse_grid_3x3_pm40_on_r02,6400,6406,6,40.0,40.0,-263.27731514697575,39.3898836596328,41.8888679967474,-262.93741147408,13.0,-11.0,6.0,-3.9534009565236152,-0.035159854249366795,0.0009384820227189544,0.9883502391309038,0.008789963562341699,0.0,0.9883502391309038,0.008789963562341699,0.0,40.9883502391309,40.00878996356234,-263.27731514697575,12.665296141019049,-10.962529714579183,6.699432401989312,0.25,2.0,False,False,False,applied
2026-06-06_run02_reverse_grid_3x3_pm40_on_r02,6500,6500,0,40.0,40.0,-263.27731514697575,39.3893448307748,41.8882871351672,-262.937503070408,13.0,-11.0,6.0,-3.9532929514061723,-0.03534858911298644,0.0009554668473725821,0.9883232378515431,0.00883714727824661,0.0,0.9883232378515431,0.00883714727824661,0.0,40.988323237851546,40.00883714727825,-263.27731514697575,12.66530875447522,-10.96252841678223,6.699422154888569,0.25,2.0,False,False,True,applied
2026-06-06_run02_reverse_grid_3x3_pm40_on_r02,6600,6609,9,40.0,40.0,-263.27731514697575,39.3893448307748,41.8882871351672,-262.937503070408,13.0,-11.0,6.0,-3.9532929514061723,-0.03534858911298644,0.0009554668473725821,0.9883232378515431,0.00883714727824661,0.0,0.9883232378515431,0.00883714727824661,0.0,40.988323237851546,40.00883714727825,-263.27731514697575,12.66530875447522,-10.96252841678223,6.699422154888569,0.25,2.0,False,False,False,applied
2026-06-06_run02_reverse_grid_3x3_pm40_on_r02,6700,6703,3,40.0,40.0,-263.27731514697575,39.3893448307748,41.8882871351672,-262.937503070408,13.0,-11.0,6.0,-3.9532929514061723,-0.03534858911298644,0.0009554668473725821,0.9883232378515431,0.00883714727824661,0.0,0.9883232378515431,0.00883714727824661,0.0,40.988323237851546,40.00883714727825,-263.27731514697575,12.66530875447522,-10.96252841678223,6.699422154888569,0.25,2.0,False,False,False,applied
2026-06-06_run02_reverse_grid_3x3_pm40_on_r02,6800,6812,12,40.0,40.0,-263.27731514697575,39.3893448307748,41.8882871351672,-262.937503070408,13.0,-11.0,6.0,-3.9532929514061723,-0.03534858911298644,0.0009554668473725821,0.9883232378515431,0.00883714727824661,0.0,0.9883232378515431,0.00883714727824661,0.0,40.988323237851546,40.00883714727825,-263.27731514697575,12.66530875447522,-10.96252841678223,6.699422154888569,0.25,2.0,False,False,False,applied
2026-06-06_run02_reverse_grid_3x3_pm40_on_r02,6900,6906,6,40.0,40.0,-263.27731514697575,39.3893448307748,41.8882871351672,-262.937503070408,13.0,-11.0,6.0,-3.9532929514061723,-0.03534858911298644,0.0009554668473725821,0.9883232378515431,0.00883714727824661,0.0,0.9883232378515431,0.00883714727824661,0.0,40.988323237851546,40.00883714727825,-263.27731514697575,12.66530875447522,-10.96252841678223,6.699422154888569,0.25,2.0,False,False,False,applied
2026-06-06_run02_reverse_grid_3x3_pm40_on_r02,7000,7000,0,40.0,40.0,-263.27731514697575,39.3888378513434,41.8877406076306,-262.937589251543,13.0,-11.0,6.0,-3.9531913309668143,-0.035526166103247936,0.0009714475279920722,0.9882978327417036,0.008881541525811984,0.0,0.9882978327417036,0.008881541525811984,0.0,40.9882978327417,40.00888154152581,-263.27731514697575,12.665320622227316,-10.962527195687416,6.699412513557175,0.25,2.0,False,False,True,applied
2026-06-06_run02_reverse_grid_3x3_pm40_on_r02,7100,7109,9,40.0,40.0,-263.27731514697575,39.3888378513434,41.8877406076306,-262.937589251543,13.0,-11.0,6.0,-3.9531913309668143,-0.035526166103247936,0.0009714475279920722,0.9882978327417036,0.008881541525811984,0.0,0.9882978327417036,0.008881541525811984,0.0,40.9882978327417,40.00888154152581,-263.27731514697575,12.665320622227316,-10.962527195687416,6.699412513557175,0.25,2.0,False,False,False,applied
2026-06-06_run02_reverse_grid_3x3_pm40_on_r02,7200,7203,3,40.0,40.0,-263.27731514697575,39.3888378513434,41.8877406076306,-262.937589251543,13.0,-11.0,6.0,-3.9531913309668143,-0.035526166103247936,0.0009714475279920722,0.9882978327417036,0.008881541525811984,0.0,0.9882978327417036,0.008881541525811984,0.0,40.9882978327417,40.00888154152581,-263.27731514697575,12.665320622227316,-10.962527195687416,6.699412513557175,0.25,2.0,False,False,False,applied
2026-06-06_run02_reverse_grid_3x3_pm40_on_r02,7300,7312,12,40.0,40.0,-263.27731514697575,39.3888378513434,41.8877406076306,-262.937589251543,13.0,-11.0,6.0,-3.9531913309668143,-0.035526166103247936,0.0009714475279920722,0.9882978327417036,0.008881541525811984,0.0,0.9882978327417036,0.008881541525811984,0.0,40.9882978327417,40.00888154152581,-263.27731514697575,12.665320622227316,-10.962527195687416,6.699412513557175,0.25,2.0,False,False,False,applied
2026-06-06_run02_reverse_grid_3x3_pm40_on_r02,7400,7406,6,40.0,40.0,-263.27731514697575,39.3888378513434,41.8877406076306,-262.937589251543,13.0,-11.0,6.0,-3.9531913309668143,-0.035526166103247936,0.0009714475279920722,0.9882978327417036,0.008881541525811984,0.0,0.9882978327417036,0.008881541525811984,0.0,40.9882978327417,40.00888154152581,-263.27731514697575,12.665320622227316,-10.962527195687416,6.699412513557175,0.25,2.0,False,False,False,applied
2026-06-06_run02_reverse_grid_3x3_pm40_on_r02,7500,7500,0,40.0,40.0,-263.27731514697575,39.3888514315352,41.8877552471722,-262.937586943101,13.0,-11.0,6.0,-3.953194052991675,-0.03552140953062949,0.0009710194704774921,0.9882985132479187,0.008880352382657372,0.0,0.9882985132479187,0.008880352382657372,0.0,40.98829851324792,40.008880352382654,-263.27731514697575,12.665320304338467,-10.962527228396539,6.699412771811127,0.25,2.0,False,False,True,applied
2026-06-06_run02_reverse_grid_3x3_pm40_on_r02,7600,7609,9,40.0,40.0,-263.27731514697575,39.3888514315352,41.8877552471722,-262.937586943101,13.0,-11.0,6.0,-3.953194052991675,-0.03552140953062949,0.0009710194704774921,0.9882985132479187,0.008880352382657372,0.0,0.9882985132479187,0.008880352382657372,0.0,40.98829851324792,40.008880352382654,-263.27731514697575,12.665320304338467,-10.962527228396539,6.699412771811127,0.25,2.0,False,False,False,applied
2026-06-06_run02_reverse_grid_3x3_pm40_on_r02,7700,7703,3,40.0,40.0,-263.27731514697575,39.3888514315352,41.8877552471722,-262.937586943101,13.0,-11.0,6.0,-3.953194052991675,-0.03552140953062949,0.0009710194704774921,0.9882985132479187,0.008880352382657372,0.0,0.9882985132479187,0.008880352382657372,0.0,40.98829851324792,40.008880352382654,-263.27731514697575,12.665320304338467,-10.962527228396539,6.699412771811127,0.25,2.0,False,False,False,applied
2026-06-06_run02_reverse_grid_3x3_pm40_on_r02,7800,7812,12,40.0,40.0,-263.27731514697575,39.3888514315352,41.8877552471722,-262.937586943101,13.0,-11.0,6.0,-3.953194052991675,-0.03552140953062949,0.0009710194704774921,0.9882985132479187,0.008880352382657372,0.0,0.9882985132479187,0.008880352382657372,0.0,40.98829851324792,40.008880352382654,-263.27731514697575,12.665320304338467,-10.962527228396539,6.699412771811127,0.25,2.0,False,False,False,applied
2026-06-06_run02_reverse_grid_3x3_pm40_on_r02,7900,7906,6,40.0,40.0,-263.27731514697575,39.3888514315352,41.8877552471722,-262.937586943101,13.0,-11.0,6.0,-3.953194052991675,-0.03552140953062949,0.0009710194704774921,0.9882985132479187,0.008880352382657372,0.0,0.9882985132479187,0.008880352382657372,0.0,40.98829851324792,40.008880352382654,-263.27731514697575,12.665320304338467,-10.962527228396539,6.699412771811127,0.25,2.0,False,False,False,applied
2026-06-06_run02_reverse_grid_3x3_pm40_on_r02,8000,8000,0,40.0,40.0,-263.27731514697575,39.3888624468233,41.8877671217272,-262.937585070655,13.0,-11.0,6.0,-3.953196260906138,-0.035517551333429376,0.0009706722602969824,0.9882990652265345,0.008879387833357344,0.0,0.9882990652265345,0.008879387833357344,0.0,40.988299065226535,40.00887938783336,-263.27731514697575,12.665320046489262,-10.962527254927716,6.699412981288536,0.25,2.0,False,False,True,applied
2026-06-06_run02_reverse_grid_3x3_pm40_on_r02,8100,8109,9,40.0,40.0,-263.27731514697575,39.3888624468233,41.8877671217272,-262.937585070655,13.0,-11.0,6.0,-3.953196260906138,-0.035517551333429376,0.0009706722602969824,0.9882990652265345,0.008879387833357344,0.0,0.9882990652265345,0.008879387833357344,0.0,40.988299065226535,40.00887938783336,-263.27731514697575,12.665320046489262,-10.962527254927716,6.699412981288536,0.25,2.0,False,False,False,applied
2026-06-06_run02_reverse_grid_3x3_pm40_on_r02,8200,8203,3,40.0,40.0,-263.27731514697575,39.3888624468233,41.8877671217272,-262.937585070655,13.0,-11.0,6.0,-3.953196260906138,-0.035517551333429376,0.0009706722602969824,0.9882990652265345,0.008879387833357344,0.0,0.9882990652265345,0.008879387833357344,0.0,40.988299065226535,40.00887938783336,-263.27731514697575,12.665320046489262,-10.962527254927716,6.699412981288536,0.25,2.0,False,False,False,applied
2026-06-06_run02_reverse_grid_3x3_pm40_on_r02,8300,8312,12,40.0,40.0,-263.27731514697575,39.3888624468233,41.8877671217272,-262.937585070655,13.0,-11.0,6.0,-3.953196260906138,-0.035517551333429376,0.0009706722602969824,0.9882990652265345,0.008879387833357344,0.0,0.9882990652265345,0.008879387833357344,0.0,40.988299065226535,40.00887938783336,-263.27731514697575,12.665320046489262,-10.962527254927716,6.699412981288536,0.25,2.0,False,False,False,applied
2026-06-06_run02_reverse_grid_3x3_pm40_on_r02,8400,8406,6,40.0,40.0,-263.27731514697575,39.3888624468233,41.8877671217272,-262.937585070655,13.0,-11.0,6.0,-3.953196260906138,-0.035517551333429376,0.0009706722602969824,0.9882990652265345,0.008879387833357344,0.0,0.9882990652265345,0.008879387833357344,0.0,40.988299065226535,40.00887938783336,-263.27731514697575,12.665320046489262,-10.962527254927716,6.699412981288536,0.25,2.0,False,False,False,applied
2026-06-06_run02_reverse_grid_3x3_pm40_on_r02,8500,8500,0,40.0,40.0,-263.27731514697575,39.3888720388087,41.887777461952,-262.93758344015,13.0,-11.0,6.0,-3.953198183532961,-0.03551419165854325,0.0009703699135523661,0.9882995458832402,0.008878547914635812,0.0,0.9882995458832402,0.008878547914635812,0.0,40.98829954588324,40.008878547914634,-263.27731514697575,12.665319821957084,-10.962527278030862,6.69941316369913,0.25,2.0,False,False,True,applied
2026-06-06_run02_reverse_grid_3x3_pm40_on_r02,8600,8609,9,40.0,40.0,-263.27731514697575,39.3888720388087,41.887777461952,-262.93758344015,13.0,-11.0,6.0,-3.953198183532961,-0.03551419165854325,0.0009703699135523661,0.9882995458832402,0.008878547914635812,0.0,0.9882995458832402,0.008878547914635812,0.0,40.98829954588324,40.008878547914634,-263.27731514697575,12.665319821957084,-10.962527278030862,6.69941316369913,0.25,2.0,False,False,False,applied
2026-06-06_run02_reverse_grid_3x3_pm40_on_r02,8700,8703,3,40.0,40.0,-263.27731514697575,39.3888720388087,41.887777461952,-262.93758344015,13.0,-11.0,6.0,-3.953198183532961,-0.03551419165854325,0.0009703699135523661,0.9882995458832402,0.008878547914635812,0.0,0.9882995458832402,0.008878547914635812,0.0,40.98829954588324,40.008878547914634,-263.27731514697575,12.665319821957084,-10.962527278030862,6.69941316369913,0.25,2.0,False,False,False,applied
2026-06-06_run02_reverse_grid_3x3_pm40_on_r02,8800,8812,12,40.0,40.0,-263.27731514697575,39.3888720388087,41.887777461952,-262.93758344015,13.0,-11.0,6.0,-3.953198183532961,-0.03551419165854325,0.0009703699135523661,0.9882995458832402,0.008878547914635812,0.0,0.9882995458832402,0.008878547914635812,0.0,40.98829954588324,40.008878547914634,-263.27731514697575,12.665319821957084,-10.962527278030862,6.69941316369913,0.25,2.0,False,False,False,applied
2026-06-06_run02_reverse_grid_3x3_pm40_on_r02,8900,8906,6,40.0,40.0,-263.27731514697575,39.3888720388087,41.887777461952,-262.93758344015,13.0,-11.0,6.0,-3.953198183532961,-0.03551419165854325,0.0009703699135523661,0.9882995458832402,0.008878547914635812,0.0,0.9882995458832402,0.008878547914635812,0.0,40.98829954588324,40.008878547914634,-263.27731514697575,12.665319821957084,-10.962527278030862,6.69941316369913,0.25,2.0,False,False,False,applied
2026-06-06_run02_reverse_grid_3x3_pm40_on_r02,9000,9000,0,40.0,40.0,-263.27731514697575,39.3888808794103,41.8877869921808,-262.937581937369,13.0,-11.0,6.0,-3.953199955552187,-0.03551109516064621,0.0009700912508490162,0.9882999888880467,0.008877773790161553,0.0,0.9882999888880467,0.008877773790161553,0.0,40.988299988888045,40.00887777379016,-263.27731514697575,12.665319615013388,-10.962527299324343,6.699413331820636,0.25,2.0,False,False,True,applied
2026-06-06_run02_reverse_grid_3x3_pm40_on_r02,9100,9109,9,40.0,40.0,-263.27731514697575,39.3888808794103,41.8877869921808,-262.937581937369,13.0,-11.0,6.0,-3.953199955552187,-0.03551109516064621,0.0009700912508490162,0.9882999888880467,0.008877773790161553,0.0,0.9882999888880467,0.008877773790161553,0.0,40.988299988888045,40.00887777379016,-263.27731514697575,12.665319615013388,-10.962527299324343,6.699413331820636,0.25,2.0,False,False,False,applied
2026-06-06_run02_reverse_grid_3x3_pm40_on_r02,9200,9203,3,40.0,40.0,-263.27731514697575,39.3888808794103,41.8877869921808,-262.937581937369,13.0,-11.0,6.0,-3.953199955552187,-0.03551109516064621,0.0009700912508490162,0.9882999888880467,0.008877773790161553,0.0,0.9882999888880467,0.008877773790161553,0.0,40.988299988888045,40.00887777379016,-263.27731514697575,12.665319615013388,-10.962527299324343,6.699413331820636,0.25,2.0,False,False,False,applied
2026-06-06_run02_reverse_grid_3x3_pm40_on_r02,9300,9312,12,40.0,40.0,-263.27731514697575,39.3888808794103,41.8877869921808,-262.937581937369,13.0,-11.0,6.0,-3.953199955552187,-0.03551109516064621,0.0009700912508490162,0.9882999888880467,0.008877773790161553,0.0,0.9882999888880467,0.008877773790161553,0.0,40.988299988888045,40.00887777379016,-263.27731514697575,12.665319615013388,-10.962527299324343,6.699413331820636,0.25,2.0,False,False,False,applied
2026-06-06_run02_reverse_grid_3x3_pm40_on_r02,9400,9406,6,40.0,40.0,-263.27731514697575,39.3888808794103,41.8877869921808,-262.937581937369,13.0,-11.0,6.0,-3.953199955552187,-0.03551109516064621,0.0009700912508490162,0.9882999888880467,0.008877773790161553,0.0,0.9882999888880467,0.008877773790161553,0.0,40.988299988888045,40.00887777379016,-263.27731514697575,12.665319615013388,-10.962527299324343,6.699413331820636,0.25,2.0,False,False,False,applied
2026-06-06_run02_reverse_grid_3x3_pm40_on_r02,9500,9500,0,40.0,40.0,-263.27731514697575,39.3888913817975,41.8877983138271,-262.9375801521,13.0,-11.0,6.0,-3.9532020606658014,-0.035507416594093844,0.0009697602060349444,0.9883005151664503,0.008876854148523461,0.0,0.9883005151664503,0.008876854148523461,0.0,40.98830051516645,40.008876854148525,-263.27731514697575,12.665319369169234,-10.962527324620037,6.699413531544988,0.25,2.0,False,False,True,applied
2026-06-06_run02_reverse_grid_3x3_pm40_on_r02,9600,9609,9,40.0,40.0,-263.27731514697575,39.3888913817975,41.8877983138271,-262.9375801521,13.0,-11.0,6.0,-3.9532020606658014,-0.035507416594093844,0.0009697602060349444,0.9883005151664503,0.008876854148523461,0.0,0.9883005151664503,0.008876854148523461,0.0,40.98830051516645,40.008876854148525,-263.27731514697575,12.665319369169234,-10.962527324620037,6.699413531544988,0.25,2.0,False,False,False,applied
2026-06-06_run02_reverse_grid_3x3_pm40_on_r02,9700,9703,3,40.0,40.0,-263.27731514697575,39.3888913817975,41.8877983138271,-262.9375801521,13.0,-11.0,6.0,-3.9532020606658014,-0.035507416594093844,0.0009697602060349444,0.9883005151664503,0.008876854148523461,0.0,0.9883005151664503,0.008876854148523461,0.0,40.98830051516645,40.008876854148525,-263.27731514697575,12.665319369169234,-10.962527324620037,6.699413531544988,0.25,2.0,False,False,False,applied
2026-06-06_run02_reverse_grid_3x3_pm40_on_r02,9800,9812,12,40.0,40.0,-263.27731514697575,39.3888913817975,41.8877983138271,-262.9375801521,13.0,-11.0,6.0,-3.9532020606658014,-0.035507416594093844,0.0009697602060349444,0.9883005151664503,0.008876854148523461,0.0,0.9883005151664503,0.008876854148523461,0.0,40.98830051516645,40.008876854148525,-263.27731514697575,12.665319369169234,-10.962527324620037,6.699413531544988,0.25,2.0,False,False,False,applied
2026-06-06_run02_reverse_grid_3x3_pm40_on_r02,9900,9906,6,40.0,40.0,-263.27731514697575,39.3888913817975,41.8877983138271,-262.9375801521,13.0,-11.0,6.0,-3.9532020606658014,-0.035507416594093844,0.0009697602060349444,0.9883005151664503,0.008876854148523461,0.0,0.9883005151664503,0.008876854148523461,0.0,40.98830051516645,40.008876854148525,-263.27731514697575,12.665319369169234,-10.962527324620037,6.699413531544988,0.25,2.0,False,False,False,applied
2026-06-06_run02_reverse_grid_3x3_pm40_on_r02,10000,10000,0,0.0,40.0,-263.27731514697575,7.83295493962914,40.6483778988298,-263.059920457614,11.0,-4.0,-4.0,-3.030698828553812,2.2015361642350726,0.01935534372466103,0.757674707138453,-0.5503840410587681,0.0,0.757674707138453,-0.5503840410587681,0.0,0.757674707138453,39.44961595894123,-263.27731514697575,11.066139338143406,-3.750030728789986,-3.4214150742499263,0.25,2.0,False,False,True,applied
2026-06-06_run02_reverse_grid_3x3_pm40_on_r02,10100,10109,9,0.0,40.0,-263.27731514697575,7.83295493962914,40.6483778988298,-263.059920457614,11.0,-4.0,-4.0,-3.030698828553812,2.2015361642350726,0.01935534372466103,0.757674707138453,-0.5503840410587681,0.0,0.757674707138453,-0.5503840410587681,0.0,0.757674707138453,39.44961595894123,-263.27731514697575,11.066139338143406,-3.750030728789986,-3.4214150742499263,0.25,2.0,False,False,False,applied
2026-06-06_run02_reverse_grid_3x3_pm40_on_r02,10200,10203,3,0.0,40.0,-263.27731514697575,7.83295493962914,40.6483778988298,-263.059920457614,11.0,-4.0,-4.0,-3.030698828553812,2.2015361642350726,0.01935534372466103,0.757674707138453,-0.5503840410587681,0.0,0.757674707138453,-0.5503840410587681,0.0,0.757674707138453,39.44961595894123,-263.27731514697575,11.066139338143406,-3.750030728789986,-3.4214150742499263,0.25,2.0,False,False,False,applied
2026-06-06_run02_reverse_grid_3x3_pm40_on_r02,10300,10312,12,0.0,40.0,-263.27731514697575,7.83295493962914,40.6483778988298,-263.059920457614,11.0,-4.0,-4.0,-3.030698828553812,2.2015361642350726,0.01935534372466103,0.757674707138453,-0.5503840410587681,0.0,0.757674707138453,-0.5503840410587681,0.0,0.757674707138453,39.44961595894123,-263.27731514697575,11.066139338143406,-3.750030728789986,-3.4214150742499263,0.25,2.0,False,False,False,applied
2026-06-06_run02_reverse_grid_3x3_pm40_on_r02,10400,10406,6,0.0,40.0,-263.27731514697575,7.83295493962914,40.6483778988298,-263.059920457614,11.0,-4.0,-4.0,-3.030698828553812,2.2015361642350726,0.01935534372466103,0.757674707138453,-0.5503840410587681,0.0,0.757674707138453,-0.5503840410587681,0.0,0.757674707138453,39.44961595894123,-263.27731514697575,11.066139338143406,-3.750030728789986,-3.4214150742499263,0.25,2.0,False,False,False,applied
2026-06-06_run02_reverse_grid_3x3_pm40_on_r02,10500,10500,0,0.0,40.0,-263.27731514697575,-0.000361394827172523,40.2618724988442,-262.49940753201,11.0,-4.0,-4.0,-2.5068989386156484,3.3620784128448444,-0.0846438889162428,0.6267247346539121,-0.8405196032112111,0.0,0.6267247346539121,-0.8405196032112111,0.0,0.6267247346539121,39.15948039678879,-263.27731514697575,10.976767429148227,-3.705361751821595,-3.4335320347315044,0.25,2.0,False,False,True,applied
2026-06-06_run02_reverse_grid_3x3_pm40_on_r02,10600,10609,9,0.0,40.0,-263.27731514697575,-0.000361394827172523,40.2618724988442,-262.49940753201,11.0,-4.0,-4.0,-2.5068989386156484,3.3620784128448444,-0.0846438889162428,0.6267247346539121,-0.8405196032112111,0.0,0.6267247346539121,-0.8405196032112111,0.0,0.6267247346539121,39.15948039678879,-263.27731514697575,10.976767429148227,-3.705361751821595,-3.4335320347315044,0.25,2.0,False,False,False,applied
2026-06-06_run02_reverse_grid_3x3_pm40_on_r02,10700,10703,3,0.0,40.0,-263.27731514697575,-0.000361394827172523,40.2618724988442,-262.49940753201,11.0,-4.0,-4.0,-2.5068989386156484,3.3620784128448444,-0.0846438889162428,0.6267247346539121,-0.8405196032112111,0.0,0.6267247346539121,-0.8405196032112111,0.0,0.6267247346539121,39.15948039678879,-263.27731514697575,10.976767429148227,-3.705361751821595,-3.4335320347315044,0.25,2.0,False,False,False,applied
2026-06-06_run02_reverse_grid_3x3_pm40_on_r02,10800,10812,12,0.0,40.0,-263.27731514697575,-0.000361394827172523,40.2618724988442,-262.49940753201,11.0,-4.0,-4.0,-2.5068989386156484,3.3620784128448444,-0.0846438889162428,0.6267247346539121,-0.8405196032112111,0.0,0.6267247346539121,-0.8405196032112111,0.0,0.6267247346539121,39.15948039678879,-263.27731514697575,10.976767429148227,-3.705361751821595,-3.4335320347315044,0.25,2.0,False,False,False,applied
2026-06-06_run02_reverse_grid_3x3_pm40_on_r02,10900,10906,6,0.0,40.0,-263.27731514697575,-0.000361394827172523,40.2618724988442,-262.49940753201,11.0,-4.0,-4.0,-2.5068989386156484,3.3620784128448444,-0.0846438889162428,0.6267247346539121,-0.8405196032112111,0.0,0.6267247346539121,-0.8405196032112111,0.0,0.6267247346539121,39.15948039678879,-263.27731514697575,10.976767429148227,-3.705361751821595,-3.4335320347315044,0.25,2.0,False,False,False,applied
2026-06-06_run02_reverse_grid_3x3_pm40_on_r02,11000,11000,0,0.0,40.0,-263.27731514697575,-0.000418734028823114,40.2618695630438,-262.49940255393,11.0,-4.0,-4.0,-2.50689563948592,3.3620885636697433,-0.08464481058459217,0.62672390987148,-0.8405221409174358,0.0,0.62672390987148,-0.8405221409174358,0.0,0.62672390987148,39.159477859082564,-263.27731514697575,10.976766648365475,-3.705361429495688,-3.433532070059697,0.25,2.0,False,False,True,applied
2026-06-06_run02_reverse_grid_3x3_pm40_on_r02,11100,11109,9,0.0,40.0,-263.27731514697575,-0.000418734028823114,40.2618695630438,-262.49940255393,11.0,-4.0,-4.0,-2.50689563948592,3.3620885636697433,-0.08464481058459217,0.62672390987148,-0.8405221409174358,0.0,0.62672390987148,-0.8405221409174358,0.0,0.62672390987148,39.159477859082564,-263.27731514697575,10.976766648365475,-3.705361429495688,-3.433532070059697,0.25,2.0,False,False,False,applied
2026-06-06_run02_reverse_grid_3x3_pm40_on_r02,11200,11203,3,0.0,40.0,-263.27731514697575,-0.000418734028823114,40.2618695630438,-262.49940255393,11.0,-4.0,-4.0,-2.50689563948592,3.3620885636697433,-0.08464481058459217,0.62672390987148,-0.8405221409174358,0.0,0.62672390987148,-0.8405221409174358,0.0,0.62672390987148,39.159477859082564,-263.27731514697575,10.976766648365475,-3.705361429495688,-3.433532070059697,0.25,2.0,False,False,False,applied
2026-06-06_run02_reverse_grid_3x3_pm40_on_r02,11300,11312,12,0.0,40.0,-263.27731514697575,-0.000418734028823114,40.2618695630438,-262.49940255393,11.0,-4.0,-4.0,-2.50689563948592,3.3620885636697433,-0.08464481058459217,0.62672390987148,-0.8405221409174358,0.0,0.62672390987148,-0.8405221409174358,0.0,0.62672390987148,39.159477859082564,-263.27731514697575,10.976766648365475,-3.705361429495688,-3.433532070059697,0.25,2.0,False,False,False,applied
2026-06-06_run02_reverse_grid_3x3_pm40_on_r02,11400,11406,6,0.0,40.0,-263.27731514697575,-0.000418734028823114,40.2618695630438,-262.49940255393,11.0,-4.0,-4.0,-2.50689563948592,3.3620885636697433,-0.08464481058459217,0.62672390987148,-0.8405221409174358,0.0,0.62672390987148,-0.8405221409174358,0.0,0.62672390987148,39.159477859082564,-263.27731514697575,10.976766648365475,-3.705361429495688,-3.433532070059697,0.25,2.0,False,False,False,applied
2026-06-06_run02_reverse_grid_3x3_pm40_on_r02,11500,11500,0,0.0,40.0,-263.27731514697575,-0.000484775063852445,40.2618661816886,-262.499396820234,11.0,-4.0,-4.0,-2.506891839763407,3.3621002552540467,-0.08464587215146534,0.6267229599408517,-0.8405250638135117,0.0,0.6267229599408517,-0.8405250638135117,0.0,0.6267229599408517,39.15947493618649,-263.27731514697575,10.976765749070292,-3.7053610582546193,-3.433532110741746,0.25,2.0,False,False,True,applied
2026-06-06_run02_reverse_grid_3x3_pm40_on_r02,11600,11609,9,0.0,40.0,-263.27731514697575,-0.000484775063852445,40.2618661816886,-262.499396820234,11.0,-4.0,-4.0,-2.506891839763407,3.3621002552540467,-0.08464587215146534,0.6267229599408517,-0.8405250638135117,0.0,0.6267229599408517,-0.8405250638135117,0.0,0.6267229599408517,39.15947493618649,-263.27731514697575,10.976765749070292,-3.7053610582546193,-3.433532110741746,0.25,2.0,False,False,False,applied
2026-06-06_run02_reverse_grid_3x3_pm40_on_r02,11700,11703,3,0.0,40.0,-263.27731514697575,-0.000484775063852445,40.2618661816886,-262.499396820234,11.0,-4.0,-4.0,-2.506891839763407,3.3621002552540467,-0.08464587215146534,0.6267229599408517,-0.8405250638135117,0.0,0.6267229599408517,-0.8405250638135117,0.0,0.6267229599408517,39.15947493618649,-263.27731514697575,10.976765749070292,-3.7053610582546193,-3.433532110741746,0.25,2.0,False,False,False,applied
2026-06-06_run02_reverse_grid_3x3_pm40_on_r02,11800,11812,12,0.0,40.0,-263.27731514697575,-0.000484775063852445,40.2618661816886,-262.499396820234,11.0,-4.0,-4.0,-2.506891839763407,3.3621002552540467,-0.08464587215146534,0.6267229599408517,-0.8405250638135117,0.0,0.6267229599408517,-0.8405250638135117,0.0,0.6267229599408517,39.15947493618649,-263.27731514697575,10.976765749070292,-3.7053610582546193,-3.433532110741746,0.25,2.0,False,False,False,applied
2026-06-06_run02_reverse_grid_3x3_pm40_on_r02,11900,11906,6,0.0,40.0,-263.27731514697575,-0.000484775063852445,40.2618661816886,-262.499396820234,11.0,-4.0,-4.0,-2.506891839763407,3.3621002552540467,-0.08464587215146534,0.6267229599408517,-0.8405250638135117,0.0,0.6267229599408517,-0.8405250638135117,0.0,0.6267229599408517,39.15947493618649,-263.27731514697575,10.976765749070292,-3.7053610582546193,-3.433532110741746,0.25,2.0,False,False,False,applied
2026-06-06_run02_reverse_grid_3x3_pm40_on_r02,12000,12000,0,0.0,40.0,-263.27731514697575,-0.000585564027832304,40.2618610212156,-262.499388069749,11.0,-4.0,-4.0,-2.5068860407713434,3.3621180983801806,-0.08464749226270399,0.6267215101928358,-0.8405295245950452,0.0,0.6267215101928358,-0.8405295245950452,0.0,0.6267215101928358,39.15947047540495,-263.27731514697575,10.976764376609783,-3.7053604916820686,-3.4335321728298385,0.25,2.0,False,False,True,applied
2026-06-06_run02_reverse_grid_3x3_pm40_on_r02,12100,12109,9,0.0,40.0,-263.27731514697575,-0.000585564027832304,40.2618610212156,-262.499388069749,11.0,-4.0,-4.0,-2.5068860407713434,3.3621180983801806,-0.08464749226270399,0.6267215101928358,-0.8405295245950452,0.0,0.6267215101928358,-0.8405295245950452,0.0,0.6267215101928358,39.15947047540495,-263.27731514697575,10.976764376609783,-3.7053604916820686,-3.4335321728298385,0.25,2.0,False,False,False,applied
2026-06-06_run02_reverse_grid_3x3_pm40_on_r02,12200,12203,3,0.0,40.0,-263.27731514697575,-0.000585564027832304,40.2618610212156,-262.499388069749,11.0,-4.0,-4.0,-2.5068860407713434,3.3621180983801806,-0.08464749226270399,0.6267215101928358,-0.8405295245950452,0.0,0.6267215101928358,-0.8405295245950452,0.0,0.6267215101928358,39.15947047540495,-263.27731514697575,10.976764376609783,-3.7053604916820686,-3.4335321728298385,0.25,2.0,False,False,False,applied
2026-06-06_run02_reverse_grid_3x3_pm40_on_r02,12300,12312,12,0.0,40.0,-263.27731514697575,-0.000585564027832304,40.2618610212156,-262.499388069749,11.0,-4.0,-4.0,-2.5068860407713434,3.3621180983801806,-0.08464749226270399,0.6267215101928358,-0.8405295245950452,0.0,0.6267215101928358,-0.8405295245950452,0.0,0.6267215101928358,39.15947047540495,-263.27731514697575,10.976764376609783,-3.7053604916820686,-3.4335321728298385,0.25,2.0,False,False,False,applied
2026-06-06_run02_reverse_grid_3x3_pm40_on_r02,12400,12406,6,0.0,40.0,-263.27731514697575,-0.000585564027832304,40.2618610212156,-262.499388069749,11.0,-4.0,-4.0,-2.5068860407713434,3.3621180983801806,-0.08464749226270399,0.6267215101928358,-0.8405295245950452,0.0,0.6267215101928358,-0.8405295245950452,0.0,0.6267215101928358,39.15947047540495,-263.27731514697575,10.976764376609783,-3.7053604916820686,-3.4335321728298385,0.25,2.0,False,False,False,applied
2026-06-06_run02_reverse_grid_3x3_pm40_on_r02,12500,12500,0,0.0,40.0,-263.27731514697575,-0.000667110553133255,40.2618568459696,-262.499380989872,11.0,-4.0,-4.0,-2.5068813489229145,3.3621325349645854,-0.08464880306867442,0.6267203372307286,-0.8405331337411464,0.0,0.6267203372307286,-0.8405331337411464,0.0,0.6267203372307286,39.15946686625885,-263.27731514697575,10.97676326617416,-3.7053600332782324,-3.433532223063335,0.25,2.0,False,False,True,applied
2026-06-06_run02_reverse_grid_3x3_pm40_on_r02,12600,12609,9,0.0,40.0,-263.27731514697575,-0.000667110553133255,40.2618568459696,-262.499380989872,11.0,-4.0,-4.0,-2.5068813489229145,3.3621325349645854,-0.08464880306867442,0.6267203372307286,-0.8405331337411464,0.0,0.6267203372307286,-0.8405331337411464,0.0,0.6267203372307286,39.15946686625885,-263.27731514697575,10.97676326617416,-3.7053600332782324,-3.433532223063335,0.25,2.0,False,False,False,applied
2026-06-06_run02_reverse_grid_3x3_pm40_on_r02,12700,12703,3,0.0,40.0,-263.27731514697575,-0.000667110553133255,40.2618568459696,-262.499380989872,11.0,-4.0,-4.0,-2.5068813489229145,3.3621325349645854,-0.08464880306867442,0.6267203372307286,-0.8405331337411464,0.0,0.6267203372307286,-0.8405331337411464,0.0,0.6267203372307286,39.15946686625885,-263.27731514697575,10.97676326617416,-3.7053600332782324,-3.433532223063335,0.25,2.0,False,False,False,applied
2026-06-06_run02_reverse_grid_3x3_pm40_on_r02,12800,12812,12,0.0,40.0,-263.27731514697575,-0.000667110553133255,40.2618568459696,-262.499380989872,11.0,-4.0,-4.0,-2.5068813489229145,3.3621325349645854,-0.08464880306867442,0.6267203372307286,-0.8405331337411464,0.0,0.6267203372307286,-0.8405331337411464,0.0,0.6267203372307286,39.15946686625885,-263.27731514697575,10.97676326617416,-3.7053600332782324,-3.433532223063335,0.25,2.0,False,False,False,applied
2026-06-06_run02_reverse_grid_3x3_pm40_on_r02,12900,12906,6,0.0,40.0,-263.27731514697575,-0.000667110553133255,40.2618568459696,-262.499380989872,11.0,-4.0,-4.0,-2.5068813489229145,3.3621325349645854,-0.08464880306867442,0.6267203372307286,-0.8405331337411464,0.0,0.6267203372307286,-0.8405331337411464,0.0,0.6267203372307286,39.15946686625885,-263.27731514697575,10.97676326617416,-3.7053600332782324,-3.433532223063335,0.25,2.0,False,False,False,applied
2026-06-06_run02_reverse_grid_3x3_pm40_on_r02,13000,13000,0,0.0,40.0,-263.27731514697575,-0.000743924562333036,40.2618529130366,-262.499374320875,11.0,-4.0,-4.0,-2.5068769293622344,3.3621461337237366,-0.08465003780215362,0.6267192323405586,-0.8405365334309342,0.0,0.6267192323405586,-0.8405365334309342,0.0,0.6267192323405586,39.159463466569065,-263.27731514697575,10.976762220182732,-3.705359601477808,-3.433532270381443,0.25,2.0,False,False,True,applied
2026-06-06_run02_reverse_grid_3x3_pm40_on_r02,13100,13109,9,0.0,40.0,-263.27731514697575,-0.000743924562333036,40.2618529130366,-262.499374320875,11.0,-4.0,-4.0,-2.5068769293622344,3.3621461337237366,-0.08465003780215362,0.6267192323405586,-0.8405365334309342,0.0,0.6267192323405586,-0.8405365334309342,0.0,0.6267192323405586,39.159463466569065,-263.27731514697575,10.976762220182732,-3.705359601477808,-3.433532270381443,0.25,2.0,False,False,False,applied
2026-06-06_run02_reverse_grid_3x3_pm40_on_r02,13200,13203,3,0.0,40.0,-263.27731514697575,-0.000743924562333036,40.2618529130366,-262.499374320875,11.0,-4.0,-4.0,-2.5068769293622344,3.3621461337237366,-0.08465003780215362,0.6267192323405586,-0.8405365334309342,0.0,0.6267192323405586,-0.8405365334309342,0.0,0.6267192323405586,39.159463466569065,-263.27731514697575,10.976762220182732,-3.705359601477808,-3.433532270381443,0.25,2.0,False,False,False,applied
2026-06-06_run02_reverse_grid_3x3_pm40_on_r02,13300,13312,12,0.0,40.0,-263.27731514697575,-0.000743924562333036,40.2618529130366,-262.499374320875,11.0,-4.0,-4.0,-2.5068769293622344,3.3621461337237366,-0.08465003780215362,0.6267192323405586,-0.8405365334309342,0.0,0.6267192323405586,-0.8405365334309342,0.0,0.6267192323405586,39.159463466569065,-263.27731514697575,10.976762220182732,-3.705359601477808,-3.433532270381443,0.25,2.0,False,False,False,applied
2026-06-06_run02_reverse_grid_3x3_pm40_on_r02,13400,13406,6,0.0,40.0,-263.27731514697575,-0.000743924562333036,40.2618529130366,-262.499374320875,11.0,-4.0,-4.0,-2.5068769293622344,3.3621461337237366,-0.08465003780215362,0.6267192323405586,-0.8405365334309342,0.0,0.6267192323405586,-0.8405365334309342,0.0,0.6267192323405586,39.159463466569065,-263.27731514697575,10.976762220182732,-3.705359601477808,-3.433532270381443,0.25,2.0,False,False,False,applied
2026-06-06_run02_reverse_grid_3x3_pm40_on_r02,13500,13500,0,0.0,40.0,-263.27731514697575,-0.000815863090772496,40.2618492297333,-262.499368075165,11.0,-4.0,-4.0,-2.506872790318086,3.3621588693575606,-0.08465119416602497,0.6267181975795215,-0.8405397173393901,0.0,0.6267181975795215,-0.8405397173393901,0.0,0.6267181975795215,39.15946028266061,-263.27731514697575,10.976761240581117,-3.7053591970842295,-3.433532314696235,0.25,2.0,False,False,True,applied
2026-06-06_run02_reverse_grid_3x3_pm40_on_r02,13600,13609,9,0.0,40.0,-263.27731514697575,-0.000815863090772496,40.2618492297333,-262.499368075165,11.0,-4.0,-4.0,-2.506872790318086,3.3621588693575606,-0.08465119416602497,0.6267181975795215,-0.8405397173393901,0.0,0.6267181975795215,-0.8405397173393901,0.0,0.6267181975795215,39.15946028266061,-263.27731514697575,10.976761240581117,-3.7053591970842295,-3.433532314696235,0.25,2.0,False,False,False,applied
2026-06-06_run02_reverse_grid_3x3_pm40_on_r02,13700,13703,3,0.0,40.0,-263.27731514697575,-0.000815863090772496,40.2618492297333,-262.499368075165,11.0,-4.0,-4.0,-2.506872790318086,3.3621588693575606,-0.08465119416602497,0.6267181975795215,-0.8405397173393901,0.0,0.6267181975795215,-0.8405397173393901,0.0,0.6267181975795215,39.15946028266061,-263.27731514697575,10.976761240581117,-3.7053591970842295,-3.433532314696235,0.25,2.0,False,False,False,applied
2026-06-06_run02_reverse_grid_3x3_pm40_on_r02,13800,13812,12,0.0,40.0,-263.27731514697575,-0.000815863090772496,40.2618492297333,-262.499368075165,11.0,-4.0,-4.0,-2.506872790318086,3.3621588693575606,-0.08465119416602497,0.6267181975795215,-0.8405397173393901,0.0,0.6267181975795215,-0.8405397173393901,0.0,0.6267181975795215,39.15946028266061,-263.27731514697575,10.976761240581117,-3.7053591970842295,-3.433532314696235,0.25,2.0,False,False,False,applied
2026-06-06_run02_reverse_grid_3x3_pm40_on_r02,13900,13906,6,0.0,40.0,-263.27731514697575,-0.000815863090772496,40.2618492297333,-262.499368075165,11.0,-4.0,-4.0,-2.506872790318086,3.3621588693575606,-0.08465119416602497,0.6267181975795215,-0.8405397173393901,0.0,0.6267181975795215,-0.8405397173393901,0.0,0.6267181975795215,39.15946028266061,-263.27731514697575,10.976761240581117,-3.7053591970842295,-3.433532314696235,0.25,2.0,False,False,False,applied
2026-06-06_run02_reverse_grid_3x3_pm40_on_r02,14000,14000,0,0.0,40.0,-263.27731514697575,-0.000884998403074235,40.2618456899546,-262.49936207283,11.0,-4.0,-4.0,-2.506868812559692,3.362171108725044,-0.08465230547015905,0.626717203139923,-0.840542777181261,0.0,0.626717203139923,-0.840542777181261,0.0,0.626717203139923,39.15945722281874,-263.27731514697575,10.976760299151584,-3.70535880844899,-3.4335323572840193,0.25,2.0,False,False,True,applied
2026-06-06_run02_reverse_grid_3x3_pm40_on_r02,14100,14109,9,0.0,40.0,-263.27731514697575,-0.000884998403074235,40.2618456899546,-262.49936207283,11.0,-4.0,-4.0,-2.506868812559692,3.362171108725044,-0.08465230547015905,0.626717203139923,-0.840542777181261,0.0,0.626717203139923,-0.840542777181261,0.0,0.626717203139923,39.15945722281874,-263.27731514697575,10.976760299151584,-3.70535880844899,-3.4335323572840193,0.25,2.0,False,False,False,applied
2026-06-06_run02_reverse_grid_3x3_pm40_on_r02,14200,14203,3,0.0,40.0,-263.27731514697575,-0.000884998403074235,40.2618456899546,-262.49936207283,11.0,-4.0,-4.0,-2.506868812559692,3.362171108725044,-0.08465230547015905,0.626717203139923,-0.840542777181261,0.0,0.626717203139923,-0.840542777181261,0.0,0.626717203139923,39.15945722281874,-263.27731514697575,10.976760299151584,-3.70535880844899,-3.4335323572840193,0.25,2.0,False,False,False,applied
2026-06-06_run02_reverse_grid_3x3_pm40_on_r02,14300,14312,12,0.0,40.0,-263.27731514697575,-0.000884998403074235,40.2618456899546,-262.49936207283,11.0,-4.0,-4.0,-2.506868812559692,3.362171108725044,-0.08465230547015905,0.626717203139923,-0.840542777181261,0.0,0.626717203139923,-0.840542777181261,0.0,0.626717203139923,39.15945722281874,-263.27731514697575,10.976760299151584,-3.70535880844899,-3.4335323572840193,0.25,2.0,False,False,False,applied
2026-06-06_run02_reverse_grid_3x3_pm40_on_r02,14400,14406,6,0.0,40.0,-263.27731514697575,-0.000884998403074235,40.2618456899546,-262.49936207283,11.0,-4.0,-4.0,-2.506868812559692,3.362171108725044,-0.08465230547015905,0.626717203139923,-0.840542777181261,0.0,0.626717203139923,-0.840542777181261,0.0,0.626717203139923,39.15945722281874,-263.27731514697575,10.976760299151584,-3.70535880844899,-3.4335323572840193,0.25,2.0,False,False,False,applied
2026-06-06_run02_reverse_grid_3x3_pm40_on_r02,14500,14500,0,0.0,40.0,-263.27731514697575,-0.000951839669198831,40.2618422676326,-262.499356269663,11.0,-4.0,-4.0,-2.506864966792004,3.362182941968714,-0.08465337989927621,0.626716241698001,-0.8405457354921785,0.0,0.626716241698001,-0.8405457354921785,0.0,0.626716241698001,39.15945426450782,-263.27731514697575,10.976759388960183,-3.705358432709033,-3.4335323984587065,0.25,2.0,False,False,True,applied
2026-06-06_run02_reverse_grid_3x3_pm40_on_r02,14600,14609,9,0.0,40.0,-263.27731514697575,-0.000951839669198831,40.2618422676326,-262.499356269663,11.0,-4.0,-4.0,-2.506864966792004,3.362182941968714,-0.08465337989927621,0.626716241698001,-0.8405457354921785,0.0,0.626716241698001,-0.8405457354921785,0.0,0.626716241698001,39.15945426450782,-263.27731514697575,10.976759388960183,-3.705358432709033,-3.4335323984587065,0.25,2.0,False,False,False,applied
2026-06-06_run02_reverse_grid_3x3_pm40_on_r02,14700,14703,3,0.0,40.0,-263.27731514697575,-0.000951839669198831,40.2618422676326,-262.499356269663,11.0,-4.0,-4.0,-2.506864966792004,3.362182941968714,-0.08465337989927621,0.626716241698001,-0.8405457354921785,0.0,0.626716241698001,-0.8405457354921785,0.0,0.626716241698001,39.15945426450782,-263.27731514697575,10.976759388960183,-3.705358432709033,-3.4335323984587065,0.25,2.0,False,False,False,applied
2026-06-06_run02_reverse_grid_3x3_pm40_on_r02,14800,14812,12,0.0,40.0,-263.27731514697575,-0.000951839669198831,40.2618422676326,-262.499356269663,11.0,-4.0,-4.0,-2.506864966792004,3.362182941968714,-0.08465337989927621,0.626716241698001,-0.8405457354921785,0.0,0.626716241698001,-0.8405457354921785,0.0,0.626716241698001,39.15945426450782,-263.27731514697575,10.976759388960183,-3.705358432709033,-3.4335323984587065,0.25,2.0,False,False,False,applied
2026-06-06_run02_reverse_grid_3x3_pm40_on_r02,14900,14906,6,0.0,40.0,-263.27731514697575,-0.000951839669198831,40.2618422676326,-262.499356269663,11.0,-4.0,-4.0,-2.506864966792004,3.362182941968714,-0.08465337989927621,0.626716241698001,-0.8405457354921785,0.0,0.626716241698001,-0.8405457354921785,0.0,0.626716241698001,39.15945426450782,-263.27731514697575,10.976759388960183,-3.705358432709033,-3.4335323984587065,0.25,2.0,False,False,False,applied
2026-06-06_run02_reverse_grid_3x3_pm40_on_r02,15000,15000,0,-40.0,40.0,-263.27731514697575,-31.4872445181329,41.6284381434126,-263.325981307794,13.0,6.0,-11.0,-2.327773716150849,3.846119232925763,0.07786057794735214,0.5819434290377122,-0.9615298082314407,0.0,0.5819434290377122,-0.9615298082314407,0.0,-39.418056570962285,39.03847019176856,-263.27731514697575,12.260451457695973,6.308128630412424,-10.68648402672198,0.25,2.0,False,False,True,applied
2026-06-06_run02_reverse_grid_3x3_pm40_on_r02,15100,15109,9,-40.0,40.0,-263.27731514697575,-31.4872445181329,41.6284381434126,-263.325981307794,13.0,6.0,-11.0,-2.327773716150849,3.846119232925763,0.07786057794735214,0.5819434290377122,-0.9615298082314407,0.0,0.5819434290377122,-0.9615298082314407,0.0,-39.418056570962285,39.03847019176856,-263.27731514697575,12.260451457695973,6.308128630412424,-10.68648402672198,0.25,2.0,False,False,False,applied
2026-06-06_run02_reverse_grid_3x3_pm40_on_r02,15200,15219,19,-40.0,40.0,-263.27731514697575,-31.4872445181329,41.6284381434126,-263.325981307794,13.0,6.0,-11.0,-2.327773716150849,3.846119232925763,0.07786057794735214,0.5819434290377122,-0.9615298082314407,0.0,0.5819434290377122,-0.9615298082314407,0.0,-39.418056570962285,39.03847019176856,-263.27731514697575,12.260451457695973,6.308128630412424,-10.68648402672198,0.25,2.0,False,False,False,applied
2026-06-06_run02_reverse_grid_3x3_pm40_on_r02,15300,15328,28,-40.0,40.0,-263.27731514697575,-31.4872445181329,41.6284381434126,-263.325981307794,13.0,6.0,-11.0,-2.327773716150849,3.846119232925763,0.07786057794735214,0.5819434290377122,-0.9615298082314407,0.0,0.5819434290377122,-0.9615298082314407,0.0,-39.418056570962285,39.03847019176856,-263.27731514697575,12.260451457695973,6.308128630412424,-10.68648402672198,0.25,2.0,False,False,False,applied
2026-06-06_run02_reverse_grid_3x3_pm40_on_r02,15400,15406,6,-40.0,40.0,-263.27731514697575,-31.4872445181329,41.6284381434126,-263.325981307794,13.0,6.0,-11.0,-2.327773716150849,3.846119232925763,0.07786057794735214,0.5819434290377122,-0.9615298082314407,0.0,0.5819434290377122,-0.9615298082314407,0.0,-39.418056570962285,39.03847019176856,-263.27731514697575,12.260451457695973,6.308128630412424,-10.68648402672198,0.25,2.0,False,False,False,applied
2026-06-06_run02_reverse_grid_3x3_pm40_on_r02,15500,15500,0,-40.0,40.0,-263.27731514697575,-39.3889202559876,41.8874481561557,-262.937613679696,13.0,6.0,-11.0,-1.6828144954801667,4.7064179498745755,0.0050886456074947985,0.4207036238700417,-1.1766044874686439,0.0,0.4207036238700417,-1.1766044874686439,0.0,-39.57929637612996,38.823395512531356,-263.27731514697575,12.205477868163415,6.365743456685558,-10.697808550706302,0.25,2.0,False,False,True,applied
2026-06-06_run02_reverse_grid_3x3_pm40_on_r02,15600,15625,25,-40.0,40.0,-263.27731514697575,-39.3889202559876,41.8874481561557,-262.937613679696,13.0,6.0,-11.0,-1.6828144954801667,4.7064179498745755,0.0050886456074947985,0.4207036238700417,-1.1766044874686439,0.0,0.4207036238700417,-1.1766044874686439,0.0,-39.57929637612996,38.823395512531356,-263.27731514697575,12.205477868163415,6.365743456685558,-10.697808550706302,0.25,2.0,False,False,False,applied
2026-06-06_run02_reverse_grid_3x3_pm40_on_r02,15700,15703,3,-40.0,40.0,-263.27731514697575,-39.3889202559876,41.8874481561557,-262.937613679696,13.0,6.0,-11.0,-1.6828144954801667,4.7064179498745755,0.0050886456074947985,0.4207036238700417,-1.1766044874686439,0.0,0.4207036238700417,-1.1766044874686439,0.0,-39.57929637612996,38.823395512531356,-263.27731514697575,12.205477868163415,6.365743456685558,-10.697808550706302,0.25,2.0,False,False,False,applied
2026-06-06_run02_reverse_grid_3x3_pm40_on_r02,15800,15812,12,-40.0,40.0,-263.27731514697575,-39.3889202559876,41.8874481561557,-262.937613679696,13.0,6.0,-11.0,-1.6828144954801667,4.7064179498745755,0.0050886456074947985,0.4207036238700417,-1.1766044874686439,0.0,0.4207036238700417,-1.1766044874686439,0.0,-39.57929637612996,38.823395512531356,-263.27731514697575,12.205477868163415,6.365743456685558,-10.697808550706302,0.25,2.0,False,False,False,applied
2026-06-06_run02_reverse_grid_3x3_pm40_on_r02,15900,15906,6,-40.0,40.0,-263.27731514697575,-39.3889202559876,41.8874481561557,-262.937613679696,13.0,6.0,-11.0,-1.6828144954801667,4.7064179498745755,0.0050886456074947985,0.4207036238700417,-1.1766044874686439,0.0,0.4207036238700417,-1.1766044874686439,0.0,-39.57929637612996,38.823395512531356,-263.27731514697575,12.205477868163415,6.365743456685558,-10.697808550706302,0.25,2.0,False,False,False,applied
2026-06-06_run02_reverse_grid_3x3_pm40_on_r02,16000,16000,0,-40.0,40.0,-263.27731514697575,-39.3889791374008,41.8874499485972,-262.937609888625,13.0,6.0,-11.0,-1.6828102381879555,4.706426056645055,0.005087938930450729,0.4207025595469889,-1.1766065141612638,0.0,0.4207025595469889,-1.1766065141612638,0.0,-39.57929744045301,38.823393485838736,-263.27731514697575,12.205477319994504,6.365743871648912,-10.697808591466742,0.25,2.0,False,False,True,applied
2026-06-06_run02_reverse_grid_3x3_pm40_on_r02,16100,16109,9,-40.0,40.0,-263.27731514697575,-39.3889791374008,41.8874499485972,-262.937609888625,13.0,6.0,-11.0,-1.6828102381879555,4.706426056645055,0.005087938930450729,0.4207025595469889,-1.1766065141612638,0.0,0.4207025595469889,-1.1766065141612638,0.0,-39.57929744045301,38.823393485838736,-263.27731514697575,12.205477319994504,6.365743871648912,-10.697808591466742,0.25,2.0,False,False,False,applied
2026-06-06_run02_reverse_grid_3x3_pm40_on_r02,16200,16203,3,-40.0,40.0,-263.27731514697575,-39.3889791374008,41.8874499485972,-262.937609888625,13.0,6.0,-11.0,-1.6828102381879555,4.706426056645055,0.005087938930450729,0.4207025595469889,-1.1766065141612638,0.0,0.4207025595469889,-1.1766065141612638,0.0,-39.57929744045301,38.823393485838736,-263.27731514697575,12.205477319994504,6.365743871648912,-10.697808591466742,0.25,2.0,False,False,False,applied
2026-06-06_run02_reverse_grid_3x3_pm40_on_r02,16300,16312,12,-40.0,40.0,-263.27731514697575,-39.3889791374008,41.8874499485972,-262.937609888625,13.0,6.0,-11.0,-1.6828102381879555,4.706426056645055,0.005087938930450729,0.4207025595469889,-1.1766065141612638,0.0,0.4207025595469889,-1.1766065141612638,0.0,-39.57929744045301,38.823393485838736,-263.27731514697575,12.205477319994504,6.365743871648912,-10.697808591466742,0.25,2.0,False,False,False,applied
2026-06-06_run02_reverse_grid_3x3_pm40_on_r02,16400,16406,6,-40.0,40.0,-263.27731514697575,-39.3889791374008,41.8874499485972,-262.937609888625,13.0,6.0,-11.0,-1.6828102381879555,4.706426056645055,0.005087938930450729,0.4207025595469889,-1.1766065141612638,0.0,0.4207025595469889,-1.1766065141612638,0.0,-39.57929744045301,38.823393485838736,-263.27731514697575,12.205477319994504,6.365743871648912,-10.697808591466742,0.25,2.0,False,False,False,applied
2026-06-06_run02_reverse_grid_3x3_pm40_on_r02,16500,16500,0,-40.0,40.0,-263.27731514697575,-39.3890452611645,41.8874519614847,-262.937605631118,13.0,6.0,-11.0,-1.6828054573379962,4.706435160801,0.0050871453075472094,0.42070136433449906,-1.17660879020025,0.0,0.42070136433449906,-1.17660879020025,0.0,-39.5792986356655,38.82339120979975,-263.27731514697575,12.205476704380052,6.365744337649763,-10.697808637233807,0.25,2.0,False,False,True,applied
2026-06-06_run02_reverse_grid_3x3_pm40_on_r02,16600,16609,9,-40.0,40.0,-263.27731514697575,-39.3890452611645,41.8874519614847,-262.937605631118,13.0,6.0,-11.0,-1.6828054573379962,4.706435160801,0.0050871453075472094,0.42070136433449906,-1.17660879020025,0.0,0.42070136433449906,-1.17660879020025,0.0,-39.5792986356655,38.82339120979975,-263.27731514697575,12.205476704380052,6.365744337649763,-10.697808637233807,0.25,2.0,False,False,False,applied
2026-06-06_run02_reverse_grid_3x3_pm40_on_r02,16700,16703,3,-40.0,40.0,-263.27731514697575,-39.3890452611645,41.8874519614847,-262.937605631118,13.0,6.0,-11.0,-1.6828054573379962,4.706435160801,0.0050871453075472094,0.42070136433449906,-1.17660879020025,0.0,0.42070136433449906,-1.17660879020025,0.0,-39.5792986356655,38.82339120979975,-263.27731514697575,12.205476704380052,6.365744337649763,-10.697808637233807,0.25,2.0,False,False,False,applied
2026-06-06_run02_reverse_grid_3x3_pm40_on_r02,16800,16812,12,-40.0,40.0,-263.27731514697575,-39.3890452611645,41.8874519614847,-262.937605631118,13.0,6.0,-11.0,-1.6828054573379962,4.706435160801,0.0050871453075472094,0.42070136433449906,-1.17660879020025,0.0,0.42070136433449906,-1.17660879020025,0.0,-39.5792986356655,38.82339120979975,-263.27731514697575,12.205476704380052,6.365744337649763,-10.697808637233807,0.25,2.0,False,False,False,applied
2026-06-06_run02_reverse_grid_3x3_pm40_on_r02,16900,16906,6,-40.0,40.0,-263.27731514697575,-39.3890452611645,41.8874519614847,-262.937605631118,13.0,6.0,-11.0,-1.6828054573379962,4.706435160801,0.0050871453075472094,0.42070136433449906,-1.17660879020025,0.0,0.42070136433449906,-1.17660879020025,0.0,-39.5792986356655,38.82339120979975,-263.27731514697575,12.205476704380052,6.365744337649763,-10.697808637233807,0.25,2.0,False,False,False,applied
2026-06-06_run02_reverse_grid_3x3_pm40_on_r02,17000,17000,0,-40.0,40.0,-263.27731514697575,-39.389147210505,41.8874550649521,-262.937599066944,13.0,6.0,-11.0,-1.6827980862238452,4.706449197489159,0.0050859217090260585,0.4206995215559613,-1.1766122993722898,0.0,0.4206995215559613,-1.1766122993722898,0.0,-39.57930047844404,38.82338770062771,-263.27731514697575,12.20547575523329,6.365745056128676,-10.697808707798556,0.25,2.0,False,False,True,applied
2026-06-06_run02_reverse_grid_3x3_pm40_on_r02,17100,17109,9,-40.0,40.0,-263.27731514697575,-39.389147210505,41.8874550649521,-262.937599066944,13.0,6.0,-11.0,-1.6827980862238452,4.706449197489159,0.0050859217090260585,0.4206995215559613,-1.1766122993722898,0.0,0.4206995215559613,-1.1766122993722898,0.0,-39.57930047844404,38.82338770062771,-263.27731514697575,12.20547575523329,6.365745056128676,-10.697808707798556,0.25,2.0,False,False,False,applied
2026-06-06_run02_reverse_grid_3x3_pm40_on_r02,17200,17203,3,-40.0,40.0,-263.27731514697575,-39.389147210505,41.8874550649521,-262.937599066944,13.0,6.0,-11.0,-1.6827980862238452,4.706449197489159,0.0050859217090260585,0.4206995215559613,-1.1766122993722898,0.0,0.4206995215559613,-1.1766122993722898,0.0,-39.57930047844404,38.82338770062771,-263.27731514697575,12.20547575523329,6.365745056128676,-10.697808707798556,0.25,2.0,False,False,False,applied
2026-06-06_run02_reverse_grid_3x3_pm40_on_r02,17300,17312,12,-40.0,40.0,-263.27731514697575,-39.389147210505,41.8874550649521,-262.937599066944,13.0,6.0,-11.0,-1.6827980862238452,4.706449197489159,0.0050859217090260585,0.4206995215559613,-1.1766122993722898,0.0,0.4206995215559613,-1.1766122993722898,0.0,-39.57930047844404,38.82338770062771,-263.27731514697575,12.20547575523329,6.365745056128676,-10.697808707798556,0.25,2.0,False,False,False,applied
2026-06-06_run02_reverse_grid_3x3_pm40_on_r02,17400,17406,6,-40.0,40.0,-263.27731514697575,-39.389147210505,41.8874550649521,-262.937599066944,13.0,6.0,-11.0,-1.6827980862238452,4.706449197489159,0.0050859217090260585,0.4206995215559613,-1.1766122993722898,0.0,0.4206995215559613,-1.1766122993722898,0.0,-39.57930047844404,38.82338770062771,-263.27731514697575,12.20547575523329,6.365745056128676,-10.697808707798556,0.25,2.0,False,False,False,applied
2026-06-06_run02_reverse_grid_3x3_pm40_on_r02,17500,17500,0,-40.0,40.0,-263.27731514697575,-39.3892296203866,41.8874575736117,-262.937593760831,13.0,6.0,-11.0,-1.682792127857968,4.706460543962192,0.005084932620125658,0.420698031964492,-1.176615135990548,0.0,0.420698031964492,-1.176615135990548,0.0,-39.57930196803551,38.823384864009455,-263.27731514697575,12.205474987995705,6.365745636904726,-10.697808764838225,0.25,2.0,False,False,True,applied
2026-06-06_run02_reverse_grid_3x3_pm40_on_r02,17600,17609,9,-40.0,40.0,-263.27731514697575,-39.3892296203866,41.8874575736117,-262.937593760831,13.0,6.0,-11.0,-1.682792127857968,4.706460543962192,0.005084932620125658,0.420698031964492,-1.176615135990548,0.0,0.420698031964492,-1.176615135990548,0.0,-39.57930196803551,38.823384864009455,-263.27731514697575,12.205474987995705,6.365745636904726,-10.697808764838225,0.25,2.0,False,False,False,applied
2026-06-06_run02_reverse_grid_3x3_pm40_on_r02,17700,17703,3,-40.0,40.0,-263.27731514697575,-39.3892296203866,41.8874575736117,-262.937593760831,13.0,6.0,-11.0,-1.682792127857968,4.706460543962192,0.005084932620125658,0.420698031964492,-1.176615135990548,0.0,0.420698031964492,-1.176615135990548,0.0,-39.57930196803551,38.823384864009455,-263.27731514697575,12.205474987995705,6.365745636904726,-10.697808764838225,0.25,2.0,False,False,False,applied
2026-06-06_run02_reverse_grid_3x3_pm40_on_r02,17800,17812,12,-40.0,40.0,-263.27731514697575,-39.3892296203866,41.8874575736117,-262.937593760831,13.0,6.0,-11.0,-1.682792127857968,4.706460543962192,0.005084932620125658,0.420698031964492,-1.176615135990548,0.0,0.420698031964492,-1.176615135990548,0.0,-39.57930196803551,38.823384864009455,-263.27731514697575,12.205474987995705,6.365745636904726,-10.697808764838225,0.25,2.0,False,False,False,applied
2026-06-06_run02_reverse_grid_3x3_pm40_on_r02,17900,17906,6,-40.0,40.0,-263.27731514697575,-39.3892296203866,41.8874575736117,-262.937593760831,13.0,6.0,-11.0,-1.682792127857968,4.706460543962192,0.005084932620125658,0.420698031964492,-1.176615135990548,0.0,0.420698031964492,-1.176615135990548,0.0,-39.57930196803551,38.823384864009455,-263.27731514697575,12.205474987995705,6.365745636904726,-10.697808764838225,0.25,2.0,False,False,False,applied
2026-06-06_run02_reverse_grid_3x3_pm40_on_r02,18000,18000,0,-40.0,40.0,-263.27731514697575,-39.3893072449162,41.8874599366018,-262.937588762835,13.0,6.0,-11.0,-1.6827865154786839,4.706471231565688,0.005084000965926134,0.42069662886967096,-1.176617807891422,0.0,0.42069662886967096,-1.176617807891422,0.0,-39.57930337113033,38.823382192108575,-263.27731514697575,12.205474265310297,6.365746183956389,-10.697808818565699,0.25,2.0,False,False,True,applied
2026-06-06_run02_reverse_grid_3x3_pm40_on_r02,18100,18109,9,-40.0,40.0,-263.27731514697575,-39.3893072449162,41.8874599366018,-262.937588762835,13.0,6.0,-11.0,-1.6827865154786839,4.706471231565688,0.005084000965926134,0.42069662886967096,-1.176617807891422,0.0,0.42069662886967096,-1.176617807891422,0.0,-39.57930337113033,38.823382192108575,-263.27731514697575,12.205474265310297,6.365746183956389,-10.697808818565699,0.25,2.0,False,False,False,applied
2026-06-06_run02_reverse_grid_3x3_pm40_on_r02,18200,18203,3,-40.0,40.0,-263.27731514697575,-39.3893072449162,41.8874599366018,-262.937588762835,13.0,6.0,-11.0,-1.6827865154786839,4.706471231565688,0.005084000965926134,0.42069662886967096,-1.176617807891422,0.0,0.42069662886967096,-1.176617807891422,0.0,-39.57930337113033,38.823382192108575,-263.27731514697575,12.205474265310297,6.365746183956389,-10.697808818565699,0.25,2.0,False,False,False,applied
2026-06-06_run02_reverse_grid_3x3_pm40_on_r02,18300,18312,12,-40.0,40.0,-263.27731514697575,-39.3893072449162,41.8874599366018,-262.937588762835,13.0,6.0,-11.0,-1.6827865154786839,4.706471231565688,0.005084000965926134,0.42069662886967096,-1.176617807891422,0.0,0.42069662886967096,-1.176617807891422,0.0,-39.57930337113033,38.823382192108575,-263.27731514697575,12.205474265310297,6.365746183956389,-10.697808818565699,0.25,2.0,False,False,False,applied
2026-06-06_run02_reverse_grid_3x3_pm40_on_r02,18400,18406,6,-40.0,40.0,-263.27731514697575,-39.3893072449162,41.8874599366018,-262.937588762835,13.0,6.0,-11.0,-1.6827865154786839,4.706471231565688,0.005084000965926134,0.42069662886967096,-1.176617807891422,0.0,0.42069662886967096,-1.176617807891422,0.0,-39.57930337113033,38.823382192108575,-263.27731514697575,12.205474265310297,6.365746183956389,-10.697808818565699,0.25,2.0,False,False,False,applied
2026-06-06_run02_reverse_grid_3x3_pm40_on_r02,18500,18500,0,-40.0,40.0,-263.27731514697575,-39.3893799298096,41.8874621492196,-262.937584082885,13.0,6.0,-11.0,-1.6827812602439987,4.706481239066151,0.005083128597278544,0.42069531506099966,-1.1766203097665378,0.0,0.42069531506099966,-1.1766203097665378,0.0,-39.579304684939004,38.82337969023346,-263.27731514697575,12.20547358861271,6.3657466961964575,-10.697808868874228,0.25,2.0,False,False,True,applied
2026-06-06_run02_reverse_grid_3x3_pm40_on_r02,18600,18609,9,-40.0,40.0,-263.27731514697575,-39.3893799298096,41.8874621492196,-262.937584082885,13.0,6.0,-11.0,-1.6827812602439987,4.706481239066151,0.005083128597278544,0.42069531506099966,-1.1766203097665378,0.0,0.42069531506099966,-1.1766203097665378,0.0,-39.579304684939004,38.82337969023346,-263.27731514697575,12.20547358861271,6.3657466961964575,-10.697808868874228,0.25,2.0,False,False,False,applied
2026-06-06_run02_reverse_grid_3x3_pm40_on_r02,18700,18703,3,-40.0,40.0,-263.27731514697575,-39.3893799298096,41.8874621492196,-262.937584082885,13.0,6.0,-11.0,-1.6827812602439987,4.706481239066151,0.005083128597278544,0.42069531506099966,-1.1766203097665378,0.0,0.42069531506099966,-1.1766203097665378,0.0,-39.579304684939004,38.82337969023346,-263.27731514697575,12.20547358861271,6.3657466961964575,-10.697808868874228,0.25,2.0,False,False,False,applied
2026-06-06_run02_reverse_grid_3x3_pm40_on_r02,18800,18812,12,-40.0,40.0,-263.27731514697575,-39.3893799298096,41.8874621492196,-262.937584082885,13.0,6.0,-11.0,-1.6827812602439987,4.706481239066151,0.005083128597278544,0.42069531506099966,-1.1766203097665378,0.0,0.42069531506099966,-1.1766203097665378,0.0,-39.579304684939004,38.82337969023346,-263.27731514697575,12.20547358861271,6.3657466961964575,-10.697808868874228,0.25,2.0,False,False,False,applied
2026-06-06_run02_reverse_grid_3x3_pm40_on_r02,18900,18906,6,-40.0,40.0,-263.27731514697575,-39.3893799298096,41.8874621492196,-262.937584082885,13.0,6.0,-11.0,-1.6827812602439987,4.706481239066151,0.005083128597278544,0.42069531506099966,-1.1766203097665378,0.0,0.42069531506099966,-1.1766203097665378,0.0,-39.579304684939004,38.82337969023346,-263.27731514697575,12.20547358861271,6.3657466961964575,-10.697808868874228,0.25,2.0,False,False,False,applied
2026-06-06_run02_reverse_grid_3x3_pm40_on_r02,19000,19000,0,-40.0,40.0,-263.27731514697575,-39.3894497789814,41.8874642755147,-262.937579585516,13.0,6.0,-11.0,-1.6827762100378387,4.706490856138968,0.005082290262749733,0.4206940525094597,-1.176622714034742,0.0,0.4206940525094597,-1.176622714034742,0.0,-39.57930594749054,38.82337728596526,-263.27731514697575,12.205472938315488,6.365747188452103,-10.697808917220227,0.25,2.0,False,False,True,applied
2026-06-06_run02_reverse_grid_3x3_pm40_on_r02,19100,19109,9,-40.0,40.0,-263.27731514697575,-39.3894497789814,41.8874642755147,-262.937579585516,13.0,6.0,-11.0,-1.6827762100378387,4.706490856138968,0.005082290262749733,0.4206940525094597,-1.176622714034742,0.0,0.4206940525094597,-1.176622714034742,0.0,-39.57930594749054,38.82337728596526,-263.27731514697575,12.205472938315488,6.365747188452103,-10.697808917220227,0.25,2.0,False,False,False,applied
2026-06-06_run02_reverse_grid_3x3_pm40_on_r02,19200,19203,3,-40.0,40.0,-263.27731514697575,-39.3894497789814,41.8874642755147,-262.937579585516,13.0,6.0,-11.0,-1.6827762100378387,4.706490856138968,0.005082290262749733,0.4206940525094597,-1.176622714034742,0.0,0.4206940525094597,-1.176622714034742,0.0,-39.57930594749054,38.82337728596526,-263.27731514697575,12.205472938315488,6.365747188452103,-10.697808917220227,0.25,2.0,False,False,False,applied
2026-06-06_run02_reverse_grid_3x3_pm40_on_r02,19300,19312,12,-40.0,40.0,-263.27731514697575,-39.3894497789814,41.8874642755147,-262.937579585516,13.0,6.0,-11.0,-1.6827762100378387,4.706490856138968,0.005082290262749733,0.4206940525094597,-1.176622714034742,0.0,0.4206940525094597,-1.176622714034742,0.0,-39.57930594749054,38.82337728596526,-263.27731514697575,12.205472938315488,6.365747188452103,-10.697808917220227,0.25,2.0,False,False,False,applied
2026-06-06_run02_reverse_grid_3x3_pm40_on_r02,19400,19422,22,-40.0,40.0,-263.27731514697575,-39.3894497789814,41.8874642755147,-262.937579585516,13.0,6.0,-11.0,-1.6827762100378387,4.706490856138968,0.005082290262749733,0.4206940525094597,-1.176622714034742,0.0,0.4206940525094597,-1.176622714034742,0.0,-39.57930594749054,38.82337728596526,-263.27731514697575,12.205472938315488,6.365747188452103,-10.697808917220227,0.25,2.0,False,False,False,applied
2026-06-06_run02_reverse_grid_3x3_pm40_on_r02,19500,19500,0,-40.0,40.0,-263.27731514697575,-39.389517307037,41.8874663311575,-262.937575237592,13.0,6.0,-11.0,-1.6827713276546836,4.706500153641128,0.005081479785606203,0.4206928319136709,-1.176625038410282,0.0,0.4206928319136709,-1.176625038410282,0.0,-39.57930716808633,38.82337496158972,-263.27731514697575,12.205472309627272,6.36574766434969,-10.697808963959178,0.25,2.0,False,False,True,applied
2026-06-06_run02_reverse_grid_3x3_pm40_on_r02,19600,19609,9,-40.0,40.0,-263.27731514697575,-39.389517307037,41.8874663311575,-262.937575237592,13.0,6.0,-11.0,-1.6827713276546836,4.706500153641128,0.005081479785606203,0.4206928319136709,-1.176625038410282,0.0,0.4206928319136709,-1.176625038410282,0.0,-39.57930716808633,38.82337496158972,-263.27731514697575,12.205472309627272,6.36574766434969,-10.697808963959178,0.25,2.0,False,False,False,applied
2026-06-06_run02_reverse_grid_3x3_pm40_on_r02,19700,19703,3,-40.0,40.0,-263.27731514697575,-39.389517307037,41.8874663311575,-262.937575237592,13.0,6.0,-11.0,-1.6827713276546836,4.706500153641128,0.005081479785606203,0.4206928319136709,-1.176625038410282,0.0,0.4206928319136709,-1.176625038410282,0.0,-39.57930716808633,38.82337496158972,-263.27731514697575,12.205472309627272,6.36574766434969,-10.697808963959178,0.25,2.0,False,False,False,applied
2026-06-06_run02_reverse_grid_3x3_pm40_on_r02,19800,19812,12,-40.0,40.0,-263.27731514697575,-39.389517307037,41.8874663311575,-262.937575237592,13.0,6.0,-11.0,-1.6827713276546836,4.706500153641128,0.005081479785606203,0.4206928319136709,-1.176625038410282,0.0,0.4206928319136709,-1.176625038410282,0.0,-39.57930716808633,38.82337496158972,-263.27731514697575,12.205472309627272,6.36574766434969,-10.697808963959178,0.25,2.0,False,False,False,applied
2026-06-06_run02_reverse_grid_3x3_pm40_on_r02,19900,19906,6,-40.0,40.0,-263.27731514697575,-39.389517307037,41.8874663311575,-262.937575237592,13.0,6.0,-11.0,-1.6827713276546836,4.706500153641128,0.005081479785606203,0.4206928319136709,-1.176625038410282,0.0,0.4206928319136709,-1.176625038410282,0.0,-39.57930716808633,38.82337496158972,-263.27731514697575,12.205472309627272,6.36574766434969,-10.697808963959178,0.25,2.0,False,False,False,applied
2026-06-06_run02_reverse_grid_3x3_pm40_on_r02,20000,20000,0,40.0,0.0,-263.27731514697575,23.7851120178159,7.23961999299304,-265.637032798284,1.0,-7.0,10.0,-0.5889044681193085,-6.350278285958234,0.4576203240301175,0.14722611702982713,1.5875695714895586,0.0,0.14722611702982713,1.5875695714895586,0.0,40.147226117029824,1.5875695714895586,-263.27731514697575,1.8008907543898156,-7.489626081855678,9.792600572767217,0.25,2.0,False,False,True,applied
2026-06-06_run02_reverse_grid_3x3_pm40_on_r02,20100,20109,9,40.0,0.0,-263.27731514697575,23.7851120178159,7.23961999299304,-265.637032798284,1.0,-7.0,10.0,-0.5889044681193085,-6.350278285958234,0.4576203240301175,0.14722611702982713,1.5875695714895586,0.0,0.14722611702982713,1.5875695714895586,0.0,40.147226117029824,1.5875695714895586,-263.27731514697575,1.8008907543898156,-7.489626081855678,9.792600572767217,0.25,2.0,False,False,False,applied
2026-06-06_run02_reverse_grid_3x3_pm40_on_r02,20200,20203,3,40.0,0.0,-263.27731514697575,23.7851120178159,7.23961999299304,-265.637032798284,1.0,-7.0,10.0,-0.5889044681193085,-6.350278285958234,0.4576203240301175,0.14722611702982713,1.5875695714895586,0.0,0.14722611702982713,1.5875695714895586,0.0,40.147226117029824,1.5875695714895586,-263.27731514697575,1.8008907543898156,-7.489626081855678,9.792600572767217,0.25,2.0,False,False,False,applied
2026-06-06_run02_reverse_grid_3x3_pm40_on_r02,20300,20312,12,40.0,0.0,-263.27731514697575,23.7851120178159,7.23961999299304,-265.637032798284,1.0,-7.0,10.0,-0.5889044681193085,-6.350278285958234,0.4576203240301175,0.14722611702982713,1.5875695714895586,0.0,0.14722611702982713,1.5875695714895586,0.0,40.147226117029824,1.5875695714895586,-263.27731514697575,1.8008907543898156,-7.489626081855678,9.792600572767217,0.25,2.0,False,False,False,applied
2026-06-06_run02_reverse_grid_3x3_pm40_on_r02,20400,20406,6,40.0,0.0,-263.27731514697575,23.7851120178159,7.23961999299304,-265.637032798284,1.0,-7.0,10.0,-0.5889044681193085,-6.350278285958234,0.4576203240301175,0.14722611702982713,1.5875695714895586,0.0,0.14722611702982713,1.5875695714895586,0.0,40.147226117029824,1.5875695714895586,-263.27731514697575,1.8008907543898156,-7.489626081855678,9.792600572767217,0.25,2.0,False,False,False,applied
2026-06-06_run02_reverse_grid_3x3_pm40_on_r02,20500,20500,0,40.0,0.0,-263.27731514697575,39.5104773212892,-1.49114536361005,-263.305768062299,1.0,-7.0,10.0,-3.874595251396552,-2.496482312641072,0.03741620841897486,0.968648812849138,0.624120578160268,0.0,0.968648812849138,0.624120578160268,0.0,40.96864881284914,0.624120578160268,-263.27731514697575,1.6162219186845797,-7.490555957818658,10.136692200872206,0.25,2.0,False,False,True,applied
2026-06-06_run02_reverse_grid_3x3_pm40_on_r02,20600,20609,9,40.0,0.0,-263.27731514697575,39.5104773212892,-1.49114536361005,-263.305768062299,1.0,-7.0,10.0,-3.874595251396552,-2.496482312641072,0.03741620841897486,0.968648812849138,0.624120578160268,0.0,0.968648812849138,0.624120578160268,0.0,40.96864881284914,0.624120578160268,-263.27731514697575,1.6162219186845797,-7.490555957818658,10.136692200872206,0.25,2.0,False,False,False,applied
2026-06-06_run02_reverse_grid_3x3_pm40_on_r02,20700,20703,3,40.0,0.0,-263.27731514697575,39.5104773212892,-1.49114536361005,-263.305768062299,1.0,-7.0,10.0,-3.874595251396552,-2.496482312641072,0.03741620841897486,0.968648812849138,0.624120578160268,0.0,0.968648812849138,0.624120578160268,0.0,40.96864881284914,0.624120578160268,-263.27731514697575,1.6162219186845797,-7.490555957818658,10.136692200872206,0.25,2.0,False,False,False,applied
2026-06-06_run02_reverse_grid_3x3_pm40_on_r02,20800,20812,12,40.0,0.0,-263.27731514697575,39.5104773212892,-1.49114536361005,-263.305768062299,1.0,-7.0,10.0,-3.874595251396552,-2.496482312641072,0.03741620841897486,0.968648812849138,0.624120578160268,0.0,0.968648812849138,0.624120578160268,0.0,40.96864881284914,0.624120578160268,-263.27731514697575,1.6162219186845797,-7.490555957818658,10.136692200872206,0.25,2.0,False,False,False,applied
2026-06-06_run02_reverse_grid_3x3_pm40_on_r02,20900,20906,6,40.0,0.0,-263.27731514697575,39.5104773212892,-1.49114536361005,-263.305768062299,1.0,-7.0,10.0,-3.874595251396552,-2.496482312641072,0.03741620841897486,0.968648812849138,0.624120578160268,0.0,0.968648812849138,0.624120578160268,0.0,40.96864881284914,0.624120578160268,-263.27731514697575,1.6162219186845797,-7.490555957818658,10.136692200872206,0.25,2.0,False,False,False,applied
2026-06-06_run02_reverse_grid_3x3_pm40_on_r02,21000,21000,0,40.0,0.0,-263.27731514697575,39.5118994949382,-1.4919368229649,-263.305502773737,1.0,-7.0,10.0,-3.8749256299594483,-2.4960305746443257,0.037368223292593164,0.9687314074898621,0.6240076436610814,0.0,0.9687314074898621,0.6240076436610814,0.0,40.96873140748986,0.6240076436610814,-263.27731514697575,1.6161994564550872,-7.490553932503365,10.136728833981092,0.25,2.0,False,False,True,applied
2026-06-06_run02_reverse_grid_3x3_pm40_on_r02,21100,21109,9,40.0,0.0,-263.27731514697575,39.5118994949382,-1.4919368229649,-263.305502773737,1.0,-7.0,10.0,-3.8749256299594483,-2.4960305746443257,0.037368223292593164,0.9687314074898621,0.6240076436610814,0.0,0.9687314074898621,0.6240076436610814,0.0,40.96873140748986,0.6240076436610814,-263.27731514697575,1.6161994564550872,-7.490553932503365,10.136728833981092,0.25,2.0,False,False,False,applied
2026-06-06_run02_reverse_grid_3x3_pm40_on_r02,21200,21203,3,40.0,0.0,-263.27731514697575,39.5118994949382,-1.4919368229649,-263.305502773737,1.0,-7.0,10.0,-3.8749256299594483,-2.4960305746443257,0.037368223292593164,0.9687314074898621,0.6240076436610814,0.0,0.9687314074898621,0.6240076436610814,0.0,40.96873140748986,0.6240076436610814,-263.27731514697575,1.6161994564550872,-7.490553932503365,10.136728833981092,0.25,2.0,False,False,False,applied
2026-06-06_run02_reverse_grid_3x3_pm40_on_r02,21300,21312,12,40.0,0.0,-263.27731514697575,39.5118994949382,-1.4919368229649,-263.305502773737,1.0,-7.0,10.0,-3.8749256299594483,-2.4960305746443257,0.037368223292593164,0.9687314074898621,0.6240076436610814,0.0,0.9687314074898621,0.6240076436610814,0.0,40.96873140748986,0.6240076436610814,-263.27731514697575,1.6161994564550872,-7.490553932503365,10.136728833981092,0.25,2.0,False,False,False,applied
2026-06-06_run02_reverse_grid_3x3_pm40_on_r02,21400,21406,6,40.0,0.0,-263.27731514697575,39.5118994949382,-1.4919368229649,-263.305502773737,1.0,-7.0,10.0,-3.8749256299594483,-2.4960305746443257,0.037368223292593164,0.9687314074898621,0.6240076436610814,0.0,0.9687314074898621,0.6240076436610814,0.0,40.96873140748986,0.6240076436610814,-263.27731514697575,1.6161994564550872,-7.490553932503365,10.136728833981092,0.25,2.0,False,False,False,applied
2026-06-06_run02_reverse_grid_3x3_pm40_on_r02,21500,21516,16,40.0,0.0,-263.27731514697575,39.5111892132592,-1.49154154132865,-263.305635268859,1.0,-7.0,10.0,-3.8747606270886825,-2.4962561898507087,0.03739218887858113,0.9686901567721706,0.6240640474626772,0.0,0.9686901567721706,0.6240640474626772,0.0,40.96869015677217,0.6240640474626772,-263.27731514697575,1.6162106749604321,-7.490554944063841,10.136710538060143,0.25,2.0,False,False,True,applied
2026-06-06_run02_reverse_grid_3x3_pm40_on_r02,21600,21609,9,40.0,0.0,-263.27731514697575,39.5111892132592,-1.49154154132865,-263.305635268859,1.0,-7.0,10.0,-3.8747606270886825,-2.4962561898507087,0.03739218887858113,0.9686901567721706,0.6240640474626772,0.0,0.9686901567721706,0.6240640474626772,0.0,40.96869015677217,0.6240640474626772,-263.27731514697575,1.6162106749604321,-7.490554944063841,10.136710538060143,0.25,2.0,False,False,False,applied
2026-06-06_run02_reverse_grid_3x3_pm40_on_r02,21700,21703,3,40.0,0.0,-263.27731514697575,39.5111892132592,-1.49154154132865,-263.305635268859,1.0,-7.0,10.0,-3.8747606270886825,-2.4962561898507087,0.03739218887858113,0.9686901567721706,0.6240640474626772,0.0,0.9686901567721706,0.6240640474626772,0.0,40.96869015677217,0.6240640474626772,-263.27731514697575,1.6162106749604321,-7.490554944063841,10.136710538060143,0.25,2.0,False,False,False,applied
2026-06-06_run02_reverse_grid_3x3_pm40_on_r02,21800,21812,12,40.0,0.0,-263.27731514697575,39.5111892132592,-1.49154154132865,-263.305635268859,1.0,-7.0,10.0,-3.8747606270886825,-2.4962561898507087,0.03739218887858113,0.9686901567721706,0.6240640474626772,0.0,0.9686901567721706,0.6240640474626772,0.0,40.96869015677217,0.6240640474626772,-263.27731514697575,1.6162106749604321,-7.490554944063841,10.136710538060143,0.25,2.0,False,False,False,applied
2026-06-06_run02_reverse_grid_3x3_pm40_on_r02,21900,21906,6,40.0,0.0,-263.27731514697575,39.5111892132592,-1.49154154132865,-263.305635268859,1.0,-7.0,10.0,-3.8747606270886825,-2.4962561898507087,0.03739218887858113,0.9686901567721706,0.6240640474626772,0.0,0.9686901567721706,0.6240640474626772,0.0,40.96869015677217,0.6240640474626772,-263.27731514697575,1.6162106749604321,-7.490554944063841,10.136710538060143,0.25,2.0,False,False,False,applied
2026-06-06_run02_reverse_grid_3x3_pm40_on_r02,22000,22000,0,40.0,0.0,-263.27731514697575,39.5112196188395,-1.49155846247188,-263.305629596637,1.0,-7.0,10.0,-3.8747676907391675,-2.4962465310064728,0.037391162891721945,0.9686919226847919,0.6240616327516182,0.0,0.9686919226847919,0.6240616327516182,0.0,40.96869192268479,0.6240616327516182,-263.27731514697575,1.6162101946777698,-7.490554900737312,10.136711321307535,0.25,2.0,False,False,True,applied
2026-06-06_run02_reverse_grid_3x3_pm40_on_r02,22100,22109,9,40.0,0.0,-263.27731514697575,39.5112196188395,-1.49155846247188,-263.305629596637,1.0,-7.0,10.0,-3.8747676907391675,-2.4962465310064728,0.037391162891721945,0.9686919226847919,0.6240616327516182,0.0,0.9686919226847919,0.6240616327516182,0.0,40.96869192268479,0.6240616327516182,-263.27731514697575,1.6162101946777698,-7.490554900737312,10.136711321307535,0.25,2.0,False,False,False,applied
2026-06-06_run02_reverse_grid_3x3_pm40_on_r02,22200,22203,3,40.0,0.0,-263.27731514697575,39.5112196188395,-1.49155846247188,-263.305629596637,1.0,-7.0,10.0,-3.8747676907391675,-2.4962465310064728,0.037391162891721945,0.9686919226847919,0.6240616327516182,0.0,0.9686919226847919,0.6240616327516182,0.0,40.96869192268479,0.6240616327516182,-263.27731514697575,1.6162101946777698,-7.490554900737312,10.136711321307535,0.25,2.0,False,False,False,applied
2026-06-06_run02_reverse_grid_3x3_pm40_on_r02,22300,22328,28,40.0,0.0,-263.27731514697575,39.5112196188395,-1.49155846247188,-263.305629596637,1.0,-7.0,10.0,-3.8747676907391675,-2.4962465310064728,0.037391162891721945,0.9686919226847919,0.6240616327516182,0.0,0.9686919226847919,0.6240616327516182,0.0,40.96869192268479,0.6240616327516182,-263.27731514697575,1.6162101946777698,-7.490554900737312,10.136711321307535,0.25,2.0,False,False,False,applied
2026-06-06_run02_reverse_grid_3x3_pm40_on_r02,22400,22406,6,40.0,0.0,-263.27731514697575,39.5112196188395,-1.49155846247188,-263.305629596637,1.0,-7.0,10.0,-3.8747676907391675,-2.4962465310064728,0.037391162891721945,0.9686919226847919,0.6240616327516182,0.0,0.9686919226847919,0.6240616327516182,0.0,40.96869192268479,0.6240616327516182,-263.27731514697575,1.6162101946777698,-7.490554900737312,10.136711321307535,0.25,2.0,False,False,False,applied
2026-06-06_run02_reverse_grid_3x3_pm40_on_r02,22500,22500,0,40.0,0.0,-263.27731514697575,39.5101973449009,-1.49098955290787,-263.305820287212,1.0,-7.0,10.0,-3.874530212083578,-2.4965712419131942,0.03742565480551332,0.9686325530208945,0.6241428104782986,0.0,0.9686325530208945,0.6241428104782986,0.0,40.968632553020896,0.6241428104782986,-263.27731514697575,1.616226340593536,-7.49055635648543,10.13668498920845,0.25,2.0,False,False,True,applied
2026-06-06_run02_reverse_grid_3x3_pm40_on_r02,22600,22609,9,40.0,0.0,-263.27731514697575,39.5101973449009,-1.49098955290787,-263.305820287212,1.0,-7.0,10.0,-3.874530212083578,-2.4965712419131942,0.03742565480551332,0.9686325530208945,0.6241428104782986,0.0,0.9686325530208945,0.6241428104782986,0.0,40.968632553020896,0.6241428104782986,-263.27731514697575,1.616226340593536,-7.49055635648543,10.13668498920845,0.25,2.0,False,False,False,applied
2026-06-06_run02_reverse_grid_3x3_pm40_on_r02,22700,22703,3,40.0,0.0,-263.27731514697575,39.5101973449009,-1.49098955290787,-263.305820287212,1.0,-7.0,10.0,-3.874530212083578,-2.4965712419131942,0.03742565480551332,0.9686325530208945,0.6241428104782986,0.0,0.9686325530208945,0.6241428104782986,0.0,40.968632553020896,0.6241428104782986,-263.27731514697575,1.616226340593536,-7.49055635648543,10.13668498920845,0.25,2.0,False,False,False,applied
2026-06-06_run02_reverse_grid_3x3_pm40_on_r02,22800,22812,12,40.0,0.0,-263.27731514697575,39.5101973449009,-1.49098955290787,-263.305820287212,1.0,-7.0,10.0,-3.874530212083578,-2.4965712419131942,0.03742565480551332,0.9686325530208945,0.6241428104782986,0.0,0.9686325530208945,0.6241428104782986,0.0,40.968632553020896,0.6241428104782986,-263.27731514697575,1.616226340593536,-7.49055635648543,10.13668498920845,0.25,2.0,False,False,False,applied
2026-06-06_run02_reverse_grid_3x3_pm40_on_r02,22900,22906,6,40.0,0.0,-263.27731514697575,39.5101973449009,-1.49098955290787,-263.305820287212,1.0,-7.0,10.0,-3.874530212083578,-2.4965712419131942,0.03742565480551332,0.9686325530208945,0.6241428104782986,0.0,0.9686325530208945,0.6241428104782986,0.0,40.968632553020896,0.6241428104782986,-263.27731514697575,1.616226340593536,-7.49055635648543,10.13668498920845,0.25,2.0,False,False,False,applied
2026-06-06_run02_reverse_grid_3x3_pm40_on_r02,23000,23000,0,40.0,0.0,-263.27731514697575,39.5101046549451,-1.49093796967849,-263.305837576888,1.0,-7.0,10.0,-3.8745086799946042,-2.4966006829856595,0.03742878214345549,0.9686271699986511,0.6241501707464149,0.0,0.9686271699986511,0.6241501707464149,0.0,40.96862716999865,0.6241501707464149,-263.27731514697575,1.616227804517275,-7.490556488464397,10.13668260169874,0.25,2.0,False,False,True,applied
2026-06-06_run02_reverse_grid_3x3_pm40_on_r02,23100,23109,9,40.0,0.0,-263.27731514697575,39.5101046549451,-1.49093796967849,-263.305837576888,1.0,-7.0,10.0,-3.8745086799946042,-2.4966006829856595,0.03742878214345549,0.9686271699986511,0.6241501707464149,0.0,0.9686271699986511,0.6241501707464149,0.0,40.96862716999865,0.6241501707464149,-263.27731514697575,1.616227804517275,-7.490556488464397,10.13668260169874,0.25,2.0,False,False,False,applied
2026-06-06_run02_reverse_grid_3x3_pm40_on_r02,23200,23203,3,40.0,0.0,-263.27731514697575,39.5101046549451,-1.49093796967849,-263.305837576888,1.0,-7.0,10.0,-3.8745086799946042,-2.4966006829856595,0.03742878214345549,0.9686271699986511,0.6241501707464149,0.0,0.9686271699986511,0.6241501707464149,0.0,40.96862716999865,0.6241501707464149,-263.27731514697575,1.616227804517275,-7.490556488464397,10.13668260169874,0.25,2.0,False,False,False,applied
2026-06-06_run02_reverse_grid_3x3_pm40_on_r02,23300,23312,12,40.0,0.0,-263.27731514697575,39.5101046549451,-1.49093796967849,-263.305837576888,1.0,-7.0,10.0,-3.8745086799946042,-2.4966006829856595,0.03742878214345549,0.9686271699986511,0.6241501707464149,0.0,0.9686271699986511,0.6241501707464149,0.0,40.96862716999865,0.6241501707464149,-263.27731514697575,1.616227804517275,-7.490556488464397,10.13668260169874,0.25,2.0,False,False,False,applied
2026-06-06_run02_reverse_grid_3x3_pm40_on_r02,23400,23406,6,40.0,0.0,-263.27731514697575,39.5101046549451,-1.49093796967849,-263.305837576888,1.0,-7.0,10.0,-3.8745086799946042,-2.4966006829856595,0.03742878214345549,0.9686271699986511,0.6241501707464149,0.0,0.9686271699986511,0.6241501707464149,0.0,40.96862716999865,0.6241501707464149,-263.27731514697575,1.616227804517275,-7.490556488464397,10.13668260169874,0.25,2.0,False,False,False,applied
2026-06-06_run02_reverse_grid_3x3_pm40_on_r02,23500,23500,0,40.0,0.0,-263.27731514697575,39.5101878134607,-1.49098424853409,-263.305822065089,1.0,-7.0,10.0,-3.8745279979356813,-2.4965742692953685,0.03742597638587813,0.9686319994839203,0.6241435673238421,0.0,0.9686319994839203,0.6241435673238421,0.0,40.96863199948392,0.6241435673238421,-263.27731514697575,1.6162264911260464,-7.490556370058999,10.136684743701965,0.25,2.0,False,False,True,applied
2026-06-06_run02_reverse_grid_3x3_pm40_on_r02,23600,23609,9,40.0,0.0,-263.27731514697575,39.5101878134607,-1.49098424853409,-263.305822065089,1.0,-7.0,10.0,-3.8745279979356813,-2.4965742692953685,0.03742597638587813,0.9686319994839203,0.6241435673238421,0.0,0.9686319994839203,0.6241435673238421,0.0,40.96863199948392,0.6241435673238421,-263.27731514697575,1.6162264911260464,-7.490556370058999,10.136684743701965,0.25,2.0,False,False,False,applied
2026-06-06_run02_reverse_grid_3x3_pm40_on_r02,23700,23703,3,40.0,0.0,-263.27731514697575,39.5101878134607,-1.49098424853409,-263.305822065089,1.0,-7.0,10.0,-3.8745279979356813,-2.4965742692953685,0.03742597638587813,0.9686319994839203,0.6241435673238421,0.0,0.9686319994839203,0.6241435673238421,0.0,40.96863199948392,0.6241435673238421,-263.27731514697575,1.6162264911260464,-7.490556370058999,10.136684743701965,0.25,2.0,False,False,False,applied
2026-06-06_run02_reverse_grid_3x3_pm40_on_r02,23800,23812,12,40.0,0.0,-263.27731514697575,39.5101878134607,-1.49098424853409,-263.305822065089,1.0,-7.0,10.0,-3.8745279979356813,-2.4965742692953685,0.03742597638587813,0.9686319994839203,0.6241435673238421,0.0,0.9686319994839203,0.6241435673238421,0.0,40.96863199948392,0.6241435673238421,-263.27731514697575,1.6162264911260464,-7.490556370058999,10.136684743701965,0.25,2.0,False,False,False,applied
2026-06-06_run02_reverse_grid_3x3_pm40_on_r02,23900,23906,6,40.0,0.0,-263.27731514697575,39.5101878134607,-1.49098424853409,-263.305822065089,1.0,-7.0,10.0,-3.8745279979356813,-2.4965742692953685,0.03742597638587813,0.9686319994839203,0.6241435673238421,0.0,0.9686319994839203,0.6241435673238421,0.0,40.96863199948392,0.6241435673238421,-263.27731514697575,1.6162264911260464,-7.490556370058999,10.136684743701965,0.25,2.0,False,False,False,applied
2026-06-06_run02_reverse_grid_3x3_pm40_on_r02,24000,24000,0,40.0,0.0,-263.27731514697575,39.510251746102,-1.49101982793167,-263.305810139422,1.0,-7.0,10.0,-3.874542849732695,-2.496553962092466,0.037423819283712,0.9686357124331737,0.6241384905231165,0.0,0.9686357124331737,0.6241384905231165,0.0,40.968635712433176,0.6241384905231165,-263.27731514697575,1.6162254813717476,-7.490556279023662,10.136686390496214,0.25,2.0,False,False,True,applied
2026-06-06_run02_reverse_grid_3x3_pm40_on_r02,24100,24109,9,40.0,0.0,-263.27731514697575,39.510251746102,-1.49101982793167,-263.305810139422,1.0,-7.0,10.0,-3.874542849732695,-2.496553962092466,0.037423819283712,0.9686357124331737,0.6241384905231165,0.0,0.9686357124331737,0.6241384905231165,0.0,40.968635712433176,0.6241384905231165,-263.27731514697575,1.6162254813717476,-7.490556279023662,10.136686390496214,0.25,2.0,False,False,False,applied
2026-06-06_run02_reverse_grid_3x3_pm40_on_r02,24200,24203,3,40.0,0.0,-263.27731514697575,39.510251746102,-1.49101982793167,-263.305810139422,1.0,-7.0,10.0,-3.874542849732695,-2.496553962092466,0.037423819283712,0.9686357124331737,0.6241384905231165,0.0,0.9686357124331737,0.6241384905231165,0.0,40.968635712433176,0.6241384905231165,-263.27731514697575,1.6162254813717476,-7.490556279023662,10.136686390496214,0.25,2.0,False,False,False,applied
2026-06-06_run02_reverse_grid_3x3_pm40_on_r02,24300,24312,12,40.0,0.0,-263.27731514697575,39.510251746102,-1.49101982793167,-263.305810139422,1.0,-7.0,10.0,-3.874542849732695,-2.496553962092466,0.037423819283712,0.9686357124331737,0.6241384905231165,0.0,0.9686357124331737,0.6241384905231165,0.0,40.968635712433176,0.6241384905231165,-263.27731514697575,1.6162254813717476,-7.490556279023662,10.136686390496214,0.25,2.0,False,False,False,applied
2026-06-06_run02_reverse_grid_3x3_pm40_on_r02,24400,24406,6,40.0,0.0,-263.27731514697575,39.510251746102,-1.49101982793167,-263.305810139422,1.0,-7.0,10.0,-3.874542849732695,-2.496553962092466,0.037423819283712,0.9686357124331737,0.6241384905231165,0.0,0.9686357124331737,0.6241384905231165,0.0,40.968635712433176,0.6241384905231165,-263.27731514697575,1.6162254813717476,-7.490556279023662,10.136686390496214,0.25,2.0,False,False,False,applied
2026-06-06_run02_reverse_grid_3x3_pm40_on_r02,24500,24500,0,40.0,0.0,-263.27731514697575,39.5103249395874,-1.49106056111653,-263.305796486317,1.0,-7.0,10.0,-3.8745598528395133,-2.4965307133885877,0.03742134972443318,0.9686399632098783,0.6241326783471469,0.0,0.9686399632098783,0.6241326783471469,0.0,40.96863996320988,0.6241326783471469,-263.27731514697575,1.6162243253544357,-7.490556174795163,10.136688275830746,0.25,2.0,False,False,True,applied
2026-06-06_run02_reverse_grid_3x3_pm40_on_r02,24600,24609,9,40.0,0.0,-263.27731514697575,39.5103249395874,-1.49106056111653,-263.305796486317,1.0,-7.0,10.0,-3.8745598528395133,-2.4965307133885877,0.03742134972443318,0.9686399632098783,0.6241326783471469,0.0,0.9686399632098783,0.6241326783471469,0.0,40.96863996320988,0.6241326783471469,-263.27731514697575,1.6162243253544357,-7.490556174795163,10.136688275830746,0.25,2.0,False,False,False,applied
2026-06-06_run02_reverse_grid_3x3_pm40_on_r02,24700,24703,3,40.0,0.0,-263.27731514697575,39.5103249395874,-1.49106056111653,-263.305796486317,1.0,-7.0,10.0,-3.8745598528395133,-2.4965307133885877,0.03742134972443318,0.9686399632098783,0.6241326783471469,0.0,0.9686399632098783,0.6241326783471469,0.0,40.96863996320988,0.6241326783471469,-263.27731514697575,1.6162243253544357,-7.490556174795163,10.136688275830746,0.25,2.0,False,False,False,applied
2026-06-06_run02_reverse_grid_3x3_pm40_on_r02,24800,24812,12,40.0,0.0,-263.27731514697575,39.5103249395874,-1.49106056111653,-263.305796486317,1.0,-7.0,10.0,-3.8745598528395133,-2.4965307133885877,0.03742134972443318,0.9686399632098783,0.6241326783471469,0.0,0.9686399632098783,0.6241326783471469,0.0,40.96863996320988,0.6241326783471469,-263.27731514697575,1.6162243253544357,-7.490556174795163,10.136688275830746,0.25,2.0,False,False,False,applied
2026-06-06_run02_reverse_grid_3x3_pm40_on_r02,24900,24906,6,40.0,0.0,-263.27731514697575,39.5103249395874,-1.49106056111653,-263.305796486317,1.0,-7.0,10.0,-3.8745598528395133,-2.4965307133885877,0.03742134972443318,0.9686399632098783,0.6241326783471469,0.0,0.9686399632098783,0.6241326783471469,0.0,40.96863996320988,0.6241326783471469,-263.27731514697575,1.6162243253544357,-7.490556174795163,10.136688275830746,0.25,2.0,False,False,False,applied
2026-06-06_run02_reverse_grid_3x3_pm40_on_r02,25000,25000,0,0.0,0.0,-263.27731514697575,7.87093261922733,-0.272454289356148,-263.743361830801,0.0,0.0,0.0,-2.8358278581851786,-0.7962018406650009,0.11665405906139101,0.7089569645462946,0.19905046016625022,0.0,0.7089569645462946,0.19905046016625022,0.0,0.7089569645462946,0.19905046016625022,-263.27731514697575,0.050311886333215435,-0.17820492314257413,0.12927755882174624,0.25,2.0,False,False,True,applied
2026-06-06_run02_reverse_grid_3x3_pm40_on_r02,25100,25109,9,0.0,0.0,-263.27731514697575,7.87093261922733,-0.272454289356148,-263.743361830801,0.0,0.0,0.0,-2.8358278581851786,-0.7962018406650009,0.11665405906139101,0.7089569645462946,0.19905046016625022,0.0,0.7089569645462946,0.19905046016625022,0.0,0.7089569645462946,0.19905046016625022,-263.27731514697575,0.050311886333215435,-0.17820492314257413,0.12927755882174624,0.25,2.0,False,False,False,applied
2026-06-06_run02_reverse_grid_3x3_pm40_on_r02,25200,25203,3,0.0,0.0,-263.27731514697575,7.87093261922733,-0.272454289356148,-263.743361830801,0.0,0.0,0.0,-2.8358278581851786,-0.7962018406650009,0.11665405906139101,0.7089569645462946,0.19905046016625022,0.0,0.7089569645462946,0.19905046016625022,0.0,0.7089569645462946,0.19905046016625022,-263.27731514697575,0.050311886333215435,-0.17820492314257413,0.12927755882174624,0.25,2.0,False,False,False,applied
2026-06-06_run02_reverse_grid_3x3_pm40_on_r02,25300,25328,28,0.0,0.0,-263.27731514697575,7.87093261922733,-0.272454289356148,-263.743361830801,0.0,0.0,0.0,-2.8358278581851786,-0.7962018406650009,0.11665405906139101,0.7089569645462946,0.19905046016625022,0.0,0.7089569645462946,0.19905046016625022,0.0,0.7089569645462946,0.19905046016625022,-263.27731514697575,0.050311886333215435,-0.17820492314257413,0.12927755882174624,0.25,2.0,False,False,False,applied
2026-06-06_run02_reverse_grid_3x3_pm40_on_r02,25400,25406,6,0.0,0.0,-263.27731514697575,7.87093261922733,-0.272454289356148,-263.743361830801,0.0,0.0,0.0,-2.8358278581851786,-0.7962018406650009,0.11665405906139101,0.7089569645462946,0.19905046016625022,0.0,0.7089569645462946,0.19905046016625022,0.0,0.7089569645462946,0.19905046016625022,-263.27731514697575,0.050311886333215435,-0.17820492314257413,0.12927755882174624,0.25,2.0,False,False,False,applied
2026-06-06_run02_reverse_grid_3x3_pm40_on_r02,25500,25500,0,0.0,0.0,-263.27731514697575,-0.00182900317641283,6.2115927953599e-05,-263.277179409106,0.0,0.0,0.0,-2.2413487368883334,0.21180067223915514,0.029613943683742414,0.5603371842220833,-0.052950168059788784,0.0,0.5603371842220833,-0.052950168059788784,0.0,0.5603371842220833,-0.052950168059788784,-263.27731514697575,-0.012982860859815376,-0.11461181894335118,0.12840331928947385,0.25,2.0,False,False,True,applied
2026-06-06_run02_reverse_grid_3x3_pm40_on_r02,25600,25609,9,0.0,0.0,-263.27731514697575,-0.00182900317641283,6.2115927953599e-05,-263.277179409106,0.0,0.0,0.0,-2.2413487368883334,0.21180067223915514,0.029613943683742414,0.5603371842220833,-0.052950168059788784,0.0,0.5603371842220833,-0.052950168059788784,0.0,0.5603371842220833,-0.052950168059788784,-263.27731514697575,-0.012982860859815376,-0.11461181894335118,0.12840331928947385,0.25,2.0,False,False,False,applied
2026-06-06_run02_reverse_grid_3x3_pm40_on_r02,25700,25703,3,0.0,0.0,-263.27731514697575,-0.00182900317641283,6.2115927953599e-05,-263.277179409106,0.0,0.0,0.0,-2.2413487368883334,0.21180067223915514,0.029613943683742414,0.5603371842220833,-0.052950168059788784,0.0,0.5603371842220833,-0.052950168059788784,0.0,0.5603371842220833,-0.052950168059788784,-263.27731514697575,-0.012982860859815376,-0.11461181894335118,0.12840331928947385,0.25,2.0,False,False,False,applied
2026-06-06_run02_reverse_grid_3x3_pm40_on_r02,25800,25812,12,0.0,0.0,-263.27731514697575,-0.00182900317641283,6.2115927953599e-05,-263.277179409106,0.0,0.0,0.0,-2.2413487368883334,0.21180067223915514,0.029613943683742414,0.5603371842220833,-0.052950168059788784,0.0,0.5603371842220833,-0.052950168059788784,0.0,0.5603371842220833,-0.052950168059788784,-263.27731514697575,-0.012982860859815376,-0.11461181894335118,0.12840331928947385,0.25,2.0,False,False,False,applied
2026-06-06_run02_reverse_grid_3x3_pm40_on_r02,25900,25906,6,0.0,0.0,-263.27731514697575,-0.00182900317641283,6.2115927953599e-05,-263.277179409106,0.0,0.0,0.0,-2.2413487368883334,0.21180067223915514,0.029613943683742414,0.5603371842220833,-0.052950168059788784,0.0,0.5603371842220833,-0.052950168059788784,0.0,0.5603371842220833,-0.052950168059788784,-263.27731514697575,-0.012982860859815376,-0.11461181894335118,0.12840331928947385,0.25,2.0,False,False,False,applied
2026-06-06_run02_reverse_grid_3x3_pm40_on_r02,26000,26000,0,0.0,0.0,-263.27731514697575,-0.000762236509750552,2.58868623577506e-05,-263.277258579903,0.0,0.0,0.0,-2.2414195227873224,0.21163376224687602,0.0296286713092197,0.5603548806968306,-0.052908440561719006,0.0,0.5603548806968306,-0.052908440561719006,0.0,0.5603548806968306,-0.052908440561719006,-263.27731514697575,-0.01297239887009946,-0.11462086845983281,0.12840194620225978,0.25,2.0,False,False,True,applied
2026-06-06_run02_reverse_grid_3x3_pm40_on_r02,26100,26109,9,0.0,0.0,-263.27731514697575,-0.000762236509750552,2.58868623577506e-05,-263.277258579903,0.0,0.0,0.0,-2.2414195227873224,0.21163376224687602,0.0296286713092197,0.5603548806968306,-0.052908440561719006,0.0,0.5603548806968306,-0.052908440561719006,0.0,0.5603548806968306,-0.052908440561719006,-263.27731514697575,-0.01297239887009946,-0.11462086845983281,0.12840194620225978,0.25,2.0,False,False,False,applied
2026-06-06_run02_reverse_grid_3x3_pm40_on_r02,26200,26203,3,0.0,0.0,-263.27731514697575,-0.000762236509750552,2.58868623577506e-05,-263.277258579903,0.0,0.0,0.0,-2.2414195227873224,0.21163376224687602,0.0296286713092197,0.5603548806968306,-0.052908440561719006,0.0,0.5603548806968306,-0.052908440561719006,0.0,0.5603548806968306,-0.052908440561719006,-263.27731514697575,-0.01297239887009946,-0.11462086845983281,0.12840194620225978,0.25,2.0,False,False,False,applied
2026-06-06_run02_reverse_grid_3x3_pm40_on_r02,26300,26312,12,0.0,0.0,-263.27731514697575,-0.000762236509750552,2.58868623577506e-05,-263.277258579903,0.0,0.0,0.0,-2.2414195227873224,0.21163376224687602,0.0296286713092197,0.5603548806968306,-0.052908440561719006,0.0,0.5603548806968306,-0.052908440561719006,0.0,0.5603548806968306,-0.052908440561719006,-263.27731514697575,-0.01297239887009946,-0.11462086845983281,0.12840194620225978,0.25,2.0,False,False,False,applied
2026-06-06_run02_reverse_grid_3x3_pm40_on_r02,26400,26406,6,0.0,0.0,-263.27731514697575,-0.000762236509750552,2.58868623577506e-05,-263.277258579903,0.0,0.0,0.0,-2.2414195227873224,0.21163376224687602,0.0296286713092197,0.5603548806968306,-0.052908440561719006,0.0,0.5603548806968306,-0.052908440561719006,0.0,0.5603548806968306,-0.052908440561719006,-263.27731514697575,-0.01297239887009946,-0.11462086845983281,0.12840194620225978,0.25,2.0,False,False,False,applied
2026-06-06_run02_reverse_grid_3x3_pm40_on_r02,26500,26500,0,0.0,0.0,-263.27731514697575,-0.00212958094660917,7.23240012830127e-05,-263.277157101078,0.0,0.0,0.0,-2.241328792156282,0.21184770252490034,0.02960979386843096,0.5603321980390705,-0.052961925631225086,0.0,0.5603321980390705,-0.052961925631225086,0.0,0.5603321980390705,-0.052961925631225086,-263.27731514697575,-0.012985808737421679,-0.11460926909166329,0.12840370621990796,0.25,2.0,False,False,True,applied
2026-06-06_run02_reverse_grid_3x3_pm40_on_r02,26600,26609,9,0.0,0.0,-263.27731514697575,-0.00212958094660917,7.23240012830127e-05,-263.277157101078,0.0,0.0,0.0,-2.241328792156282,0.21184770252490034,0.02960979386843096,0.5603321980390705,-0.052961925631225086,0.0,0.5603321980390705,-0.052961925631225086,0.0,0.5603321980390705,-0.052961925631225086,-263.27731514697575,-0.012985808737421679,-0.11460926909166329,0.12840370621990796,0.25,2.0,False,False,False,applied
2026-06-06_run02_reverse_grid_3x3_pm40_on_r02,26700,26703,3,0.0,0.0,-263.27731514697575,-0.00212958094660917,7.23240012830127e-05,-263.277157101078,0.0,0.0,0.0,-2.241328792156282,0.21184770252490034,0.02960979386843096,0.5603321980390705,-0.052961925631225086,0.0,0.5603321980390705,-0.052961925631225086,0.0,0.5603321980390705,-0.052961925631225086,-263.27731514697575,-0.012985808737421679,-0.11460926909166329,0.12840370621990796,0.25,2.0,False,False,False,applied
2026-06-06_run02_reverse_grid_3x3_pm40_on_r02,26800,26812,12,0.0,0.0,-263.27731514697575,-0.00212958094660917,7.23240012830127e-05,-263.277157101078,0.0,0.0,0.0,-2.241328792156282,0.21184770252490034,0.02960979386843096,0.5603321980390705,-0.052961925631225086,0.0,0.5603321980390705,-0.052961925631225086,0.0,0.5603321980390705,-0.052961925631225086,-263.27731514697575,-0.012985808737421679,-0.11460926909166329,0.12840370621990796,0.25,2.0,False,False,False,applied
2026-06-06_run02_reverse_grid_3x3_pm40_on_r02,26900,26906,6,0.0,0.0,-263.27731514697575,-0.00212958094660917,7.23240012830127e-05,-263.277157101078,0.0,0.0,0.0,-2.241328792156282,0.21184770252490034,0.02960979386843096,0.5603321980390705,-0.052961925631225086,0.0,0.5603321980390705,-0.052961925631225086,0.0,0.5603321980390705,-0.052961925631225086,-263.27731514697575,-0.012985808737421679,-0.11460926909166329,0.12840370621990796,0.25,2.0,False,False,False,applied
2026-06-06_run02_reverse_grid_3x3_pm40_on_r02,27000,27000,0,0.0,0.0,-263.27731514697575,-0.00101993294885314,3.46386361614105e-05,-263.277239454775,0.0,0.0,0.0,-2.2414024232054204,0.21167408235008034,0.029625113586803798,0.5603506058013551,-0.052918520587520085,0.0,0.5603506058013551,-0.052918520587520085,0.0,0.5603506058013551,-0.052918520587520085,-263.27731514697575,-0.012974926151531565,-0.11461868238843878,0.12840227789701147,0.25,2.0,False,False,True,applied
2026-06-06_run02_reverse_grid_3x3_pm40_on_r02,27100,27109,9,0.0,0.0,-263.27731514697575,-0.00101993294885314,3.46386361614105e-05,-263.277239454775,0.0,0.0,0.0,-2.2414024232054204,0.21167408235008034,0.029625113586803798,0.5603506058013551,-0.052918520587520085,0.0,0.5603506058013551,-0.052918520587520085,0.0,0.5603506058013551,-0.052918520587520085,-263.27731514697575,-0.012974926151531565,-0.11461868238843878,0.12840227789701147,0.25,2.0,False,False,False,applied
2026-06-06_run02_reverse_grid_3x3_pm40_on_r02,27200,27203,3,0.0,0.0,-263.27731514697575,-0.00101993294885314,3.46386361614105e-05,-263.277239454775,0.0,0.0,0.0,-2.2414024232054204,0.21167408235008034,0.029625113586803798,0.5603506058013551,-0.052918520587520085,0.0,0.5603506058013551,-0.052918520587520085,0.0,0.5603506058013551,-0.052918520587520085,-263.27731514697575,-0.012974926151531565,-0.11461868238843878,0.12840227789701147,0.25,2.0,False,False,False,applied
2026-06-06_run02_reverse_grid_3x3_pm40_on_r02,27300,27312,12,0.0,0.0,-263.27731514697575,-0.00101993294885314,3.46386361614105e-05,-263.277239454775,0.0,0.0,0.0,-2.2414024232054204,0.21167408235008034,0.029625113586803798,0.5603506058013551,-0.052918520587520085,0.0,0.5603506058013551,-0.052918520587520085,0.0,0.5603506058013551,-0.052918520587520085,-263.27731514697575,-0.012974926151531565,-0.11461868238843878,0.12840227789701147,0.25,2.0,False,False,False,applied
2026-06-06_run02_reverse_grid_3x3_pm40_on_r02,27400,27406,6,0.0,0.0,-263.27731514697575,-0.00101993294885314,3.46386361614105e-05,-263.277239454775,0.0,0.0,0.0,-2.2414024232054204,0.21167408235008034,0.029625113586803798,0.5603506058013551,-0.052918520587520085,0.0,0.5603506058013551,-0.052918520587520085,0.0,0.5603506058013551,-0.052918520587520085,-263.27731514697575,-0.012974926151531565,-0.11461868238843878,0.12840227789701147,0.25,2.0,False,False,False,applied
2026-06-06_run02_reverse_grid_3x3_pm40_on_r02,27500,27500,0,0.0,0.0,-263.27731514697575,-0.00111512547245636,3.78715174129286e-05,-263.277232389855,0.0,0.0,0.0,-2.2413961067398986,0.21168897677282156,0.02962379934633893,0.5603490266849747,-0.05292224419320539,0.0,0.5603490266849747,-0.05292224419320539,0.0,0.5603490266849747,-0.05292224419320539,-263.27731514697575,-0.012975859740384982,-0.11461787485439065,0.12840240043714637,0.25,2.0,False,False,True,applied
2026-06-06_run02_reverse_grid_3x3_pm40_on_r02,27600,27609,9,0.0,0.0,-263.27731514697575,-0.00111512547245636,3.78715174129286e-05,-263.277232389855,0.0,0.0,0.0,-2.2413961067398986,0.21168897677282156,0.02962379934633893,0.5603490266849747,-0.05292224419320539,0.0,0.5603490266849747,-0.05292224419320539,0.0,0.5603490266849747,-0.05292224419320539,-263.27731514697575,-0.012975859740384982,-0.11461787485439065,0.12840240043714637,0.25,2.0,False,False,False,applied
2026-06-06_run02_reverse_grid_3x3_pm40_on_r02,27700,27703,3,0.0,0.0,-263.27731514697575,-0.00111512547245636,3.78715174129286e-05,-263.277232389855,0.0,0.0,0.0,-2.2413961067398986,0.21168897677282156,0.02962379934633893,0.5603490266849747,-0.05292224419320539,0.0,0.5603490266849747,-0.05292224419320539,0.0,0.5603490266849747,-0.05292224419320539,-263.27731514697575,-0.012975859740384982,-0.11461787485439065,0.12840240043714637,0.25,2.0,False,False,False,applied
2026-06-06_run02_reverse_grid_3x3_pm40_on_r02,27800,27812,12,0.0,0.0,-263.27731514697575,-0.00111512547245636,3.78715174129286e-05,-263.277232389855,0.0,0.0,0.0,-2.2413961067398986,0.21168897677282156,0.02962379934633893,0.5603490266849747,-0.05292224419320539,0.0,0.5603490266849747,-0.05292224419320539,0.0,0.5603490266849747,-0.05292224419320539,-263.27731514697575,-0.012975859740384982,-0.11461787485439065,0.12840240043714637,0.25,2.0,False,False,False,applied
2026-06-06_run02_reverse_grid_3x3_pm40_on_r02,27900,27906,6,0.0,0.0,-263.27731514697575,-0.00111512547245636,3.78715174129286e-05,-263.277232389855,0.0,0.0,0.0,-2.2413961067398986,0.21168897677282156,0.02962379934633893,0.5603490266849747,-0.05292224419320539,0.0,0.5603490266849747,-0.05292224419320539,0.0,0.5603490266849747,-0.05292224419320539,-263.27731514697575,-0.012975859740384982,-0.11461787485439065,0.12840240043714637,0.25,2.0,False,False,False,applied
2026-06-06_run02_reverse_grid_3x3_pm40_on_r02,28000,28000,0,0.0,0.0,-263.27731514697575,-0.0012312858013116,4.18165050422186e-05,-263.277223768965,0.0,0.0,0.0,-2.241388398840437,0.21170715156932088,0.029622195658492036,0.5603470997101092,-0.05292678789233022,0.0,0.5603470997101092,-0.05292678789233022,0.0,0.5603470997101092,-0.05292678789233022,-263.27731514697575,-0.012976998944439619,-0.11461688945236678,0.1284025499502089,0.25,2.0,False,False,True,applied
2026-06-06_run02_reverse_grid_3x3_pm40_on_r02,28100,28109,9,0.0,0.0,-263.27731514697575,-0.0012312858013116,4.18165050422186e-05,-263.277223768965,0.0,0.0,0.0,-2.241388398840437,0.21170715156932088,0.029622195658492036,0.5603470997101092,-0.05292678789233022,0.0,0.5603470997101092,-0.05292678789233022,0.0,0.5603470997101092,-0.05292678789233022,-263.27731514697575,-0.012976998944439619,-0.11461688945236678,0.1284025499502089,0.25,2.0,False,False,False,applied
2026-06-06_run02_reverse_grid_3x3_pm40_on_r02,28200,28203,3,0.0,0.0,-263.27731514697575,-0.0012312858013116,4.18165050422186e-05,-263.277223768965,0.0,0.0,0.0,-2.241388398840437,0.21170715156932088,0.029622195658492036,0.5603470997101092,-0.05292678789233022,0.0,0.5603470997101092,-0.05292678789233022,0.0,0.5603470997101092,-0.05292678789233022,-263.27731514697575,-0.012976998944439619,-0.11461688945236678,0.1284025499502089,0.25,2.0,False,False,False,applied
2026-06-06_run02_reverse_grid_3x3_pm40_on_r02,28300,28312,12,0.0,0.0,-263.27731514697575,-0.0012312858013116,4.18165050422186e-05,-263.277223768965,0.0,0.0,0.0,-2.241388398840437,0.21170715156932088,0.029622195658492036,0.5603470997101092,-0.05292678789233022,0.0,0.5603470997101092,-0.05292678789233022,0.0,0.5603470997101092,-0.05292678789233022,-263.27731514697575,-0.012976998944439619,-0.11461688945236678,0.1284025499502089,0.25,2.0,False,False,False,applied
2026-06-06_run02_reverse_grid_3x3_pm40_on_r02,28400,28406,6,0.0,0.0,-263.27731514697575,-0.0012312858013116,4.18165050422186e-05,-263.277223768965,0.0,0.0,0.0,-2.241388398840437,0.21170715156932088,0.029622195658492036,0.5603470997101092,-0.05292678789233022,0.0,0.5603470997101092,-0.05292678789233022,0.0,0.5603470997101092,-0.05292678789233022,-263.27731514697575,-0.012976998944439619,-0.11461688945236678,0.1284025499502089,0.25,2.0,False,False,False,applied
2026-06-06_run02_reverse_grid_3x3_pm40_on_r02,28500,28500,0,0.0,0.0,-263.27731514697575,-0.00133801641496118,4.54412422303733e-05,-263.277215847845,0.0,0.0,0.0,-2.2413813166931607,0.2117238510785423,0.02962072214445998,0.5603453291732902,-0.052930962769635576,0.0,0.5603453291732902,-0.052930962769635576,0.0,0.5603453291732902,-0.052930962769635576,-263.27731514697575,-0.012978045676809337,-0.11461598404218051,0.1284026873317704,0.25,2.0,False,False,True,applied
2026-06-06_run02_reverse_grid_3x3_pm40_on_r02,28600,28609,9,0.0,0.0,-263.27731514697575,-0.00133801641496118,4.54412422303733e-05,-263.277215847845,0.0,0.0,0.0,-2.2413813166931607,0.2117238510785423,0.02962072214445998,0.5603453291732902,-0.052930962769635576,0.0,0.5603453291732902,-0.052930962769635576,0.0,0.5603453291732902,-0.052930962769635576,-263.27731514697575,-0.012978045676809337,-0.11461598404218051,0.1284026873317704,0.25,2.0,False,False,False,applied
2026-06-06_run02_reverse_grid_3x3_pm40_on_r02,28700,28703,3,0.0,0.0,-263.27731514697575,-0.00133801641496118,4.54412422303733e-05,-263.277215847845,0.0,0.0,0.0,-2.2413813166931607,0.2117238510785423,0.02962072214445998,0.5603453291732902,-0.052930962769635576,0.0,0.5603453291732902,-0.052930962769635576,0.0,0.5603453291732902,-0.052930962769635576,-263.27731514697575,-0.012978045676809337,-0.11461598404218051,0.1284026873317704,0.25,2.0,False,False,False,applied
2026-06-06_run02_reverse_grid_3x3_pm40_on_r02,28800,28812,12,0.0,0.0,-263.27731514697575,-0.00133801641496118,4.54412422303733e-05,-263.277215847845,0.0,0.0,0.0,-2.2413813166931607,0.2117238510785423,0.02962072214445998,0.5603453291732902,-0.052930962769635576,0.0,0.5603453291732902,-0.052930962769635576,0.0,0.5603453291732902,-0.052930962769635576,-263.27731514697575,-0.012978045676809337,-0.11461598404218051,0.1284026873317704,0.25,2.0,False,False,False,applied
2026-06-06_run02_reverse_grid_3x3_pm40_on_r02,28900,28906,6,0.0,0.0,-263.27731514697575,-0.00133801641496118,4.54412422303733e-05,-263.277215847845,0.0,0.0,0.0,-2.2413813166931607,0.2117238510785423,0.02962072214445998,0.5603453291732902,-0.052930962769635576,0.0,0.5603453291732902,-0.052930962769635576,0.0,0.5603453291732902,-0.052930962769635576,-263.27731514697575,-0.012978045676809337,-0.11461598404218051,0.1284026873317704,0.25,2.0,False,False,False,applied
2026-06-06_run02_reverse_grid_3x3_pm40_on_r02,29000,29000,0,0.0,0.0,-263.27731514697575,-0.00144289247886726,4.90029965811924e-05,-263.277208064373,0.0,0.0,0.0,-2.241374357598679,0.21174026039712499,0.02961927423614144,0.5603435893996698,-0.052935065099281246,0.0,0.5603435893996698,-0.052935065099281246,0.0,0.5603435893996698,-0.052935065099281246,-263.27731514697575,-0.012979074219972369,-0.11461509436450446,0.12840282232525752,0.25,2.0,False,False,True,applied
2026-06-06_run02_reverse_grid_3x3_pm40_on_r02,29100,29109,9,0.0,0.0,-263.27731514697575,-0.00144289247886726,4.90029965811924e-05,-263.277208064373,0.0,0.0,0.0,-2.241374357598679,0.21174026039712499,0.02961927423614144,0.5603435893996698,-0.052935065099281246,0.0,0.5603435893996698,-0.052935065099281246,0.0,0.5603435893996698,-0.052935065099281246,-263.27731514697575,-0.012979074219972369,-0.11461509436450446,0.12840282232525752,0.25,2.0,False,False,False,applied
2026-06-06_run02_reverse_grid_3x3_pm40_on_r02,29200,29203,3,0.0,0.0,-263.27731514697575,-0.00144289247886726,4.90029965811924e-05,-263.277208064373,0.0,0.0,0.0,-2.241374357598679,0.21174026039712499,0.02961927423614144,0.5603435893996698,-0.052935065099281246,0.0,0.5603435893996698,-0.052935065099281246,0.0,0.5603435893996698,-0.052935065099281246,-263.27731514697575,-0.012979074219972369,-0.11461509436450446,0.12840282232525752,0.25,2.0,False,False,False,applied
2026-06-06_run02_reverse_grid_3x3_pm40_on_r02,29300,29312,12,0.0,0.0,-263.27731514697575,-0.00144289247886726,4.90029965811924e-05,-263.277208064373,0.0,0.0,0.0,-2.241374357598679,0.21174026039712499,0.02961927423614144,0.5603435893996698,-0.052935065099281246,0.0,0.5603435893996698,-0.052935065099281246,0.0,0.5603435893996698,-0.052935065099281246,-263.27731514697575,-0.012979074219972369,-0.11461509436450446,0.12840282232525752,0.25,2.0,False,False,False,applied
2026-06-06_run02_reverse_grid_3x3_pm40_on_r02,29400,29406,6,0.0,0.0,-263.27731514697575,-0.00144289247886726,4.90029965811924e-05,-263.277208064373,0.0,0.0,0.0,-2.241374357598679,0.21174026039712499,0.02961927423614144,0.5603435893996698,-0.052935065099281246,0.0,0.5603435893996698,-0.052935065099281246,0.0,0.5603435893996698,-0.052935065099281246,-263.27731514697575,-0.012979074219972369,-0.11461509436450446,0.12840282232525752,0.25,2.0,False,False,False,applied
2026-06-06_run02_reverse_grid_3x3_pm40_on_r02,29500,29500,0,0.0,0.0,-263.27731514697575,-0.00154529562905462,5.24807665361377e-05,-263.277200464422,0.0,0.0,0.0,-2.2413675626005993,0.21175628281008665,0.02961786046705995,0.5603418906501498,-0.052939070702521664,0.0,0.5603418906501498,-0.052939070702521664,0.0,0.5603418906501498,-0.052939070702521664,-263.27731514697575,-0.012980078511552796,-0.1146142256647727,0.12840295413649394,0.25,2.0,False,False,True,applied
2026-06-06_run02_reverse_grid_3x3_pm40_on_r02,29600,29609,9,0.0,0.0,-263.27731514697575,-0.00154529562905462,5.24807665361377e-05,-263.277200464422,0.0,0.0,0.0,-2.2413675626005993,0.21175628281008665,0.02961786046705995,0.5603418906501498,-0.052939070702521664,0.0,0.5603418906501498,-0.052939070702521664,0.0,0.5603418906501498,-0.052939070702521664,-263.27731514697575,-0.012980078511552796,-0.1146142256647727,0.12840295413649394,0.25,2.0,False,False,False,applied
2026-06-06_run02_reverse_grid_3x3_pm40_on_r02,29700,29703,3,0.0,0.0,-263.27731514697575,-0.00154529562905462,5.24807665361377e-05,-263.277200464422,0.0,0.0,0.0,-2.2413675626005993,0.21175628281008665,0.02961786046705995,0.5603418906501498,-0.052939070702521664,0.0,0.5603418906501498,-0.052939070702521664,0.0,0.5603418906501498,-0.052939070702521664,-263.27731514697575,-0.012980078511552796,-0.1146142256647727,0.12840295413649394,0.25,2.0,False,False,False,applied
2026-06-06_run02_reverse_grid_3x3_pm40_on_r02,29800,29812,12,0.0,0.0,-263.27731514697575,-0.00154529562905462,5.24807665361377e-05,-263.277200464422,0.0,0.0,0.0,-2.2413675626005993,0.21175628281008665,0.02961786046705995,0.5603418906501498,-0.052939070702521664,0.0,0.5603418906501498,-0.052939070702521664,0.0,0.5603418906501498,-0.052939070702521664,-263.27731514697575,-0.012980078511552796,-0.1146142256647727,0.12840295413649394,0.25,2.0,False,False,False,applied
2026-06-06_run02_reverse_grid_3x3_pm40_on_r02,29900,29906,6,0.0,0.0,-263.27731514697575,-0.00154529562905462,5.24807665361377e-05,-263.277200464422,0.0,0.0,0.0,-2.2413675626005993,0.21175628281008665,0.02961786046705995,0.5603418906501498,-0.052939070702521664,0.0,0.5603418906501498,-0.052939070702521664,0.0,0.5603418906501498,-0.052939070702521664,-263.27731514697575,-0.012980078511552796,-0.1146142256647727,0.12840295413649394,0.25,2.0,False,False,False,applied
2026-06-06_run02_reverse_grid_3x3_pm40_on_r02,30000,30000,0,-40.0,0.0,-263.27731514697575,-31.5701169698783,-1.16374910864958,-263.763378545234,1.0,10.0,-7.0,-2.176425449576886,1.279792686501669,0.12666634672249918,0.5441063623942215,-0.3199481716254173,0.0,0.5441063623942215,-0.3199481716254173,0.0,-39.455893637605776,-0.3199481716254173,-263.27731514697575,1.2742520072942094,9.829634364682063,-7.1535163361796,0.25,2.0,False,False,True,applied
2026-06-06_run02_reverse_grid_3x3_pm40_on_r02,30100,30109,9,-40.0,0.0,-263.27731514697575,-31.5701169698783,-1.16374910864958,-263.763378545234,1.0,10.0,-7.0,-2.176425449576886,1.279792686501669,0.12666634672249918,0.5441063623942215,-0.3199481716254173,0.0,0.5441063623942215,-0.3199481716254173,0.0,-39.455893637605776,-0.3199481716254173,-263.27731514697575,1.2742520072942094,9.829634364682063,-7.1535163361796,0.25,2.0,False,False,False,applied
2026-06-06_run02_reverse_grid_3x3_pm40_on_r02,30200,30203,3,-40.0,0.0,-263.27731514697575,-31.5701169698783,-1.16374910864958,-263.763378545234,1.0,10.0,-7.0,-2.176425449576886,1.279792686501669,0.12666634672249918,0.5441063623942215,-0.3199481716254173,0.0,0.5441063623942215,-0.3199481716254173,0.0,-39.455893637605776,-0.3199481716254173,-263.27731514697575,1.2742520072942094,9.829634364682063,-7.1535163361796,0.25,2.0,False,False,False,applied
2026-06-06_run02_reverse_grid_3x3_pm40_on_r02,30300,30312,12,-40.0,0.0,-263.27731514697575,-31.5701169698783,-1.16374910864958,-263.763378545234,1.0,10.0,-7.0,-2.176425449576886,1.279792686501669,0.12666634672249918,0.5441063623942215,-0.3199481716254173,0.0,0.5441063623942215,-0.3199481716254173,0.0,-39.455893637605776,-0.3199481716254173,-263.27731514697575,1.2742520072942094,9.829634364682063,-7.1535163361796,0.25,2.0,False,False,False,applied
2026-06-06_run02_reverse_grid_3x3_pm40_on_r02,30400,30406,6,-40.0,0.0,-263.27731514697575,-31.5701169698783,-1.16374910864958,-263.763378545234,1.0,10.0,-7.0,-2.176425449576886,1.279792686501669,0.12666634672249918,0.5441063623942215,-0.3199481716254173,0.0,0.5441063623942215,-0.3199481716254173,0.0,-39.455893637605776,-0.3199481716254173,-263.27731514697575,1.2742520072942094,9.829634364682063,-7.1535163361796,0.25,2.0,False,False,False,applied
2026-06-06_run02_reverse_grid_3x3_pm40_on_r02,30500,30500,0,-40.0,0.0,-263.27731514697575,-39.5103092542498,-1.49076710313197,-263.305862425306,1.0,10.0,-7.0,-1.577153072818255,2.2488476276815472,0.04150164267837716,0.39428826820456375,-0.5622119069203868,0.0,0.39428826820456375,-0.5622119069203868,0.0,-39.60571173179544,-0.5622119069203868,-263.27731514697575,1.224163987704701,9.9007292434007,-7.145156812219252,0.25,2.0,False,False,True,applied
2026-06-06_run02_reverse_grid_3x3_pm40_on_r02,30600,30609,9,-40.0,0.0,-263.27731514697575,-39.5103092542498,-1.49076710313197,-263.305862425306,1.0,10.0,-7.0,-1.577153072818255,2.2488476276815472,0.04150164267837716,0.39428826820456375,-0.5622119069203868,0.0,0.39428826820456375,-0.5622119069203868,0.0,-39.60571173179544,-0.5622119069203868,-263.27731514697575,1.224163987704701,9.9007292434007,-7.145156812219252,0.25,2.0,False,False,False,applied
2026-06-06_run02_reverse_grid_3x3_pm40_on_r02,30700,30703,3,-40.0,0.0,-263.27731514697575,-39.5103092542498,-1.49076710313197,-263.305862425306,1.0,10.0,-7.0,-1.577153072818255,2.2488476276815472,0.04150164267837716,0.39428826820456375,-0.5622119069203868,0.0,0.39428826820456375,-0.5622119069203868,0.0,-39.60571173179544,-0.5622119069203868,-263.27731514697575,1.224163987704701,9.9007292434007,-7.145156812219252,0.25,2.0,False,False,False,applied
2026-06-06_run02_reverse_grid_3x3_pm40_on_r02,30800,30812,12,-40.0,0.0,-263.27731514697575,-39.5103092542498,-1.49076710313197,-263.305862425306,1.0,10.0,-7.0,-1.577153072818255,2.2488476276815472,0.04150164267837716,0.39428826820456375,-0.5622119069203868,0.0,0.39428826820456375,-0.5622119069203868,0.0,-39.60571173179544,-0.5622119069203868,-263.27731514697575,1.224163987704701,9.9007292434007,-7.145156812219252,0.25,2.0,False,False,False,applied
2026-06-06_run02_reverse_grid_3x3_pm40_on_r02,30900,30906,6,-40.0,0.0,-263.27731514697575,-39.5103092542498,-1.49076710313197,-263.305862425306,1.0,10.0,-7.0,-1.577153072818255,2.2488476276815472,0.04150164267837716,0.39428826820456375,-0.5622119069203868,0.0,0.39428826820456375,-0.5622119069203868,0.0,-39.60571173179544,-0.5622119069203868,-263.27731514697575,1.224163987704701,9.9007292434007,-7.145156812219252,0.25,2.0,False,False,False,applied
2026-06-06_run02_reverse_grid_3x3_pm40_on_r02,31000,31000,0,-40.0,0.0,-263.27731514697575,-39.5116236798599,-1.49082261549525,-263.305766839923,1.0,10.0,-7.0,-1.5770659889707563,2.249045636929366,0.041483906197480484,0.3942664972426891,-0.5622614092323415,0.0,0.3942664972426891,-0.5622614092323415,0.0,-39.60573350275731,-0.5622614092323415,-263.27731514697575,1.2241531581964418,9.900741328810668,-7.145153794200109,0.25,2.0,False,False,True,applied
2026-06-06_run02_reverse_grid_3x3_pm40_on_r02,31100,31109,9,-40.0,0.0,-263.27731514697575,-39.5116236798599,-1.49082261549525,-263.305766839923,1.0,10.0,-7.0,-1.5770659889707563,2.249045636929366,0.041483906197480484,0.3942664972426891,-0.5622614092323415,0.0,0.3942664972426891,-0.5622614092323415,0.0,-39.60573350275731,-0.5622614092323415,-263.27731514697575,1.2241531581964418,9.900741328810668,-7.145153794200109,0.25,2.0,False,False,False,applied
2026-06-06_run02_reverse_grid_3x3_pm40_on_r02,31200,31203,3,-40.0,0.0,-263.27731514697575,-39.5116236798599,-1.49082261549525,-263.305766839923,1.0,10.0,-7.0,-1.5770659889707563,2.249045636929366,0.041483906197480484,0.3942664972426891,-0.5622614092323415,0.0,0.3942664972426891,-0.5622614092323415,0.0,-39.60573350275731,-0.5622614092323415,-263.27731514697575,1.2241531581964418,9.900741328810668,-7.145153794200109,0.25,2.0,False,False,False,applied
2026-06-06_run02_reverse_grid_3x3_pm40_on_r02,31300,31312,12,-40.0,0.0,-263.27731514697575,-39.5116236798599,-1.49082261549525,-263.305766839923,1.0,10.0,-7.0,-1.5770659889707563,2.249045636929366,0.041483906197480484,0.3942664972426891,-0.5622614092323415,0.0,0.3942664972426891,-0.5622614092323415,0.0,-39.60573350275731,-0.5622614092323415,-263.27731514697575,1.2241531581964418,9.900741328810668,-7.145153794200109,0.25,2.0,False,False,False,applied
2026-06-06_run02_reverse_grid_3x3_pm40_on_r02,31400,31406,6,-40.0,0.0,-263.27731514697575,-39.5116236798599,-1.49082261549525,-263.305766839923,1.0,10.0,-7.0,-1.5770659889707563,2.249045636929366,0.041483906197480484,0.3942664972426891,-0.5622614092323415,0.0,0.3942664972426891,-0.5622614092323415,0.0,-39.60573350275731,-0.5622614092323415,-263.27731514697575,1.2241531581964418,9.900741328810668,-7.145153794200109,0.25,2.0,False,False,False,applied
2026-06-06_run02_reverse_grid_3x3_pm40_on_r02,31500,31500,0,-40.0,0.0,-263.27731514697575,-39.5113373980688,-1.49081052486873,-263.305787658931,1.0,10.0,-7.0,-1.577084955508489,2.249002509547716,0.041487769296780046,0.39427123887712223,-0.562250627386929,0.0,0.39427123887712223,-0.562250627386929,0.0,-39.605728761122876,-0.562250627386929,-263.27731514697575,1.2241555169287657,9.9007386966009,-7.145154451567733,0.25,2.0,False,False,True,applied
2026-06-06_run02_reverse_grid_3x3_pm40_on_r02,31600,31609,9,-40.0,0.0,-263.27731514697575,-39.5113373980688,-1.49081052486873,-263.305787658931,1.0,10.0,-7.0,-1.577084955508489,2.249002509547716,0.041487769296780046,0.39427123887712223,-0.562250627386929,0.0,0.39427123887712223,-0.562250627386929,0.0,-39.605728761122876,-0.562250627386929,-263.27731514697575,1.2241555169287657,9.9007386966009,-7.145154451567733,0.25,2.0,False,False,False,applied
2026-06-06_run02_reverse_grid_3x3_pm40_on_r02,31700,31703,3,-40.0,0.0,-263.27731514697575,-39.5113373980688,-1.49081052486873,-263.305787658931,1.0,10.0,-7.0,-1.577084955508489,2.249002509547716,0.041487769296780046,0.39427123887712223,-0.562250627386929,0.0,0.39427123887712223,-0.562250627386929,0.0,-39.605728761122876,-0.562250627386929,-263.27731514697575,1.2241555169287657,9.9007386966009,-7.145154451567733,0.25,2.0,False,False,False,applied
2026-06-06_run02_reverse_grid_3x3_pm40_on_r02,31800,31812,12,-40.0,0.0,-263.27731514697575,-39.5113373980688,-1.49081052486873,-263.305787658931,1.0,10.0,-7.0,-1.577084955508489,2.249002509547716,0.041487769296780046,0.39427123887712223,-0.562250627386929,0.0,0.39427123887712223,-0.562250627386929,0.0,-39.605728761122876,-0.562250627386929,-263.27731514697575,1.2241555169287657,9.9007386966009,-7.145154451567733,0.25,2.0,False,False,False,applied
2026-06-06_run02_reverse_grid_3x3_pm40_on_r02,31900,31906,6,-40.0,0.0,-263.27731514697575,-39.5113373980688,-1.49081052486873,-263.305787658931,1.0,10.0,-7.0,-1.577084955508489,2.249002509547716,0.041487769296780046,0.39427123887712223,-0.562250627386929,0.0,0.39427123887712223,-0.562250627386929,0.0,-39.605728761122876,-0.562250627386929,-263.27731514697575,1.2241555169287657,9.9007386966009,-7.145154451567733,0.25,2.0,False,False,False,applied
2026-06-06_run02_reverse_grid_3x3_pm40_on_r02,32000,32000,0,-40.0,0.0,-263.27731514697575,-39.5115590204394,-1.49081988471742,-263.305771542044,1.0,10.0,-7.0,-1.5770702727692592,2.2490358962952954,0.04148477870602815,0.3942675681923148,-0.5622589740738239,0.0,0.3942675681923148,-0.5622589740738239,0.0,-39.60573243180769,-0.5622589740738239,-263.27731514697575,1.22415369093224,9.900740734302167,-7.145153942668073,0.25,2.0,False,False,True,applied
2026-06-06_run02_reverse_grid_3x3_pm40_on_r02,32100,32109,9,-40.0,0.0,-263.27731514697575,-39.5115590204394,-1.49081988471742,-263.305771542044,1.0,10.0,-7.0,-1.5770702727692592,2.2490358962952954,0.04148477870602815,0.3942675681923148,-0.5622589740738239,0.0,0.3942675681923148,-0.5622589740738239,0.0,-39.60573243180769,-0.5622589740738239,-263.27731514697575,1.22415369093224,9.900740734302167,-7.145153942668073,0.25,2.0,False,False,False,applied
2026-06-06_run02_reverse_grid_3x3_pm40_on_r02,32200,32203,3,-40.0,0.0,-263.27731514697575,-39.5115590204394,-1.49081988471742,-263.305771542044,1.0,10.0,-7.0,-1.5770702727692592,2.2490358962952954,0.04148477870602815,0.3942675681923148,-0.5622589740738239,0.0,0.3942675681923148,-0.5622589740738239,0.0,-39.60573243180769,-0.5622589740738239,-263.27731514697575,1.22415369093224,9.900740734302167,-7.145153942668073,0.25,2.0,False,False,False,applied
2026-06-06_run02_reverse_grid_3x3_pm40_on_r02,32300,32312,12,-40.0,0.0,-263.27731514697575,-39.5115590204394,-1.49081988471742,-263.305771542044,1.0,10.0,-7.0,-1.5770702727692592,2.2490358962952954,0.04148477870602815,0.3942675681923148,-0.5622589740738239,0.0,0.3942675681923148,-0.5622589740738239,0.0,-39.60573243180769,-0.5622589740738239,-263.27731514697575,1.22415369093224,9.900740734302167,-7.145153942668073,0.25,2.0,False,False,False,applied
2026-06-06_run02_reverse_grid_3x3_pm40_on_r02,32400,32406,6,-40.0,0.0,-263.27731514697575,-39.5115590204394,-1.49081988471742,-263.305771542044,1.0,10.0,-7.0,-1.5770702727692592,2.2490358962952954,0.04148477870602815,0.3942675681923148,-0.5622589740738239,0.0,0.3942675681923148,-0.5622589740738239,0.0,-39.60573243180769,-0.5622589740738239,-263.27731514697575,1.22415369093224,9.900740734302167,-7.145153942668073,0.25,2.0,False,False,False,applied
2026-06-06_run02_reverse_grid_3x3_pm40_on_r02,32500,32500,0,-40.0,0.0,-263.27731514697575,-39.5111225657553,-1.4908014518133,-263.30580328169,1.0,10.0,-7.0,-1.5770991886059433,2.248970146344918,0.041490668199694644,0.39427479715148583,-0.5622425365862295,0.0,0.39427479715148583,-0.5622425365862295,0.0,-39.60572520284851,-0.5622425365862295,-263.27731514697575,1.224157286937054,9.900736721336083,-7.14515494484612,0.25,2.0,False,False,True,applied
2026-06-06_run02_reverse_grid_3x3_pm40_on_r02,32600,32609,9,-40.0,0.0,-263.27731514697575,-39.5111225657553,-1.4908014518133,-263.30580328169,1.0,10.0,-7.0,-1.5770991886059433,2.248970146344918,0.041490668199694644,0.39427479715148583,-0.5622425365862295,0.0,0.39427479715148583,-0.5622425365862295,0.0,-39.60572520284851,-0.5622425365862295,-263.27731514697575,1.224157286937054,9.900736721336083,-7.14515494484612,0.25,2.0,False,False,False,applied
2026-06-06_run02_reverse_grid_3x3_pm40_on_r02,32700,32703,3,-40.0,0.0,-263.27731514697575,-39.5111225657553,-1.4908014518133,-263.30580328169,1.0,10.0,-7.0,-1.5770991886059433,2.248970146344918,0.041490668199694644,0.39427479715148583,-0.5622425365862295,0.0,0.39427479715148583,-0.5622425365862295,0.0,-39.60572520284851,-0.5622425365862295,-263.27731514697575,1.224157286937054,9.900736721336083,-7.14515494484612,0.25,2.0,False,False,False,applied
2026-06-06_run02_reverse_grid_3x3_pm40_on_r02,32800,32812,12,-40.0,0.0,-263.27731514697575,-39.5111225657553,-1.4908014518133,-263.30580328169,1.0,10.0,-7.0,-1.5770991886059433,2.248970146344918,0.041490668199694644,0.39427479715148583,-0.5622425365862295,0.0,0.39427479715148583,-0.5622425365862295,0.0,-39.60572520284851,-0.5622425365862295,-263.27731514697575,1.224157286937054,9.900736721336083,-7.14515494484612,0.25,2.0,False,False,False,applied
2026-06-06_run02_reverse_grid_3x3_pm40_on_r02,32900,32906,6,-40.0,0.0,-263.27731514697575,-39.5111225657553,-1.4908014518133,-263.30580328169,1.0,10.0,-7.0,-1.5770991886059433,2.248970146344918,0.041490668199694644,0.39427479715148583,-0.5622425365862295,0.0,0.39427479715148583,-0.5622425365862295,0.0,-39.60572520284851,-0.5622425365862295,-263.27731514697575,1.224157286937054,9.900736721336083,-7.14515494484612,0.25,2.0,False,False,False,applied
2026-06-06_run02_reverse_grid_3x3_pm40_on_r02,33000,33000,0,-40.0,0.0,-263.27731514697575,-39.5112351883507,-1.490806208254,-263.305795091311,1.0,10.0,-7.0,-1.5770917273538518,2.248987112991583,0.041489148423314984,0.39427293183846296,-0.5622467782478957,0.0,0.39427293183846296,-0.5622467782478957,0.0,-39.605727068161535,-0.5622467782478957,-263.27731514697575,1.224156358987756,9.900737756844734,-7.1451546862206445,0.25,2.0,False,False,True,applied
2026-06-06_run02_reverse_grid_3x3_pm40_on_r02,33100,33109,9,-40.0,0.0,-263.27731514697575,-39.5112351883507,-1.490806208254,-263.305795091311,1.0,10.0,-7.0,-1.5770917273538518,2.248987112991583,0.041489148423314984,0.39427293183846296,-0.5622467782478957,0.0,0.39427293183846296,-0.5622467782478957,0.0,-39.605727068161535,-0.5622467782478957,-263.27731514697575,1.224156358987756,9.900737756844734,-7.1451546862206445,0.25,2.0,False,False,False,applied
2026-06-06_run02_reverse_grid_3x3_pm40_on_r02,33200,33203,3,-40.0,0.0,-263.27731514697575,-39.5112351883507,-1.490806208254,-263.305795091311,1.0,10.0,-7.0,-1.5770917273538518,2.248987112991583,0.041489148423314984,0.39427293183846296,-0.5622467782478957,0.0,0.39427293183846296,-0.5622467782478957,0.0,-39.605727068161535,-0.5622467782478957,-263.27731514697575,1.224156358987756,9.900737756844734,-7.1451546862206445,0.25,2.0,False,False,False,applied
2026-06-06_run02_reverse_grid_3x3_pm40_on_r02,33300,33312,12,-40.0,0.0,-263.27731514697575,-39.5112351883507,-1.490806208254,-263.305795091311,1.0,10.0,-7.0,-1.5770917273538518,2.248987112991583,0.041489148423314984,0.39427293183846296,-0.5622467782478957,0.0,0.39427293183846296,-0.5622467782478957,0.0,-39.605727068161535,-0.5622467782478957,-263.27731514697575,1.224156358987756,9.900737756844734,-7.1451546862206445,0.25,2.0,False,False,False,applied
2026-06-06_run02_reverse_grid_3x3_pm40_on_r02,33400,33406,6,-40.0,0.0,-263.27731514697575,-39.5112351883507,-1.490806208254,-263.305795091311,1.0,10.0,-7.0,-1.5770917273538518,2.248987112991583,0.041489148423314984,0.39427293183846296,-0.5622467782478957,0.0,0.39427293183846296,-0.5622467782478957,0.0,-39.605727068161535,-0.5622467782478957,-263.27731514697575,1.224156358987756,9.900737756844734,-7.1451546862206445,0.25,2.0,False,False,False,applied
2026-06-06_run02_reverse_grid_3x3_pm40_on_r02,33500,33500,0,-40.0,0.0,-263.27731514697575,-39.5109260619866,-1.49079315284284,-263.305817571441,1.0,10.0,-7.0,-1.5771122074857309,2.2489405444986175,0.041493319754784166,0.3942780518714327,-0.5622351361246544,0.0,0.3942780518714327,-0.5622351361246544,0.0,-39.60572194812857,-0.5622351361246544,-263.27731514697575,1.2241589059177005,9.900734914594363,-7.145155396029152,0.25,2.0,False,False,True,applied
2026-06-06_run02_reverse_grid_3x3_pm40_on_r02,33600,33609,9,-40.0,0.0,-263.27731514697575,-39.5109260619866,-1.49079315284284,-263.305817571441,1.0,10.0,-7.0,-1.5771122074857309,2.2489405444986175,0.041493319754784166,0.3942780518714327,-0.5622351361246544,0.0,0.3942780518714327,-0.5622351361246544,0.0,-39.60572194812857,-0.5622351361246544,-263.27731514697575,1.2241589059177005,9.900734914594363,-7.145155396029152,0.25,2.0,False,False,False,applied
2026-06-06_run02_reverse_grid_3x3_pm40_on_r02,33700,33703,3,-40.0,0.0,-263.27731514697575,-39.5109260619866,-1.49079315284284,-263.305817571441,1.0,10.0,-7.0,-1.5771122074857309,2.2489405444986175,0.041493319754784166,0.3942780518714327,-0.5622351361246544,0.0,0.3942780518714327,-0.5622351361246544,0.0,-39.60572194812857,-0.5622351361246544,-263.27731514697575,1.2241589059177005,9.900734914594363,-7.145155396029152,0.25,2.0,False,False,False,applied
2026-06-06_run02_reverse_grid_3x3_pm40_on_r02,33800,33812,12,-40.0,0.0,-263.27731514697575,-39.5109260619866,-1.49079315284284,-263.305817571441,1.0,10.0,-7.0,-1.5771122074857309,2.2489405444986175,0.041493319754784166,0.3942780518714327,-0.5622351361246544,0.0,0.3942780518714327,-0.5622351361246544,0.0,-39.60572194812857,-0.5622351361246544,-263.27731514697575,1.2241589059177005,9.900734914594363,-7.145155396029152,0.25,2.0,False,False,False,applied
2026-06-06_run02_reverse_grid_3x3_pm40_on_r02,33900,33906,6,-40.0,0.0,-263.27731514697575,-39.5109260619866,-1.49079315284284,-263.305817571441,1.0,10.0,-7.0,-1.5771122074857309,2.2489405444986175,0.041493319754784166,0.3942780518714327,-0.5622351361246544,0.0,0.3942780518714327,-0.5622351361246544,0.0,-39.60572194812857,-0.5622351361246544,-263.27731514697575,1.2241589059177005,9.900734914594363,-7.145155396029152,0.25,2.0,False,False,False,applied
2026-06-06_run02_reverse_grid_3x3_pm40_on_r02,34000,34000,0,-40.0,0.0,-263.27731514697575,-39.5107952339601,-1.49078762756382,-263.305827085299,1.0,10.0,-7.0,-1.577120875150798,2.2489208361324997,0.041495085112130986,0.3942802187876995,-0.5622302090331249,0.0,0.3942802187876995,-0.5622302090331249,0.0,-39.6057197812123,-0.5622302090331249,-263.27731514697575,1.2241599838066552,9.900733711703602,-7.145155696419792,0.25,2.0,False,False,True,applied
2026-06-06_run02_reverse_grid_3x3_pm40_on_r02,34100,34109,9,-40.0,0.0,-263.27731514697575,-39.5107952339601,-1.49078762756382,-263.305827085299,1.0,10.0,-7.0,-1.577120875150798,2.2489208361324997,0.041495085112130986,0.3942802187876995,-0.5622302090331249,0.0,0.3942802187876995,-0.5622302090331249,0.0,-39.6057197812123,-0.5622302090331249,-263.27731514697575,1.2241599838066552,9.900733711703602,-7.145155696419792,0.25,2.0,False,False,False,applied
2026-06-06_run02_reverse_grid_3x3_pm40_on_r02,34200,34203,3,-40.0,0.0,-263.27731514697575,-39.5107952339601,-1.49078762756382,-263.305827085299,1.0,10.0,-7.0,-1.577120875150798,2.2489208361324997,0.041495085112130986,0.3942802187876995,-0.5622302090331249,0.0,0.3942802187876995,-0.5622302090331249,0.0,-39.6057197812123,-0.5622302090331249,-263.27731514697575,1.2241599838066552,9.900733711703602,-7.145155696419792,0.25,2.0,False,False,False,applied
2026-06-06_run02_reverse_grid_3x3_pm40_on_r02,34300,34312,12,-40.0,0.0,-263.27731514697575,-39.5107952339601,-1.49078762756382,-263.305827085299,1.0,10.0,-7.0,-1.577120875150798,2.2489208361324997,0.041495085112130986,0.3942802187876995,-0.5622302090331249,0.0,0.3942802187876995,-0.5622302090331249,0.0,-39.6057197812123,-0.5622302090331249,-263.27731514697575,1.2241599838066552,9.900733711703602,-7.145155696419792,0.25,2.0,False,False,False,applied
2026-06-06_run02_reverse_grid_3x3_pm40_on_r02,34400,34406,6,-40.0,0.0,-263.27731514697575,-39.5107952339601,-1.49078762756382,-263.305827085299,1.0,10.0,-7.0,-1.577120875150798,2.2489208361324997,0.041495085112130986,0.3942802187876995,-0.5622302090331249,0.0,0.3942802187876995,-0.5622302090331249,0.0,-39.6057197812123,-0.5622302090331249,-263.27731514697575,1.2241599838066552,9.900733711703602,-7.145155696419792,0.25,2.0,False,False,False,applied
2026-06-06_run02_reverse_grid_3x3_pm40_on_r02,34500,34500,0,-40.0,0.0,-263.27731514697575,-39.5107238305544,-1.4907846119762,-263.305832277739,1.0,10.0,-7.0,-1.5771256058188627,2.2489100797625223,0.04149604860276221,0.3942814014547157,-0.5622275199406306,0.0,0.3942814014547157,-0.5622275199406306,0.0,-39.60571859854529,-0.5622275199406306,-263.27731514697575,1.2241605720926072,9.90073305518967,-7.145155860366358,0.25,2.0,False,False,True,applied
2026-06-06_run02_reverse_grid_3x3_pm40_on_r02,34600,34609,9,-40.0,0.0,-263.27731514697575,-39.5107238305544,-1.4907846119762,-263.305832277739,1.0,10.0,-7.0,-1.5771256058188627,2.2489100797625223,0.04149604860276221,0.3942814014547157,-0.5622275199406306,0.0,0.3942814014547157,-0.5622275199406306,0.0,-39.60571859854529,-0.5622275199406306,-263.27731514697575,1.2241605720926072,9.90073305518967,-7.145155860366358,0.25,2.0,False,False,False,applied
2026-06-06_run02_reverse_grid_3x3_pm40_on_r02,34700,34703,3,-40.0,0.0,-263.27731514697575,-39.5107238305544,-1.4907846119762,-263.305832277739,1.0,10.0,-7.0,-1.5771256058188627,2.2489100797625223,0.04149604860276221,0.3942814014547157,-0.5622275199406306,0.0,0.3942814014547157,-0.5622275199406306,0.0,-39.60571859854529,-0.5622275199406306,-263.27731514697575,1.2241605720926072,9.90073305518967,-7.145155860366358,0.25,2.0,False,False,False,applied
2026-06-06_run02_reverse_grid_3x3_pm40_on_r02,34800,34812,12,-40.0,0.0,-263.27731514697575,-39.5107238305544,-1.4907846119762,-263.305832277739,1.0,10.0,-7.0,-1.5771256058188627,2.2489100797625223,0.04149604860276221,0.3942814014547157,-0.5622275199406306,0.0,0.3942814014547157,-0.5622275199406306,0.0,-39.60571859854529,-0.5622275199406306,-263.27731514697575,1.2241605720926072,9.90073305518967,-7.145155860366358,0.25,2.0,False,False,False,applied
2026-06-06_run02_reverse_grid_3x3_pm40_on_r02,34900,34906,6,-40.0,0.0,-263.27731514697575,-39.5107238305544,-1.4907846119762,-263.305832277739,1.0,10.0,-7.0,-1.5771256058188627,2.2489100797625223,0.04149604860276221,0.3942814014547157,-0.5622275199406306,0.0,0.3942814014547157,-0.5622275199406306,0.0,-39.60571859854529,-0.5622275199406306,-263.27731514697575,1.2241605720926072,9.90073305518967,-7.145155860366358,0.25,2.0,False,False,False,applied
2026-06-06_run02_reverse_grid_3x3_pm40_on_r02,35000,35000,0,40.0,-40.0,-263.27731514697575,24.1113415744072,-31.6640706745609,-265.653642026123,-7.0,-1.0,16.0,-1.6449956782237711,-8.366058756499237,0.4439987263505577,0.4112489195559428,2.0915146891248093,0.0,0.38586613238499107,1.9624238400198488,0.0,40.38586613238499,-38.03757615998015,-263.27731514697575,-6.8316534698953495,-1.3164068939134692,15.799941360992758,0.25,2.0,True,False,True,applied_clamped
2026-06-06_run02_reverse_grid_3x3_pm40_on_r02,35100,35109,9,40.0,-40.0,-263.27731514697575,24.1113415744072,-31.6640706745609,-265.653642026123,-7.0,-1.0,16.0,-1.6449956782237711,-8.366058756499237,0.4439987263505577,0.4112489195559428,2.0915146891248093,0.0,0.38586613238499107,1.9624238400198488,0.0,40.38586613238499,-38.03757615998015,-263.27731514697575,-6.8316534698953495,-1.3164068939134692,15.799941360992758,0.25,2.0,True,False,False,applied_clamped
2026-06-06_run02_reverse_grid_3x3_pm40_on_r02,35200,35203,3,40.0,-40.0,-263.27731514697575,24.1113415744072,-31.6640706745609,-265.653642026123,-7.0,-1.0,16.0,-1.6449956782237711,-8.366058756499237,0.4439987263505577,0.4112489195559428,2.0915146891248093,0.0,0.38586613238499107,1.9624238400198488,0.0,40.38586613238499,-38.03757615998015,-263.27731514697575,-6.8316534698953495,-1.3164068939134692,15.799941360992758,0.25,2.0,True,False,False,applied_clamped
2026-06-06_run02_reverse_grid_3x3_pm40_on_r02,35300,35312,12,40.0,-40.0,-263.27731514697575,24.1113415744072,-31.6640706745609,-265.653642026123,-7.0,-1.0,16.0,-1.6449956782237711,-8.366058756499237,0.4439987263505577,0.4112489195559428,2.0915146891248093,0.0,0.38586613238499107,1.9624238400198488,0.0,40.38586613238499,-38.03757615998015,-263.27731514697575,-6.8316534698953495,-1.3164068939134692,15.799941360992758,0.25,2.0,True,False,False,applied_clamped
2026-06-06_run02_reverse_grid_3x3_pm40_on_r02,35400,35406,6,40.0,-40.0,-263.27731514697575,24.1113415744072,-31.6640706745609,-265.653642026123,-7.0,-1.0,16.0,-1.6449956782237711,-8.366058756499237,0.4439987263505577,0.4112489195559428,2.0915146891248093,0.0,0.38586613238499107,1.9624238400198488,0.0,40.38586613238499,-38.03757615998015,-263.27731514697575,-6.8316534698953495,-1.3164068939134692,15.799941360992758,0.25,2.0,True,False,False,applied_clamped
2026-06-06_run02_reverse_grid_3x3_pm40_on_r02,35500,35500,0,40.0,-40.0,-263.27731514697575,40.162195623989,-39.2119188634891,-263.401322161351,-7.0,-1.0,16.0,-4.902973928757861,-4.620347669725299,0.03773824849234574,1.2257434821894653,1.1550869174313247,0.0,1.2257434821894653,1.1550869174313247,0.0,41.225743482189465,-38.844913082568674,-263.27731514697575,-6.918694091910956,-1.2837231637605573,16.173110618437416,0.25,2.0,False,False,True,applied
2026-06-06_run02_reverse_grid_3x3_pm40_on_r02,35600,35609,9,40.0,-40.0,-263.27731514697575,40.162195623989,-39.2119188634891,-263.401322161351,-7.0,-1.0,16.0,-4.902973928757861,-4.620347669725299,0.03773824849234574,1.2257434821894653,1.1550869174313247,0.0,1.2257434821894653,1.1550869174313247,0.0,41.225743482189465,-38.844913082568674,-263.27731514697575,-6.918694091910956,-1.2837231637605573,16.173110618437416,0.25,2.0,False,False,False,applied
2026-06-06_run02_reverse_grid_3x3_pm40_on_r02,35700,35703,3,40.0,-40.0,-263.27731514697575,40.162195623989,-39.2119188634891,-263.401322161351,-7.0,-1.0,16.0,-4.902973928757861,-4.620347669725299,0.03773824849234574,1.2257434821894653,1.1550869174313247,0.0,1.2257434821894653,1.1550869174313247,0.0,41.225743482189465,-38.844913082568674,-263.27731514697575,-6.918694091910956,-1.2837231637605573,16.173110618437416,0.25,2.0,False,False,False,applied
2026-06-06_run02_reverse_grid_3x3_pm40_on_r02,35800,35812,12,40.0,-40.0,-263.27731514697575,40.162195623989,-39.2119188634891,-263.401322161351,-7.0,-1.0,16.0,-4.902973928757861,-4.620347669725299,0.03773824849234574,1.2257434821894653,1.1550869174313247,0.0,1.2257434821894653,1.1550869174313247,0.0,41.225743482189465,-38.844913082568674,-263.27731514697575,-6.918694091910956,-1.2837231637605573,16.173110618437416,0.25,2.0,False,False,False,applied
2026-06-06_run02_reverse_grid_3x3_pm40_on_r02,35900,35906,6,40.0,-40.0,-263.27731514697575,40.162195623989,-39.2119188634891,-263.401322161351,-7.0,-1.0,16.0,-4.902973928757861,-4.620347669725299,0.03773824849234574,1.2257434821894653,1.1550869174313247,0.0,1.2257434821894653,1.1550869174313247,0.0,41.225743482189465,-38.844913082568674,-263.27731514697575,-6.918694091910956,-1.2837231637605573,16.173110618437416,0.25,2.0,False,False,False,applied
2026-06-06_run02_reverse_grid_3x3_pm40_on_r02,36000,36000,0,40.0,-40.0,-263.27731514697575,40.1621169470422,-39.2118819197499,-263.401335997408,-7.0,-1.0,16.0,-4.902956255064134,-4.620371335041233,0.03774075248450936,1.2257390637660335,1.1550928337603084,0.0,1.2257390637660335,1.1550928337603084,0.0,41.225739063766035,-38.84490716623969,-263.27731514697575,-6.918693338520353,-1.2837236638657092,16.173108348535074,0.25,2.0,False,False,True,applied
2026-06-06_run02_reverse_grid_3x3_pm40_on_r02,36100,36109,9,40.0,-40.0,-263.27731514697575,40.1621169470422,-39.2118819197499,-263.401335997408,-7.0,-1.0,16.0,-4.902956255064134,-4.620371335041233,0.03774075248450936,1.2257390637660335,1.1550928337603084,0.0,1.2257390637660335,1.1550928337603084,0.0,41.225739063766035,-38.84490716623969,-263.27731514697575,-6.918693338520353,-1.2837236638657092,16.173108348535074,0.25,2.0,False,False,False,applied
2026-06-06_run02_reverse_grid_3x3_pm40_on_r02,36200,36203,3,40.0,-40.0,-263.27731514697575,40.1621169470422,-39.2118819197499,-263.401335997408,-7.0,-1.0,16.0,-4.902956255064134,-4.620371335041233,0.03774075248450936,1.2257390637660335,1.1550928337603084,0.0,1.2257390637660335,1.1550928337603084,0.0,41.225739063766035,-38.84490716623969,-263.27731514697575,-6.918693338520353,-1.2837236638657092,16.173108348535074,0.25,2.0,False,False,False,applied
2026-06-06_run02_reverse_grid_3x3_pm40_on_r02,36300,36312,12,40.0,-40.0,-263.27731514697575,40.1621169470422,-39.2118819197499,-263.401335997408,-7.0,-1.0,16.0,-4.902956255064134,-4.620371335041233,0.03774075248450936,1.2257390637660335,1.1550928337603084,0.0,1.2257390637660335,1.1550928337603084,0.0,41.225739063766035,-38.84490716623969,-263.27731514697575,-6.918693338520353,-1.2837236638657092,16.173108348535074,0.25,2.0,False,False,False,applied
2026-06-06_run02_reverse_grid_3x3_pm40_on_r02,36400,36406,6,40.0,-40.0,-263.27731514697575,40.1621169470422,-39.2118819197499,-263.401335997408,-7.0,-1.0,16.0,-4.902956255064134,-4.620371335041233,0.03774075248450936,1.2257390637660335,1.1550928337603084,0.0,1.2257390637660335,1.1550928337603084,0.0,41.225739063766035,-38.84490716623969,-263.27731514697575,-6.918693338520353,-1.2837236638657092,16.173108348535074,0.25,2.0,False,False,False,applied
2026-06-06_run02_reverse_grid_3x3_pm40_on_r02,36500,36500,0,40.0,-40.0,-263.27731514697575,40.161529733178,-39.2116061861856,-263.40143926482,-7.0,-1.0,16.0,-4.90282434523672,-4.620547964643976,0.037759441393280455,1.22570608630918,1.155136991160994,0.0,1.22570608630918,1.155136991160994,0.0,41.22570608630918,-38.844863008839006,-263.27731514697575,-6.918687715470532,-1.283727396491291,16.173091406811807,0.25,2.0,False,False,True,applied
2026-06-06_run02_reverse_grid_3x3_pm40_on_r02,36600,36609,9,40.0,-40.0,-263.27731514697575,40.161529733178,-39.2116061861856,-263.40143926482,-7.0,-1.0,16.0,-4.90282434523672,-4.620547964643976,0.037759441393280455,1.22570608630918,1.155136991160994,0.0,1.22570608630918,1.155136991160994,0.0,41.22570608630918,-38.844863008839006,-263.27731514697575,-6.918687715470532,-1.283727396491291,16.173091406811807,0.25,2.0,False,False,False,applied
2026-06-06_run02_reverse_grid_3x3_pm40_on_r02,36700,36703,3,40.0,-40.0,-263.27731514697575,40.161529733178,-39.2116061861856,-263.40143926482,-7.0,-1.0,16.0,-4.90282434523672,-4.620547964643976,0.037759441393280455,1.22570608630918,1.155136991160994,0.0,1.22570608630918,1.155136991160994,0.0,41.22570608630918,-38.844863008839006,-263.27731514697575,-6.918687715470532,-1.283727396491291,16.173091406811807,0.25,2.0,False,False,False,applied
2026-06-06_run02_reverse_grid_3x3_pm40_on_r02,36800,36812,12,40.0,-40.0,-263.27731514697575,40.161529733178,-39.2116061861856,-263.40143926482,-7.0,-1.0,16.0,-4.90282434523672,-4.620547964643976,0.037759441393280455,1.22570608630918,1.155136991160994,0.0,1.22570608630918,1.155136991160994,0.0,41.22570608630918,-38.844863008839006,-263.27731514697575,-6.918687715470532,-1.283727396491291,16.173091406811807,0.25,2.0,False,False,False,applied
2026-06-06_run02_reverse_grid_3x3_pm40_on_r02,36900,36906,6,40.0,-40.0,-263.27731514697575,40.161529733178,-39.2116061861856,-263.40143926482,-7.0,-1.0,16.0,-4.90282434523672,-4.620547964643976,0.037759441393280455,1.22570608630918,1.155136991160994,0.0,1.22570608630918,1.155136991160994,0.0,41.22570608630918,-38.844863008839006,-263.27731514697575,-6.918687715470532,-1.283727396491291,16.173091406811807,0.25,2.0,False,False,False,applied
2026-06-06_run02_reverse_grid_3x3_pm40_on_r02,37000,37000,0,40.0,-40.0,-263.27731514697575,40.1613682839643,-39.2115303756954,-263.401467656967,-7.0,-1.0,16.0,-4.902788077993321,-4.620596526795584,0.03776457968579088,1.2256970194983303,1.155149131698896,0.0,1.2256970194983303,1.155149131698896,0.0,41.22569701949833,-38.8448508683011,-263.27731514697575,-6.918686169485236,-1.2837284227207966,16.173086748875708,0.25,2.0,False,False,True,applied
2026-06-06_run02_reverse_grid_3x3_pm40_on_r02,37100,37109,9,40.0,-40.0,-263.27731514697575,40.1613682839643,-39.2115303756954,-263.401467656967,-7.0,-1.0,16.0,-4.902788077993321,-4.620596526795584,0.03776457968579088,1.2256970194983303,1.155149131698896,0.0,1.2256970194983303,1.155149131698896,0.0,41.22569701949833,-38.8448508683011,-263.27731514697575,-6.918686169485236,-1.2837284227207966,16.173086748875708,0.25,2.0,False,False,False,applied
2026-06-06_run02_reverse_grid_3x3_pm40_on_r02,37200,37203,3,40.0,-40.0,-263.27731514697575,40.1613682839643,-39.2115303756954,-263.401467656967,-7.0,-1.0,16.0,-4.902788077993321,-4.620596526795584,0.03776457968579088,1.2256970194983303,1.155149131698896,0.0,1.2256970194983303,1.155149131698896,0.0,41.22569701949833,-38.8448508683011,-263.27731514697575,-6.918686169485236,-1.2837284227207966,16.173086748875708,0.25,2.0,False,False,False,applied
2026-06-06_run02_reverse_grid_3x3_pm40_on_r02,37300,37312,12,40.0,-40.0,-263.27731514697575,40.1613682839643,-39.2115303756954,-263.401467656967,-7.0,-1.0,16.0,-4.902788077993321,-4.620596526795584,0.03776457968579088,1.2256970194983303,1.155149131698896,0.0,1.2256970194983303,1.155149131698896,0.0,41.22569701949833,-38.8448508683011,-263.27731514697575,-6.918686169485236,-1.2837284227207966,16.173086748875708,0.25,2.0,False,False,False,applied
2026-06-06_run02_reverse_grid_3x3_pm40_on_r02,37400,37406,6,40.0,-40.0,-263.27731514697575,40.1613682839643,-39.2115303756954,-263.401467656967,-7.0,-1.0,16.0,-4.902788077993321,-4.620596526795584,0.03776457968579088,1.2256970194983303,1.155149131698896,0.0,1.2256970194983303,1.155149131698896,0.0,41.22569701949833,-38.8448508683011,-263.27731514697575,-6.918686169485236,-1.2837284227207966,16.173086748875708,0.25,2.0,False,False,False,applied
2026-06-06_run02_reverse_grid_3x3_pm40_on_r02,37500,37500,0,40.0,-40.0,-263.27731514697575,40.161339586288,-39.2115169003434,-263.401472703704,-7.0,-1.0,16.0,-4.90278163146154,-4.620605158777766,0.03776549302327637,1.225695407865385,1.1551512896944416,0.0,1.225695407865385,1.1551512896944416,0.0,41.22569540786539,-38.844848710305556,-263.27731514697575,-6.918685894684322,-1.2837286051345453,16.173085920922926,0.25,2.0,False,False,True,applied
2026-06-06_run02_reverse_grid_3x3_pm40_on_r02,37600,37609,9,40.0,-40.0,-263.27731514697575,40.161339586288,-39.2115169003434,-263.401472703704,-7.0,-1.0,16.0,-4.90278163146154,-4.620605158777766,0.03776549302327637,1.225695407865385,1.1551512896944416,0.0,1.225695407865385,1.1551512896944416,0.0,41.22569540786539,-38.844848710305556,-263.27731514697575,-6.918685894684322,-1.2837286051345453,16.173085920922926,0.25,2.0,False,False,False,applied
2026-06-06_run02_reverse_grid_3x3_pm40_on_r02,37700,37703,3,40.0,-40.0,-263.27731514697575,40.161339586288,-39.2115169003434,-263.401472703704,-7.0,-1.0,16.0,-4.90278163146154,-4.620605158777766,0.03776549302327637,1.225695407865385,1.1551512896944416,0.0,1.225695407865385,1.1551512896944416,0.0,41.22569540786539,-38.844848710305556,-263.27731514697575,-6.918685894684322,-1.2837286051345453,16.173085920922926,0.25,2.0,False,False,False,applied
2026-06-06_run02_reverse_grid_3x3_pm40_on_r02,37800,37812,12,40.0,-40.0,-263.27731514697575,40.161339586288,-39.2115169003434,-263.401472703704,-7.0,-1.0,16.0,-4.90278163146154,-4.620605158777766,0.03776549302327637,1.225695407865385,1.1551512896944416,0.0,1.225695407865385,1.1551512896944416,0.0,41.22569540786539,-38.844848710305556,-263.27731514697575,-6.918685894684322,-1.2837286051345453,16.173085920922926,0.25,2.0,False,False,False,applied
2026-06-06_run02_reverse_grid_3x3_pm40_on_r02,37900,37906,6,40.0,-40.0,-263.27731514697575,40.161339586288,-39.2115169003434,-263.401472703704,-7.0,-1.0,16.0,-4.90278163146154,-4.620605158777766,0.03776549302327637,1.225695407865385,1.1551512896944416,0.0,1.225695407865385,1.1551512896944416,0.0,41.22569540786539,-38.844848710305556,-263.27731514697575,-6.918685894684322,-1.2837286051345453,16.173085920922926,0.25,2.0,False,False,False,applied
2026-06-06_run02_reverse_grid_3x3_pm40_on_r02,38000,38000,0,40.0,-40.0,-263.27731514697575,40.1621630092323,-39.2119035488098,-263.401327896718,-7.0,-1.0,16.0,-4.902966602444399,-4.6203574795041,0.03773928645469207,1.2257416506110999,1.155089369876025,0.0,1.2257416506110999,1.155089369876025,0.0,41.2257416506111,-38.84491063012398,-263.27731514697575,-6.918693779618038,-1.2837233710583016,16.173109677501586,0.25,2.0,False,False,True,applied
2026-06-06_run02_reverse_grid_3x3_pm40_on_r02,38100,38109,9,40.0,-40.0,-263.27731514697575,40.1621630092323,-39.2119035488098,-263.401327896718,-7.0,-1.0,16.0,-4.902966602444399,-4.6203574795041,0.03773928645469207,1.2257416506110999,1.155089369876025,0.0,1.2257416506110999,1.155089369876025,0.0,41.2257416506111,-38.84491063012398,-263.27731514697575,-6.918693779618038,-1.2837233710583016,16.173109677501586,0.25,2.0,False,False,False,applied
2026-06-06_run02_reverse_grid_3x3_pm40_on_r02,38200,38203,3,40.0,-40.0,-263.27731514697575,40.1621630092323,-39.2119035488098,-263.401327896718,-7.0,-1.0,16.0,-4.902966602444399,-4.6203574795041,0.03773928645469207,1.2257416506110999,1.155089369876025,0.0,1.2257416506110999,1.155089369876025,0.0,41.2257416506111,-38.84491063012398,-263.27731514697575,-6.918693779618038,-1.2837233710583016,16.173109677501586,0.25,2.0,False,False,False,applied
2026-06-06_run02_reverse_grid_3x3_pm40_on_r02,38300,38312,12,40.0,-40.0,-263.27731514697575,40.1621630092323,-39.2119035488098,-263.401327896718,-7.0,-1.0,16.0,-4.902966602444399,-4.6203574795041,0.03773928645469207,1.2257416506110999,1.155089369876025,0.0,1.2257416506110999,1.155089369876025,0.0,41.2257416506111,-38.84491063012398,-263.27731514697575,-6.918693779618038,-1.2837233710583016,16.173109677501586,0.25,2.0,False,False,False,applied
2026-06-06_run02_reverse_grid_3x3_pm40_on_r02,38400,38406,6,40.0,-40.0,-263.27731514697575,40.1621630092323,-39.2119035488098,-263.401327896718,-7.0,-1.0,16.0,-4.902966602444399,-4.6203574795041,0.03773928645469207,1.2257416506110999,1.155089369876025,0.0,1.2257416506110999,1.155089369876025,0.0,41.2257416506111,-38.84491063012398,-263.27731514697575,-6.918693779618038,-1.2837233710583016,16.173109677501586,0.25,2.0,False,False,False,applied
2026-06-06_run02_reverse_grid_3x3_pm40_on_r02,38500,38500,0,40.0,-40.0,-263.27731514697575,40.1613430769192,-39.2115185394117,-263.40147208985,-7.0,-1.0,16.0,-4.90278241558057,-4.620604108837405,0.03776538193054756,1.2256956038951425,1.1551510272093513,0.0,1.2256956038951425,1.1551510272093513,0.0,41.22569560389514,-38.84484897279065,-263.27731514697575,-6.918685928108669,-1.2837285829472507,16.173086021630155,0.25,2.0,False,False,True,applied
2026-06-06_run02_reverse_grid_3x3_pm40_on_r02,38600,38609,9,40.0,-40.0,-263.27731514697575,40.1613430769192,-39.2115185394117,-263.40147208985,-7.0,-1.0,16.0,-4.90278241558057,-4.620604108837405,0.03776538193054756,1.2256956038951425,1.1551510272093513,0.0,1.2256956038951425,1.1551510272093513,0.0,41.22569560389514,-38.84484897279065,-263.27731514697575,-6.918685928108669,-1.2837285829472507,16.173086021630155,0.25,2.0,False,False,False,applied
2026-06-06_run02_reverse_grid_3x3_pm40_on_r02,38700,38703,3,40.0,-40.0,-263.27731514697575,40.1613430769192,-39.2115185394117,-263.40147208985,-7.0,-1.0,16.0,-4.90278241558057,-4.620604108837405,0.03776538193054756,1.2256956038951425,1.1551510272093513,0.0,1.2256956038951425,1.1551510272093513,0.0,41.22569560389514,-38.84484897279065,-263.27731514697575,-6.918685928108669,-1.2837285829472507,16.173086021630155,0.25,2.0,False,False,False,applied
2026-06-06_run02_reverse_grid_3x3_pm40_on_r02,38800,38812,12,40.0,-40.0,-263.27731514697575,40.1613430769192,-39.2115185394117,-263.40147208985,-7.0,-1.0,16.0,-4.90278241558057,-4.620604108837405,0.03776538193054756,1.2256956038951425,1.1551510272093513,0.0,1.2256956038951425,1.1551510272093513,0.0,41.22569560389514,-38.84484897279065,-263.27731514697575,-6.918685928108669,-1.2837285829472507,16.173086021630155,0.25,2.0,False,False,False,applied
2026-06-06_run02_reverse_grid_3x3_pm40_on_r02,38900,38906,6,40.0,-40.0,-263.27731514697575,40.1613430769192,-39.2115185394117,-263.40147208985,-7.0,-1.0,16.0,-4.90278241558057,-4.620604108837405,0.03776538193054756,1.2256956038951425,1.1551510272093513,0.0,1.2256956038951425,1.1551510272093513,0.0,41.22569560389514,-38.84484897279065,-263.27731514697575,-6.918685928108669,-1.2837285829472507,16.173086021630155,0.25,2.0,False,False,False,applied
2026-06-06_run02_reverse_grid_3x3_pm40_on_r02,39000,39000,0,40.0,-40.0,-263.27731514697575,40.1619868299462,-39.2118208216454,-263.401358880017,-7.0,-1.0,16.0,-4.902927025845052,-4.6204104737228535,0.03774489368489113,1.225731756461263,1.1551026184307134,0.0,1.225731756461263,1.1551026184307134,0.0,41.225731756461265,-38.84489738156929,-263.27731514697575,-6.918692092527668,-1.283724490971443,16.17310459449487,0.25,2.0,False,False,True,applied
2026-06-06_run02_reverse_grid_3x3_pm40_on_r02,39100,39109,9,40.0,-40.0,-263.27731514697575,40.1619868299462,-39.2118208216454,-263.401358880017,-7.0,-1.0,16.0,-4.902927025845052,-4.6204104737228535,0.03774489368489113,1.225731756461263,1.1551026184307134,0.0,1.225731756461263,1.1551026184307134,0.0,41.225731756461265,-38.84489738156929,-263.27731514697575,-6.918692092527668,-1.283724490971443,16.17310459449487,0.25,2.0,False,False,False,applied
2026-06-06_run02_reverse_grid_3x3_pm40_on_r02,39200,39203,3,40.0,-40.0,-263.27731514697575,40.1619868299462,-39.2118208216454,-263.401358880017,-7.0,-1.0,16.0,-4.902927025845052,-4.6204104737228535,0.03774489368489113,1.225731756461263,1.1551026184307134,0.0,1.225731756461263,1.1551026184307134,0.0,41.225731756461265,-38.84489738156929,-263.27731514697575,-6.918692092527668,-1.283724490971443,16.17310459449487,0.25,2.0,False,False,False,applied
2026-06-06_run02_reverse_grid_3x3_pm40_on_r02,39300,39312,12,40.0,-40.0,-263.27731514697575,40.1619868299462,-39.2118208216454,-263.401358880017,-7.0,-1.0,16.0,-4.902927025845052,-4.6204104737228535,0.03774489368489113,1.225731756461263,1.1551026184307134,0.0,1.225731756461263,1.1551026184307134,0.0,41.225731756461265,-38.84489738156929,-263.27731514697575,-6.918692092527668,-1.283724490971443,16.17310459449487,0.25,2.0,False,False,False,applied
2026-06-06_run02_reverse_grid_3x3_pm40_on_r02,39400,39406,6,40.0,-40.0,-263.27731514697575,40.1619868299462,-39.2118208216454,-263.401358880017,-7.0,-1.0,16.0,-4.902927025845052,-4.6204104737228535,0.03774489368489113,1.225731756461263,1.1551026184307134,0.0,1.225731756461263,1.1551026184307134,0.0,41.225731756461265,-38.84489738156929,-263.27731514697575,-6.918692092527668,-1.283724490971443,16.17310459449487,0.25,2.0,False,False,False,applied
2026-06-06_run02_reverse_grid_3x3_pm40_on_r02,39500,39500,0,40.0,-40.0,-263.27731514697575,40.1619864619593,-39.2118206488505,-263.401358944641,-7.0,-1.0,16.0,-4.902926943236626,-4.620410584239458,0.03774490538005628,1.2257317358091564,1.1551026460598646,0.0,1.2257317358091564,1.1551026460598646,0.0,41.225731735809156,-38.844897353940134,-263.27731514697575,-6.918692089010745,-1.2837244933037593,16.17310458388955,0.25,2.0,False,False,True,applied
2026-06-06_run02_reverse_grid_3x3_pm40_on_r02,39600,39609,9,40.0,-40.0,-263.27731514697575,40.1619864619593,-39.2118206488505,-263.401358944641,-7.0,-1.0,16.0,-4.902926943236626,-4.620410584239458,0.03774490538005628,1.2257317358091564,1.1551026460598646,0.0,1.2257317358091564,1.1551026460598646,0.0,41.225731735809156,-38.844897353940134,-263.27731514697575,-6.918692089010745,-1.2837244933037593,16.17310458388955,0.25,2.0,False,False,False,applied
2026-06-06_run02_reverse_grid_3x3_pm40_on_r02,39700,39703,3,40.0,-40.0,-263.27731514697575,40.1619864619593,-39.2118206488505,-263.401358944641,-7.0,-1.0,16.0,-4.902926943236626,-4.620410584239458,0.03774490538005628,1.2257317358091564,1.1551026460598646,0.0,1.2257317358091564,1.1551026460598646,0.0,41.225731735809156,-38.844897353940134,-263.27731514697575,-6.918692089010745,-1.2837244933037593,16.17310458388955,0.25,2.0,False,False,False,applied
2026-06-06_run02_reverse_grid_3x3_pm40_on_r02,39800,39812,12,40.0,-40.0,-263.27731514697575,40.1619864619593,-39.2118206488505,-263.401358944641,-7.0,-1.0,16.0,-4.902926943236626,-4.620410584239458,0.03774490538005628,1.2257317358091564,1.1551026460598646,0.0,1.2257317358091564,1.1551026460598646,0.0,41.225731735809156,-38.844897353940134,-263.27731514697575,-6.918692089010745,-1.2837244933037593,16.17310458388955,0.25,2.0,False,False,False,applied
2026-06-06_run02_reverse_grid_3x3_pm40_on_r02,39900,39906,6,40.0,-40.0,-263.27731514697575,40.1619864619593,-39.2118206488505,-263.401358944641,-7.0,-1.0,16.0,-4.902926943236626,-4.620410584239458,0.03774490538005628,1.2257317358091564,1.1551026460598646,0.0,1.2257317358091564,1.1551026460598646,0.0,41.225731735809156,-38.844897353940134,-263.27731514697575,-6.918692089010745,-1.2837244933037593,16.17310458388955,0.25,2.0,False,False,False,applied
2026-06-06_run02_reverse_grid_3x3_pm40_on_r02,40000,40000,0,0.0,-40.0,-263.27731514697575,7.9608343538352,-39.8124040738199,-263.10285475459,-9.0,6.0,6.0,-4.1567971221469655,-1.5508666969663494,-0.02146382812796476,1.0391992805367414,0.38771667424158734,0.0,1.0391992805367414,0.38771667424158734,0.0,1.0391992805367414,-39.61228332575841,-263.27731514697575,-8.533315879118415,6.066251695938313,6.510129754939645,0.25,2.0,False,False,True,applied
2026-06-06_run02_reverse_grid_3x3_pm40_on_r02,40100,40109,9,0.0,-40.0,-263.27731514697575,7.9608343538352,-39.8124040738199,-263.10285475459,-9.0,6.0,6.0,-4.1567971221469655,-1.5508666969663494,-0.02146382812796476,1.0391992805367414,0.38771667424158734,0.0,1.0391992805367414,0.38771667424158734,0.0,1.0391992805367414,-39.61228332575841,-263.27731514697575,-8.533315879118415,6.066251695938313,6.510129754939645,0.25,2.0,False,False,False,applied
2026-06-06_run02_reverse_grid_3x3_pm40_on_r02,40200,40203,3,0.0,-40.0,-263.27731514697575,7.9608343538352,-39.8124040738199,-263.10285475459,-9.0,6.0,6.0,-4.1567971221469655,-1.5508666969663494,-0.02146382812796476,1.0391992805367414,0.38771667424158734,0.0,1.0391992805367414,0.38771667424158734,0.0,1.0391992805367414,-39.61228332575841,-263.27731514697575,-8.533315879118415,6.066251695938313,6.510129754939645,0.25,2.0,False,False,False,applied
2026-06-06_run02_reverse_grid_3x3_pm40_on_r02,40300,40312,12,0.0,-40.0,-263.27731514697575,7.9608343538352,-39.8124040738199,-263.10285475459,-9.0,6.0,6.0,-4.1567971221469655,-1.5508666969663494,-0.02146382812796476,1.0391992805367414,0.38771667424158734,0.0,1.0391992805367414,0.38771667424158734,0.0,1.0391992805367414,-39.61228332575841,-263.27731514697575,-8.533315879118415,6.066251695938313,6.510129754939645,0.25,2.0,False,False,False,applied
2026-06-06_run02_reverse_grid_3x3_pm40_on_r02,40400,40406,6,0.0,-40.0,-263.27731514697575,7.9608343538352,-39.8124040738199,-263.10285475459,-9.0,6.0,6.0,-4.1567971221469655,-1.5508666969663494,-0.02146382812796476,1.0391992805367414,0.38771667424158734,0.0,1.0391992805367414,0.38771667424158734,0.0,1.0391992805367414,-39.61228332575841,-263.27731514697575,-8.533315879118415,6.066251695938313,6.510129754939645,0.25,2.0,False,False,False,applied
2026-06-06_run02_reverse_grid_3x3_pm40_on_r02,40500,40500,0,0.0,-40.0,-263.27731514697575,-0.00131854383479822,-39.9588290592755,-262.455398260223,-9.0,6.0,6.0,-3.668490612363107,-0.21416621848223877,-0.14154657386563155,0.9171226530907768,0.05354155462055969,0.0,0.9171226530907768,0.05354155462055969,0.0,0.9171226530907768,-39.94645844537944,-263.27731514697575,-8.593203377264677,6.156293354544861,6.547943869328356,0.25,2.0,False,False,True,applied
2026-06-06_run02_reverse_grid_3x3_pm40_on_r02,40600,40609,9,0.0,-40.0,-263.27731514697575,-0.00131854383479822,-39.9588290592755,-262.455398260223,-9.0,6.0,6.0,-3.668490612363107,-0.21416621848223877,-0.14154657386563155,0.9171226530907768,0.05354155462055969,0.0,0.9171226530907768,0.05354155462055969,0.0,0.9171226530907768,-39.94645844537944,-263.27731514697575,-8.593203377264677,6.156293354544861,6.547943869328356,0.25,2.0,False,False,False,applied
2026-06-06_run02_reverse_grid_3x3_pm40_on_r02,40700,40703,3,0.0,-40.0,-263.27731514697575,-0.00131854383479822,-39.9588290592755,-262.455398260223,-9.0,6.0,6.0,-3.668490612363107,-0.21416621848223877,-0.14154657386563155,0.9171226530907768,0.05354155462055969,0.0,0.9171226530907768,0.05354155462055969,0.0,0.9171226530907768,-39.94645844537944,-263.27731514697575,-8.593203377264677,6.156293354544861,6.547943869328356,0.25,2.0,False,False,False,applied
2026-06-06_run02_reverse_grid_3x3_pm40_on_r02,40800,40812,12,0.0,-40.0,-263.27731514697575,-0.00131854383479822,-39.9588290592755,-262.455398260223,-9.0,6.0,6.0,-3.668490612363107,-0.21416621848223877,-0.14154657386563155,0.9171226530907768,0.05354155462055969,0.0,0.9171226530907768,0.05354155462055969,0.0,0.9171226530907768,-39.94645844537944,-263.27731514697575,-8.593203377264677,6.156293354544861,6.547943869328356,0.25,2.0,False,False,False,applied
2026-06-06_run02_reverse_grid_3x3_pm40_on_r02,40900,40906,6,0.0,-40.0,-263.27731514697575,-0.00131854383479822,-39.9588290592755,-262.455398260223,-9.0,6.0,6.0,-3.668490612363107,-0.21416621848223877,-0.14154657386563155,0.9171226530907768,0.05354155462055969,0.0,0.9171226530907768,0.05354155462055969,0.0,0.9171226530907768,-39.94645844537944,-263.27731514697575,-8.593203377264677,6.156293354544861,6.547943869328356,0.25,2.0,False,False,False,applied
2026-06-06_run02_reverse_grid_3x3_pm40_on_r02,41000,41000,0,0.0,-40.0,-263.27731514697575,-0.00183834975837069,-39.9588385038703,-262.455348438121,-9.0,6.0,6.0,-3.6684633373408313,-0.214064622044777,-0.14155579828863282,0.9171158343352078,0.05351615551119425,0.0,0.9171158343352078,0.05351615551119425,0.0,0.9171158343352078,-39.9464838444888,-263.27731514697575,-8.593207916050265,6.156299683824952,6.547947280259398,0.25,2.0,False,False,True,applied
2026-06-06_run02_reverse_grid_3x3_pm40_on_r02,41100,41125,25,0.0,-40.0,-263.27731514697575,-0.00183834975837069,-39.9588385038703,-262.455348438121,-9.0,6.0,6.0,-3.6684633373408313,-0.214064622044777,-0.14155579828863282,0.9171158343352078,0.05351615551119425,0.0,0.9171158343352078,0.05351615551119425,0.0,0.9171158343352078,-39.9464838444888,-263.27731514697575,-8.593207916050265,6.156299683824952,6.547947280259398,0.25,2.0,False,False,False,applied
2026-06-06_run02_reverse_grid_3x3_pm40_on_r02,41200,41203,3,0.0,-40.0,-263.27731514697575,-0.00183834975837069,-39.9588385038703,-262.455348438121,-9.0,6.0,6.0,-3.6684633373408313,-0.214064622044777,-0.14155579828863282,0.9171158343352078,0.05351615551119425,0.0,0.9171158343352078,0.05351615551119425,0.0,0.9171158343352078,-39.9464838444888,-263.27731514697575,-8.593207916050265,6.156299683824952,6.547947280259398,0.25,2.0,False,False,False,applied
2026-06-06_run02_reverse_grid_3x3_pm40_on_r02,41300,41312,12,0.0,-40.0,-263.27731514697575,-0.00183834975837069,-39.9588385038703,-262.455348438121,-9.0,6.0,6.0,-3.6684633373408313,-0.214064622044777,-0.14155579828863282,0.9171158343352078,0.05351615551119425,0.0,0.9171158343352078,0.05351615551119425,0.0,0.9171158343352078,-39.9464838444888,-263.27731514697575,-8.593207916050265,6.156299683824952,6.547947280259398,0.25,2.0,False,False,False,applied
2026-06-06_run02_reverse_grid_3x3_pm40_on_r02,41400,41406,6,0.0,-40.0,-263.27731514697575,-0.00183834975837069,-39.9588385038703,-262.455348438121,-9.0,6.0,6.0,-3.6684633373408313,-0.214064622044777,-0.14155579828863282,0.9171158343352078,0.05351615551119425,0.0,0.9171158343352078,0.05351615551119425,0.0,0.9171158343352078,-39.9464838444888,-263.27731514697575,-8.593207916050265,6.156299683824952,6.547947280259398,0.25,2.0,False,False,False,applied
2026-06-06_run02_reverse_grid_3x3_pm40_on_r02,41500,41500,0,0.0,-40.0,-263.27731514697575,-0.000781093624843232,-39.9588192940655,-262.455449772247,-9.0,6.0,6.0,-3.6685188139634044,-0.21427126115727052,-0.1415370365560622,0.9171297034908511,0.05356781528931763,0.0,0.9171297034908511,0.05356781528931763,0.0,0.9171297034908511,-39.94643218471068,-263.27731514697575,-8.593198684517636,6.156286810497731,6.547940342771249,0.25,2.0,False,False,True,applied
2026-06-06_run02_reverse_grid_3x3_pm40_on_r02,41600,41609,9,0.0,-40.0,-263.27731514697575,-0.000781093624843232,-39.9588192940655,-262.455449772247,-9.0,6.0,6.0,-3.6685188139634044,-0.21427126115727052,-0.1415370365560622,0.9171297034908511,0.05356781528931763,0.0,0.9171297034908511,0.05356781528931763,0.0,0.9171297034908511,-39.94643218471068,-263.27731514697575,-8.593198684517636,6.156286810497731,6.547940342771249,0.25,2.0,False,False,False,applied
2026-06-06_run02_reverse_grid_3x3_pm40_on_r02,41700,41703,3,0.0,-40.0,-263.27731514697575,-0.000781093624843232,-39.9588192940655,-262.455449772247,-9.0,6.0,6.0,-3.6685188139634044,-0.21427126115727052,-0.1415370365560622,0.9171297034908511,0.05356781528931763,0.0,0.9171297034908511,0.05356781528931763,0.0,0.9171297034908511,-39.94643218471068,-263.27731514697575,-8.593198684517636,6.156286810497731,6.547940342771249,0.25,2.0,False,False,False,applied
2026-06-06_run02_reverse_grid_3x3_pm40_on_r02,41800,41812,12,0.0,-40.0,-263.27731514697575,-0.000781093624843232,-39.9588192940655,-262.455449772247,-9.0,6.0,6.0,-3.6685188139634044,-0.21427126115727052,-0.1415370365560622,0.9171297034908511,0.05356781528931763,0.0,0.9171297034908511,0.05356781528931763,0.0,0.9171297034908511,-39.94643218471068,-263.27731514697575,-8.593198684517636,6.156286810497731,6.547940342771249,0.25,2.0,False,False,False,applied
2026-06-06_run02_reverse_grid_3x3_pm40_on_r02,41900,41906,6,0.0,-40.0,-263.27731514697575,-0.000781093624843232,-39.9588192940655,-262.455449772247,-9.0,6.0,6.0,-3.6685188139634044,-0.21427126115727052,-0.1415370365560622,0.9171297034908511,0.05356781528931763,0.0,0.9171297034908511,0.05356781528931763,0.0,0.9171297034908511,-39.94643218471068,-263.27731514697575,-8.593198684517636,6.156286810497731,6.547940342771249,0.25,2.0,False,False,False,applied
2026-06-06_run02_reverse_grid_3x3_pm40_on_r02,42000,42000,0,0.0,-40.0,-263.27731514697575,-0.00107685149046835,-39.9588246678314,-262.455421425199,-9.0,6.0,6.0,-3.66850329472037,-0.21421345622192284,-0.1415422849339014,0.9171258236800925,0.05355336405548071,0.0,0.9171258236800925,0.05355336405548071,0.0,0.9171258236800925,-39.94644663594452,-263.27731514697575,-8.59320126693624,6.156290411679177,6.547942283438259,0.25,2.0,False,False,True,applied
2026-06-06_run02_reverse_grid_3x3_pm40_on_r02,42100,42109,9,0.0,-40.0,-263.27731514697575,-0.00107685149046835,-39.9588246678314,-262.455421425199,-9.0,6.0,6.0,-3.66850329472037,-0.21421345622192284,-0.1415422849339014,0.9171258236800925,0.05355336405548071,0.0,0.9171258236800925,0.05355336405548071,0.0,0.9171258236800925,-39.94644663594452,-263.27731514697575,-8.59320126693624,6.156290411679177,6.547942283438259,0.25,2.0,False,False,False,applied
2026-06-06_run02_reverse_grid_3x3_pm40_on_r02,42200,42203,3,0.0,-40.0,-263.27731514697575,-0.00107685149046835,-39.9588246678314,-262.455421425199,-9.0,6.0,6.0,-3.66850329472037,-0.21421345622192284,-0.1415422849339014,0.9171258236800925,0.05355336405548071,0.0,0.9171258236800925,0.05355336405548071,0.0,0.9171258236800925,-39.94644663594452,-263.27731514697575,-8.59320126693624,6.156290411679177,6.547942283438259,0.25,2.0,False,False,False,applied
2026-06-06_run02_reverse_grid_3x3_pm40_on_r02,42300,42312,12,0.0,-40.0,-263.27731514697575,-0.00107685149046835,-39.9588246678314,-262.455421425199,-9.0,6.0,6.0,-3.66850329472037,-0.21421345622192284,-0.1415422849339014,0.9171258236800925,0.05355336405548071,0.0,0.9171258236800925,0.05355336405548071,0.0,0.9171258236800925,-39.94644663594452,-263.27731514697575,-8.59320126693624,6.156290411679177,6.547942283438259,0.25,2.0,False,False,False,applied
2026-06-06_run02_reverse_grid_3x3_pm40_on_r02,42400,42406,6,0.0,-40.0,-263.27731514697575,-0.00107685149046835,-39.9588246678314,-262.455421425199,-9.0,6.0,6.0,-3.66850329472037,-0.21421345622192284,-0.1415422849339014,0.9171258236800925,0.05355336405548071,0.0,0.9171258236800925,0.05355336405548071,0.0,0.9171258236800925,-39.94644663594452,-263.27731514697575,-8.59320126693624,6.156290411679177,6.547942283438259,0.25,2.0,False,False,False,applied
2026-06-06_run02_reverse_grid_3x3_pm40_on_r02,42500,42500,0,0.0,-40.0,-263.27731514697575,-0.000334830512921083,-39.9588111856799,-262.455492544116,-9.0,6.0,6.0,-3.6685422308957705,-0.21435848106154903,-0.14152911746159677,0.9171355577239426,0.05358962026538726,0.0,0.9171355577239426,0.05358962026538726,0.0,0.9171355577239426,-39.946410379734616,-263.27731514697575,-8.593194787997357,6.156281376772766,6.547937414590662,0.25,2.0,False,False,True,applied
2026-06-06_run02_reverse_grid_3x3_pm40_on_r02,42600,42609,9,0.0,-40.0,-263.27731514697575,-0.000334830512921083,-39.9588111856799,-262.455492544116,-9.0,6.0,6.0,-3.6685422308957705,-0.21435848106154903,-0.14152911746159677,0.9171355577239426,0.05358962026538726,0.0,0.9171355577239426,0.05358962026538726,0.0,0.9171355577239426,-39.946410379734616,-263.27731514697575,-8.593194787997357,6.156281376772766,6.547937414590662,0.25,2.0,False,False,False,applied
2026-06-06_run02_reverse_grid_3x3_pm40_on_r02,42700,42703,3,0.0,-40.0,-263.27731514697575,-0.000334830512921083,-39.9588111856799,-262.455492544116,-9.0,6.0,6.0,-3.6685422308957705,-0.21435848106154903,-0.14152911746159677,0.9171355577239426,0.05358962026538726,0.0,0.9171355577239426,0.05358962026538726,0.0,0.9171355577239426,-39.946410379734616,-263.27731514697575,-8.593194787997357,6.156281376772766,6.547937414590662,0.25,2.0,False,False,False,applied
2026-06-06_run02_reverse_grid_3x3_pm40_on_r02,42800,42812,12,0.0,-40.0,-263.27731514697575,-0.000334830512921083,-39.9588111856799,-262.455492544116,-9.0,6.0,6.0,-3.6685422308957705,-0.21435848106154903,-0.14152911746159677,0.9171355577239426,0.05358962026538726,0.0,0.9171355577239426,0.05358962026538726,0.0,0.9171355577239426,-39.946410379734616,-263.27731514697575,-8.593194787997357,6.156281376772766,6.547937414590662,0.25,2.0,False,False,False,applied
2026-06-06_run02_reverse_grid_3x3_pm40_on_r02,42900,42906,6,0.0,-40.0,-263.27731514697575,-0.000334830512921083,-39.9588111856799,-262.455492544116,-9.0,6.0,6.0,-3.6685422308957705,-0.21435848106154903,-0.14152911746159677,0.9171355577239426,0.05358962026538726,0.0,0.9171355577239426,0.05358962026538726,0.0,0.9171355577239426,-39.946410379734616,-263.27731514697575,-8.593194787997357,6.156281376772766,6.547937414590662,0.25,2.0,False,False,False,applied
2026-06-06_run02_reverse_grid_3x3_pm40_on_r02,43000,43000,0,0.0,-40.0,-263.27731514697575,-0.000637404236040658,-39.9588166832975,-262.45546354414,-9.0,6.0,6.0,-3.6685263537978625,-0.21429934463565864,-0.1415344867278679,0.9171315884494656,0.05357483615891466,0.0,0.9171315884494656,0.05357483615891466,0.0,0.9171315884494656,-39.946425163841084,-263.27731514697575,-8.593197429897133,6.156285060924368,6.5479393999383575,0.25,2.0,False,False,True,applied
2026-06-06_run02_reverse_grid_3x3_pm40_on_r02,43100,43109,9,0.0,-40.0,-263.27731514697575,-0.000637404236040658,-39.9588166832975,-262.45546354414,-9.0,6.0,6.0,-3.6685263537978625,-0.21429934463565864,-0.1415344867278679,0.9171315884494656,0.05357483615891466,0.0,0.9171315884494656,0.05357483615891466,0.0,0.9171315884494656,-39.946425163841084,-263.27731514697575,-8.593197429897133,6.156285060924368,6.5479393999383575,0.25,2.0,False,False,False,applied
2026-06-06_run02_reverse_grid_3x3_pm40_on_r02,43200,43203,3,0.0,-40.0,-263.27731514697575,-0.000637404236040658,-39.9588166832975,-262.45546354414,-9.0,6.0,6.0,-3.6685263537978625,-0.21429934463565864,-0.1415344867278679,0.9171315884494656,0.05357483615891466,0.0,0.9171315884494656,0.05357483615891466,0.0,0.9171315884494656,-39.946425163841084,-263.27731514697575,-8.593197429897133,6.156285060924368,6.5479393999383575,0.25,2.0,False,False,False,applied
2026-06-06_run02_reverse_grid_3x3_pm40_on_r02,43300,43312,12,0.0,-40.0,-263.27731514697575,-0.000637404236040658,-39.9588166832975,-262.45546354414,-9.0,6.0,6.0,-3.6685263537978625,-0.21429934463565864,-0.1415344867278679,0.9171315884494656,0.05357483615891466,0.0,0.9171315884494656,0.05357483615891466,0.0,0.9171315884494656,-39.946425163841084,-263.27731514697575,-8.593197429897133,6.156285060924368,6.5479393999383575,0.25,2.0,False,False,False,applied
2026-06-06_run02_reverse_grid_3x3_pm40_on_r02,43400,43406,6,0.0,-40.0,-263.27731514697575,-0.000637404236040658,-39.9588166832975,-262.45546354414,-9.0,6.0,6.0,-3.6685263537978625,-0.21429934463565864,-0.1415344867278679,0.9171315884494656,0.05357483615891466,0.0,0.9171315884494656,0.05357483615891466,0.0,0.9171315884494656,-39.946425163841084,-263.27731514697575,-8.593197429897133,6.156285060924368,6.5479393999383575,0.25,2.0,False,False,False,applied
2026-06-06_run02_reverse_grid_3x3_pm40_on_r02,43500,43500,0,0.0,-40.0,-263.27731514697575,-0.00034387802162285,-39.958811350069,-262.455491676942,-9.0,6.0,6.0,-3.6685417561546045,-0.21435671273317397,-0.14152927801644938,0.9171354390386511,0.05358917818329349,0.0,0.9171354390386511,0.05358917818329349,0.0,0.9171354390386511,-39.946410821816706,-263.27731514697575,-8.593194866996232,6.156281486936922,6.547937473958794,0.25,2.0,False,False,True,applied
2026-06-06_run02_reverse_grid_3x3_pm40_on_r02,43600,43609,9,0.0,-40.0,-263.27731514697575,-0.00034387802162285,-39.958811350069,-262.455491676942,-9.0,6.0,6.0,-3.6685417561546045,-0.21435671273317397,-0.14152927801644938,0.9171354390386511,0.05358917818329349,0.0,0.9171354390386511,0.05358917818329349,0.0,0.9171354390386511,-39.946410821816706,-263.27731514697575,-8.593194866996232,6.156281486936922,6.547937473958794,0.25,2.0,False,False,False,applied
2026-06-06_run02_reverse_grid_3x3_pm40_on_r02,43700,43703,3,0.0,-40.0,-263.27731514697575,-0.00034387802162285,-39.958811350069,-262.455491676942,-9.0,6.0,6.0,-3.6685417561546045,-0.21435671273317397,-0.14152927801644938,0.9171354390386511,0.05358917818329349,0.0,0.9171354390386511,0.05358917818329349,0.0,0.9171354390386511,-39.946410821816706,-263.27731514697575,-8.593194866996232,6.156281486936922,6.547937473958794,0.25,2.0,False,False,False,applied
2026-06-06_run02_reverse_grid_3x3_pm40_on_r02,43800,43812,12,0.0,-40.0,-263.27731514697575,-0.00034387802162285,-39.958811350069,-262.455491676942,-9.0,6.0,6.0,-3.6685417561546045,-0.21435671273317397,-0.14152927801644938,0.9171354390386511,0.05358917818329349,0.0,0.9171354390386511,0.05358917818329349,0.0,0.9171354390386511,-39.946410821816706,-263.27731514697575,-8.593194866996232,6.156281486936922,6.547937473958794,0.25,2.0,False,False,False,applied
2026-06-06_run02_reverse_grid_3x3_pm40_on_r02,43900,43906,6,0.0,-40.0,-263.27731514697575,-0.00034387802162285,-39.958811350069,-262.455491676942,-9.0,6.0,6.0,-3.6685417561546045,-0.21435671273317397,-0.14152927801644938,0.9171354390386511,0.05358917818329349,0.0,0.9171354390386511,0.05358917818329349,0.0,0.9171354390386511,-39.946410821816706,-263.27731514697575,-8.593194866996232,6.156281486936922,6.547937473958794,0.25,2.0,False,False,False,applied
2026-06-06_run02_reverse_grid_3x3_pm40_on_r02,44000,44000,0,0.0,-40.0,-263.27731514697575,-0.000375073631288994,-39.9588119168766,-262.455488687037,-9.0,6.0,6.0,-3.668540119201642,-0.21435061574989595,-0.14152983158921778,0.9171350298004105,0.053587653937473986,0.0,0.9171350298004105,0.053587653937473986,0.0,0.9171350298004105,-39.94641234606252,-263.27731514697575,-8.593195139377338,6.156281866775043,6.547937678647707,0.25,2.0,False,False,True,applied
2026-06-06_run02_reverse_grid_3x3_pm40_on_r02,44100,44109,9,0.0,-40.0,-263.27731514697575,-0.000375073631288994,-39.9588119168766,-262.455488687037,-9.0,6.0,6.0,-3.668540119201642,-0.21435061574989595,-0.14152983158921778,0.9171350298004105,0.053587653937473986,0.0,0.9171350298004105,0.053587653937473986,0.0,0.9171350298004105,-39.94641234606252,-263.27731514697575,-8.593195139377338,6.156281866775043,6.547937678647707,0.25,2.0,False,False,False,applied
2026-06-06_run02_reverse_grid_3x3_pm40_on_r02,44200,44203,3,0.0,-40.0,-263.27731514697575,-0.000375073631288994,-39.9588119168766,-262.455488687037,-9.0,6.0,6.0,-3.668540119201642,-0.21435061574989595,-0.14152983158921778,0.9171350298004105,0.053587653937473986,0.0,0.9171350298004105,0.053587653937473986,0.0,0.9171350298004105,-39.94641234606252,-263.27731514697575,-8.593195139377338,6.156281866775043,6.547937678647707,0.25,2.0,False,False,False,applied
2026-06-06_run02_reverse_grid_3x3_pm40_on_r02,44300,44312,12,0.0,-40.0,-263.27731514697575,-0.000375073631288994,-39.9588119168766,-262.455488687037,-9.0,6.0,6.0,-3.668540119201642,-0.21435061574989595,-0.14152983158921778,0.9171350298004105,0.053587653937473986,0.0,0.9171350298004105,0.053587653937473986,0.0,0.9171350298004105,-39.94641234606252,-263.27731514697575,-8.593195139377338,6.156281866775043,6.547937678647707,0.25,2.0,False,False,False,applied
2026-06-06_run02_reverse_grid_3x3_pm40_on_r02,44400,44406,6,0.0,-40.0,-263.27731514697575,-0.000375073631288994,-39.9588119168766,-262.455488687037,-9.0,6.0,6.0,-3.668540119201642,-0.21435061574989595,-0.14152983158921778,0.9171350298004105,0.053587653937473986,0.0,0.9171350298004105,0.053587653937473986,0.0,0.9171350298004105,-39.94641234606252,-263.27731514697575,-8.593195139377338,6.156281866775043,6.547937678647707,0.25,2.0,False,False,False,applied
2026-06-06_run02_reverse_grid_3x3_pm40_on_r02,44500,44500,0,0.0,-40.0,-263.27731514697575,-0.000414363965223733,-39.9588126307612,-262.455484921306,-9.0,6.0,6.0,-3.6685380574857724,-0.2143429367097986,-0.14153052880406947,0.9171345143714431,0.05358573417744965,0.0,0.9171345143714431,0.05358573417744965,0.0,0.9171345143714431,-39.94641426582255,-263.27731514697575,-8.593195482435767,6.156282345174496,6.547937936449455,0.25,2.0,False,False,True,applied
2026-06-06_run02_reverse_grid_3x3_pm40_on_r02,44600,44609,9,0.0,-40.0,-263.27731514697575,-0.000414363965223733,-39.9588126307612,-262.455484921306,-9.0,6.0,6.0,-3.6685380574857724,-0.2143429367097986,-0.14153052880406947,0.9171345143714431,0.05358573417744965,0.0,0.9171345143714431,0.05358573417744965,0.0,0.9171345143714431,-39.94641426582255,-263.27731514697575,-8.593195482435767,6.156282345174496,6.547937936449455,0.25,2.0,False,False,False,applied
2026-06-06_run02_reverse_grid_3x3_pm40_on_r02,44700,44703,3,0.0,-40.0,-263.27731514697575,-0.000414363965223733,-39.9588126307612,-262.455484921306,-9.0,6.0,6.0,-3.6685380574857724,-0.2143429367097986,-0.14153052880406947,0.9171345143714431,0.05358573417744965,0.0,0.9171345143714431,0.05358573417744965,0.0,0.9171345143714431,-39.94641426582255,-263.27731514697575,-8.593195482435767,6.156282345174496,6.547937936449455,0.25,2.0,False,False,False,applied
2026-06-06_run02_reverse_grid_3x3_pm40_on_r02,44800,44812,12,0.0,-40.0,-263.27731514697575,-0.000414363965223733,-39.9588126307612,-262.455484921306,-9.0,6.0,6.0,-3.6685380574857724,-0.2143429367097986,-0.14153052880406947,0.9171345143714431,0.05358573417744965,0.0,0.9171345143714431,0.05358573417744965,0.0,0.9171345143714431,-39.94641426582255,-263.27731514697575,-8.593195482435767,6.156282345174496,6.547937936449455,0.25,2.0,False,False,False,applied
2026-06-06_run02_reverse_grid_3x3_pm40_on_r02,44900,44906,6,0.0,-40.0,-263.27731514697575,-0.000414363965223733,-39.9588126307612,-262.455484921306,-9.0,6.0,6.0,-3.6685380574857724,-0.2143429367097986,-0.14153052880406947,0.9171345143714431,0.05358573417744965,0.0,0.9171345143714431,0.05358573417744965,0.0,0.9171345143714431,-39.94641426582255,-263.27731514697575,-8.593195482435767,6.156282345174496,6.547937936449455,0.25,2.0,False,False,False,applied
2026-06-06_run02_reverse_grid_3x3_pm40_on_r02,45000,45000,0,-40.0,-40.0,-263.27731514697575,-32.0691259967376,-39.3605167180773,-263.677338653246,-7.0,16.0,-1.0,-3.193959234132024,-0.5017513573191013,0.09372228349036445,0.798489808533006,0.1254378393297753,0.0,0.798489808533006,0.1254378393297753,0.0,-39.201510191466994,-39.87456216067022,-263.27731514697575,-7.245318414502228,15.815920975051966,-0.7869001129193616,0.25,2.0,False,False,True,applied
2026-06-06_run02_reverse_grid_3x3_pm40_on_r02,45100,45109,9,-40.0,-40.0,-263.27731514697575,-32.0691259967376,-39.3605167180773,-263.677338653246,-7.0,16.0,-1.0,-3.193959234132024,-0.5017513573191013,0.09372228349036445,0.798489808533006,0.1254378393297753,0.0,0.798489808533006,0.1254378393297753,0.0,-39.201510191466994,-39.87456216067022,-263.27731514697575,-7.245318414502228,15.815920975051966,-0.7869001129193616,0.25,2.0,False,False,False,applied
2026-06-06_run02_reverse_grid_3x3_pm40_on_r02,45200,45203,3,-40.0,-40.0,-263.27731514697575,-32.0691259967376,-39.3605167180773,-263.677338653246,-7.0,16.0,-1.0,-3.193959234132024,-0.5017513573191013,0.09372228349036445,0.798489808533006,0.1254378393297753,0.0,0.798489808533006,0.1254378393297753,0.0,-39.201510191466994,-39.87456216067022,-263.27731514697575,-7.245318414502228,15.815920975051966,-0.7869001129193616,0.25,2.0,False,False,False,applied
2026-06-06_run02_reverse_grid_3x3_pm40_on_r02,45300,45328,28,-40.0,-40.0,-263.27731514697575,-32.0691259967376,-39.3605167180773,-263.677338653246,-7.0,16.0,-1.0,-3.193959234132024,-0.5017513573191013,0.09372228349036445,0.798489808533006,0.1254378393297753,0.0,0.798489808533006,0.1254378393297753,0.0,-39.201510191466994,-39.87456216067022,-263.27731514697575,-7.245318414502228,15.815920975051966,-0.7869001129193616,0.25,2.0,False,False,False,applied
2026-06-06_run02_reverse_grid_3x3_pm40_on_r02,45400,45406,6,-40.0,-40.0,-263.27731514697575,-32.0691259967376,-39.3605167180773,-263.677338653246,-7.0,16.0,-1.0,-3.193959234132024,-0.5017513573191013,0.09372228349036445,0.798489808533006,0.1254378393297753,0.0,0.798489808533006,0.1254378393297753,0.0,-39.201510191466994,-39.87456216067022,-263.27731514697575,-7.245318414502228,15.815920975051966,-0.7869001129193616,0.25,2.0,False,False,False,applied
2026-06-06_run02_reverse_grid_3x3_pm40_on_r02,45500,45500,0,-40.0,-40.0,-263.27731514697575,-40.1624514764441,-39.2113515533392,-263.401456253518,-7.0,16.0,-1.0,-2.460574723488879,0.14365016884405785,0.04159346067493613,0.6151436808722197,-0.03591254221101446,0.0,0.6151436808722197,-0.03591254221101446,0.0,-39.38485631912778,-40.035912542211015,-263.27731514697575,-7.261637631067726,15.894707118968931,-0.7826883246374967,0.25,2.0,False,False,True,applied
2026-06-06_run02_reverse_grid_3x3_pm40_on_r02,45600,45609,9,-40.0,-40.0,-263.27731514697575,-40.1624514764441,-39.2113515533392,-263.401456253518,-7.0,16.0,-1.0,-2.460574723488879,0.14365016884405785,0.04159346067493613,0.6151436808722197,-0.03591254221101446,0.0,0.6151436808722197,-0.03591254221101446,0.0,-39.38485631912778,-40.035912542211015,-263.27731514697575,-7.261637631067726,15.894707118968931,-0.7826883246374967,0.25,2.0,False,False,False,applied
2026-06-06_run02_reverse_grid_3x3_pm40_on_r02,45700,45703,3,-40.0,-40.0,-263.27731514697575,-40.1624514764441,-39.2113515533392,-263.401456253518,-7.0,16.0,-1.0,-2.460574723488879,0.14365016884405785,0.04159346067493613,0.6151436808722197,-0.03591254221101446,0.0,0.6151436808722197,-0.03591254221101446,0.0,-39.38485631912778,-40.035912542211015,-263.27731514697575,-7.261637631067726,15.894707118968931,-0.7826883246374967,0.25,2.0,False,False,False,applied
2026-06-06_run02_reverse_grid_3x3_pm40_on_r02,45800,45812,12,-40.0,-40.0,-263.27731514697575,-40.1624514764441,-39.2113515533392,-263.401456253518,-7.0,16.0,-1.0,-2.460574723488879,0.14365016884405785,0.04159346067493613,0.6151436808722197,-0.03591254221101446,0.0,0.6151436808722197,-0.03591254221101446,0.0,-39.38485631912778,-40.035912542211015,-263.27731514697575,-7.261637631067726,15.894707118968931,-0.7826883246374967,0.25,2.0,False,False,False,applied
2026-06-06_run02_reverse_grid_3x3_pm40_on_r02,45900,45906,6,-40.0,-40.0,-263.27731514697575,-40.1624514764441,-39.2113515533392,-263.401456253518,-7.0,16.0,-1.0,-2.460574723488879,0.14365016884405785,0.04159346067493613,0.6151436808722197,-0.03591254221101446,0.0,0.6151436808722197,-0.03591254221101446,0.0,-39.38485631912778,-40.035912542211015,-263.27731514697575,-7.261637631067726,15.894707118968931,-0.7826883246374967,0.25,2.0,False,False,False,applied
2026-06-06_run02_reverse_grid_3x3_pm40_on_r02,46000,46000,0,-40.0,-40.0,-263.27731514697575,-40.1629798449081,-39.2113419315541,-263.401430472619,-7.0,16.0,-1.0,-2.460531584066096,0.14370703636246668,0.041588632951849884,0.615132896016524,-0.03592675909061667,0.0,0.615132896016524,-0.03592675909061667,0.0,-39.384867103983474,-40.035926759090614,-263.27731514697575,-7.261639431745331,15.894712623918302,-0.7826871524969828,0.25,2.0,False,False,True,applied
2026-06-06_run02_reverse_grid_3x3_pm40_on_r02,46100,46109,9,-40.0,-40.0,-263.27731514697575,-40.1629798449081,-39.2113419315541,-263.401430472619,-7.0,16.0,-1.0,-2.460531584066096,0.14370703636246668,0.041588632951849884,0.615132896016524,-0.03592675909061667,0.0,0.615132896016524,-0.03592675909061667,0.0,-39.384867103983474,-40.035926759090614,-263.27731514697575,-7.261639431745331,15.894712623918302,-0.7826871524969828,0.25,2.0,False,False,False,applied
2026-06-06_run02_reverse_grid_3x3_pm40_on_r02,46200,46203,3,-40.0,-40.0,-263.27731514697575,-40.1629798449081,-39.2113419315541,-263.401430472619,-7.0,16.0,-1.0,-2.460531584066096,0.14370703636246668,0.041588632951849884,0.615132896016524,-0.03592675909061667,0.0,0.615132896016524,-0.03592675909061667,0.0,-39.384867103983474,-40.035926759090614,-263.27731514697575,-7.261639431745331,15.894712623918302,-0.7826871524969828,0.25,2.0,False,False,False,applied
2026-06-06_run02_reverse_grid_3x3_pm40_on_r02,46300,46312,12,-40.0,-40.0,-263.27731514697575,-40.1629798449081,-39.2113419315541,-263.401430472619,-7.0,16.0,-1.0,-2.460531584066096,0.14370703636246668,0.041588632951849884,0.615132896016524,-0.03592675909061667,0.0,0.615132896016524,-0.03592675909061667,0.0,-39.384867103983474,-40.035926759090614,-263.27731514697575,-7.261639431745331,15.894712623918302,-0.7826871524969828,0.25,2.0,False,False,False,applied
2026-06-06_run02_reverse_grid_3x3_pm40_on_r02,46400,46406,6,-40.0,-40.0,-263.27731514697575,-40.1629798449081,-39.2113419315541,-263.401430472619,-7.0,16.0,-1.0,-2.460531584066096,0.14370703636246668,0.041588632951849884,0.615132896016524,-0.03592675909061667,0.0,0.615132896016524,-0.03592675909061667,0.0,-39.384867103983474,-40.035926759090614,-263.27731514697575,-7.261639431745331,15.894712623918302,-0.7826871524969828,0.25,2.0,False,False,False,applied
2026-06-06_run02_reverse_grid_3x3_pm40_on_r02,46500,46500,0,-40.0,-40.0,-263.27731514697575,-40.1618216447746,-39.2113630228409,-263.401486983635,-7.0,16.0,-1.0,-2.460626147950687,0.14358238386799704,0.041599215192991416,0.6151565369876717,-0.03589559596699926,0.0,0.6151565369876717,-0.03589559596699926,0.0,-39.38484346301233,-40.035895595967,-263.27731514697575,-7.261635484747013,15.894700556968475,-0.7826897216900206,0.25,2.0,False,False,True,applied
2026-06-06_run02_reverse_grid_3x3_pm40_on_r02,46600,46609,9,-40.0,-40.0,-263.27731514697575,-40.1618216447746,-39.2113630228409,-263.401486983635,-7.0,16.0,-1.0,-2.460626147950687,0.14358238386799704,0.041599215192991416,0.6151565369876717,-0.03589559596699926,0.0,0.6151565369876717,-0.03589559596699926,0.0,-39.38484346301233,-40.035895595967,-263.27731514697575,-7.261635484747013,15.894700556968475,-0.7826897216900206,0.25,2.0,False,False,False,applied
2026-06-06_run02_reverse_grid_3x3_pm40_on_r02,46700,46703,3,-40.0,-40.0,-263.27731514697575,-40.1618216447746,-39.2113630228409,-263.401486983635,-7.0,16.0,-1.0,-2.460626147950687,0.14358238386799704,0.041599215192991416,0.6151565369876717,-0.03589559596699926,0.0,0.6151565369876717,-0.03589559596699926,0.0,-39.38484346301233,-40.035895595967,-263.27731514697575,-7.261635484747013,15.894700556968475,-0.7826897216900206,0.25,2.0,False,False,False,applied
2026-06-06_run02_reverse_grid_3x3_pm40_on_r02,46800,46812,12,-40.0,-40.0,-263.27731514697575,-40.1618216447746,-39.2113630228409,-263.401486983635,-7.0,16.0,-1.0,-2.460626147950687,0.14358238386799704,0.041599215192991416,0.6151565369876717,-0.03589559596699926,0.0,0.6151565369876717,-0.03589559596699926,0.0,-39.38484346301233,-40.035895595967,-263.27731514697575,-7.261635484747013,15.894700556968475,-0.7826897216900206,0.25,2.0,False,False,False,applied
2026-06-06_run02_reverse_grid_3x3_pm40_on_r02,46900,46922,22,-40.0,-40.0,-263.27731514697575,-40.1618216447746,-39.2113630228409,-263.401486983635,-7.0,16.0,-1.0,-2.460626147950687,0.14358238386799704,0.041599215192991416,0.6151565369876717,-0.03589559596699926,0.0,0.6151565369876717,-0.03589559596699926,0.0,-39.38484346301233,-40.035895595967,-263.27731514697575,-7.261635484747013,15.894700556968475,-0.7826897216900206,0.25,2.0,False,False,False,applied
2026-06-06_run02_reverse_grid_3x3_pm40_on_r02,47000,47000,0,-40.0,-40.0,-263.27731514697575,-40.1621512672259,-39.211357020288,-263.401470901009,-7.0,16.0,-1.0,-2.4605992349652452,0.1436178591719683,0.04159620356243605,0.6151498087413113,-0.03590446479299207,0.0,0.6151498087413113,-0.03590446479299207,0.0,-39.384850191258685,-40.03590446479299,-263.27731514697575,-7.261636608025536,15.894703991192616,-0.782688990540743,0.25,2.0,False,False,True,applied
2026-06-06_run02_reverse_grid_3x3_pm40_on_r02,47100,47109,9,-40.0,-40.0,-263.27731514697575,-40.1621512672259,-39.211357020288,-263.401470901009,-7.0,16.0,-1.0,-2.4605992349652452,0.1436178591719683,0.04159620356243605,0.6151498087413113,-0.03590446479299207,0.0,0.6151498087413113,-0.03590446479299207,0.0,-39.384850191258685,-40.03590446479299,-263.27731514697575,-7.261636608025536,15.894703991192616,-0.782688990540743,0.25,2.0,False,False,False,applied
2026-06-06_run02_reverse_grid_3x3_pm40_on_r02,47200,47203,3,-40.0,-40.0,-263.27731514697575,-40.1621512672259,-39.211357020288,-263.401470901009,-7.0,16.0,-1.0,-2.4605992349652452,0.1436178591719683,0.04159620356243605,0.6151498087413113,-0.03590446479299207,0.0,0.6151498087413113,-0.03590446479299207,0.0,-39.384850191258685,-40.03590446479299,-263.27731514697575,-7.261636608025536,15.894703991192616,-0.782688990540743,0.25,2.0,False,False,False,applied
2026-06-06_run02_reverse_grid_3x3_pm40_on_r02,47300,47312,12,-40.0,-40.0,-263.27731514697575,-40.1621512672259,-39.211357020288,-263.401470901009,-7.0,16.0,-1.0,-2.4605992349652452,0.1436178591719683,0.04159620356243605,0.6151498087413113,-0.03590446479299207,0.0,0.6151498087413113,-0.03590446479299207,0.0,-39.384850191258685,-40.03590446479299,-263.27731514697575,-7.261636608025536,15.894703991192616,-0.782688990540743,0.25,2.0,False,False,False,applied
2026-06-06_run02_reverse_grid_3x3_pm40_on_r02,47400,47406,6,-40.0,-40.0,-263.27731514697575,-40.1621512672259,-39.211357020288,-263.401470901009,-7.0,16.0,-1.0,-2.4605992349652452,0.1436178591719683,0.04159620356243605,0.6151498087413113,-0.03590446479299207,0.0,0.6151498087413113,-0.03590446479299207,0.0,-39.384850191258685,-40.03590446479299,-263.27731514697575,-7.261636608025536,15.894703991192616,-0.782688990540743,0.25,2.0,False,False,False,applied
2026-06-06_run02_reverse_grid_3x3_pm40_on_r02,47500,47500,0,-40.0,-40.0,-263.27731514697575,-40.1613909130845,-39.211370866652,-263.401507999076,-7.0,16.0,-1.0,-2.4606613165454005,0.14353602755681943,0.04160315054350435,0.6151653291363501,-0.03588400688920486,0.0,0.6151653291363501,-0.03588400688920486,0.0,-39.38483467086365,-40.035884006889205,-263.27731514697575,-7.261634016949619,15.894696069340714,-0.7826906770659612,0.25,2.0,False,False,True,applied
2026-06-06_run02_reverse_grid_3x3_pm40_on_r02,47600,47609,9,-40.0,-40.0,-263.27731514697575,-40.1613909130845,-39.211370866652,-263.401507999076,-7.0,16.0,-1.0,-2.4606613165454005,0.14353602755681943,0.04160315054350435,0.6151653291363501,-0.03588400688920486,0.0,0.6151653291363501,-0.03588400688920486,0.0,-39.38483467086365,-40.035884006889205,-263.27731514697575,-7.261634016949619,15.894696069340714,-0.7826906770659612,0.25,2.0,False,False,False,applied
2026-06-06_run02_reverse_grid_3x3_pm40_on_r02,47700,47703,3,-40.0,-40.0,-263.27731514697575,-40.1613909130845,-39.211370866652,-263.401507999076,-7.0,16.0,-1.0,-2.4606613165454005,0.14353602755681943,0.04160315054350435,0.6151653291363501,-0.03588400688920486,0.0,0.6151653291363501,-0.03588400688920486,0.0,-39.38483467086365,-40.035884006889205,-263.27731514697575,-7.261634016949619,15.894696069340714,-0.7826906770659612,0.25,2.0,False,False,False,applied
2026-06-06_run02_reverse_grid_3x3_pm40_on_r02,47800,47812,12,-40.0,-40.0,-263.27731514697575,-40.1613909130845,-39.211370866652,-263.401507999076,-7.0,16.0,-1.0,-2.4606613165454005,0.14353602755681943,0.04160315054350435,0.6151653291363501,-0.03588400688920486,0.0,0.6151653291363501,-0.03588400688920486,0.0,-39.38483467086365,-40.035884006889205,-263.27731514697575,-7.261634016949619,15.894696069340714,-0.7826906770659612,0.25,2.0,False,False,False,applied
2026-06-06_run02_reverse_grid_3x3_pm40_on_r02,47900,47906,6,-40.0,-40.0,-263.27731514697575,-40.1613909130845,-39.211370866652,-263.401507999076,-7.0,16.0,-1.0,-2.4606613165454005,0.14353602755681943,0.04160315054350435,0.6151653291363501,-0.03588400688920486,0.0,0.6151653291363501,-0.03588400688920486,0.0,-39.38483467086365,-40.035884006889205,-263.27731514697575,-7.261634016949619,15.894696069340714,-0.7826906770659612,0.25,2.0,False,False,False,applied
2026-06-06_run02_reverse_grid_3x3_pm40_on_r02,48000,48000,0,-40.0,-40.0,-263.27731514697575,-40.161656869574,-39.2113660234731,-263.401495023112,-7.0,16.0,-1.0,-2.460639601549927,0.1435646502411953,0.04160072066477525,0.6151599003874817,-0.035891162560298825,0.0,0.6151599003874817,-0.035891162560298825,0.0,-39.38484009961252,-40.0358911625603,-263.27731514697575,-7.261634923237919,15.894698840235348,-0.7826900871754993,0.25,2.0,False,False,True,applied
2026-06-06_run02_reverse_grid_3x3_pm40_on_r02,48100,48109,9,-40.0,-40.0,-263.27731514697575,-40.161656869574,-39.2113660234731,-263.401495023112,-7.0,16.0,-1.0,-2.460639601549927,0.1435646502411953,0.04160072066477525,0.6151599003874817,-0.035891162560298825,0.0,0.6151599003874817,-0.035891162560298825,0.0,-39.38484009961252,-40.0358911625603,-263.27731514697575,-7.261634923237919,15.894698840235348,-0.7826900871754993,0.25,2.0,False,False,False,applied
2026-06-06_run02_reverse_grid_3x3_pm40_on_r02,48200,48203,3,-40.0,-40.0,-263.27731514697575,-40.161656869574,-39.2113660234731,-263.401495023112,-7.0,16.0,-1.0,-2.460639601549927,0.1435646502411953,0.04160072066477525,0.6151599003874817,-0.035891162560298825,0.0,0.6151599003874817,-0.035891162560298825,0.0,-39.38484009961252,-40.0358911625603,-263.27731514697575,-7.261634923237919,15.894698840235348,-0.7826900871754993,0.25,2.0,False,False,False,applied
2026-06-06_run02_reverse_grid_3x3_pm40_on_r02,48300,48312,12,-40.0,-40.0,-263.27731514697575,-40.161656869574,-39.2113660234731,-263.401495023112,-7.0,16.0,-1.0,-2.460639601549927,0.1435646502411953,0.04160072066477525,0.6151599003874817,-0.035891162560298825,0.0,0.6151599003874817,-0.035891162560298825,0.0,-39.38484009961252,-40.0358911625603,-263.27731514697575,-7.261634923237919,15.894698840235348,-0.7826900871754993,0.25,2.0,False,False,False,applied
2026-06-06_run02_reverse_grid_3x3_pm40_on_r02,48400,48406,6,-40.0,-40.0,-263.27731514697575,-40.161656869574,-39.2113660234731,-263.401495023112,-7.0,16.0,-1.0,-2.460639601549927,0.1435646502411953,0.04160072066477525,0.6151599003874817,-0.035891162560298825,0.0,0.6151599003874817,-0.035891162560298825,0.0,-39.38484009961252,-40.0358911625603,-263.27731514697575,-7.261634923237919,15.894698840235348,-0.7826900871754993,0.25,2.0,False,False,False,applied
2026-06-06_run02_reverse_grid_3x3_pm40_on_r02,48500,48500,0,-40.0,-40.0,-263.27731514697575,-40.1615032974033,-39.2113688200853,-263.401502515977,-7.0,16.0,-1.0,-2.4606521404477157,0.14354812233853353,0.04160212377807631,0.6151630351119289,-0.035887030584633384,0.0,0.6151630351119289,-0.035887030584633384,0.0,-39.38483696488807,-40.03588703058463,-263.27731514697575,-7.26163439990655,15.89469724022298,-0.7826904278107436,0.25,2.0,False,False,True,applied
2026-06-06_run02_reverse_grid_3x3_pm40_on_r02,48600,48609,9,-40.0,-40.0,-263.27731514697575,-40.1615032974033,-39.2113688200853,-263.401502515977,-7.0,16.0,-1.0,-2.4606521404477157,0.14354812233853353,0.04160212377807631,0.6151630351119289,-0.035887030584633384,0.0,0.6151630351119289,-0.035887030584633384,0.0,-39.38483696488807,-40.03588703058463,-263.27731514697575,-7.26163439990655,15.89469724022298,-0.7826904278107436,0.25,2.0,False,False,False,applied
2026-06-06_run02_reverse_grid_3x3_pm40_on_r02,48700,48703,3,-40.0,-40.0,-263.27731514697575,-40.1615032974033,-39.2113688200853,-263.401502515977,-7.0,16.0,-1.0,-2.4606521404477157,0.14354812233853353,0.04160212377807631,0.6151630351119289,-0.035887030584633384,0.0,0.6151630351119289,-0.035887030584633384,0.0,-39.38483696488807,-40.03588703058463,-263.27731514697575,-7.26163439990655,15.89469724022298,-0.7826904278107436,0.25,2.0,False,False,False,applied
2026-06-06_run02_reverse_grid_3x3_pm40_on_r02,48800,48812,12,-40.0,-40.0,-263.27731514697575,-40.1615032974033,-39.2113688200853,-263.401502515977,-7.0,16.0,-1.0,-2.4606521404477157,0.14354812233853353,0.04160212377807631,0.6151630351119289,-0.035887030584633384,0.0,0.6151630351119289,-0.035887030584633384,0.0,-39.38483696488807,-40.03588703058463,-263.27731514697575,-7.26163439990655,15.89469724022298,-0.7826904278107436,0.25,2.0,False,False,False,applied
2026-06-06_run02_reverse_grid_3x3_pm40_on_r02,48900,48906,6,-40.0,-40.0,-263.27731514697575,-40.1615032974033,-39.2113688200853,-263.401502515977,-7.0,16.0,-1.0,-2.4606521404477157,0.14354812233853353,0.04160212377807631,0.6151630351119289,-0.035887030584633384,0.0,0.6151630351119289,-0.035887030584633384,0.0,-39.38483696488807,-40.03588703058463,-263.27731514697575,-7.26163439990655,15.89469724022298,-0.7826904278107436,0.25,2.0,False,False,False,applied
2026-06-06_run02_reverse_grid_3x3_pm40_on_r02,49000,49000,0,-40.0,-40.0,-263.27731514697575,-40.1624926947724,-39.2113508027707,-263.401454242446,-7.0,16.0,-1.0,-2.4605713580905433,0.14365460490055748,0.0415930840818023,0.6151428395226358,-0.03591365122513937,0.0,0.6151428395226358,-0.03591365122513937,0.0,-39.38485716047737,-40.03591365122514,-263.27731514697575,-7.261637771528761,15.894707548407952,-0.782688233210924,0.25,2.0,False,False,True,applied
2026-06-06_run02_reverse_grid_3x3_pm40_on_r02,49100,49109,9,-40.0,-40.0,-263.27731514697575,-40.1624926947724,-39.2113508027707,-263.401454242446,-7.0,16.0,-1.0,-2.4605713580905433,0.14365460490055748,0.0415930840818023,0.6151428395226358,-0.03591365122513937,0.0,0.6151428395226358,-0.03591365122513937,0.0,-39.38485716047737,-40.03591365122514,-263.27731514697575,-7.261637771528761,15.894707548407952,-0.782688233210924,0.25,2.0,False,False,False,applied
2026-06-06_run02_reverse_grid_3x3_pm40_on_r02,49200,49203,3,-40.0,-40.0,-263.27731514697575,-40.1624926947724,-39.2113508027707,-263.401454242446,-7.0,16.0,-1.0,-2.4605713580905433,0.14365460490055748,0.0415930840818023,0.6151428395226358,-0.03591365122513937,0.0,0.6151428395226358,-0.03591365122513937,0.0,-39.38485716047737,-40.03591365122514,-263.27731514697575,-7.261637771528761,15.894707548407952,-0.782688233210924,0.25,2.0,False,False,False,applied
2026-06-06_run02_reverse_grid_3x3_pm40_on_r02,49300,49312,12,-40.0,-40.0,-263.27731514697575,-40.1624926947724,-39.2113508027707,-263.401454242446,-7.0,16.0,-1.0,-2.4605713580905433,0.14365460490055748,0.0415930840818023,0.6151428395226358,-0.03591365122513937,0.0,0.6151428395226358,-0.03591365122513937,0.0,-39.38485716047737,-40.03591365122514,-263.27731514697575,-7.261637771528761,15.894707548407952,-0.782688233210924,0.25,2.0,False,False,False,applied
2026-06-06_run02_reverse_grid_3x3_pm40_on_r02,49400,49406,6,-40.0,-40.0,-263.27731514697575,-40.1624926947724,-39.2113508027707,-263.401454242446,-7.0,16.0,-1.0,-2.4605713580905433,0.14365460490055748,0.0415930840818023,0.6151428395226358,-0.03591365122513937,0.0,0.6151428395226358,-0.03591365122513937,0.0,-39.38485716047737,-40.03591365122514,-263.27731514697575,-7.261637771528761,15.894707548407952,-0.782688233210924,0.25,2.0,False,False,False,applied
2026-06-06_run02_reverse_grid_3x3_pm40_on_r02,49500,49500,0,-40.0,-40.0,-263.27731514697575,-40.1628680769038,-39.2113439669464,-263.401435926317,-7.0,16.0,-1.0,-2.4605407094353504,0.14369500663903212,0.04158965420904967,0.6151351773588376,-0.03592375165975803,0.0,0.6151351773588376,-0.03592375165975803,0.0,-39.38486482264116,-40.03592375165976,-263.27731514697575,-7.261639050825947,15.894711459425837,-0.7826874004629053,0.25,2.0,False,False,True,applied
2026-06-06_run02_reverse_grid_3x3_pm40_on_r02,49600,49609,9,-40.0,-40.0,-263.27731514697575,-40.1628680769038,-39.2113439669464,-263.401435926317,-7.0,16.0,-1.0,-2.4605407094353504,0.14369500663903212,0.04158965420904967,0.6151351773588376,-0.03592375165975803,0.0,0.6151351773588376,-0.03592375165975803,0.0,-39.38486482264116,-40.03592375165976,-263.27731514697575,-7.261639050825947,15.894711459425837,-0.7826874004629053,0.25,2.0,False,False,False,applied
2026-06-06_run02_reverse_grid_3x3_pm40_on_r02,49700,49703,3,-40.0,-40.0,-263.27731514697575,-40.1628680769038,-39.2113439669464,-263.401435926317,-7.0,16.0,-1.0,-2.4605407094353504,0.14369500663903212,0.04158965420904967,0.6151351773588376,-0.03592375165975803,0.0,0.6151351773588376,-0.03592375165975803,0.0,-39.38486482264116,-40.03592375165976,-263.27731514697575,-7.261639050825947,15.894711459425837,-0.7826874004629053,0.25,2.0,False,False,False,applied
2026-06-06_run02_reverse_grid_3x3_pm40_on_r02,49800,49812,12,-40.0,-40.0,-263.27731514697575,-40.1628680769038,-39.2113439669464,-263.401435926317,-7.0,16.0,-1.0,-2.4605407094353504,0.14369500663903212,0.04158965420904967,0.6151351773588376,-0.03592375165975803,0.0,0.6151351773588376,-0.03592375165975803,0.0,-39.38486482264116,-40.03592375165976,-263.27731514697575,-7.261639050825947,15.894711459425837,-0.7826874004629053,0.25,2.0,False,False,False,applied
2026-06-06_run02_reverse_grid_3x3_pm40_on_r02,49900,49906,6,-40.0,-40.0,-263.27731514697575,-40.1628680769038,-39.2113439669464,-263.401435926317,-7.0,16.0,-1.0,-2.4605407094353504,0.14369500663903212,0.04158965420904967,0.6151351773588376,-0.03592375165975803,0.0,0.6151351773588376,-0.03592375165975803,0.0,-39.38486482264116,-40.03592375165976,-263.27731514697575,-7.261639050825947,15.894711459425837,-0.7826874004629053,0.25,2.0,False,False,False,applied
2026-06-06_run02_reverse_grid_3x3_pm40_on_r02,50000,50000,0,0.0,0.0,-263.27731514697575,-7.88413018648965,-7.75489688937167,-264.216140244278,0.0,0.0,0.0,-0.8959801596825305,-1.75955299862094,0.20419449547181645,0.22399503992063263,0.439888249655235,0.0,0.22399503992063263,0.439888249655235,0.0,0.22399503992063263,0.439888249655235,-263.27731514697575,0.11035070534343455,-0.10344079391780985,-0.006287869136852637,0.25,2.0,False,False,True,applied
2026-06-06_run02_reverse_grid_3x3_pm40_on_r02,50100,50109,9,0.0,0.0,-263.27731514697575,-7.88413018648965,-7.75489688937167,-264.216140244278,0.0,0.0,0.0,-0.8959801596825305,-1.75955299862094,0.20419449547181645,0.22399503992063263,0.439888249655235,0.0,0.22399503992063263,0.439888249655235,0.0,0.22399503992063263,0.439888249655235,-263.27731514697575,0.11035070534343455,-0.10344079391780985,-0.006287869136852637,0.25,2.0,False,False,False,applied
2026-06-06_run02_reverse_grid_3x3_pm40_on_r02,50200,50203,3,0.0,0.0,-263.27731514697575,-7.88413018648965,-7.75489688937167,-264.216140244278,0.0,0.0,0.0,-0.8959801596825305,-1.75955299862094,0.20419449547181645,0.22399503992063263,0.439888249655235,0.0,0.22399503992063263,0.439888249655235,0.0,0.22399503992063263,0.439888249655235,-263.27731514697575,0.11035070534343455,-0.10344079391780985,-0.006287869136852637,0.25,2.0,False,False,False,applied
2026-06-06_run02_reverse_grid_3x3_pm40_on_r02,50300,50312,12,0.0,0.0,-263.27731514697575,-7.88413018648965,-7.75489688937167,-264.216140244278,0.0,0.0,0.0,-0.8959801596825305,-1.75955299862094,0.20419449547181645,0.22399503992063263,0.439888249655235,0.0,0.22399503992063263,0.439888249655235,0.0,0.22399503992063263,0.439888249655235,-263.27731514697575,0.11035070534343455,-0.10344079391780985,-0.006287869136852637,0.25,2.0,False,False,False,applied
2026-06-06_run02_reverse_grid_3x3_pm40_on_r02,50400,50406,6,0.0,0.0,-263.27731514697575,-7.88413018648965,-7.75489688937167,-264.216140244278,0.0,0.0,0.0,-0.8959801596825305,-1.75955299862094,0.20419449547181645,0.22399503992063263,0.439888249655235,0.0,0.22399503992063263,0.439888249655235,0.0,0.22399503992063263,0.439888249655235,-263.27731514697575,0.11035070534343455,-0.10344079391780985,-0.006287869136852637,0.25,2.0,False,False,False,applied
2026-06-06_run02_reverse_grid_3x3_pm40_on_r02,50500,50500,0,0.0,0.0,-263.27731514697575,0.000778313534769736,0.000766554582443799,-263.27719962662,0.0,0.0,0.0,-2.241616841804314,0.21175244761323306,0.02961777407824471,0.5604042104510785,-0.052938111903308264,0.0,0.5604042104510785,-0.052938111903308264,0.0,0.5604042104510785,-0.052938111903308264,-263.27731514697575,-0.01297977771573148,-0.11462780089991935,0.1284164066079204,0.25,2.0,False,False,True,applied
2026-06-06_run02_reverse_grid_3x3_pm40_on_r02,50600,50609,9,0.0,0.0,-263.27731514697575,0.000778313534769736,0.000766554582443799,-263.27719962662,0.0,0.0,0.0,-2.241616841804314,0.21175244761323306,0.02961777407824471,0.5604042104510785,-0.052938111903308264,0.0,0.5604042104510785,-0.052938111903308264,0.0,0.5604042104510785,-0.052938111903308264,-263.27731514697575,-0.01297977771573148,-0.11462780089991935,0.1284164066079204,0.25,2.0,False,False,False,applied
2026-06-06_run02_reverse_grid_3x3_pm40_on_r02,50700,50703,3,0.0,0.0,-263.27731514697575,0.000778313534769736,0.000766554582443799,-263.27719962662,0.0,0.0,0.0,-2.241616841804314,0.21175244761323306,0.02961777407824471,0.5604042104510785,-0.052938111903308264,0.0,0.5604042104510785,-0.052938111903308264,0.0,0.5604042104510785,-0.052938111903308264,-263.27731514697575,-0.01297977771573148,-0.11462780089991935,0.1284164066079204,0.25,2.0,False,False,False,applied
2026-06-06_run02_reverse_grid_3x3_pm40_on_r02,50800,50812,12,0.0,0.0,-263.27731514697575,0.000778313534769736,0.000766554582443799,-263.27719962662,0.0,0.0,0.0,-2.241616841804314,0.21175244761323306,0.02961777407824471,0.5604042104510785,-0.052938111903308264,0.0,0.5604042104510785,-0.052938111903308264,0.0,0.5604042104510785,-0.052938111903308264,-263.27731514697575,-0.01297977771573148,-0.11462780089991935,0.1284164066079204,0.25,2.0,False,False,False,applied
2026-06-06_run02_reverse_grid_3x3_pm40_on_r02,50900,50906,6,0.0,0.0,-263.27731514697575,0.000778313534769736,0.000766554582443799,-263.27719962662,0.0,0.0,0.0,-2.241616841804314,0.21175244761323306,0.02961777407824471,0.5604042104510785,-0.052938111903308264,0.0,0.5604042104510785,-0.052938111903308264,0.0,0.5604042104510785,-0.052938111903308264,-263.27731514697575,-0.01297977771573148,-0.11462780089991935,0.1284164066079204,0.25,2.0,False,False,False,applied
2026-06-06_run02_reverse_grid_3x3_pm40_on_r02,51000,51000,0,0.0,0.0,-263.27731514697575,0.000472995407346142,0.00046584925931587,-263.277244943559,0.0,0.0,0.0,-2.2415592786586327,0.21165910645745775,0.029626176844923326,0.5603898196646582,-0.05291477661436444,0.0,0.5603898196646582,-0.05291477661436444,0.0,0.5603898196646582,-0.05291477661436444,-263.27731514697575,-0.01297395074732656,-0.11462761796456343,0.12841034924698008,0.25,2.0,False,False,True,applied
2026-06-06_run02_reverse_grid_3x3_pm40_on_r02,51100,51109,9,0.0,0.0,-263.27731514697575,0.000472995407346142,0.00046584925931587,-263.277244943559,0.0,0.0,0.0,-2.2415592786586327,0.21165910645745775,0.029626176844923326,0.5603898196646582,-0.05291477661436444,0.0,0.5603898196646582,-0.05291477661436444,0.0,0.5603898196646582,-0.05291477661436444,-263.27731514697575,-0.01297395074732656,-0.11462761796456343,0.12841034924698008,0.25,2.0,False,False,False,applied
2026-06-06_run02_reverse_grid_3x3_pm40_on_r02,51200,51203,3,0.0,0.0,-263.27731514697575,0.000472995407346142,0.00046584925931587,-263.277244943559,0.0,0.0,0.0,-2.2415592786586327,0.21165910645745775,0.029626176844923326,0.5603898196646582,-0.05291477661436444,0.0,0.5603898196646582,-0.05291477661436444,0.0,0.5603898196646582,-0.05291477661436444,-263.27731514697575,-0.01297395074732656,-0.11462761796456343,0.12841034924698008,0.25,2.0,False,False,False,applied
2026-06-06_run02_reverse_grid_3x3_pm40_on_r02,51300,51312,12,0.0,0.0,-263.27731514697575,0.000472995407346142,0.00046584925931587,-263.277244943559,0.0,0.0,0.0,-2.2415592786586327,0.21165910645745775,0.029626176844923326,0.5603898196646582,-0.05291477661436444,0.0,0.5603898196646582,-0.05291477661436444,0.0,0.5603898196646582,-0.05291477661436444,-263.27731514697575,-0.01297395074732656,-0.11462761796456343,0.12841034924698008,0.25,2.0,False,False,False,applied
2026-06-06_run02_reverse_grid_3x3_pm40_on_r02,51400,51406,6,0.0,0.0,-263.27731514697575,0.000472995407346142,0.00046584925931587,-263.277244943559,0.0,0.0,0.0,-2.2415592786586327,0.21165910645745775,0.029626176844923326,0.5603898196646582,-0.05291477661436444,0.0,0.5603898196646582,-0.05291477661436444,0.0,0.5603898196646582,-0.05291477661436444,-263.27731514697575,-0.01297395074732656,-0.11462761796456343,0.12841034924698008,0.25,2.0,False,False,False,applied
2026-06-06_run02_reverse_grid_3x3_pm40_on_r02,51500,51500,0,0.0,0.0,-263.27731514697575,0.000242468364323032,0.000238805072739615,-263.27727915936,0.0,0.0,0.0,-2.2415158163992075,0.2115886307304997,0.029632521214634673,0.5603789540998019,-0.05289715768262492,0.0,0.5603789540998019,-0.05289715768262492,0.0,0.5603789540998019,-0.05289715768262492,-263.27731514697575,-0.0129695511886453,-0.11462747983379555,0.12840577572780504,0.25,2.0,False,False,True,applied
2026-06-06_run02_reverse_grid_3x3_pm40_on_r02,51600,51609,9,0.0,0.0,-263.27731514697575,0.000242468364323032,0.000238805072739615,-263.27727915936,0.0,0.0,0.0,-2.2415158163992075,0.2115886307304997,0.029632521214634673,0.5603789540998019,-0.05289715768262492,0.0,0.5603789540998019,-0.05289715768262492,0.0,0.5603789540998019,-0.05289715768262492,-263.27731514697575,-0.0129695511886453,-0.11462747983379555,0.12840577572780504,0.25,2.0,False,False,False,applied
2026-06-06_run02_reverse_grid_3x3_pm40_on_r02,51700,51703,3,0.0,0.0,-263.27731514697575,0.000242468364323032,0.000238805072739615,-263.27727915936,0.0,0.0,0.0,-2.2415158163992075,0.2115886307304997,0.029632521214634673,0.5603789540998019,-0.05289715768262492,0.0,0.5603789540998019,-0.05289715768262492,0.0,0.5603789540998019,-0.05289715768262492,-263.27731514697575,-0.0129695511886453,-0.11462747983379555,0.12840577572780504,0.25,2.0,False,False,False,applied
2026-06-06_run02_reverse_grid_3x3_pm40_on_r02,51800,51812,12,0.0,0.0,-263.27731514697575,0.000242468364323032,0.000238805072739615,-263.27727915936,0.0,0.0,0.0,-2.2415158163992075,0.2115886307304997,0.029632521214634673,0.5603789540998019,-0.05289715768262492,0.0,0.5603789540998019,-0.05289715768262492,0.0,0.5603789540998019,-0.05289715768262492,-263.27731514697575,-0.0129695511886453,-0.11462747983379555,0.12840577572780504,0.25,2.0,False,False,False,applied
2026-06-06_run02_reverse_grid_3x3_pm40_on_r02,51900,51906,6,0.0,0.0,-263.27731514697575,0.000242468364323032,0.000238805072739615,-263.27727915936,0.0,0.0,0.0,-2.2415158163992075,0.2115886307304997,0.029632521214634673,0.5603789540998019,-0.05289715768262492,0.0,0.5603789540998019,-0.05289715768262492,0.0,0.5603789540998019,-0.05289715768262492,-263.27731514697575,-0.0129695511886453,-0.11462747983379555,0.12840577572780504,0.25,2.0,False,False,False,applied
2026-06-06_run02_reverse_grid_3x3_pm40_on_r02,52000,52000,0,0.0,0.0,-263.27731514697575,0.000570379480476528,0.000561762040841067,-263.277230489156,0.0,0.0,0.0,-2.241577639048594,0.21168887876066705,0.029623496677959958,0.5603944097621485,-0.052922219690166764,0.0,0.5603944097621485,-0.052922219690166764,0.0,0.5603944097621485,-0.052922219690166764,-263.27731514697575,-0.01297580933045418,-0.11462767630998494,0.12841228131166715,0.25,2.0,False,False,True,applied
2026-06-06_run02_reverse_grid_3x3_pm40_on_r02,52100,52109,9,0.0,0.0,-263.27731514697575,0.000570379480476528,0.000561762040841067,-263.277230489156,0.0,0.0,0.0,-2.241577639048594,0.21168887876066705,0.029623496677959958,0.5603944097621485,-0.052922219690166764,0.0,0.5603944097621485,-0.052922219690166764,0.0,0.5603944097621485,-0.052922219690166764,-263.27731514697575,-0.01297580933045418,-0.11462767630998494,0.12841228131166715,0.25,2.0,False,False,False,applied
2026-06-06_run02_reverse_grid_3x3_pm40_on_r02,52200,52203,3,0.0,0.0,-263.27731514697575,0.000570379480476528,0.000561762040841067,-263.277230489156,0.0,0.0,0.0,-2.241577639048594,0.21168887876066705,0.029623496677959958,0.5603944097621485,-0.052922219690166764,0.0,0.5603944097621485,-0.052922219690166764,0.0,0.5603944097621485,-0.052922219690166764,-263.27731514697575,-0.01297580933045418,-0.11462767630998494,0.12841228131166715,0.25,2.0,False,False,False,applied
2026-06-06_run02_reverse_grid_3x3_pm40_on_r02,52300,52312,12,0.0,0.0,-263.27731514697575,0.000570379480476528,0.000561762040841067,-263.277230489156,0.0,0.0,0.0,-2.241577639048594,0.21168887876066705,0.029623496677959958,0.5603944097621485,-0.052922219690166764,0.0,0.5603944097621485,-0.052922219690166764,0.0,0.5603944097621485,-0.052922219690166764,-263.27731514697575,-0.01297580933045418,-0.11462767630998494,0.12841228131166715,0.25,2.0,False,False,False,applied
2026-06-06_run02_reverse_grid_3x3_pm40_on_r02,52400,52406,6,0.0,0.0,-263.27731514697575,0.000570379480476528,0.000561762040841067,-263.277230489156,0.0,0.0,0.0,-2.241577639048594,0.21168887876066705,0.029623496677959958,0.5603944097621485,-0.052922219690166764,0.0,0.5603944097621485,-0.052922219690166764,0.0,0.5603944097621485,-0.052922219690166764,-263.27731514697575,-0.01297580933045418,-0.11462767630998494,0.12841228131166715,0.25,2.0,False,False,False,applied
2026-06-06_run02_reverse_grid_3x3_pm40_on_r02,52500,52500,0,0.0,0.0,-263.27731514697575,0.00131195385817591,0.00129213263993014,-263.277120419024,0.0,0.0,0.0,-2.241717452804761,0.21191559444267727,0.029603087235113894,0.5604293632011903,-0.05297889861066932,0.0,0.5604293632011903,-0.05297889861066932,0.0,0.5604293632011903,-0.05297889861066932,-263.27731514697575,-0.012989962409944569,-0.11462812058496603,0.12842699394404197,0.25,2.0,False,False,True,applied
2026-06-06_run02_reverse_grid_3x3_pm40_on_r02,52600,52609,9,0.0,0.0,-263.27731514697575,0.00131195385817591,0.00129213263993014,-263.277120419024,0.0,0.0,0.0,-2.241717452804761,0.21191559444267727,0.029603087235113894,0.5604293632011903,-0.05297889861066932,0.0,0.5604293632011903,-0.05297889861066932,0.0,0.5604293632011903,-0.05297889861066932,-263.27731514697575,-0.012989962409944569,-0.11462812058496603,0.12842699394404197,0.25,2.0,False,False,False,applied
2026-06-06_run02_reverse_grid_3x3_pm40_on_r02,52700,52703,3,0.0,0.0,-263.27731514697575,0.00131195385817591,0.00129213263993014,-263.277120419024,0.0,0.0,0.0,-2.241717452804761,0.21191559444267727,0.029603087235113894,0.5604293632011903,-0.05297889861066932,0.0,0.5604293632011903,-0.05297889861066932,0.0,0.5604293632011903,-0.05297889861066932,-263.27731514697575,-0.012989962409944569,-0.11462812058496603,0.12842699394404197,0.25,2.0,False,False,False,applied
2026-06-06_run02_reverse_grid_3x3_pm40_on_r02,52800,52812,12,0.0,0.0,-263.27731514697575,0.00131195385817591,0.00129213263993014,-263.277120419024,0.0,0.0,0.0,-2.241717452804761,0.21191559444267727,0.029603087235113894,0.5604293632011903,-0.05297889861066932,0.0,0.5604293632011903,-0.05297889861066932,0.0,0.5604293632011903,-0.05297889861066932,-263.27731514697575,-0.012989962409944569,-0.11462812058496603,0.12842699394404197,0.25,2.0,False,False,False,applied
2026-06-06_run02_reverse_grid_3x3_pm40_on_r02,52900,52906,6,0.0,0.0,-263.27731514697575,0.00131195385817591,0.00129213263993014,-263.277120419024,0.0,0.0,0.0,-2.241717452804761,0.21191559444267727,0.029603087235113894,0.5604293632011903,-0.05297889861066932,0.0,0.5604293632011903,-0.05297889861066932,0.0,0.5604293632011903,-0.05297889861066932,-263.27731514697575,-0.012989962409944569,-0.11462812058496603,0.12842699394404197,0.25,2.0,False,False,False,applied
2026-06-06_run02_reverse_grid_3x3_pm40_on_r02,53000,53000,0,0.0,0.0,-263.27731514697575,0.00102820276163582,0.00101266845913777,-263.277162536119,0.0,0.0,0.0,-2.241663955037625,0.21182884433844157,0.02961089667709322,0.5604159887594062,-0.05295721108461039,0.0,0.5604159887594062,-0.05295721108461039,0.0,0.5604159887594062,-0.05295721108461039,-263.27731514697575,-0.012984546900443096,-0.11462795060719011,0.12842136434453882,0.25,2.0,False,False,True,applied
2026-06-06_run02_reverse_grid_3x3_pm40_on_r02,53100,53109,9,0.0,0.0,-263.27731514697575,0.00102820276163582,0.00101266845913777,-263.277162536119,0.0,0.0,0.0,-2.241663955037625,0.21182884433844157,0.02961089667709322,0.5604159887594062,-0.05295721108461039,0.0,0.5604159887594062,-0.05295721108461039,0.0,0.5604159887594062,-0.05295721108461039,-263.27731514697575,-0.012984546900443096,-0.11462795060719011,0.12842136434453882,0.25,2.0,False,False,False,applied
2026-06-06_run02_reverse_grid_3x3_pm40_on_r02,53200,53203,3,0.0,0.0,-263.27731514697575,0.00102820276163582,0.00101266845913777,-263.277162536119,0.0,0.0,0.0,-2.241663955037625,0.21182884433844157,0.02961089667709322,0.5604159887594062,-0.05295721108461039,0.0,0.5604159887594062,-0.05295721108461039,0.0,0.5604159887594062,-0.05295721108461039,-263.27731514697575,-0.012984546900443096,-0.11462795060719011,0.12842136434453882,0.25,2.0,False,False,False,applied
2026-06-06_run02_reverse_grid_3x3_pm40_on_r02,53300,53312,12,0.0,0.0,-263.27731514697575,0.00102820276163582,0.00101266845913777,-263.277162536119,0.0,0.0,0.0,-2.241663955037625,0.21182884433844157,0.02961089667709322,0.5604159887594062,-0.05295721108461039,0.0,0.5604159887594062,-0.05295721108461039,0.0,0.5604159887594062,-0.05295721108461039,-263.27731514697575,-0.012984546900443096,-0.11462795060719011,0.12842136434453882,0.25,2.0,False,False,False,applied
2026-06-06_run02_reverse_grid_3x3_pm40_on_r02,53400,53406,6,0.0,0.0,-263.27731514697575,0.00102820276163582,0.00101266845913777,-263.277162536119,0.0,0.0,0.0,-2.241663955037625,0.21182884433844157,0.02961089667709322,0.5604159887594062,-0.05295721108461039,0.0,0.5604159887594062,-0.05295721108461039,0.0,0.5604159887594062,-0.05295721108461039,-263.27731514697575,-0.012984546900443096,-0.11462795060719011,0.12842136434453882,0.25,2.0,False,False,False,applied
2026-06-06_run02_reverse_grid_3x3_pm40_on_r02,53500,53500,0,0.0,0.0,-263.27731514697575,0.000851086280919261,0.000838227878721371,-263.277188824923,0.0,0.0,0.0,-2.2416305622433215,0.2117746962498698,0.02961577120456097,0.5604076405608304,-0.05294367406246745,0.0,0.5604076405608304,-0.05294367406246745,0.0,0.5604076405608304,-0.05294367406246745,-263.27731514697575,-0.01298116662173691,-0.11462784449250958,0.12841785041859607,0.25,2.0,False,False,True,applied
2026-06-06_run02_reverse_grid_3x3_pm40_on_r02,53600,53609,9,0.0,0.0,-263.27731514697575,0.000851086280919261,0.000838227878721371,-263.277188824923,0.0,0.0,0.0,-2.2416305622433215,0.2117746962498698,0.02961577120456097,0.5604076405608304,-0.05294367406246745,0.0,0.5604076405608304,-0.05294367406246745,0.0,0.5604076405608304,-0.05294367406246745,-263.27731514697575,-0.01298116662173691,-0.11462784449250958,0.12841785041859607,0.25,2.0,False,False,False,applied
2026-06-06_run02_reverse_grid_3x3_pm40_on_r02,53700,53703,3,0.0,0.0,-263.27731514697575,0.000851086280919261,0.000838227878721371,-263.277188824923,0.0,0.0,0.0,-2.2416305622433215,0.2117746962498698,0.02961577120456097,0.5604076405608304,-0.05294367406246745,0.0,0.5604076405608304,-0.05294367406246745,0.0,0.5604076405608304,-0.05294367406246745,-263.27731514697575,-0.01298116662173691,-0.11462784449250958,0.12841785041859607,0.25,2.0,False,False,False,applied
2026-06-06_run02_reverse_grid_3x3_pm40_on_r02,53800,53812,12,0.0,0.0,-263.27731514697575,0.000851086280919261,0.000838227878721371,-263.277188824923,0.0,0.0,0.0,-2.2416305622433215,0.2117746962498698,0.02961577120456097,0.5604076405608304,-0.05294367406246745,0.0,0.5604076405608304,-0.05294367406246745,0.0,0.5604076405608304,-0.05294367406246745,-263.27731514697575,-0.01298116662173691,-0.11462784449250958,0.12841785041859607,0.25,2.0,False,False,False,applied
2026-06-06_run02_reverse_grid_3x3_pm40_on_r02,53900,53906,6,0.0,0.0,-263.27731514697575,0.000851086280919261,0.000838227878721371,-263.277188824923,0.0,0.0,0.0,-2.2416305622433215,0.2117746962498698,0.02961577120456097,0.5604076405608304,-0.05294367406246745,0.0,0.5604076405608304,-0.05294367406246745,0.0,0.5604076405608304,-0.05294367406246745,-263.27731514697575,-0.01298116662173691,-0.11462784449250958,0.12841785041859607,0.25,2.0,False,False,False,applied
2026-06-06_run02_reverse_grid_3x3_pm40_on_r02,54000,54000,0,0.0,0.0,-263.27731514697575,0.000237715005699518,0.000234123531594127,-263.277279864812,0.0,0.0,0.0,-2.24151492026551,0.21158717767132415,0.02963265202123807,0.5603787300663775,-0.05289679441783104,0.0,0.5603787300663775,-0.05289679441783104,0.0,0.5603787300663775,-0.05289679441783104,-263.27731514697575,-0.012969460479111244,-0.11462747698390209,0.12840568142967657,0.25,2.0,False,False,True,applied
2026-06-06_run02_reverse_grid_3x3_pm40_on_r02,54100,54109,9,0.0,0.0,-263.27731514697575,0.000237715005699518,0.000234123531594127,-263.277279864812,0.0,0.0,0.0,-2.24151492026551,0.21158717767132415,0.02963265202123807,0.5603787300663775,-0.05289679441783104,0.0,0.5603787300663775,-0.05289679441783104,0.0,0.5603787300663775,-0.05289679441783104,-263.27731514697575,-0.012969460479111244,-0.11462747698390209,0.12840568142967657,0.25,2.0,False,False,False,applied
2026-06-06_run02_reverse_grid_3x3_pm40_on_r02,54200,54203,3,0.0,0.0,-263.27731514697575,0.000237715005699518,0.000234123531594127,-263.277279864812,0.0,0.0,0.0,-2.24151492026551,0.21158717767132415,0.02963265202123807,0.5603787300663775,-0.05289679441783104,0.0,0.5603787300663775,-0.05289679441783104,0.0,0.5603787300663775,-0.05289679441783104,-263.27731514697575,-0.012969460479111244,-0.11462747698390209,0.12840568142967657,0.25,2.0,False,False,False,applied
2026-06-06_run02_reverse_grid_3x3_pm40_on_r02,54300,54328,28,0.0,0.0,-263.27731514697575,0.000237715005699518,0.000234123531594127,-263.277279864812,0.0,0.0,0.0,-2.24151492026551,0.21158717767132415,0.02963265202123807,0.5603787300663775,-0.05289679441783104,0.0,0.5603787300663775,-0.05289679441783104,0.0,0.5603787300663775,-0.05289679441783104,-263.27731514697575,-0.012969460479111244,-0.11462747698390209,0.12840568142967657,0.25,2.0,False,False,False,applied
2026-06-06_run02_reverse_grid_3x3_pm40_on_r02,54400,54406,6,0.0,0.0,-263.27731514697575,0.000237715005699518,0.000234123531594127,-263.277279864812,0.0,0.0,0.0,-2.24151492026551,0.21158717767132415,0.02963265202123807,0.5603787300663775,-0.05289679441783104,0.0,0.5603787300663775,-0.05289679441783104,0.0,0.5603787300663775,-0.05289679441783104,-263.27731514697575,-0.012969460479111244,-0.11462747698390209,0.12840568142967657,0.25,2.0,False,False,False,applied
2026-06-06_run02_reverse_grid_3x3_pm40_on_r02,54500,54500,0,0.0,0.0,-263.27731514697575,0.000844464236783464,0.000831705872496889,-263.277189808029,0.0,0.0,0.0,-2.2416293136180827,0.21177267134278552,0.029615953493777533,0.5604073284045207,-0.05294316783569638,0.0,0.5604073284045207,-0.05294316783569638,0.0,0.5604073284045207,-0.05294316783569638,-263.27731514697575,-0.012981040213549575,-0.11462784053088604,0.12841771901934357,0.25,2.0,False,False,True,applied
2026-06-06_run02_reverse_grid_3x3_pm40_on_r02,54600,54609,9,0.0,0.0,-263.27731514697575,0.000844464236783464,0.000831705872496889,-263.277189808029,0.0,0.0,0.0,-2.2416293136180827,0.21177267134278552,0.029615953493777533,0.5604073284045207,-0.05294316783569638,0.0,0.5604073284045207,-0.05294316783569638,0.0,0.5604073284045207,-0.05294316783569638,-263.27731514697575,-0.012981040213549575,-0.11462784053088604,0.12841771901934357,0.25,2.0,False,False,False,applied
2026-06-06_run02_reverse_grid_3x3_pm40_on_r02,54700,54703,3,0.0,0.0,-263.27731514697575,0.000844464236783464,0.000831705872496889,-263.277189808029,0.0,0.0,0.0,-2.2416293136180827,0.21177267134278552,0.029615953493777533,0.5604073284045207,-0.05294316783569638,0.0,0.5604073284045207,-0.05294316783569638,0.0,0.5604073284045207,-0.05294316783569638,-263.27731514697575,-0.012981040213549575,-0.11462784053088604,0.12841771901934357,0.25,2.0,False,False,False,applied
2026-06-06_run02_reverse_grid_3x3_pm40_on_r02,54800,54812,12,0.0,0.0,-263.27731514697575,0.000844464236783464,0.000831705872496889,-263.277189808029,0.0,0.0,0.0,-2.2416293136180827,0.21177267134278552,0.029615953493777533,0.5604073284045207,-0.05294316783569638,0.0,0.5604073284045207,-0.05294316783569638,0.0,0.5604073284045207,-0.05294316783569638,-263.27731514697575,-0.012981040213549575,-0.11462784053088604,0.12841771901934357,0.25,2.0,False,False,False,applied
2026-06-06_run02_reverse_grid_3x3_pm40_on_r02,54900,54906,6,0.0,0.0,-263.27731514697575,0.000844464236783464,0.000831705872496889,-263.277189808029,0.0,0.0,0.0,-2.2416293136180827,0.21177267134278552,0.029615953493777533,0.5604073284045207,-0.05294316783569638,0.0,0.5604073284045207,-0.05294316783569638,0.0,0.5604073284045207,-0.05294316783569638,-263.27731514697575,-0.012981040213549575,-0.11462784053088604,0.12841771901934357,0.25,2.0,False,False,False,applied
