run_id,time,target_x,target_y,target_z,theta1_cmd,theta2_cmd,theta3_cmd,theta1_meas,theta2_meas,theta3_meas,valid,phase,command,time_source,theta_meas_source
2026-06-06_run02_reverse_grid_3x3_pm40_off_r02,0,0.0,0.0,-263.27731514697575,0.0,0.0,0.0,0.0,0.0,0.0,True,home_1,ALL 0 0 0,pc_scheduled_elapsed_ms,command_echo_no_encoder
2026-06-06_run02_reverse_grid_3x3_pm40_off_r02,100,0.0,0.0,-263.27731514697575,0.0,0.0,0.0,0.0,0.0,0.0,True,home_1,ALL 0 0 0,pc_scheduled_elapsed_ms,command_echo_no_encoder
2026-06-06_run02_reverse_grid_3x3_pm40_off_r02,200,0.0,0.0,-263.27731514697575,0.0,0.0,0.0,0.0,0.0,0.0,True,home_1,ALL 0 0 0,pc_scheduled_elapsed_ms,command_echo_no_encoder
2026-06-06_run02_reverse_grid_3x3_pm40_off_r02,300,0.0,0.0,-263.27731514697575,0.0,0.0,0.0,0.0,0.0,0.0,True,home_1,ALL 0 0 0,pc_scheduled_elapsed_ms,command_echo_no_encoder
2026-06-06_run02_reverse_grid_3x3_pm40_off_r02,400,0.0,0.0,-263.27731514697575,0.0,0.0,0.0,0.0,0.0,0.0,True,home_1,ALL 0 0 0,pc_scheduled_elapsed_ms,command_echo_no_encoder
2026-06-06_run02_reverse_grid_3x3_pm40_off_r02,500,0.0,0.0,-263.27731514697575,0.0,0.0,0.0,0.0,0.0,0.0,True,home_1,ALL 0 0 0,pc_scheduled_elapsed_ms,command_echo_no_encoder
2026-06-06_run02_reverse_grid_3x3_pm40_off_r02,600,0.0,0.0,-263.27731514697575,0.0,0.0,0.0,0.0,0.0,0.0,True,home_1,ALL 0 0 0,pc_scheduled_elapsed_ms,command_echo_no_encoder
2026-06-06_run02_reverse_grid_3x3_pm40_off_r02,700,0.0,0.0,-263.27731514697575,0.0,0.0,0.0,0.0,0.0,0.0,True,home_1,ALL 0 0 0,pc_scheduled_elapsed_ms,command_echo_no_encoder
2026-06-06_run02_reverse_grid_3x3_pm40_off_r02,800,0.0,0.0,-263.27731514697575,0.0,0.0,0.0,0.0,0.0,0.0,True,home_1,ALL 0 0 0,pc_scheduled_elapsed_ms,command_echo_no_encoder
2026-06-06_run02_reverse_grid_3x3_pm40_off_r02,900,0.0,0.0,-263.27731514697575,0.0,0.0,0.0,0.0,0.0,0.0,True,home_1,ALL 0 0 0,pc_scheduled_elapsed_ms,command_echo_no_encoder
2026-06-06_run02_reverse_grid_3x3_pm40_off_r02,1000,0.0,0.0,-263.27731514697575,0.0,0.0,0.0,0.0,0.0,0.0,True,home_1,ALL 0 0 0,pc_scheduled_elapsed_ms,command_echo_no_encoder
2026-06-06_run02_reverse_grid_3x3_pm40_off_r02,1100,0.0,0.0,-263.27731514697575,0.0,0.0,0.0,0.0,0.0,0.0,True,home_1,ALL 0 0 0,pc_scheduled_elapsed_ms,command_echo_no_encoder
2026-06-06_run02_reverse_grid_3x3_pm40_off_r02,1200,0.0,0.0,-263.27731514697575,0.0,0.0,0.0,0.0,0.0,0.0,True,home_1,ALL 0 0 0,pc_scheduled_elapsed_ms,command_echo_no_encoder
2026-06-06_run02_reverse_grid_3x3_pm40_off_r02,1300,0.0,0.0,-263.27731514697575,0.0,0.0,0.0,0.0,0.0,0.0,True,home_1,ALL 0 0 0,pc_scheduled_elapsed_ms,command_echo_no_encoder
2026-06-06_run02_reverse_grid_3x3_pm40_off_r02,1400,0.0,0.0,-263.27731514697575,0.0,0.0,0.0,0.0,0.0,0.0,True,home_1,ALL 0 0 0,pc_scheduled_elapsed_ms,command_echo_no_encoder
2026-06-06_run02_reverse_grid_3x3_pm40_off_r02,1500,0.0,0.0,-263.27731514697575,0.0,0.0,0.0,0.0,0.0,0.0,True,home_1,ALL 0 0 0,pc_scheduled_elapsed_ms,command_echo_no_encoder
2026-06-06_run02_reverse_grid_3x3_pm40_off_r02,1600,0.0,0.0,-263.27731514697575,0.0,0.0,0.0,0.0,0.0,0.0,True,home_1,ALL 0 0 0,pc_scheduled_elapsed_ms,command_echo_no_encoder
2026-06-06_run02_reverse_grid_3x3_pm40_off_r02,1700,0.0,0.0,-263.27731514697575,0.0,0.0,0.0,0.0,0.0,0.0,True,home_1,ALL 0 0 0,pc_scheduled_elapsed_ms,command_echo_no_encoder
2026-06-06_run02_reverse_grid_3x3_pm40_off_r02,1800,0.0,0.0,-263.27731514697575,0.0,0.0,0.0,0.0,0.0,0.0,True,home_1,ALL 0 0 0,pc_scheduled_elapsed_ms,command_echo_no_encoder
2026-06-06_run02_reverse_grid_3x3_pm40_off_r02,1900,0.0,0.0,-263.27731514697575,0.0,0.0,0.0,0.0,0.0,0.0,True,home_1,ALL 0 0 0,pc_scheduled_elapsed_ms,command_echo_no_encoder
2026-06-06_run02_reverse_grid_3x3_pm40_off_r02,2000,0.0,0.0,-263.27731514697575,0.0,0.0,0.0,0.0,0.0,0.0,True,home_1,ALL 0 0 0,pc_scheduled_elapsed_ms,command_echo_no_encoder
2026-06-06_run02_reverse_grid_3x3_pm40_off_r02,2100,0.0,0.0,-263.27731514697575,0.0,0.0,0.0,0.0,0.0,0.0,True,home_1,ALL 0 0 0,pc_scheduled_elapsed_ms,command_echo_no_encoder
2026-06-06_run02_reverse_grid_3x3_pm40_off_r02,2200,0.0,0.0,-263.27731514697575,0.0,0.0,0.0,0.0,0.0,0.0,True,home_1,ALL 0 0 0,pc_scheduled_elapsed_ms,command_echo_no_encoder
2026-06-06_run02_reverse_grid_3x3_pm40_off_r02,2300,0.0,0.0,-263.27731514697575,0.0,0.0,0.0,0.0,0.0,0.0,True,home_1,ALL 0 0 0,pc_scheduled_elapsed_ms,command_echo_no_encoder
2026-06-06_run02_reverse_grid_3x3_pm40_off_r02,2400,0.0,0.0,-263.27731514697575,0.0,0.0,0.0,0.0,0.0,0.0,True,home_1,ALL 0 0 0,pc_scheduled_elapsed_ms,command_echo_no_encoder
2026-06-06_run02_reverse_grid_3x3_pm40_off_r02,2500,0.0,0.0,-263.27731514697575,0.0,0.0,0.0,0.0,0.0,0.0,True,home_1,ALL 0 0 0,pc_scheduled_elapsed_ms,command_echo_no_encoder
2026-06-06_run02_reverse_grid_3x3_pm40_off_r02,2600,0.0,0.0,-263.27731514697575,0.0,0.0,0.0,0.0,0.0,0.0,True,home_1,ALL 0 0 0,pc_scheduled_elapsed_ms,command_echo_no_encoder
2026-06-06_run02_reverse_grid_3x3_pm40_off_r02,2700,0.0,0.0,-263.27731514697575,0.0,0.0,0.0,0.0,0.0,0.0,True,home_1,ALL 0 0 0,pc_scheduled_elapsed_ms,command_echo_no_encoder
2026-06-06_run02_reverse_grid_3x3_pm40_off_r02,2800,0.0,0.0,-263.27731514697575,0.0,0.0,0.0,0.0,0.0,0.0,True,home_1,ALL 0 0 0,pc_scheduled_elapsed_ms,command_echo_no_encoder
2026-06-06_run02_reverse_grid_3x3_pm40_off_r02,2900,0.0,0.0,-263.27731514697575,0.0,0.0,0.0,0.0,0.0,0.0,True,home_1,ALL 0 0 0,pc_scheduled_elapsed_ms,command_echo_no_encoder
2026-06-06_run02_reverse_grid_3x3_pm40_off_r02,3000,0.0,0.0,-263.27731514697575,0.0,0.0,0.0,0.0,0.0,0.0,True,home_1,ALL 0 0 0,pc_scheduled_elapsed_ms,command_echo_no_encoder
2026-06-06_run02_reverse_grid_3x3_pm40_off_r02,3100,0.0,0.0,-263.27731514697575,0.0,0.0,0.0,0.0,0.0,0.0,True,home_1,ALL 0 0 0,pc_scheduled_elapsed_ms,command_echo_no_encoder
2026-06-06_run02_reverse_grid_3x3_pm40_off_r02,3200,0.0,0.0,-263.27731514697575,0.0,0.0,0.0,0.0,0.0,0.0,True,home_1,ALL 0 0 0,pc_scheduled_elapsed_ms,command_echo_no_encoder
2026-06-06_run02_reverse_grid_3x3_pm40_off_r02,3300,0.0,0.0,-263.27731514697575,0.0,0.0,0.0,0.0,0.0,0.0,True,home_1,ALL 0 0 0,pc_scheduled_elapsed_ms,command_echo_no_encoder
2026-06-06_run02_reverse_grid_3x3_pm40_off_r02,3400,0.0,0.0,-263.27731514697575,0.0,0.0,0.0,0.0,0.0,0.0,True,home_1,ALL 0 0 0,pc_scheduled_elapsed_ms,command_echo_no_encoder
2026-06-06_run02_reverse_grid_3x3_pm40_off_r02,3500,0.0,0.0,-263.27731514697575,0.0,0.0,0.0,0.0,0.0,0.0,True,home_1,ALL 0 0 0,pc_scheduled_elapsed_ms,command_echo_no_encoder
2026-06-06_run02_reverse_grid_3x3_pm40_off_r02,3600,0.0,0.0,-263.27731514697575,0.0,0.0,0.0,0.0,0.0,0.0,True,home_1,ALL 0 0 0,pc_scheduled_elapsed_ms,command_echo_no_encoder
2026-06-06_run02_reverse_grid_3x3_pm40_off_r02,3700,0.0,0.0,-263.27731514697575,0.0,0.0,0.0,0.0,0.0,0.0,True,home_1,ALL 0 0 0,pc_scheduled_elapsed_ms,command_echo_no_encoder
2026-06-06_run02_reverse_grid_3x3_pm40_off_r02,3800,0.0,0.0,-263.27731514697575,0.0,0.0,0.0,0.0,0.0,0.0,True,home_1,ALL 0 0 0,pc_scheduled_elapsed_ms,command_echo_no_encoder
2026-06-06_run02_reverse_grid_3x3_pm40_off_r02,3900,0.0,0.0,-263.27731514697575,0.0,0.0,0.0,0.0,0.0,0.0,True,home_1,ALL 0 0 0,pc_scheduled_elapsed_ms,command_echo_no_encoder
2026-06-06_run02_reverse_grid_3x3_pm40_off_r02,4000,0.0,0.0,-263.27731514697575,0.0,0.0,0.0,0.0,0.0,0.0,True,home_1,ALL 0 0 0,pc_scheduled_elapsed_ms,command_echo_no_encoder
2026-06-06_run02_reverse_grid_3x3_pm40_off_r02,4100,0.0,0.0,-263.27731514697575,0.0,0.0,0.0,0.0,0.0,0.0,True,home_1,ALL 0 0 0,pc_scheduled_elapsed_ms,command_echo_no_encoder
2026-06-06_run02_reverse_grid_3x3_pm40_off_r02,4200,0.0,0.0,-263.27731514697575,0.0,0.0,0.0,0.0,0.0,0.0,True,home_1,ALL 0 0 0,pc_scheduled_elapsed_ms,command_echo_no_encoder
2026-06-06_run02_reverse_grid_3x3_pm40_off_r02,4300,0.0,0.0,-263.27731514697575,0.0,0.0,0.0,0.0,0.0,0.0,True,home_1,ALL 0 0 0,pc_scheduled_elapsed_ms,command_echo_no_encoder
2026-06-06_run02_reverse_grid_3x3_pm40_off_r02,4400,0.0,0.0,-263.27731514697575,0.0,0.0,0.0,0.0,0.0,0.0,True,home_1,ALL 0 0 0,pc_scheduled_elapsed_ms,command_echo_no_encoder
2026-06-06_run02_reverse_grid_3x3_pm40_off_r02,4500,0.0,0.0,-263.27731514697575,0.0,0.0,0.0,0.0,0.0,0.0,True,home_1,ALL 0 0 0,pc_scheduled_elapsed_ms,command_echo_no_encoder
2026-06-06_run02_reverse_grid_3x3_pm40_off_r02,4600,0.0,0.0,-263.27731514697575,0.0,0.0,0.0,0.0,0.0,0.0,True,home_1,ALL 0 0 0,pc_scheduled_elapsed_ms,command_echo_no_encoder
2026-06-06_run02_reverse_grid_3x3_pm40_off_r02,4700,0.0,0.0,-263.27731514697575,0.0,0.0,0.0,0.0,0.0,0.0,True,home_1,ALL 0 0 0,pc_scheduled_elapsed_ms,command_echo_no_encoder
2026-06-06_run02_reverse_grid_3x3_pm40_off_r02,4800,0.0,0.0,-263.27731514697575,0.0,0.0,0.0,0.0,0.0,0.0,True,home_1,ALL 0 0 0,pc_scheduled_elapsed_ms,command_echo_no_encoder
2026-06-06_run02_reverse_grid_3x3_pm40_off_r02,4900,0.0,0.0,-263.27731514697575,0.0,0.0,0.0,0.0,0.0,0.0,True,home_1,ALL 0 0 0,pc_scheduled_elapsed_ms,command_echo_no_encoder
2026-06-06_run02_reverse_grid_3x3_pm40_off_r02,5000,40.0,40.0,-263.27731514697575,13.0,-11.0,6.0,13.0,-11.0,6.0,True,x_plus_y_plus,ALL 13 -11 6,pc_scheduled_elapsed_ms,command_echo_no_encoder
2026-06-06_run02_reverse_grid_3x3_pm40_off_r02,5100,40.0,40.0,-263.27731514697575,13.0,-11.0,6.0,13.0,-11.0,6.0,True,x_plus_y_plus,ALL 13 -11 6,pc_scheduled_elapsed_ms,command_echo_no_encoder
2026-06-06_run02_reverse_grid_3x3_pm40_off_r02,5200,40.0,40.0,-263.27731514697575,13.0,-11.0,6.0,13.0,-11.0,6.0,True,x_plus_y_plus,ALL 13 -11 6,pc_scheduled_elapsed_ms,command_echo_no_encoder
2026-06-06_run02_reverse_grid_3x3_pm40_off_r02,5300,40.0,40.0,-263.27731514697575,13.0,-11.0,6.0,13.0,-11.0,6.0,True,x_plus_y_plus,ALL 13 -11 6,pc_scheduled_elapsed_ms,command_echo_no_encoder
2026-06-06_run02_reverse_grid_3x3_pm40_off_r02,5400,40.0,40.0,-263.27731514697575,13.0,-11.0,6.0,13.0,-11.0,6.0,True,x_plus_y_plus,ALL 13 -11 6,pc_scheduled_elapsed_ms,command_echo_no_encoder
2026-06-06_run02_reverse_grid_3x3_pm40_off_r02,5500,40.0,40.0,-263.27731514697575,13.0,-11.0,6.0,13.0,-11.0,6.0,True,x_plus_y_plus,ALL 13 -11 6,pc_scheduled_elapsed_ms,command_echo_no_encoder
2026-06-06_run02_reverse_grid_3x3_pm40_off_r02,5600,40.0,40.0,-263.27731514697575,13.0,-11.0,6.0,13.0,-11.0,6.0,True,x_plus_y_plus,ALL 13 -11 6,pc_scheduled_elapsed_ms,command_echo_no_encoder
2026-06-06_run02_reverse_grid_3x3_pm40_off_r02,5700,40.0,40.0,-263.27731514697575,13.0,-11.0,6.0,13.0,-11.0,6.0,True,x_plus_y_plus,ALL 13 -11 6,pc_scheduled_elapsed_ms,command_echo_no_encoder
2026-06-06_run02_reverse_grid_3x3_pm40_off_r02,5800,40.0,40.0,-263.27731514697575,13.0,-11.0,6.0,13.0,-11.0,6.0,True,x_plus_y_plus,ALL 13 -11 6,pc_scheduled_elapsed_ms,command_echo_no_encoder
2026-06-06_run02_reverse_grid_3x3_pm40_off_r02,5900,40.0,40.0,-263.27731514697575,13.0,-11.0,6.0,13.0,-11.0,6.0,True,x_plus_y_plus,ALL 13 -11 6,pc_scheduled_elapsed_ms,command_echo_no_encoder
2026-06-06_run02_reverse_grid_3x3_pm40_off_r02,6000,40.0,40.0,-263.27731514697575,13.0,-11.0,6.0,13.0,-11.0,6.0,True,x_plus_y_plus,ALL 13 -11 6,pc_scheduled_elapsed_ms,command_echo_no_encoder
2026-06-06_run02_reverse_grid_3x3_pm40_off_r02,6100,40.0,40.0,-263.27731514697575,13.0,-11.0,6.0,13.0,-11.0,6.0,True,x_plus_y_plus,ALL 13 -11 6,pc_scheduled_elapsed_ms,command_echo_no_encoder
2026-06-06_run02_reverse_grid_3x3_pm40_off_r02,6200,40.0,40.0,-263.27731514697575,13.0,-11.0,6.0,13.0,-11.0,6.0,True,x_plus_y_plus,ALL 13 -11 6,pc_scheduled_elapsed_ms,command_echo_no_encoder
2026-06-06_run02_reverse_grid_3x3_pm40_off_r02,6300,40.0,40.0,-263.27731514697575,13.0,-11.0,6.0,13.0,-11.0,6.0,True,x_plus_y_plus,ALL 13 -11 6,pc_scheduled_elapsed_ms,command_echo_no_encoder
2026-06-06_run02_reverse_grid_3x3_pm40_off_r02,6400,40.0,40.0,-263.27731514697575,13.0,-11.0,6.0,13.0,-11.0,6.0,True,x_plus_y_plus,ALL 13 -11 6,pc_scheduled_elapsed_ms,command_echo_no_encoder
2026-06-06_run02_reverse_grid_3x3_pm40_off_r02,6500,40.0,40.0,-263.27731514697575,13.0,-11.0,6.0,13.0,-11.0,6.0,True,x_plus_y_plus,ALL 13 -11 6,pc_scheduled_elapsed_ms,command_echo_no_encoder
2026-06-06_run02_reverse_grid_3x3_pm40_off_r02,6600,40.0,40.0,-263.27731514697575,13.0,-11.0,6.0,13.0,-11.0,6.0,True,x_plus_y_plus,ALL 13 -11 6,pc_scheduled_elapsed_ms,command_echo_no_encoder
2026-06-06_run02_reverse_grid_3x3_pm40_off_r02,6700,40.0,40.0,-263.27731514697575,13.0,-11.0,6.0,13.0,-11.0,6.0,True,x_plus_y_plus,ALL 13 -11 6,pc_scheduled_elapsed_ms,command_echo_no_encoder
2026-06-06_run02_reverse_grid_3x3_pm40_off_r02,6800,40.0,40.0,-263.27731514697575,13.0,-11.0,6.0,13.0,-11.0,6.0,True,x_plus_y_plus,ALL 13 -11 6,pc_scheduled_elapsed_ms,command_echo_no_encoder
2026-06-06_run02_reverse_grid_3x3_pm40_off_r02,6900,40.0,40.0,-263.27731514697575,13.0,-11.0,6.0,13.0,-11.0,6.0,True,x_plus_y_plus,ALL 13 -11 6,pc_scheduled_elapsed_ms,command_echo_no_encoder
2026-06-06_run02_reverse_grid_3x3_pm40_off_r02,7000,40.0,40.0,-263.27731514697575,13.0,-11.0,6.0,13.0,-11.0,6.0,True,x_plus_y_plus,ALL 13 -11 6,pc_scheduled_elapsed_ms,command_echo_no_encoder
2026-06-06_run02_reverse_grid_3x3_pm40_off_r02,7100,40.0,40.0,-263.27731514697575,13.0,-11.0,6.0,13.0,-11.0,6.0,True,x_plus_y_plus,ALL 13 -11 6,pc_scheduled_elapsed_ms,command_echo_no_encoder
2026-06-06_run02_reverse_grid_3x3_pm40_off_r02,7200,40.0,40.0,-263.27731514697575,13.0,-11.0,6.0,13.0,-11.0,6.0,True,x_plus_y_plus,ALL 13 -11 6,pc_scheduled_elapsed_ms,command_echo_no_encoder
2026-06-06_run02_reverse_grid_3x3_pm40_off_r02,7300,40.0,40.0,-263.27731514697575,13.0,-11.0,6.0,13.0,-11.0,6.0,True,x_plus_y_plus,ALL 13 -11 6,pc_scheduled_elapsed_ms,command_echo_no_encoder
2026-06-06_run02_reverse_grid_3x3_pm40_off_r02,7400,40.0,40.0,-263.27731514697575,13.0,-11.0,6.0,13.0,-11.0,6.0,True,x_plus_y_plus,ALL 13 -11 6,pc_scheduled_elapsed_ms,command_echo_no_encoder
2026-06-06_run02_reverse_grid_3x3_pm40_off_r02,7500,40.0,40.0,-263.27731514697575,13.0,-11.0,6.0,13.0,-11.0,6.0,True,x_plus_y_plus,ALL 13 -11 6,pc_scheduled_elapsed_ms,command_echo_no_encoder
2026-06-06_run02_reverse_grid_3x3_pm40_off_r02,7600,40.0,40.0,-263.27731514697575,13.0,-11.0,6.0,13.0,-11.0,6.0,True,x_plus_y_plus,ALL 13 -11 6,pc_scheduled_elapsed_ms,command_echo_no_encoder
2026-06-06_run02_reverse_grid_3x3_pm40_off_r02,7700,40.0,40.0,-263.27731514697575,13.0,-11.0,6.0,13.0,-11.0,6.0,True,x_plus_y_plus,ALL 13 -11 6,pc_scheduled_elapsed_ms,command_echo_no_encoder
2026-06-06_run02_reverse_grid_3x3_pm40_off_r02,7800,40.0,40.0,-263.27731514697575,13.0,-11.0,6.0,13.0,-11.0,6.0,True,x_plus_y_plus,ALL 13 -11 6,pc_scheduled_elapsed_ms,command_echo_no_encoder
2026-06-06_run02_reverse_grid_3x3_pm40_off_r02,7900,40.0,40.0,-263.27731514697575,13.0,-11.0,6.0,13.0,-11.0,6.0,True,x_plus_y_plus,ALL 13 -11 6,pc_scheduled_elapsed_ms,command_echo_no_encoder
2026-06-06_run02_reverse_grid_3x3_pm40_off_r02,8000,40.0,40.0,-263.27731514697575,13.0,-11.0,6.0,13.0,-11.0,6.0,True,x_plus_y_plus,ALL 13 -11 6,pc_scheduled_elapsed_ms,command_echo_no_encoder
2026-06-06_run02_reverse_grid_3x3_pm40_off_r02,8100,40.0,40.0,-263.27731514697575,13.0,-11.0,6.0,13.0,-11.0,6.0,True,x_plus_y_plus,ALL 13 -11 6,pc_scheduled_elapsed_ms,command_echo_no_encoder
2026-06-06_run02_reverse_grid_3x3_pm40_off_r02,8200,40.0,40.0,-263.27731514697575,13.0,-11.0,6.0,13.0,-11.0,6.0,True,x_plus_y_plus,ALL 13 -11 6,pc_scheduled_elapsed_ms,command_echo_no_encoder
2026-06-06_run02_reverse_grid_3x3_pm40_off_r02,8300,40.0,40.0,-263.27731514697575,13.0,-11.0,6.0,13.0,-11.0,6.0,True,x_plus_y_plus,ALL 13 -11 6,pc_scheduled_elapsed_ms,command_echo_no_encoder
2026-06-06_run02_reverse_grid_3x3_pm40_off_r02,8400,40.0,40.0,-263.27731514697575,13.0,-11.0,6.0,13.0,-11.0,6.0,True,x_plus_y_plus,ALL 13 -11 6,pc_scheduled_elapsed_ms,command_echo_no_encoder
2026-06-06_run02_reverse_grid_3x3_pm40_off_r02,8500,40.0,40.0,-263.27731514697575,13.0,-11.0,6.0,13.0,-11.0,6.0,True,x_plus_y_plus,ALL 13 -11 6,pc_scheduled_elapsed_ms,command_echo_no_encoder
2026-06-06_run02_reverse_grid_3x3_pm40_off_r02,8600,40.0,40.0,-263.27731514697575,13.0,-11.0,6.0,13.0,-11.0,6.0,True,x_plus_y_plus,ALL 13 -11 6,pc_scheduled_elapsed_ms,command_echo_no_encoder
2026-06-06_run02_reverse_grid_3x3_pm40_off_r02,8700,40.0,40.0,-263.27731514697575,13.0,-11.0,6.0,13.0,-11.0,6.0,True,x_plus_y_plus,ALL 13 -11 6,pc_scheduled_elapsed_ms,command_echo_no_encoder
2026-06-06_run02_reverse_grid_3x3_pm40_off_r02,8800,40.0,40.0,-263.27731514697575,13.0,-11.0,6.0,13.0,-11.0,6.0,True,x_plus_y_plus,ALL 13 -11 6,pc_scheduled_elapsed_ms,command_echo_no_encoder
2026-06-06_run02_reverse_grid_3x3_pm40_off_r02,8900,40.0,40.0,-263.27731514697575,13.0,-11.0,6.0,13.0,-11.0,6.0,True,x_plus_y_plus,ALL 13 -11 6,pc_scheduled_elapsed_ms,command_echo_no_encoder
2026-06-06_run02_reverse_grid_3x3_pm40_off_r02,9000,40.0,40.0,-263.27731514697575,13.0,-11.0,6.0,13.0,-11.0,6.0,True,x_plus_y_plus,ALL 13 -11 6,pc_scheduled_elapsed_ms,command_echo_no_encoder
2026-06-06_run02_reverse_grid_3x3_pm40_off_r02,9100,40.0,40.0,-263.27731514697575,13.0,-11.0,6.0,13.0,-11.0,6.0,True,x_plus_y_plus,ALL 13 -11 6,pc_scheduled_elapsed_ms,command_echo_no_encoder
2026-06-06_run02_reverse_grid_3x3_pm40_off_r02,9200,40.0,40.0,-263.27731514697575,13.0,-11.0,6.0,13.0,-11.0,6.0,True,x_plus_y_plus,ALL 13 -11 6,pc_scheduled_elapsed_ms,command_echo_no_encoder
2026-06-06_run02_reverse_grid_3x3_pm40_off_r02,9300,40.0,40.0,-263.27731514697575,13.0,-11.0,6.0,13.0,-11.0,6.0,True,x_plus_y_plus,ALL 13 -11 6,pc_scheduled_elapsed_ms,command_echo_no_encoder
2026-06-06_run02_reverse_grid_3x3_pm40_off_r02,9400,40.0,40.0,-263.27731514697575,13.0,-11.0,6.0,13.0,-11.0,6.0,True,x_plus_y_plus,ALL 13 -11 6,pc_scheduled_elapsed_ms,command_echo_no_encoder
2026-06-06_run02_reverse_grid_3x3_pm40_off_r02,9500,40.0,40.0,-263.27731514697575,13.0,-11.0,6.0,13.0,-11.0,6.0,True,x_plus_y_plus,ALL 13 -11 6,pc_scheduled_elapsed_ms,command_echo_no_encoder
2026-06-06_run02_reverse_grid_3x3_pm40_off_r02,9600,40.0,40.0,-263.27731514697575,13.0,-11.0,6.0,13.0,-11.0,6.0,True,x_plus_y_plus,ALL 13 -11 6,pc_scheduled_elapsed_ms,command_echo_no_encoder
2026-06-06_run02_reverse_grid_3x3_pm40_off_r02,9700,40.0,40.0,-263.27731514697575,13.0,-11.0,6.0,13.0,-11.0,6.0,True,x_plus_y_plus,ALL 13 -11 6,pc_scheduled_elapsed_ms,command_echo_no_encoder
2026-06-06_run02_reverse_grid_3x3_pm40_off_r02,9800,40.0,40.0,-263.27731514697575,13.0,-11.0,6.0,13.0,-11.0,6.0,True,x_plus_y_plus,ALL 13 -11 6,pc_scheduled_elapsed_ms,command_echo_no_encoder
2026-06-06_run02_reverse_grid_3x3_pm40_off_r02,9900,40.0,40.0,-263.27731514697575,13.0,-11.0,6.0,13.0,-11.0,6.0,True,x_plus_y_plus,ALL 13 -11 6,pc_scheduled_elapsed_ms,command_echo_no_encoder
2026-06-06_run02_reverse_grid_3x3_pm40_off_r02,10000,0.0,40.0,-263.27731514697575,11.0,-4.0,-4.0,11.0,-4.0,-4.0,True,x_center_y_plus,ALL 11 -4 -4,pc_scheduled_elapsed_ms,command_echo_no_encoder
2026-06-06_run02_reverse_grid_3x3_pm40_off_r02,10100,0.0,40.0,-263.27731514697575,11.0,-4.0,-4.0,11.0,-4.0,-4.0,True,x_center_y_plus,ALL 11 -4 -4,pc_scheduled_elapsed_ms,command_echo_no_encoder
2026-06-06_run02_reverse_grid_3x3_pm40_off_r02,10200,0.0,40.0,-263.27731514697575,11.0,-4.0,-4.0,11.0,-4.0,-4.0,True,x_center_y_plus,ALL 11 -4 -4,pc_scheduled_elapsed_ms,command_echo_no_encoder
2026-06-06_run02_reverse_grid_3x3_pm40_off_r02,10300,0.0,40.0,-263.27731514697575,11.0,-4.0,-4.0,11.0,-4.0,-4.0,True,x_center_y_plus,ALL 11 -4 -4,pc_scheduled_elapsed_ms,command_echo_no_encoder
2026-06-06_run02_reverse_grid_3x3_pm40_off_r02,10400,0.0,40.0,-263.27731514697575,11.0,-4.0,-4.0,11.0,-4.0,-4.0,True,x_center_y_plus,ALL 11 -4 -4,pc_scheduled_elapsed_ms,command_echo_no_encoder
2026-06-06_run02_reverse_grid_3x3_pm40_off_r02,10500,0.0,40.0,-263.27731514697575,11.0,-4.0,-4.0,11.0,-4.0,-4.0,True,x_center_y_plus,ALL 11 -4 -4,pc_scheduled_elapsed_ms,command_echo_no_encoder
2026-06-06_run02_reverse_grid_3x3_pm40_off_r02,10600,0.0,40.0,-263.27731514697575,11.0,-4.0,-4.0,11.0,-4.0,-4.0,True,x_center_y_plus,ALL 11 -4 -4,pc_scheduled_elapsed_ms,command_echo_no_encoder
2026-06-06_run02_reverse_grid_3x3_pm40_off_r02,10700,0.0,40.0,-263.27731514697575,11.0,-4.0,-4.0,11.0,-4.0,-4.0,True,x_center_y_plus,ALL 11 -4 -4,pc_scheduled_elapsed_ms,command_echo_no_encoder
2026-06-06_run02_reverse_grid_3x3_pm40_off_r02,10800,0.0,40.0,-263.27731514697575,11.0,-4.0,-4.0,11.0,-4.0,-4.0,True,x_center_y_plus,ALL 11 -4 -4,pc_scheduled_elapsed_ms,command_echo_no_encoder
2026-06-06_run02_reverse_grid_3x3_pm40_off_r02,10900,0.0,40.0,-263.27731514697575,11.0,-4.0,-4.0,11.0,-4.0,-4.0,True,x_center_y_plus,ALL 11 -4 -4,pc_scheduled_elapsed_ms,command_echo_no_encoder
2026-06-06_run02_reverse_grid_3x3_pm40_off_r02,11000,0.0,40.0,-263.27731514697575,11.0,-4.0,-4.0,11.0,-4.0,-4.0,True,x_center_y_plus,ALL 11 -4 -4,pc_scheduled_elapsed_ms,command_echo_no_encoder
2026-06-06_run02_reverse_grid_3x3_pm40_off_r02,11100,0.0,40.0,-263.27731514697575,11.0,-4.0,-4.0,11.0,-4.0,-4.0,True,x_center_y_plus,ALL 11 -4 -4,pc_scheduled_elapsed_ms,command_echo_no_encoder
2026-06-06_run02_reverse_grid_3x3_pm40_off_r02,11200,0.0,40.0,-263.27731514697575,11.0,-4.0,-4.0,11.0,-4.0,-4.0,True,x_center_y_plus,ALL 11 -4 -4,pc_scheduled_elapsed_ms,command_echo_no_encoder
2026-06-06_run02_reverse_grid_3x3_pm40_off_r02,11300,0.0,40.0,-263.27731514697575,11.0,-4.0,-4.0,11.0,-4.0,-4.0,True,x_center_y_plus,ALL 11 -4 -4,pc_scheduled_elapsed_ms,command_echo_no_encoder
2026-06-06_run02_reverse_grid_3x3_pm40_off_r02,11400,0.0,40.0,-263.27731514697575,11.0,-4.0,-4.0,11.0,-4.0,-4.0,True,x_center_y_plus,ALL 11 -4 -4,pc_scheduled_elapsed_ms,command_echo_no_encoder
2026-06-06_run02_reverse_grid_3x3_pm40_off_r02,11500,0.0,40.0,-263.27731514697575,11.0,-4.0,-4.0,11.0,-4.0,-4.0,True,x_center_y_plus,ALL 11 -4 -4,pc_scheduled_elapsed_ms,command_echo_no_encoder
2026-06-06_run02_reverse_grid_3x3_pm40_off_r02,11600,0.0,40.0,-263.27731514697575,11.0,-4.0,-4.0,11.0,-4.0,-4.0,True,x_center_y_plus,ALL 11 -4 -4,pc_scheduled_elapsed_ms,command_echo_no_encoder
2026-06-06_run02_reverse_grid_3x3_pm40_off_r02,11700,0.0,40.0,-263.27731514697575,11.0,-4.0,-4.0,11.0,-4.0,-4.0,True,x_center_y_plus,ALL 11 -4 -4,pc_scheduled_elapsed_ms,command_echo_no_encoder
2026-06-06_run02_reverse_grid_3x3_pm40_off_r02,11800,0.0,40.0,-263.27731514697575,11.0,-4.0,-4.0,11.0,-4.0,-4.0,True,x_center_y_plus,ALL 11 -4 -4,pc_scheduled_elapsed_ms,command_echo_no_encoder
2026-06-06_run02_reverse_grid_3x3_pm40_off_r02,11900,0.0,40.0,-263.27731514697575,11.0,-4.0,-4.0,11.0,-4.0,-4.0,True,x_center_y_plus,ALL 11 -4 -4,pc_scheduled_elapsed_ms,command_echo_no_encoder
2026-06-06_run02_reverse_grid_3x3_pm40_off_r02,12000,0.0,40.0,-263.27731514697575,11.0,-4.0,-4.0,11.0,-4.0,-4.0,True,x_center_y_plus,ALL 11 -4 -4,pc_scheduled_elapsed_ms,command_echo_no_encoder
2026-06-06_run02_reverse_grid_3x3_pm40_off_r02,12100,0.0,40.0,-263.27731514697575,11.0,-4.0,-4.0,11.0,-4.0,-4.0,True,x_center_y_plus,ALL 11 -4 -4,pc_scheduled_elapsed_ms,command_echo_no_encoder
2026-06-06_run02_reverse_grid_3x3_pm40_off_r02,12200,0.0,40.0,-263.27731514697575,11.0,-4.0,-4.0,11.0,-4.0,-4.0,True,x_center_y_plus,ALL 11 -4 -4,pc_scheduled_elapsed_ms,command_echo_no_encoder
2026-06-06_run02_reverse_grid_3x3_pm40_off_r02,12300,0.0,40.0,-263.27731514697575,11.0,-4.0,-4.0,11.0,-4.0,-4.0,True,x_center_y_plus,ALL 11 -4 -4,pc_scheduled_elapsed_ms,command_echo_no_encoder
2026-06-06_run02_reverse_grid_3x3_pm40_off_r02,12400,0.0,40.0,-263.27731514697575,11.0,-4.0,-4.0,11.0,-4.0,-4.0,True,x_center_y_plus,ALL 11 -4 -4,pc_scheduled_elapsed_ms,command_echo_no_encoder
2026-06-06_run02_reverse_grid_3x3_pm40_off_r02,12500,0.0,40.0,-263.27731514697575,11.0,-4.0,-4.0,11.0,-4.0,-4.0,True,x_center_y_plus,ALL 11 -4 -4,pc_scheduled_elapsed_ms,command_echo_no_encoder
2026-06-06_run02_reverse_grid_3x3_pm40_off_r02,12600,0.0,40.0,-263.27731514697575,11.0,-4.0,-4.0,11.0,-4.0,-4.0,True,x_center_y_plus,ALL 11 -4 -4,pc_scheduled_elapsed_ms,command_echo_no_encoder
2026-06-06_run02_reverse_grid_3x3_pm40_off_r02,12700,0.0,40.0,-263.27731514697575,11.0,-4.0,-4.0,11.0,-4.0,-4.0,True,x_center_y_plus,ALL 11 -4 -4,pc_scheduled_elapsed_ms,command_echo_no_encoder
2026-06-06_run02_reverse_grid_3x3_pm40_off_r02,12800,0.0,40.0,-263.27731514697575,11.0,-4.0,-4.0,11.0,-4.0,-4.0,True,x_center_y_plus,ALL 11 -4 -4,pc_scheduled_elapsed_ms,command_echo_no_encoder
2026-06-06_run02_reverse_grid_3x3_pm40_off_r02,12900,0.0,40.0,-263.27731514697575,11.0,-4.0,-4.0,11.0,-4.0,-4.0,True,x_center_y_plus,ALL 11 -4 -4,pc_scheduled_elapsed_ms,command_echo_no_encoder
2026-06-06_run02_reverse_grid_3x3_pm40_off_r02,13000,0.0,40.0,-263.27731514697575,11.0,-4.0,-4.0,11.0,-4.0,-4.0,True,x_center_y_plus,ALL 11 -4 -4,pc_scheduled_elapsed_ms,command_echo_no_encoder
2026-06-06_run02_reverse_grid_3x3_pm40_off_r02,13100,0.0,40.0,-263.27731514697575,11.0,-4.0,-4.0,11.0,-4.0,-4.0,True,x_center_y_plus,ALL 11 -4 -4,pc_scheduled_elapsed_ms,command_echo_no_encoder
2026-06-06_run02_reverse_grid_3x3_pm40_off_r02,13200,0.0,40.0,-263.27731514697575,11.0,-4.0,-4.0,11.0,-4.0,-4.0,True,x_center_y_plus,ALL 11 -4 -4,pc_scheduled_elapsed_ms,command_echo_no_encoder
2026-06-06_run02_reverse_grid_3x3_pm40_off_r02,13300,0.0,40.0,-263.27731514697575,11.0,-4.0,-4.0,11.0,-4.0,-4.0,True,x_center_y_plus,ALL 11 -4 -4,pc_scheduled_elapsed_ms,command_echo_no_encoder
2026-06-06_run02_reverse_grid_3x3_pm40_off_r02,13400,0.0,40.0,-263.27731514697575,11.0,-4.0,-4.0,11.0,-4.0,-4.0,True,x_center_y_plus,ALL 11 -4 -4,pc_scheduled_elapsed_ms,command_echo_no_encoder
2026-06-06_run02_reverse_grid_3x3_pm40_off_r02,13500,0.0,40.0,-263.27731514697575,11.0,-4.0,-4.0,11.0,-4.0,-4.0,True,x_center_y_plus,ALL 11 -4 -4,pc_scheduled_elapsed_ms,command_echo_no_encoder
2026-06-06_run02_reverse_grid_3x3_pm40_off_r02,13600,0.0,40.0,-263.27731514697575,11.0,-4.0,-4.0,11.0,-4.0,-4.0,True,x_center_y_plus,ALL 11 -4 -4,pc_scheduled_elapsed_ms,command_echo_no_encoder
2026-06-06_run02_reverse_grid_3x3_pm40_off_r02,13700,0.0,40.0,-263.27731514697575,11.0,-4.0,-4.0,11.0,-4.0,-4.0,True,x_center_y_plus,ALL 11 -4 -4,pc_scheduled_elapsed_ms,command_echo_no_encoder
2026-06-06_run02_reverse_grid_3x3_pm40_off_r02,13800,0.0,40.0,-263.27731514697575,11.0,-4.0,-4.0,11.0,-4.0,-4.0,True,x_center_y_plus,ALL 11 -4 -4,pc_scheduled_elapsed_ms,command_echo_no_encoder
2026-06-06_run02_reverse_grid_3x3_pm40_off_r02,13900,0.0,40.0,-263.27731514697575,11.0,-4.0,-4.0,11.0,-4.0,-4.0,True,x_center_y_plus,ALL 11 -4 -4,pc_scheduled_elapsed_ms,command_echo_no_encoder
2026-06-06_run02_reverse_grid_3x3_pm40_off_r02,14000,0.0,40.0,-263.27731514697575,11.0,-4.0,-4.0,11.0,-4.0,-4.0,True,x_center_y_plus,ALL 11 -4 -4,pc_scheduled_elapsed_ms,command_echo_no_encoder
2026-06-06_run02_reverse_grid_3x3_pm40_off_r02,14100,0.0,40.0,-263.27731514697575,11.0,-4.0,-4.0,11.0,-4.0,-4.0,True,x_center_y_plus,ALL 11 -4 -4,pc_scheduled_elapsed_ms,command_echo_no_encoder
2026-06-06_run02_reverse_grid_3x3_pm40_off_r02,14200,0.0,40.0,-263.27731514697575,11.0,-4.0,-4.0,11.0,-4.0,-4.0,True,x_center_y_plus,ALL 11 -4 -4,pc_scheduled_elapsed_ms,command_echo_no_encoder
2026-06-06_run02_reverse_grid_3x3_pm40_off_r02,14300,0.0,40.0,-263.27731514697575,11.0,-4.0,-4.0,11.0,-4.0,-4.0,True,x_center_y_plus,ALL 11 -4 -4,pc_scheduled_elapsed_ms,command_echo_no_encoder
2026-06-06_run02_reverse_grid_3x3_pm40_off_r02,14400,0.0,40.0,-263.27731514697575,11.0,-4.0,-4.0,11.0,-4.0,-4.0,True,x_center_y_plus,ALL 11 -4 -4,pc_scheduled_elapsed_ms,command_echo_no_encoder
2026-06-06_run02_reverse_grid_3x3_pm40_off_r02,14500,0.0,40.0,-263.27731514697575,11.0,-4.0,-4.0,11.0,-4.0,-4.0,True,x_center_y_plus,ALL 11 -4 -4,pc_scheduled_elapsed_ms,command_echo_no_encoder
2026-06-06_run02_reverse_grid_3x3_pm40_off_r02,14600,0.0,40.0,-263.27731514697575,11.0,-4.0,-4.0,11.0,-4.0,-4.0,True,x_center_y_plus,ALL 11 -4 -4,pc_scheduled_elapsed_ms,command_echo_no_encoder
2026-06-06_run02_reverse_grid_3x3_pm40_off_r02,14700,0.0,40.0,-263.27731514697575,11.0,-4.0,-4.0,11.0,-4.0,-4.0,True,x_center_y_plus,ALL 11 -4 -4,pc_scheduled_elapsed_ms,command_echo_no_encoder
2026-06-06_run02_reverse_grid_3x3_pm40_off_r02,14800,0.0,40.0,-263.27731514697575,11.0,-4.0,-4.0,11.0,-4.0,-4.0,True,x_center_y_plus,ALL 11 -4 -4,pc_scheduled_elapsed_ms,command_echo_no_encoder
2026-06-06_run02_reverse_grid_3x3_pm40_off_r02,14900,0.0,40.0,-263.27731514697575,11.0,-4.0,-4.0,11.0,-4.0,-4.0,True,x_center_y_plus,ALL 11 -4 -4,pc_scheduled_elapsed_ms,command_echo_no_encoder
2026-06-06_run02_reverse_grid_3x3_pm40_off_r02,15000,-40.0,40.0,-263.27731514697575,13.0,6.0,-11.0,13.0,6.0,-11.0,True,x_minus_y_plus,ALL 13 6 -11,pc_scheduled_elapsed_ms,command_echo_no_encoder
2026-06-06_run02_reverse_grid_3x3_pm40_off_r02,15100,-40.0,40.0,-263.27731514697575,13.0,6.0,-11.0,13.0,6.0,-11.0,True,x_minus_y_plus,ALL 13 6 -11,pc_scheduled_elapsed_ms,command_echo_no_encoder
2026-06-06_run02_reverse_grid_3x3_pm40_off_r02,15200,-40.0,40.0,-263.27731514697575,13.0,6.0,-11.0,13.0,6.0,-11.0,True,x_minus_y_plus,ALL 13 6 -11,pc_scheduled_elapsed_ms,command_echo_no_encoder
2026-06-06_run02_reverse_grid_3x3_pm40_off_r02,15300,-40.0,40.0,-263.27731514697575,13.0,6.0,-11.0,13.0,6.0,-11.0,True,x_minus_y_plus,ALL 13 6 -11,pc_scheduled_elapsed_ms,command_echo_no_encoder
2026-06-06_run02_reverse_grid_3x3_pm40_off_r02,15400,-40.0,40.0,-263.27731514697575,13.0,6.0,-11.0,13.0,6.0,-11.0,True,x_minus_y_plus,ALL 13 6 -11,pc_scheduled_elapsed_ms,command_echo_no_encoder
2026-06-06_run02_reverse_grid_3x3_pm40_off_r02,15500,-40.0,40.0,-263.27731514697575,13.0,6.0,-11.0,13.0,6.0,-11.0,True,x_minus_y_plus,ALL 13 6 -11,pc_scheduled_elapsed_ms,command_echo_no_encoder
2026-06-06_run02_reverse_grid_3x3_pm40_off_r02,15600,-40.0,40.0,-263.27731514697575,13.0,6.0,-11.0,13.0,6.0,-11.0,True,x_minus_y_plus,ALL 13 6 -11,pc_scheduled_elapsed_ms,command_echo_no_encoder
2026-06-06_run02_reverse_grid_3x3_pm40_off_r02,15700,-40.0,40.0,-263.27731514697575,13.0,6.0,-11.0,13.0,6.0,-11.0,True,x_minus_y_plus,ALL 13 6 -11,pc_scheduled_elapsed_ms,command_echo_no_encoder
2026-06-06_run02_reverse_grid_3x3_pm40_off_r02,15800,-40.0,40.0,-263.27731514697575,13.0,6.0,-11.0,13.0,6.0,-11.0,True,x_minus_y_plus,ALL 13 6 -11,pc_scheduled_elapsed_ms,command_echo_no_encoder
2026-06-06_run02_reverse_grid_3x3_pm40_off_r02,15900,-40.0,40.0,-263.27731514697575,13.0,6.0,-11.0,13.0,6.0,-11.0,True,x_minus_y_plus,ALL 13 6 -11,pc_scheduled_elapsed_ms,command_echo_no_encoder
2026-06-06_run02_reverse_grid_3x3_pm40_off_r02,16000,-40.0,40.0,-263.27731514697575,13.0,6.0,-11.0,13.0,6.0,-11.0,True,x_minus_y_plus,ALL 13 6 -11,pc_scheduled_elapsed_ms,command_echo_no_encoder
2026-06-06_run02_reverse_grid_3x3_pm40_off_r02,16100,-40.0,40.0,-263.27731514697575,13.0,6.0,-11.0,13.0,6.0,-11.0,True,x_minus_y_plus,ALL 13 6 -11,pc_scheduled_elapsed_ms,command_echo_no_encoder
2026-06-06_run02_reverse_grid_3x3_pm40_off_r02,16200,-40.0,40.0,-263.27731514697575,13.0,6.0,-11.0,13.0,6.0,-11.0,True,x_minus_y_plus,ALL 13 6 -11,pc_scheduled_elapsed_ms,command_echo_no_encoder
2026-06-06_run02_reverse_grid_3x3_pm40_off_r02,16300,-40.0,40.0,-263.27731514697575,13.0,6.0,-11.0,13.0,6.0,-11.0,True,x_minus_y_plus,ALL 13 6 -11,pc_scheduled_elapsed_ms,command_echo_no_encoder
2026-06-06_run02_reverse_grid_3x3_pm40_off_r02,16400,-40.0,40.0,-263.27731514697575,13.0,6.0,-11.0,13.0,6.0,-11.0,True,x_minus_y_plus,ALL 13 6 -11,pc_scheduled_elapsed_ms,command_echo_no_encoder
2026-06-06_run02_reverse_grid_3x3_pm40_off_r02,16500,-40.0,40.0,-263.27731514697575,13.0,6.0,-11.0,13.0,6.0,-11.0,True,x_minus_y_plus,ALL 13 6 -11,pc_scheduled_elapsed_ms,command_echo_no_encoder
2026-06-06_run02_reverse_grid_3x3_pm40_off_r02,16600,-40.0,40.0,-263.27731514697575,13.0,6.0,-11.0,13.0,6.0,-11.0,True,x_minus_y_plus,ALL 13 6 -11,pc_scheduled_elapsed_ms,command_echo_no_encoder
2026-06-06_run02_reverse_grid_3x3_pm40_off_r02,16700,-40.0,40.0,-263.27731514697575,13.0,6.0,-11.0,13.0,6.0,-11.0,True,x_minus_y_plus,ALL 13 6 -11,pc_scheduled_elapsed_ms,command_echo_no_encoder
2026-06-06_run02_reverse_grid_3x3_pm40_off_r02,16800,-40.0,40.0,-263.27731514697575,13.0,6.0,-11.0,13.0,6.0,-11.0,True,x_minus_y_plus,ALL 13 6 -11,pc_scheduled_elapsed_ms,command_echo_no_encoder
2026-06-06_run02_reverse_grid_3x3_pm40_off_r02,16900,-40.0,40.0,-263.27731514697575,13.0,6.0,-11.0,13.0,6.0,-11.0,True,x_minus_y_plus,ALL 13 6 -11,pc_scheduled_elapsed_ms,command_echo_no_encoder
2026-06-06_run02_reverse_grid_3x3_pm40_off_r02,17000,-40.0,40.0,-263.27731514697575,13.0,6.0,-11.0,13.0,6.0,-11.0,True,x_minus_y_plus,ALL 13 6 -11,pc_scheduled_elapsed_ms,command_echo_no_encoder
2026-06-06_run02_reverse_grid_3x3_pm40_off_r02,17100,-40.0,40.0,-263.27731514697575,13.0,6.0,-11.0,13.0,6.0,-11.0,True,x_minus_y_plus,ALL 13 6 -11,pc_scheduled_elapsed_ms,command_echo_no_encoder
2026-06-06_run02_reverse_grid_3x3_pm40_off_r02,17200,-40.0,40.0,-263.27731514697575,13.0,6.0,-11.0,13.0,6.0,-11.0,True,x_minus_y_plus,ALL 13 6 -11,pc_scheduled_elapsed_ms,command_echo_no_encoder
2026-06-06_run02_reverse_grid_3x3_pm40_off_r02,17300,-40.0,40.0,-263.27731514697575,13.0,6.0,-11.0,13.0,6.0,-11.0,True,x_minus_y_plus,ALL 13 6 -11,pc_scheduled_elapsed_ms,command_echo_no_encoder
2026-06-06_run02_reverse_grid_3x3_pm40_off_r02,17400,-40.0,40.0,-263.27731514697575,13.0,6.0,-11.0,13.0,6.0,-11.0,True,x_minus_y_plus,ALL 13 6 -11,pc_scheduled_elapsed_ms,command_echo_no_encoder
2026-06-06_run02_reverse_grid_3x3_pm40_off_r02,17500,-40.0,40.0,-263.27731514697575,13.0,6.0,-11.0,13.0,6.0,-11.0,True,x_minus_y_plus,ALL 13 6 -11,pc_scheduled_elapsed_ms,command_echo_no_encoder
2026-06-06_run02_reverse_grid_3x3_pm40_off_r02,17600,-40.0,40.0,-263.27731514697575,13.0,6.0,-11.0,13.0,6.0,-11.0,True,x_minus_y_plus,ALL 13 6 -11,pc_scheduled_elapsed_ms,command_echo_no_encoder
2026-06-06_run02_reverse_grid_3x3_pm40_off_r02,17700,-40.0,40.0,-263.27731514697575,13.0,6.0,-11.0,13.0,6.0,-11.0,True,x_minus_y_plus,ALL 13 6 -11,pc_scheduled_elapsed_ms,command_echo_no_encoder
2026-06-06_run02_reverse_grid_3x3_pm40_off_r02,17800,-40.0,40.0,-263.27731514697575,13.0,6.0,-11.0,13.0,6.0,-11.0,True,x_minus_y_plus,ALL 13 6 -11,pc_scheduled_elapsed_ms,command_echo_no_encoder
2026-06-06_run02_reverse_grid_3x3_pm40_off_r02,17900,-40.0,40.0,-263.27731514697575,13.0,6.0,-11.0,13.0,6.0,-11.0,True,x_minus_y_plus,ALL 13 6 -11,pc_scheduled_elapsed_ms,command_echo_no_encoder
2026-06-06_run02_reverse_grid_3x3_pm40_off_r02,18000,-40.0,40.0,-263.27731514697575,13.0,6.0,-11.0,13.0,6.0,-11.0,True,x_minus_y_plus,ALL 13 6 -11,pc_scheduled_elapsed_ms,command_echo_no_encoder
2026-06-06_run02_reverse_grid_3x3_pm40_off_r02,18100,-40.0,40.0,-263.27731514697575,13.0,6.0,-11.0,13.0,6.0,-11.0,True,x_minus_y_plus,ALL 13 6 -11,pc_scheduled_elapsed_ms,command_echo_no_encoder
2026-06-06_run02_reverse_grid_3x3_pm40_off_r02,18200,-40.0,40.0,-263.27731514697575,13.0,6.0,-11.0,13.0,6.0,-11.0,True,x_minus_y_plus,ALL 13 6 -11,pc_scheduled_elapsed_ms,command_echo_no_encoder
2026-06-06_run02_reverse_grid_3x3_pm40_off_r02,18300,-40.0,40.0,-263.27731514697575,13.0,6.0,-11.0,13.0,6.0,-11.0,True,x_minus_y_plus,ALL 13 6 -11,pc_scheduled_elapsed_ms,command_echo_no_encoder
2026-06-06_run02_reverse_grid_3x3_pm40_off_r02,18400,-40.0,40.0,-263.27731514697575,13.0,6.0,-11.0,13.0,6.0,-11.0,True,x_minus_y_plus,ALL 13 6 -11,pc_scheduled_elapsed_ms,command_echo_no_encoder
2026-06-06_run02_reverse_grid_3x3_pm40_off_r02,18500,-40.0,40.0,-263.27731514697575,13.0,6.0,-11.0,13.0,6.0,-11.0,True,x_minus_y_plus,ALL 13 6 -11,pc_scheduled_elapsed_ms,command_echo_no_encoder
2026-06-06_run02_reverse_grid_3x3_pm40_off_r02,18600,-40.0,40.0,-263.27731514697575,13.0,6.0,-11.0,13.0,6.0,-11.0,True,x_minus_y_plus,ALL 13 6 -11,pc_scheduled_elapsed_ms,command_echo_no_encoder
2026-06-06_run02_reverse_grid_3x3_pm40_off_r02,18700,-40.0,40.0,-263.27731514697575,13.0,6.0,-11.0,13.0,6.0,-11.0,True,x_minus_y_plus,ALL 13 6 -11,pc_scheduled_elapsed_ms,command_echo_no_encoder
2026-06-06_run02_reverse_grid_3x3_pm40_off_r02,18800,-40.0,40.0,-263.27731514697575,13.0,6.0,-11.0,13.0,6.0,-11.0,True,x_minus_y_plus,ALL 13 6 -11,pc_scheduled_elapsed_ms,command_echo_no_encoder
2026-06-06_run02_reverse_grid_3x3_pm40_off_r02,18900,-40.0,40.0,-263.27731514697575,13.0,6.0,-11.0,13.0,6.0,-11.0,True,x_minus_y_plus,ALL 13 6 -11,pc_scheduled_elapsed_ms,command_echo_no_encoder
2026-06-06_run02_reverse_grid_3x3_pm40_off_r02,19000,-40.0,40.0,-263.27731514697575,13.0,6.0,-11.0,13.0,6.0,-11.0,True,x_minus_y_plus,ALL 13 6 -11,pc_scheduled_elapsed_ms,command_echo_no_encoder
2026-06-06_run02_reverse_grid_3x3_pm40_off_r02,19100,-40.0,40.0,-263.27731514697575,13.0,6.0,-11.0,13.0,6.0,-11.0,True,x_minus_y_plus,ALL 13 6 -11,pc_scheduled_elapsed_ms,command_echo_no_encoder
2026-06-06_run02_reverse_grid_3x3_pm40_off_r02,19200,-40.0,40.0,-263.27731514697575,13.0,6.0,-11.0,13.0,6.0,-11.0,True,x_minus_y_plus,ALL 13 6 -11,pc_scheduled_elapsed_ms,command_echo_no_encoder
2026-06-06_run02_reverse_grid_3x3_pm40_off_r02,19300,-40.0,40.0,-263.27731514697575,13.0,6.0,-11.0,13.0,6.0,-11.0,True,x_minus_y_plus,ALL 13 6 -11,pc_scheduled_elapsed_ms,command_echo_no_encoder
2026-06-06_run02_reverse_grid_3x3_pm40_off_r02,19400,-40.0,40.0,-263.27731514697575,13.0,6.0,-11.0,13.0,6.0,-11.0,True,x_minus_y_plus,ALL 13 6 -11,pc_scheduled_elapsed_ms,command_echo_no_encoder
2026-06-06_run02_reverse_grid_3x3_pm40_off_r02,19500,-40.0,40.0,-263.27731514697575,13.0,6.0,-11.0,13.0,6.0,-11.0,True,x_minus_y_plus,ALL 13 6 -11,pc_scheduled_elapsed_ms,command_echo_no_encoder
2026-06-06_run02_reverse_grid_3x3_pm40_off_r02,19600,-40.0,40.0,-263.27731514697575,13.0,6.0,-11.0,13.0,6.0,-11.0,True,x_minus_y_plus,ALL 13 6 -11,pc_scheduled_elapsed_ms,command_echo_no_encoder
2026-06-06_run02_reverse_grid_3x3_pm40_off_r02,19700,-40.0,40.0,-263.27731514697575,13.0,6.0,-11.0,13.0,6.0,-11.0,True,x_minus_y_plus,ALL 13 6 -11,pc_scheduled_elapsed_ms,command_echo_no_encoder
2026-06-06_run02_reverse_grid_3x3_pm40_off_r02,19800,-40.0,40.0,-263.27731514697575,13.0,6.0,-11.0,13.0,6.0,-11.0,True,x_minus_y_plus,ALL 13 6 -11,pc_scheduled_elapsed_ms,command_echo_no_encoder
2026-06-06_run02_reverse_grid_3x3_pm40_off_r02,19900,-40.0,40.0,-263.27731514697575,13.0,6.0,-11.0,13.0,6.0,-11.0,True,x_minus_y_plus,ALL 13 6 -11,pc_scheduled_elapsed_ms,command_echo_no_encoder
2026-06-06_run02_reverse_grid_3x3_pm40_off_r02,20000,40.0,0.0,-263.27731514697575,1.0,-7.0,10.0,1.0,-7.0,10.0,True,x_plus_y_center,ALL 1 -7 10,pc_scheduled_elapsed_ms,command_echo_no_encoder
2026-06-06_run02_reverse_grid_3x3_pm40_off_r02,20100,40.0,0.0,-263.27731514697575,1.0,-7.0,10.0,1.0,-7.0,10.0,True,x_plus_y_center,ALL 1 -7 10,pc_scheduled_elapsed_ms,command_echo_no_encoder
2026-06-06_run02_reverse_grid_3x3_pm40_off_r02,20200,40.0,0.0,-263.27731514697575,1.0,-7.0,10.0,1.0,-7.0,10.0,True,x_plus_y_center,ALL 1 -7 10,pc_scheduled_elapsed_ms,command_echo_no_encoder
2026-06-06_run02_reverse_grid_3x3_pm40_off_r02,20300,40.0,0.0,-263.27731514697575,1.0,-7.0,10.0,1.0,-7.0,10.0,True,x_plus_y_center,ALL 1 -7 10,pc_scheduled_elapsed_ms,command_echo_no_encoder
2026-06-06_run02_reverse_grid_3x3_pm40_off_r02,20400,40.0,0.0,-263.27731514697575,1.0,-7.0,10.0,1.0,-7.0,10.0,True,x_plus_y_center,ALL 1 -7 10,pc_scheduled_elapsed_ms,command_echo_no_encoder
2026-06-06_run02_reverse_grid_3x3_pm40_off_r02,20500,40.0,0.0,-263.27731514697575,1.0,-7.0,10.0,1.0,-7.0,10.0,True,x_plus_y_center,ALL 1 -7 10,pc_scheduled_elapsed_ms,command_echo_no_encoder
2026-06-06_run02_reverse_grid_3x3_pm40_off_r02,20600,40.0,0.0,-263.27731514697575,1.0,-7.0,10.0,1.0,-7.0,10.0,True,x_plus_y_center,ALL 1 -7 10,pc_scheduled_elapsed_ms,command_echo_no_encoder
2026-06-06_run02_reverse_grid_3x3_pm40_off_r02,20700,40.0,0.0,-263.27731514697575,1.0,-7.0,10.0,1.0,-7.0,10.0,True,x_plus_y_center,ALL 1 -7 10,pc_scheduled_elapsed_ms,command_echo_no_encoder
2026-06-06_run02_reverse_grid_3x3_pm40_off_r02,20800,40.0,0.0,-263.27731514697575,1.0,-7.0,10.0,1.0,-7.0,10.0,True,x_plus_y_center,ALL 1 -7 10,pc_scheduled_elapsed_ms,command_echo_no_encoder
2026-06-06_run02_reverse_grid_3x3_pm40_off_r02,20900,40.0,0.0,-263.27731514697575,1.0,-7.0,10.0,1.0,-7.0,10.0,True,x_plus_y_center,ALL 1 -7 10,pc_scheduled_elapsed_ms,command_echo_no_encoder
2026-06-06_run02_reverse_grid_3x3_pm40_off_r02,21000,40.0,0.0,-263.27731514697575,1.0,-7.0,10.0,1.0,-7.0,10.0,True,x_plus_y_center,ALL 1 -7 10,pc_scheduled_elapsed_ms,command_echo_no_encoder
2026-06-06_run02_reverse_grid_3x3_pm40_off_r02,21100,40.0,0.0,-263.27731514697575,1.0,-7.0,10.0,1.0,-7.0,10.0,True,x_plus_y_center,ALL 1 -7 10,pc_scheduled_elapsed_ms,command_echo_no_encoder
2026-06-06_run02_reverse_grid_3x3_pm40_off_r02,21200,40.0,0.0,-263.27731514697575,1.0,-7.0,10.0,1.0,-7.0,10.0,True,x_plus_y_center,ALL 1 -7 10,pc_scheduled_elapsed_ms,command_echo_no_encoder
2026-06-06_run02_reverse_grid_3x3_pm40_off_r02,21300,40.0,0.0,-263.27731514697575,1.0,-7.0,10.0,1.0,-7.0,10.0,True,x_plus_y_center,ALL 1 -7 10,pc_scheduled_elapsed_ms,command_echo_no_encoder
2026-06-06_run02_reverse_grid_3x3_pm40_off_r02,21400,40.0,0.0,-263.27731514697575,1.0,-7.0,10.0,1.0,-7.0,10.0,True,x_plus_y_center,ALL 1 -7 10,pc_scheduled_elapsed_ms,command_echo_no_encoder
2026-06-06_run02_reverse_grid_3x3_pm40_off_r02,21500,40.0,0.0,-263.27731514697575,1.0,-7.0,10.0,1.0,-7.0,10.0,True,x_plus_y_center,ALL 1 -7 10,pc_scheduled_elapsed_ms,command_echo_no_encoder
2026-06-06_run02_reverse_grid_3x3_pm40_off_r02,21600,40.0,0.0,-263.27731514697575,1.0,-7.0,10.0,1.0,-7.0,10.0,True,x_plus_y_center,ALL 1 -7 10,pc_scheduled_elapsed_ms,command_echo_no_encoder
2026-06-06_run02_reverse_grid_3x3_pm40_off_r02,21700,40.0,0.0,-263.27731514697575,1.0,-7.0,10.0,1.0,-7.0,10.0,True,x_plus_y_center,ALL 1 -7 10,pc_scheduled_elapsed_ms,command_echo_no_encoder
2026-06-06_run02_reverse_grid_3x3_pm40_off_r02,21800,40.0,0.0,-263.27731514697575,1.0,-7.0,10.0,1.0,-7.0,10.0,True,x_plus_y_center,ALL 1 -7 10,pc_scheduled_elapsed_ms,command_echo_no_encoder
2026-06-06_run02_reverse_grid_3x3_pm40_off_r02,21900,40.0,0.0,-263.27731514697575,1.0,-7.0,10.0,1.0,-7.0,10.0,True,x_plus_y_center,ALL 1 -7 10,pc_scheduled_elapsed_ms,command_echo_no_encoder
2026-06-06_run02_reverse_grid_3x3_pm40_off_r02,22000,40.0,0.0,-263.27731514697575,1.0,-7.0,10.0,1.0,-7.0,10.0,True,x_plus_y_center,ALL 1 -7 10,pc_scheduled_elapsed_ms,command_echo_no_encoder
2026-06-06_run02_reverse_grid_3x3_pm40_off_r02,22100,40.0,0.0,-263.27731514697575,1.0,-7.0,10.0,1.0,-7.0,10.0,True,x_plus_y_center,ALL 1 -7 10,pc_scheduled_elapsed_ms,command_echo_no_encoder
2026-06-06_run02_reverse_grid_3x3_pm40_off_r02,22200,40.0,0.0,-263.27731514697575,1.0,-7.0,10.0,1.0,-7.0,10.0,True,x_plus_y_center,ALL 1 -7 10,pc_scheduled_elapsed_ms,command_echo_no_encoder
2026-06-06_run02_reverse_grid_3x3_pm40_off_r02,22300,40.0,0.0,-263.27731514697575,1.0,-7.0,10.0,1.0,-7.0,10.0,True,x_plus_y_center,ALL 1 -7 10,pc_scheduled_elapsed_ms,command_echo_no_encoder
2026-06-06_run02_reverse_grid_3x3_pm40_off_r02,22400,40.0,0.0,-263.27731514697575,1.0,-7.0,10.0,1.0,-7.0,10.0,True,x_plus_y_center,ALL 1 -7 10,pc_scheduled_elapsed_ms,command_echo_no_encoder
2026-06-06_run02_reverse_grid_3x3_pm40_off_r02,22500,40.0,0.0,-263.27731514697575,1.0,-7.0,10.0,1.0,-7.0,10.0,True,x_plus_y_center,ALL 1 -7 10,pc_scheduled_elapsed_ms,command_echo_no_encoder
2026-06-06_run02_reverse_grid_3x3_pm40_off_r02,22600,40.0,0.0,-263.27731514697575,1.0,-7.0,10.0,1.0,-7.0,10.0,True,x_plus_y_center,ALL 1 -7 10,pc_scheduled_elapsed_ms,command_echo_no_encoder
2026-06-06_run02_reverse_grid_3x3_pm40_off_r02,22700,40.0,0.0,-263.27731514697575,1.0,-7.0,10.0,1.0,-7.0,10.0,True,x_plus_y_center,ALL 1 -7 10,pc_scheduled_elapsed_ms,command_echo_no_encoder
2026-06-06_run02_reverse_grid_3x3_pm40_off_r02,22800,40.0,0.0,-263.27731514697575,1.0,-7.0,10.0,1.0,-7.0,10.0,True,x_plus_y_center,ALL 1 -7 10,pc_scheduled_elapsed_ms,command_echo_no_encoder
2026-06-06_run02_reverse_grid_3x3_pm40_off_r02,22900,40.0,0.0,-263.27731514697575,1.0,-7.0,10.0,1.0,-7.0,10.0,True,x_plus_y_center,ALL 1 -7 10,pc_scheduled_elapsed_ms,command_echo_no_encoder
2026-06-06_run02_reverse_grid_3x3_pm40_off_r02,23000,40.0,0.0,-263.27731514697575,1.0,-7.0,10.0,1.0,-7.0,10.0,True,x_plus_y_center,ALL 1 -7 10,pc_scheduled_elapsed_ms,command_echo_no_encoder
2026-06-06_run02_reverse_grid_3x3_pm40_off_r02,23100,40.0,0.0,-263.27731514697575,1.0,-7.0,10.0,1.0,-7.0,10.0,True,x_plus_y_center,ALL 1 -7 10,pc_scheduled_elapsed_ms,command_echo_no_encoder
2026-06-06_run02_reverse_grid_3x3_pm40_off_r02,23200,40.0,0.0,-263.27731514697575,1.0,-7.0,10.0,1.0,-7.0,10.0,True,x_plus_y_center,ALL 1 -7 10,pc_scheduled_elapsed_ms,command_echo_no_encoder
2026-06-06_run02_reverse_grid_3x3_pm40_off_r02,23300,40.0,0.0,-263.27731514697575,1.0,-7.0,10.0,1.0,-7.0,10.0,True,x_plus_y_center,ALL 1 -7 10,pc_scheduled_elapsed_ms,command_echo_no_encoder
2026-06-06_run02_reverse_grid_3x3_pm40_off_r02,23400,40.0,0.0,-263.27731514697575,1.0,-7.0,10.0,1.0,-7.0,10.0,True,x_plus_y_center,ALL 1 -7 10,pc_scheduled_elapsed_ms,command_echo_no_encoder
2026-06-06_run02_reverse_grid_3x3_pm40_off_r02,23500,40.0,0.0,-263.27731514697575,1.0,-7.0,10.0,1.0,-7.0,10.0,True,x_plus_y_center,ALL 1 -7 10,pc_scheduled_elapsed_ms,command_echo_no_encoder
2026-06-06_run02_reverse_grid_3x3_pm40_off_r02,23600,40.0,0.0,-263.27731514697575,1.0,-7.0,10.0,1.0,-7.0,10.0,True,x_plus_y_center,ALL 1 -7 10,pc_scheduled_elapsed_ms,command_echo_no_encoder
2026-06-06_run02_reverse_grid_3x3_pm40_off_r02,23700,40.0,0.0,-263.27731514697575,1.0,-7.0,10.0,1.0,-7.0,10.0,True,x_plus_y_center,ALL 1 -7 10,pc_scheduled_elapsed_ms,command_echo_no_encoder
2026-06-06_run02_reverse_grid_3x3_pm40_off_r02,23800,40.0,0.0,-263.27731514697575,1.0,-7.0,10.0,1.0,-7.0,10.0,True,x_plus_y_center,ALL 1 -7 10,pc_scheduled_elapsed_ms,command_echo_no_encoder
2026-06-06_run02_reverse_grid_3x3_pm40_off_r02,23900,40.0,0.0,-263.27731514697575,1.0,-7.0,10.0,1.0,-7.0,10.0,True,x_plus_y_center,ALL 1 -7 10,pc_scheduled_elapsed_ms,command_echo_no_encoder
2026-06-06_run02_reverse_grid_3x3_pm40_off_r02,24000,40.0,0.0,-263.27731514697575,1.0,-7.0,10.0,1.0,-7.0,10.0,True,x_plus_y_center,ALL 1 -7 10,pc_scheduled_elapsed_ms,command_echo_no_encoder
2026-06-06_run02_reverse_grid_3x3_pm40_off_r02,24100,40.0,0.0,-263.27731514697575,1.0,-7.0,10.0,1.0,-7.0,10.0,True,x_plus_y_center,ALL 1 -7 10,pc_scheduled_elapsed_ms,command_echo_no_encoder
2026-06-06_run02_reverse_grid_3x3_pm40_off_r02,24200,40.0,0.0,-263.27731514697575,1.0,-7.0,10.0,1.0,-7.0,10.0,True,x_plus_y_center,ALL 1 -7 10,pc_scheduled_elapsed_ms,command_echo_no_encoder
2026-06-06_run02_reverse_grid_3x3_pm40_off_r02,24300,40.0,0.0,-263.27731514697575,1.0,-7.0,10.0,1.0,-7.0,10.0,True,x_plus_y_center,ALL 1 -7 10,pc_scheduled_elapsed_ms,command_echo_no_encoder
2026-06-06_run02_reverse_grid_3x3_pm40_off_r02,24400,40.0,0.0,-263.27731514697575,1.0,-7.0,10.0,1.0,-7.0,10.0,True,x_plus_y_center,ALL 1 -7 10,pc_scheduled_elapsed_ms,command_echo_no_encoder
2026-06-06_run02_reverse_grid_3x3_pm40_off_r02,24500,40.0,0.0,-263.27731514697575,1.0,-7.0,10.0,1.0,-7.0,10.0,True,x_plus_y_center,ALL 1 -7 10,pc_scheduled_elapsed_ms,command_echo_no_encoder
2026-06-06_run02_reverse_grid_3x3_pm40_off_r02,24600,40.0,0.0,-263.27731514697575,1.0,-7.0,10.0,1.0,-7.0,10.0,True,x_plus_y_center,ALL 1 -7 10,pc_scheduled_elapsed_ms,command_echo_no_encoder
2026-06-06_run02_reverse_grid_3x3_pm40_off_r02,24700,40.0,0.0,-263.27731514697575,1.0,-7.0,10.0,1.0,-7.0,10.0,True,x_plus_y_center,ALL 1 -7 10,pc_scheduled_elapsed_ms,command_echo_no_encoder
2026-06-06_run02_reverse_grid_3x3_pm40_off_r02,24800,40.0,0.0,-263.27731514697575,1.0,-7.0,10.0,1.0,-7.0,10.0,True,x_plus_y_center,ALL 1 -7 10,pc_scheduled_elapsed_ms,command_echo_no_encoder
2026-06-06_run02_reverse_grid_3x3_pm40_off_r02,24900,40.0,0.0,-263.27731514697575,1.0,-7.0,10.0,1.0,-7.0,10.0,True,x_plus_y_center,ALL 1 -7 10,pc_scheduled_elapsed_ms,command_echo_no_encoder
2026-06-06_run02_reverse_grid_3x3_pm40_off_r02,25000,0.0,0.0,-263.27731514697575,0.0,0.0,0.0,0.0,0.0,0.0,True,center,ALL 0 0 0,pc_scheduled_elapsed_ms,command_echo_no_encoder
2026-06-06_run02_reverse_grid_3x3_pm40_off_r02,25100,0.0,0.0,-263.27731514697575,0.0,0.0,0.0,0.0,0.0,0.0,True,center,ALL 0 0 0,pc_scheduled_elapsed_ms,command_echo_no_encoder
2026-06-06_run02_reverse_grid_3x3_pm40_off_r02,25200,0.0,0.0,-263.27731514697575,0.0,0.0,0.0,0.0,0.0,0.0,True,center,ALL 0 0 0,pc_scheduled_elapsed_ms,command_echo_no_encoder
2026-06-06_run02_reverse_grid_3x3_pm40_off_r02,25300,0.0,0.0,-263.27731514697575,0.0,0.0,0.0,0.0,0.0,0.0,True,center,ALL 0 0 0,pc_scheduled_elapsed_ms,command_echo_no_encoder
2026-06-06_run02_reverse_grid_3x3_pm40_off_r02,25400,0.0,0.0,-263.27731514697575,0.0,0.0,0.0,0.0,0.0,0.0,True,center,ALL 0 0 0,pc_scheduled_elapsed_ms,command_echo_no_encoder
2026-06-06_run02_reverse_grid_3x3_pm40_off_r02,25500,0.0,0.0,-263.27731514697575,0.0,0.0,0.0,0.0,0.0,0.0,True,center,ALL 0 0 0,pc_scheduled_elapsed_ms,command_echo_no_encoder
2026-06-06_run02_reverse_grid_3x3_pm40_off_r02,25600,0.0,0.0,-263.27731514697575,0.0,0.0,0.0,0.0,0.0,0.0,True,center,ALL 0 0 0,pc_scheduled_elapsed_ms,command_echo_no_encoder
2026-06-06_run02_reverse_grid_3x3_pm40_off_r02,25700,0.0,0.0,-263.27731514697575,0.0,0.0,0.0,0.0,0.0,0.0,True,center,ALL 0 0 0,pc_scheduled_elapsed_ms,command_echo_no_encoder
2026-06-06_run02_reverse_grid_3x3_pm40_off_r02,25800,0.0,0.0,-263.27731514697575,0.0,0.0,0.0,0.0,0.0,0.0,True,center,ALL 0 0 0,pc_scheduled_elapsed_ms,command_echo_no_encoder
2026-06-06_run02_reverse_grid_3x3_pm40_off_r02,25900,0.0,0.0,-263.27731514697575,0.0,0.0,0.0,0.0,0.0,0.0,True,center,ALL 0 0 0,pc_scheduled_elapsed_ms,command_echo_no_encoder
2026-06-06_run02_reverse_grid_3x3_pm40_off_r02,26000,0.0,0.0,-263.27731514697575,0.0,0.0,0.0,0.0,0.0,0.0,True,center,ALL 0 0 0,pc_scheduled_elapsed_ms,command_echo_no_encoder
2026-06-06_run02_reverse_grid_3x3_pm40_off_r02,26100,0.0,0.0,-263.27731514697575,0.0,0.0,0.0,0.0,0.0,0.0,True,center,ALL 0 0 0,pc_scheduled_elapsed_ms,command_echo_no_encoder
2026-06-06_run02_reverse_grid_3x3_pm40_off_r02,26200,0.0,0.0,-263.27731514697575,0.0,0.0,0.0,0.0,0.0,0.0,True,center,ALL 0 0 0,pc_scheduled_elapsed_ms,command_echo_no_encoder
2026-06-06_run02_reverse_grid_3x3_pm40_off_r02,26300,0.0,0.0,-263.27731514697575,0.0,0.0,0.0,0.0,0.0,0.0,True,center,ALL 0 0 0,pc_scheduled_elapsed_ms,command_echo_no_encoder
2026-06-06_run02_reverse_grid_3x3_pm40_off_r02,26400,0.0,0.0,-263.27731514697575,0.0,0.0,0.0,0.0,0.0,0.0,True,center,ALL 0 0 0,pc_scheduled_elapsed_ms,command_echo_no_encoder
2026-06-06_run02_reverse_grid_3x3_pm40_off_r02,26500,0.0,0.0,-263.27731514697575,0.0,0.0,0.0,0.0,0.0,0.0,True,center,ALL 0 0 0,pc_scheduled_elapsed_ms,command_echo_no_encoder
2026-06-06_run02_reverse_grid_3x3_pm40_off_r02,26600,0.0,0.0,-263.27731514697575,0.0,0.0,0.0,0.0,0.0,0.0,True,center,ALL 0 0 0,pc_scheduled_elapsed_ms,command_echo_no_encoder
2026-06-06_run02_reverse_grid_3x3_pm40_off_r02,26700,0.0,0.0,-263.27731514697575,0.0,0.0,0.0,0.0,0.0,0.0,True,center,ALL 0 0 0,pc_scheduled_elapsed_ms,command_echo_no_encoder
2026-06-06_run02_reverse_grid_3x3_pm40_off_r02,26800,0.0,0.0,-263.27731514697575,0.0,0.0,0.0,0.0,0.0,0.0,True,center,ALL 0 0 0,pc_scheduled_elapsed_ms,command_echo_no_encoder
2026-06-06_run02_reverse_grid_3x3_pm40_off_r02,26900,0.0,0.0,-263.27731514697575,0.0,0.0,0.0,0.0,0.0,0.0,True,center,ALL 0 0 0,pc_scheduled_elapsed_ms,command_echo_no_encoder
2026-06-06_run02_reverse_grid_3x3_pm40_off_r02,27000,0.0,0.0,-263.27731514697575,0.0,0.0,0.0,0.0,0.0,0.0,True,center,ALL 0 0 0,pc_scheduled_elapsed_ms,command_echo_no_encoder
2026-06-06_run02_reverse_grid_3x3_pm40_off_r02,27100,0.0,0.0,-263.27731514697575,0.0,0.0,0.0,0.0,0.0,0.0,True,center,ALL 0 0 0,pc_scheduled_elapsed_ms,command_echo_no_encoder
2026-06-06_run02_reverse_grid_3x3_pm40_off_r02,27200,0.0,0.0,-263.27731514697575,0.0,0.0,0.0,0.0,0.0,0.0,True,center,ALL 0 0 0,pc_scheduled_elapsed_ms,command_echo_no_encoder
2026-06-06_run02_reverse_grid_3x3_pm40_off_r02,27300,0.0,0.0,-263.27731514697575,0.0,0.0,0.0,0.0,0.0,0.0,True,center,ALL 0 0 0,pc_scheduled_elapsed_ms,command_echo_no_encoder
2026-06-06_run02_reverse_grid_3x3_pm40_off_r02,27400,0.0,0.0,-263.27731514697575,0.0,0.0,0.0,0.0,0.0,0.0,True,center,ALL 0 0 0,pc_scheduled_elapsed_ms,command_echo_no_encoder
2026-06-06_run02_reverse_grid_3x3_pm40_off_r02,27500,0.0,0.0,-263.27731514697575,0.0,0.0,0.0,0.0,0.0,0.0,True,center,ALL 0 0 0,pc_scheduled_elapsed_ms,command_echo_no_encoder
2026-06-06_run02_reverse_grid_3x3_pm40_off_r02,27600,0.0,0.0,-263.27731514697575,0.0,0.0,0.0,0.0,0.0,0.0,True,center,ALL 0 0 0,pc_scheduled_elapsed_ms,command_echo_no_encoder
2026-06-06_run02_reverse_grid_3x3_pm40_off_r02,27700,0.0,0.0,-263.27731514697575,0.0,0.0,0.0,0.0,0.0,0.0,True,center,ALL 0 0 0,pc_scheduled_elapsed_ms,command_echo_no_encoder
2026-06-06_run02_reverse_grid_3x3_pm40_off_r02,27800,0.0,0.0,-263.27731514697575,0.0,0.0,0.0,0.0,0.0,0.0,True,center,ALL 0 0 0,pc_scheduled_elapsed_ms,command_echo_no_encoder
2026-06-06_run02_reverse_grid_3x3_pm40_off_r02,27900,0.0,0.0,-263.27731514697575,0.0,0.0,0.0,0.0,0.0,0.0,True,center,ALL 0 0 0,pc_scheduled_elapsed_ms,command_echo_no_encoder
2026-06-06_run02_reverse_grid_3x3_pm40_off_r02,28000,0.0,0.0,-263.27731514697575,0.0,0.0,0.0,0.0,0.0,0.0,True,center,ALL 0 0 0,pc_scheduled_elapsed_ms,command_echo_no_encoder
2026-06-06_run02_reverse_grid_3x3_pm40_off_r02,28100,0.0,0.0,-263.27731514697575,0.0,0.0,0.0,0.0,0.0,0.0,True,center,ALL 0 0 0,pc_scheduled_elapsed_ms,command_echo_no_encoder
2026-06-06_run02_reverse_grid_3x3_pm40_off_r02,28200,0.0,0.0,-263.27731514697575,0.0,0.0,0.0,0.0,0.0,0.0,True,center,ALL 0 0 0,pc_scheduled_elapsed_ms,command_echo_no_encoder
2026-06-06_run02_reverse_grid_3x3_pm40_off_r02,28300,0.0,0.0,-263.27731514697575,0.0,0.0,0.0,0.0,0.0,0.0,True,center,ALL 0 0 0,pc_scheduled_elapsed_ms,command_echo_no_encoder
2026-06-06_run02_reverse_grid_3x3_pm40_off_r02,28400,0.0,0.0,-263.27731514697575,0.0,0.0,0.0,0.0,0.0,0.0,True,center,ALL 0 0 0,pc_scheduled_elapsed_ms,command_echo_no_encoder
2026-06-06_run02_reverse_grid_3x3_pm40_off_r02,28500,0.0,0.0,-263.27731514697575,0.0,0.0,0.0,0.0,0.0,0.0,True,center,ALL 0 0 0,pc_scheduled_elapsed_ms,command_echo_no_encoder
2026-06-06_run02_reverse_grid_3x3_pm40_off_r02,28600,0.0,0.0,-263.27731514697575,0.0,0.0,0.0,0.0,0.0,0.0,True,center,ALL 0 0 0,pc_scheduled_elapsed_ms,command_echo_no_encoder
2026-06-06_run02_reverse_grid_3x3_pm40_off_r02,28700,0.0,0.0,-263.27731514697575,0.0,0.0,0.0,0.0,0.0,0.0,True,center,ALL 0 0 0,pc_scheduled_elapsed_ms,command_echo_no_encoder
2026-06-06_run02_reverse_grid_3x3_pm40_off_r02,28800,0.0,0.0,-263.27731514697575,0.0,0.0,0.0,0.0,0.0,0.0,True,center,ALL 0 0 0,pc_scheduled_elapsed_ms,command_echo_no_encoder
2026-06-06_run02_reverse_grid_3x3_pm40_off_r02,28900,0.0,0.0,-263.27731514697575,0.0,0.0,0.0,0.0,0.0,0.0,True,center,ALL 0 0 0,pc_scheduled_elapsed_ms,command_echo_no_encoder
2026-06-06_run02_reverse_grid_3x3_pm40_off_r02,29000,0.0,0.0,-263.27731514697575,0.0,0.0,0.0,0.0,0.0,0.0,True,center,ALL 0 0 0,pc_scheduled_elapsed_ms,command_echo_no_encoder
2026-06-06_run02_reverse_grid_3x3_pm40_off_r02,29100,0.0,0.0,-263.27731514697575,0.0,0.0,0.0,0.0,0.0,0.0,True,center,ALL 0 0 0,pc_scheduled_elapsed_ms,command_echo_no_encoder
2026-06-06_run02_reverse_grid_3x3_pm40_off_r02,29200,0.0,0.0,-263.27731514697575,0.0,0.0,0.0,0.0,0.0,0.0,True,center,ALL 0 0 0,pc_scheduled_elapsed_ms,command_echo_no_encoder
2026-06-06_run02_reverse_grid_3x3_pm40_off_r02,29300,0.0,0.0,-263.27731514697575,0.0,0.0,0.0,0.0,0.0,0.0,True,center,ALL 0 0 0,pc_scheduled_elapsed_ms,command_echo_no_encoder
2026-06-06_run02_reverse_grid_3x3_pm40_off_r02,29400,0.0,0.0,-263.27731514697575,0.0,0.0,0.0,0.0,0.0,0.0,True,center,ALL 0 0 0,pc_scheduled_elapsed_ms,command_echo_no_encoder
2026-06-06_run02_reverse_grid_3x3_pm40_off_r02,29500,0.0,0.0,-263.27731514697575,0.0,0.0,0.0,0.0,0.0,0.0,True,center,ALL 0 0 0,pc_scheduled_elapsed_ms,command_echo_no_encoder
2026-06-06_run02_reverse_grid_3x3_pm40_off_r02,29600,0.0,0.0,-263.27731514697575,0.0,0.0,0.0,0.0,0.0,0.0,True,center,ALL 0 0 0,pc_scheduled_elapsed_ms,command_echo_no_encoder
2026-06-06_run02_reverse_grid_3x3_pm40_off_r02,29700,0.0,0.0,-263.27731514697575,0.0,0.0,0.0,0.0,0.0,0.0,True,center,ALL 0 0 0,pc_scheduled_elapsed_ms,command_echo_no_encoder
2026-06-06_run02_reverse_grid_3x3_pm40_off_r02,29800,0.0,0.0,-263.27731514697575,0.0,0.0,0.0,0.0,0.0,0.0,True,center,ALL 0 0 0,pc_scheduled_elapsed_ms,command_echo_no_encoder
2026-06-06_run02_reverse_grid_3x3_pm40_off_r02,29900,0.0,0.0,-263.27731514697575,0.0,0.0,0.0,0.0,0.0,0.0,True,center,ALL 0 0 0,pc_scheduled_elapsed_ms,command_echo_no_encoder
2026-06-06_run02_reverse_grid_3x3_pm40_off_r02,30000,-40.0,0.0,-263.27731514697575,1.0,10.0,-7.0,1.0,10.0,-7.0,True,x_minus_y_center,ALL 1 10 -7,pc_scheduled_elapsed_ms,command_echo_no_encoder
2026-06-06_run02_reverse_grid_3x3_pm40_off_r02,30100,-40.0,0.0,-263.27731514697575,1.0,10.0,-7.0,1.0,10.0,-7.0,True,x_minus_y_center,ALL 1 10 -7,pc_scheduled_elapsed_ms,command_echo_no_encoder
2026-06-06_run02_reverse_grid_3x3_pm40_off_r02,30200,-40.0,0.0,-263.27731514697575,1.0,10.0,-7.0,1.0,10.0,-7.0,True,x_minus_y_center,ALL 1 10 -7,pc_scheduled_elapsed_ms,command_echo_no_encoder
2026-06-06_run02_reverse_grid_3x3_pm40_off_r02,30300,-40.0,0.0,-263.27731514697575,1.0,10.0,-7.0,1.0,10.0,-7.0,True,x_minus_y_center,ALL 1 10 -7,pc_scheduled_elapsed_ms,command_echo_no_encoder
2026-06-06_run02_reverse_grid_3x3_pm40_off_r02,30400,-40.0,0.0,-263.27731514697575,1.0,10.0,-7.0,1.0,10.0,-7.0,True,x_minus_y_center,ALL 1 10 -7,pc_scheduled_elapsed_ms,command_echo_no_encoder
2026-06-06_run02_reverse_grid_3x3_pm40_off_r02,30500,-40.0,0.0,-263.27731514697575,1.0,10.0,-7.0,1.0,10.0,-7.0,True,x_minus_y_center,ALL 1 10 -7,pc_scheduled_elapsed_ms,command_echo_no_encoder
2026-06-06_run02_reverse_grid_3x3_pm40_off_r02,30600,-40.0,0.0,-263.27731514697575,1.0,10.0,-7.0,1.0,10.0,-7.0,True,x_minus_y_center,ALL 1 10 -7,pc_scheduled_elapsed_ms,command_echo_no_encoder
2026-06-06_run02_reverse_grid_3x3_pm40_off_r02,30700,-40.0,0.0,-263.27731514697575,1.0,10.0,-7.0,1.0,10.0,-7.0,True,x_minus_y_center,ALL 1 10 -7,pc_scheduled_elapsed_ms,command_echo_no_encoder
2026-06-06_run02_reverse_grid_3x3_pm40_off_r02,30800,-40.0,0.0,-263.27731514697575,1.0,10.0,-7.0,1.0,10.0,-7.0,True,x_minus_y_center,ALL 1 10 -7,pc_scheduled_elapsed_ms,command_echo_no_encoder
2026-06-06_run02_reverse_grid_3x3_pm40_off_r02,30900,-40.0,0.0,-263.27731514697575,1.0,10.0,-7.0,1.0,10.0,-7.0,True,x_minus_y_center,ALL 1 10 -7,pc_scheduled_elapsed_ms,command_echo_no_encoder
2026-06-06_run02_reverse_grid_3x3_pm40_off_r02,31000,-40.0,0.0,-263.27731514697575,1.0,10.0,-7.0,1.0,10.0,-7.0,True,x_minus_y_center,ALL 1 10 -7,pc_scheduled_elapsed_ms,command_echo_no_encoder
2026-06-06_run02_reverse_grid_3x3_pm40_off_r02,31100,-40.0,0.0,-263.27731514697575,1.0,10.0,-7.0,1.0,10.0,-7.0,True,x_minus_y_center,ALL 1 10 -7,pc_scheduled_elapsed_ms,command_echo_no_encoder
2026-06-06_run02_reverse_grid_3x3_pm40_off_r02,31200,-40.0,0.0,-263.27731514697575,1.0,10.0,-7.0,1.0,10.0,-7.0,True,x_minus_y_center,ALL 1 10 -7,pc_scheduled_elapsed_ms,command_echo_no_encoder
2026-06-06_run02_reverse_grid_3x3_pm40_off_r02,31300,-40.0,0.0,-263.27731514697575,1.0,10.0,-7.0,1.0,10.0,-7.0,True,x_minus_y_center,ALL 1 10 -7,pc_scheduled_elapsed_ms,command_echo_no_encoder
2026-06-06_run02_reverse_grid_3x3_pm40_off_r02,31400,-40.0,0.0,-263.27731514697575,1.0,10.0,-7.0,1.0,10.0,-7.0,True,x_minus_y_center,ALL 1 10 -7,pc_scheduled_elapsed_ms,command_echo_no_encoder
2026-06-06_run02_reverse_grid_3x3_pm40_off_r02,31500,-40.0,0.0,-263.27731514697575,1.0,10.0,-7.0,1.0,10.0,-7.0,True,x_minus_y_center,ALL 1 10 -7,pc_scheduled_elapsed_ms,command_echo_no_encoder
2026-06-06_run02_reverse_grid_3x3_pm40_off_r02,31600,-40.0,0.0,-263.27731514697575,1.0,10.0,-7.0,1.0,10.0,-7.0,True,x_minus_y_center,ALL 1 10 -7,pc_scheduled_elapsed_ms,command_echo_no_encoder
2026-06-06_run02_reverse_grid_3x3_pm40_off_r02,31700,-40.0,0.0,-263.27731514697575,1.0,10.0,-7.0,1.0,10.0,-7.0,True,x_minus_y_center,ALL 1 10 -7,pc_scheduled_elapsed_ms,command_echo_no_encoder
2026-06-06_run02_reverse_grid_3x3_pm40_off_r02,31800,-40.0,0.0,-263.27731514697575,1.0,10.0,-7.0,1.0,10.0,-7.0,True,x_minus_y_center,ALL 1 10 -7,pc_scheduled_elapsed_ms,command_echo_no_encoder
2026-06-06_run02_reverse_grid_3x3_pm40_off_r02,31900,-40.0,0.0,-263.27731514697575,1.0,10.0,-7.0,1.0,10.0,-7.0,True,x_minus_y_center,ALL 1 10 -7,pc_scheduled_elapsed_ms,command_echo_no_encoder
2026-06-06_run02_reverse_grid_3x3_pm40_off_r02,32000,-40.0,0.0,-263.27731514697575,1.0,10.0,-7.0,1.0,10.0,-7.0,True,x_minus_y_center,ALL 1 10 -7,pc_scheduled_elapsed_ms,command_echo_no_encoder
2026-06-06_run02_reverse_grid_3x3_pm40_off_r02,32100,-40.0,0.0,-263.27731514697575,1.0,10.0,-7.0,1.0,10.0,-7.0,True,x_minus_y_center,ALL 1 10 -7,pc_scheduled_elapsed_ms,command_echo_no_encoder
2026-06-06_run02_reverse_grid_3x3_pm40_off_r02,32200,-40.0,0.0,-263.27731514697575,1.0,10.0,-7.0,1.0,10.0,-7.0,True,x_minus_y_center,ALL 1 10 -7,pc_scheduled_elapsed_ms,command_echo_no_encoder
2026-06-06_run02_reverse_grid_3x3_pm40_off_r02,32300,-40.0,0.0,-263.27731514697575,1.0,10.0,-7.0,1.0,10.0,-7.0,True,x_minus_y_center,ALL 1 10 -7,pc_scheduled_elapsed_ms,command_echo_no_encoder
2026-06-06_run02_reverse_grid_3x3_pm40_off_r02,32400,-40.0,0.0,-263.27731514697575,1.0,10.0,-7.0,1.0,10.0,-7.0,True,x_minus_y_center,ALL 1 10 -7,pc_scheduled_elapsed_ms,command_echo_no_encoder
2026-06-06_run02_reverse_grid_3x3_pm40_off_r02,32500,-40.0,0.0,-263.27731514697575,1.0,10.0,-7.0,1.0,10.0,-7.0,True,x_minus_y_center,ALL 1 10 -7,pc_scheduled_elapsed_ms,command_echo_no_encoder
2026-06-06_run02_reverse_grid_3x3_pm40_off_r02,32600,-40.0,0.0,-263.27731514697575,1.0,10.0,-7.0,1.0,10.0,-7.0,True,x_minus_y_center,ALL 1 10 -7,pc_scheduled_elapsed_ms,command_echo_no_encoder
2026-06-06_run02_reverse_grid_3x3_pm40_off_r02,32700,-40.0,0.0,-263.27731514697575,1.0,10.0,-7.0,1.0,10.0,-7.0,True,x_minus_y_center,ALL 1 10 -7,pc_scheduled_elapsed_ms,command_echo_no_encoder
2026-06-06_run02_reverse_grid_3x3_pm40_off_r02,32800,-40.0,0.0,-263.27731514697575,1.0,10.0,-7.0,1.0,10.0,-7.0,True,x_minus_y_center,ALL 1 10 -7,pc_scheduled_elapsed_ms,command_echo_no_encoder
2026-06-06_run02_reverse_grid_3x3_pm40_off_r02,32900,-40.0,0.0,-263.27731514697575,1.0,10.0,-7.0,1.0,10.0,-7.0,True,x_minus_y_center,ALL 1 10 -7,pc_scheduled_elapsed_ms,command_echo_no_encoder
2026-06-06_run02_reverse_grid_3x3_pm40_off_r02,33000,-40.0,0.0,-263.27731514697575,1.0,10.0,-7.0,1.0,10.0,-7.0,True,x_minus_y_center,ALL 1 10 -7,pc_scheduled_elapsed_ms,command_echo_no_encoder
2026-06-06_run02_reverse_grid_3x3_pm40_off_r02,33100,-40.0,0.0,-263.27731514697575,1.0,10.0,-7.0,1.0,10.0,-7.0,True,x_minus_y_center,ALL 1 10 -7,pc_scheduled_elapsed_ms,command_echo_no_encoder
2026-06-06_run02_reverse_grid_3x3_pm40_off_r02,33200,-40.0,0.0,-263.27731514697575,1.0,10.0,-7.0,1.0,10.0,-7.0,True,x_minus_y_center,ALL 1 10 -7,pc_scheduled_elapsed_ms,command_echo_no_encoder
2026-06-06_run02_reverse_grid_3x3_pm40_off_r02,33300,-40.0,0.0,-263.27731514697575,1.0,10.0,-7.0,1.0,10.0,-7.0,True,x_minus_y_center,ALL 1 10 -7,pc_scheduled_elapsed_ms,command_echo_no_encoder
2026-06-06_run02_reverse_grid_3x3_pm40_off_r02,33400,-40.0,0.0,-263.27731514697575,1.0,10.0,-7.0,1.0,10.0,-7.0,True,x_minus_y_center,ALL 1 10 -7,pc_scheduled_elapsed_ms,command_echo_no_encoder
2026-06-06_run02_reverse_grid_3x3_pm40_off_r02,33500,-40.0,0.0,-263.27731514697575,1.0,10.0,-7.0,1.0,10.0,-7.0,True,x_minus_y_center,ALL 1 10 -7,pc_scheduled_elapsed_ms,command_echo_no_encoder
2026-06-06_run02_reverse_grid_3x3_pm40_off_r02,33600,-40.0,0.0,-263.27731514697575,1.0,10.0,-7.0,1.0,10.0,-7.0,True,x_minus_y_center,ALL 1 10 -7,pc_scheduled_elapsed_ms,command_echo_no_encoder
2026-06-06_run02_reverse_grid_3x3_pm40_off_r02,33700,-40.0,0.0,-263.27731514697575,1.0,10.0,-7.0,1.0,10.0,-7.0,True,x_minus_y_center,ALL 1 10 -7,pc_scheduled_elapsed_ms,command_echo_no_encoder
2026-06-06_run02_reverse_grid_3x3_pm40_off_r02,33800,-40.0,0.0,-263.27731514697575,1.0,10.0,-7.0,1.0,10.0,-7.0,True,x_minus_y_center,ALL 1 10 -7,pc_scheduled_elapsed_ms,command_echo_no_encoder
2026-06-06_run02_reverse_grid_3x3_pm40_off_r02,33900,-40.0,0.0,-263.27731514697575,1.0,10.0,-7.0,1.0,10.0,-7.0,True,x_minus_y_center,ALL 1 10 -7,pc_scheduled_elapsed_ms,command_echo_no_encoder
2026-06-06_run02_reverse_grid_3x3_pm40_off_r02,34000,-40.0,0.0,-263.27731514697575,1.0,10.0,-7.0,1.0,10.0,-7.0,True,x_minus_y_center,ALL 1 10 -7,pc_scheduled_elapsed_ms,command_echo_no_encoder
2026-06-06_run02_reverse_grid_3x3_pm40_off_r02,34100,-40.0,0.0,-263.27731514697575,1.0,10.0,-7.0,1.0,10.0,-7.0,True,x_minus_y_center,ALL 1 10 -7,pc_scheduled_elapsed_ms,command_echo_no_encoder
2026-06-06_run02_reverse_grid_3x3_pm40_off_r02,34200,-40.0,0.0,-263.27731514697575,1.0,10.0,-7.0,1.0,10.0,-7.0,True,x_minus_y_center,ALL 1 10 -7,pc_scheduled_elapsed_ms,command_echo_no_encoder
2026-06-06_run02_reverse_grid_3x3_pm40_off_r02,34300,-40.0,0.0,-263.27731514697575,1.0,10.0,-7.0,1.0,10.0,-7.0,True,x_minus_y_center,ALL 1 10 -7,pc_scheduled_elapsed_ms,command_echo_no_encoder
2026-06-06_run02_reverse_grid_3x3_pm40_off_r02,34400,-40.0,0.0,-263.27731514697575,1.0,10.0,-7.0,1.0,10.0,-7.0,True,x_minus_y_center,ALL 1 10 -7,pc_scheduled_elapsed_ms,command_echo_no_encoder
2026-06-06_run02_reverse_grid_3x3_pm40_off_r02,34500,-40.0,0.0,-263.27731514697575,1.0,10.0,-7.0,1.0,10.0,-7.0,True,x_minus_y_center,ALL 1 10 -7,pc_scheduled_elapsed_ms,command_echo_no_encoder
2026-06-06_run02_reverse_grid_3x3_pm40_off_r02,34600,-40.0,0.0,-263.27731514697575,1.0,10.0,-7.0,1.0,10.0,-7.0,True,x_minus_y_center,ALL 1 10 -7,pc_scheduled_elapsed_ms,command_echo_no_encoder
2026-06-06_run02_reverse_grid_3x3_pm40_off_r02,34700,-40.0,0.0,-263.27731514697575,1.0,10.0,-7.0,1.0,10.0,-7.0,True,x_minus_y_center,ALL 1 10 -7,pc_scheduled_elapsed_ms,command_echo_no_encoder
2026-06-06_run02_reverse_grid_3x3_pm40_off_r02,34800,-40.0,0.0,-263.27731514697575,1.0,10.0,-7.0,1.0,10.0,-7.0,True,x_minus_y_center,ALL 1 10 -7,pc_scheduled_elapsed_ms,command_echo_no_encoder
2026-06-06_run02_reverse_grid_3x3_pm40_off_r02,34900,-40.0,0.0,-263.27731514697575,1.0,10.0,-7.0,1.0,10.0,-7.0,True,x_minus_y_center,ALL 1 10 -7,pc_scheduled_elapsed_ms,command_echo_no_encoder
2026-06-06_run02_reverse_grid_3x3_pm40_off_r02,35000,40.0,-40.0,-263.27731514697575,-7.0,-1.0,16.0,-7.0,-1.0,16.0,True,x_plus_y_minus,ALL -7 -1 16,pc_scheduled_elapsed_ms,command_echo_no_encoder
2026-06-06_run02_reverse_grid_3x3_pm40_off_r02,35100,40.0,-40.0,-263.27731514697575,-7.0,-1.0,16.0,-7.0,-1.0,16.0,True,x_plus_y_minus,ALL -7 -1 16,pc_scheduled_elapsed_ms,command_echo_no_encoder
2026-06-06_run02_reverse_grid_3x3_pm40_off_r02,35200,40.0,-40.0,-263.27731514697575,-7.0,-1.0,16.0,-7.0,-1.0,16.0,True,x_plus_y_minus,ALL -7 -1 16,pc_scheduled_elapsed_ms,command_echo_no_encoder
2026-06-06_run02_reverse_grid_3x3_pm40_off_r02,35300,40.0,-40.0,-263.27731514697575,-7.0,-1.0,16.0,-7.0,-1.0,16.0,True,x_plus_y_minus,ALL -7 -1 16,pc_scheduled_elapsed_ms,command_echo_no_encoder
2026-06-06_run02_reverse_grid_3x3_pm40_off_r02,35400,40.0,-40.0,-263.27731514697575,-7.0,-1.0,16.0,-7.0,-1.0,16.0,True,x_plus_y_minus,ALL -7 -1 16,pc_scheduled_elapsed_ms,command_echo_no_encoder
2026-06-06_run02_reverse_grid_3x3_pm40_off_r02,35500,40.0,-40.0,-263.27731514697575,-7.0,-1.0,16.0,-7.0,-1.0,16.0,True,x_plus_y_minus,ALL -7 -1 16,pc_scheduled_elapsed_ms,command_echo_no_encoder
2026-06-06_run02_reverse_grid_3x3_pm40_off_r02,35600,40.0,-40.0,-263.27731514697575,-7.0,-1.0,16.0,-7.0,-1.0,16.0,True,x_plus_y_minus,ALL -7 -1 16,pc_scheduled_elapsed_ms,command_echo_no_encoder
2026-06-06_run02_reverse_grid_3x3_pm40_off_r02,35700,40.0,-40.0,-263.27731514697575,-7.0,-1.0,16.0,-7.0,-1.0,16.0,True,x_plus_y_minus,ALL -7 -1 16,pc_scheduled_elapsed_ms,command_echo_no_encoder
2026-06-06_run02_reverse_grid_3x3_pm40_off_r02,35800,40.0,-40.0,-263.27731514697575,-7.0,-1.0,16.0,-7.0,-1.0,16.0,True,x_plus_y_minus,ALL -7 -1 16,pc_scheduled_elapsed_ms,command_echo_no_encoder
2026-06-06_run02_reverse_grid_3x3_pm40_off_r02,35900,40.0,-40.0,-263.27731514697575,-7.0,-1.0,16.0,-7.0,-1.0,16.0,True,x_plus_y_minus,ALL -7 -1 16,pc_scheduled_elapsed_ms,command_echo_no_encoder
2026-06-06_run02_reverse_grid_3x3_pm40_off_r02,36000,40.0,-40.0,-263.27731514697575,-7.0,-1.0,16.0,-7.0,-1.0,16.0,True,x_plus_y_minus,ALL -7 -1 16,pc_scheduled_elapsed_ms,command_echo_no_encoder
2026-06-06_run02_reverse_grid_3x3_pm40_off_r02,36100,40.0,-40.0,-263.27731514697575,-7.0,-1.0,16.0,-7.0,-1.0,16.0,True,x_plus_y_minus,ALL -7 -1 16,pc_scheduled_elapsed_ms,command_echo_no_encoder
2026-06-06_run02_reverse_grid_3x3_pm40_off_r02,36200,40.0,-40.0,-263.27731514697575,-7.0,-1.0,16.0,-7.0,-1.0,16.0,True,x_plus_y_minus,ALL -7 -1 16,pc_scheduled_elapsed_ms,command_echo_no_encoder
2026-06-06_run02_reverse_grid_3x3_pm40_off_r02,36300,40.0,-40.0,-263.27731514697575,-7.0,-1.0,16.0,-7.0,-1.0,16.0,True,x_plus_y_minus,ALL -7 -1 16,pc_scheduled_elapsed_ms,command_echo_no_encoder
2026-06-06_run02_reverse_grid_3x3_pm40_off_r02,36400,40.0,-40.0,-263.27731514697575,-7.0,-1.0,16.0,-7.0,-1.0,16.0,True,x_plus_y_minus,ALL -7 -1 16,pc_scheduled_elapsed_ms,command_echo_no_encoder
2026-06-06_run02_reverse_grid_3x3_pm40_off_r02,36500,40.0,-40.0,-263.27731514697575,-7.0,-1.0,16.0,-7.0,-1.0,16.0,True,x_plus_y_minus,ALL -7 -1 16,pc_scheduled_elapsed_ms,command_echo_no_encoder
2026-06-06_run02_reverse_grid_3x3_pm40_off_r02,36600,40.0,-40.0,-263.27731514697575,-7.0,-1.0,16.0,-7.0,-1.0,16.0,True,x_plus_y_minus,ALL -7 -1 16,pc_scheduled_elapsed_ms,command_echo_no_encoder
2026-06-06_run02_reverse_grid_3x3_pm40_off_r02,36700,40.0,-40.0,-263.27731514697575,-7.0,-1.0,16.0,-7.0,-1.0,16.0,True,x_plus_y_minus,ALL -7 -1 16,pc_scheduled_elapsed_ms,command_echo_no_encoder
2026-06-06_run02_reverse_grid_3x3_pm40_off_r02,36800,40.0,-40.0,-263.27731514697575,-7.0,-1.0,16.0,-7.0,-1.0,16.0,True,x_plus_y_minus,ALL -7 -1 16,pc_scheduled_elapsed_ms,command_echo_no_encoder
2026-06-06_run02_reverse_grid_3x3_pm40_off_r02,36900,40.0,-40.0,-263.27731514697575,-7.0,-1.0,16.0,-7.0,-1.0,16.0,True,x_plus_y_minus,ALL -7 -1 16,pc_scheduled_elapsed_ms,command_echo_no_encoder
2026-06-06_run02_reverse_grid_3x3_pm40_off_r02,37000,40.0,-40.0,-263.27731514697575,-7.0,-1.0,16.0,-7.0,-1.0,16.0,True,x_plus_y_minus,ALL -7 -1 16,pc_scheduled_elapsed_ms,command_echo_no_encoder
2026-06-06_run02_reverse_grid_3x3_pm40_off_r02,37100,40.0,-40.0,-263.27731514697575,-7.0,-1.0,16.0,-7.0,-1.0,16.0,True,x_plus_y_minus,ALL -7 -1 16,pc_scheduled_elapsed_ms,command_echo_no_encoder
2026-06-06_run02_reverse_grid_3x3_pm40_off_r02,37200,40.0,-40.0,-263.27731514697575,-7.0,-1.0,16.0,-7.0,-1.0,16.0,True,x_plus_y_minus,ALL -7 -1 16,pc_scheduled_elapsed_ms,command_echo_no_encoder
2026-06-06_run02_reverse_grid_3x3_pm40_off_r02,37300,40.0,-40.0,-263.27731514697575,-7.0,-1.0,16.0,-7.0,-1.0,16.0,True,x_plus_y_minus,ALL -7 -1 16,pc_scheduled_elapsed_ms,command_echo_no_encoder
2026-06-06_run02_reverse_grid_3x3_pm40_off_r02,37400,40.0,-40.0,-263.27731514697575,-7.0,-1.0,16.0,-7.0,-1.0,16.0,True,x_plus_y_minus,ALL -7 -1 16,pc_scheduled_elapsed_ms,command_echo_no_encoder
2026-06-06_run02_reverse_grid_3x3_pm40_off_r02,37500,40.0,-40.0,-263.27731514697575,-7.0,-1.0,16.0,-7.0,-1.0,16.0,True,x_plus_y_minus,ALL -7 -1 16,pc_scheduled_elapsed_ms,command_echo_no_encoder
2026-06-06_run02_reverse_grid_3x3_pm40_off_r02,37600,40.0,-40.0,-263.27731514697575,-7.0,-1.0,16.0,-7.0,-1.0,16.0,True,x_plus_y_minus,ALL -7 -1 16,pc_scheduled_elapsed_ms,command_echo_no_encoder
2026-06-06_run02_reverse_grid_3x3_pm40_off_r02,37700,40.0,-40.0,-263.27731514697575,-7.0,-1.0,16.0,-7.0,-1.0,16.0,True,x_plus_y_minus,ALL -7 -1 16,pc_scheduled_elapsed_ms,command_echo_no_encoder
2026-06-06_run02_reverse_grid_3x3_pm40_off_r02,37800,40.0,-40.0,-263.27731514697575,-7.0,-1.0,16.0,-7.0,-1.0,16.0,True,x_plus_y_minus,ALL -7 -1 16,pc_scheduled_elapsed_ms,command_echo_no_encoder
2026-06-06_run02_reverse_grid_3x3_pm40_off_r02,37900,40.0,-40.0,-263.27731514697575,-7.0,-1.0,16.0,-7.0,-1.0,16.0,True,x_plus_y_minus,ALL -7 -1 16,pc_scheduled_elapsed_ms,command_echo_no_encoder
2026-06-06_run02_reverse_grid_3x3_pm40_off_r02,38000,40.0,-40.0,-263.27731514697575,-7.0,-1.0,16.0,-7.0,-1.0,16.0,True,x_plus_y_minus,ALL -7 -1 16,pc_scheduled_elapsed_ms,command_echo_no_encoder
2026-06-06_run02_reverse_grid_3x3_pm40_off_r02,38100,40.0,-40.0,-263.27731514697575,-7.0,-1.0,16.0,-7.0,-1.0,16.0,True,x_plus_y_minus,ALL -7 -1 16,pc_scheduled_elapsed_ms,command_echo_no_encoder
2026-06-06_run02_reverse_grid_3x3_pm40_off_r02,38200,40.0,-40.0,-263.27731514697575,-7.0,-1.0,16.0,-7.0,-1.0,16.0,True,x_plus_y_minus,ALL -7 -1 16,pc_scheduled_elapsed_ms,command_echo_no_encoder
2026-06-06_run02_reverse_grid_3x3_pm40_off_r02,38300,40.0,-40.0,-263.27731514697575,-7.0,-1.0,16.0,-7.0,-1.0,16.0,True,x_plus_y_minus,ALL -7 -1 16,pc_scheduled_elapsed_ms,command_echo_no_encoder
2026-06-06_run02_reverse_grid_3x3_pm40_off_r02,38400,40.0,-40.0,-263.27731514697575,-7.0,-1.0,16.0,-7.0,-1.0,16.0,True,x_plus_y_minus,ALL -7 -1 16,pc_scheduled_elapsed_ms,command_echo_no_encoder
2026-06-06_run02_reverse_grid_3x3_pm40_off_r02,38500,40.0,-40.0,-263.27731514697575,-7.0,-1.0,16.0,-7.0,-1.0,16.0,True,x_plus_y_minus,ALL -7 -1 16,pc_scheduled_elapsed_ms,command_echo_no_encoder
2026-06-06_run02_reverse_grid_3x3_pm40_off_r02,38600,40.0,-40.0,-263.27731514697575,-7.0,-1.0,16.0,-7.0,-1.0,16.0,True,x_plus_y_minus,ALL -7 -1 16,pc_scheduled_elapsed_ms,command_echo_no_encoder
2026-06-06_run02_reverse_grid_3x3_pm40_off_r02,38700,40.0,-40.0,-263.27731514697575,-7.0,-1.0,16.0,-7.0,-1.0,16.0,True,x_plus_y_minus,ALL -7 -1 16,pc_scheduled_elapsed_ms,command_echo_no_encoder
2026-06-06_run02_reverse_grid_3x3_pm40_off_r02,38800,40.0,-40.0,-263.27731514697575,-7.0,-1.0,16.0,-7.0,-1.0,16.0,True,x_plus_y_minus,ALL -7 -1 16,pc_scheduled_elapsed_ms,command_echo_no_encoder
2026-06-06_run02_reverse_grid_3x3_pm40_off_r02,38900,40.0,-40.0,-263.27731514697575,-7.0,-1.0,16.0,-7.0,-1.0,16.0,True,x_plus_y_minus,ALL -7 -1 16,pc_scheduled_elapsed_ms,command_echo_no_encoder
2026-06-06_run02_reverse_grid_3x3_pm40_off_r02,39000,40.0,-40.0,-263.27731514697575,-7.0,-1.0,16.0,-7.0,-1.0,16.0,True,x_plus_y_minus,ALL -7 -1 16,pc_scheduled_elapsed_ms,command_echo_no_encoder
2026-06-06_run02_reverse_grid_3x3_pm40_off_r02,39100,40.0,-40.0,-263.27731514697575,-7.0,-1.0,16.0,-7.0,-1.0,16.0,True,x_plus_y_minus,ALL -7 -1 16,pc_scheduled_elapsed_ms,command_echo_no_encoder
2026-06-06_run02_reverse_grid_3x3_pm40_off_r02,39200,40.0,-40.0,-263.27731514697575,-7.0,-1.0,16.0,-7.0,-1.0,16.0,True,x_plus_y_minus,ALL -7 -1 16,pc_scheduled_elapsed_ms,command_echo_no_encoder
2026-06-06_run02_reverse_grid_3x3_pm40_off_r02,39300,40.0,-40.0,-263.27731514697575,-7.0,-1.0,16.0,-7.0,-1.0,16.0,True,x_plus_y_minus,ALL -7 -1 16,pc_scheduled_elapsed_ms,command_echo_no_encoder
2026-06-06_run02_reverse_grid_3x3_pm40_off_r02,39400,40.0,-40.0,-263.27731514697575,-7.0,-1.0,16.0,-7.0,-1.0,16.0,True,x_plus_y_minus,ALL -7 -1 16,pc_scheduled_elapsed_ms,command_echo_no_encoder
2026-06-06_run02_reverse_grid_3x3_pm40_off_r02,39500,40.0,-40.0,-263.27731514697575,-7.0,-1.0,16.0,-7.0,-1.0,16.0,True,x_plus_y_minus,ALL -7 -1 16,pc_scheduled_elapsed_ms,command_echo_no_encoder
2026-06-06_run02_reverse_grid_3x3_pm40_off_r02,39600,40.0,-40.0,-263.27731514697575,-7.0,-1.0,16.0,-7.0,-1.0,16.0,True,x_plus_y_minus,ALL -7 -1 16,pc_scheduled_elapsed_ms,command_echo_no_encoder
2026-06-06_run02_reverse_grid_3x3_pm40_off_r02,39700,40.0,-40.0,-263.27731514697575,-7.0,-1.0,16.0,-7.0,-1.0,16.0,True,x_plus_y_minus,ALL -7 -1 16,pc_scheduled_elapsed_ms,command_echo_no_encoder
2026-06-06_run02_reverse_grid_3x3_pm40_off_r02,39800,40.0,-40.0,-263.27731514697575,-7.0,-1.0,16.0,-7.0,-1.0,16.0,True,x_plus_y_minus,ALL -7 -1 16,pc_scheduled_elapsed_ms,command_echo_no_encoder
2026-06-06_run02_reverse_grid_3x3_pm40_off_r02,39900,40.0,-40.0,-263.27731514697575,-7.0,-1.0,16.0,-7.0,-1.0,16.0,True,x_plus_y_minus,ALL -7 -1 16,pc_scheduled_elapsed_ms,command_echo_no_encoder
2026-06-06_run02_reverse_grid_3x3_pm40_off_r02,40000,0.0,-40.0,-263.27731514697575,-9.0,6.0,6.0,-9.0,6.0,6.0,True,x_center_y_minus,ALL -9 6 6,pc_scheduled_elapsed_ms,command_echo_no_encoder
2026-06-06_run02_reverse_grid_3x3_pm40_off_r02,40100,0.0,-40.0,-263.27731514697575,-9.0,6.0,6.0,-9.0,6.0,6.0,True,x_center_y_minus,ALL -9 6 6,pc_scheduled_elapsed_ms,command_echo_no_encoder
2026-06-06_run02_reverse_grid_3x3_pm40_off_r02,40200,0.0,-40.0,-263.27731514697575,-9.0,6.0,6.0,-9.0,6.0,6.0,True,x_center_y_minus,ALL -9 6 6,pc_scheduled_elapsed_ms,command_echo_no_encoder
2026-06-06_run02_reverse_grid_3x3_pm40_off_r02,40300,0.0,-40.0,-263.27731514697575,-9.0,6.0,6.0,-9.0,6.0,6.0,True,x_center_y_minus,ALL -9 6 6,pc_scheduled_elapsed_ms,command_echo_no_encoder
2026-06-06_run02_reverse_grid_3x3_pm40_off_r02,40400,0.0,-40.0,-263.27731514697575,-9.0,6.0,6.0,-9.0,6.0,6.0,True,x_center_y_minus,ALL -9 6 6,pc_scheduled_elapsed_ms,command_echo_no_encoder
2026-06-06_run02_reverse_grid_3x3_pm40_off_r02,40500,0.0,-40.0,-263.27731514697575,-9.0,6.0,6.0,-9.0,6.0,6.0,True,x_center_y_minus,ALL -9 6 6,pc_scheduled_elapsed_ms,command_echo_no_encoder
2026-06-06_run02_reverse_grid_3x3_pm40_off_r02,40600,0.0,-40.0,-263.27731514697575,-9.0,6.0,6.0,-9.0,6.0,6.0,True,x_center_y_minus,ALL -9 6 6,pc_scheduled_elapsed_ms,command_echo_no_encoder
2026-06-06_run02_reverse_grid_3x3_pm40_off_r02,40700,0.0,-40.0,-263.27731514697575,-9.0,6.0,6.0,-9.0,6.0,6.0,True,x_center_y_minus,ALL -9 6 6,pc_scheduled_elapsed_ms,command_echo_no_encoder
2026-06-06_run02_reverse_grid_3x3_pm40_off_r02,40800,0.0,-40.0,-263.27731514697575,-9.0,6.0,6.0,-9.0,6.0,6.0,True,x_center_y_minus,ALL -9 6 6,pc_scheduled_elapsed_ms,command_echo_no_encoder
2026-06-06_run02_reverse_grid_3x3_pm40_off_r02,40900,0.0,-40.0,-263.27731514697575,-9.0,6.0,6.0,-9.0,6.0,6.0,True,x_center_y_minus,ALL -9 6 6,pc_scheduled_elapsed_ms,command_echo_no_encoder
2026-06-06_run02_reverse_grid_3x3_pm40_off_r02,41000,0.0,-40.0,-263.27731514697575,-9.0,6.0,6.0,-9.0,6.0,6.0,True,x_center_y_minus,ALL -9 6 6,pc_scheduled_elapsed_ms,command_echo_no_encoder
2026-06-06_run02_reverse_grid_3x3_pm40_off_r02,41100,0.0,-40.0,-263.27731514697575,-9.0,6.0,6.0,-9.0,6.0,6.0,True,x_center_y_minus,ALL -9 6 6,pc_scheduled_elapsed_ms,command_echo_no_encoder
2026-06-06_run02_reverse_grid_3x3_pm40_off_r02,41200,0.0,-40.0,-263.27731514697575,-9.0,6.0,6.0,-9.0,6.0,6.0,True,x_center_y_minus,ALL -9 6 6,pc_scheduled_elapsed_ms,command_echo_no_encoder
2026-06-06_run02_reverse_grid_3x3_pm40_off_r02,41300,0.0,-40.0,-263.27731514697575,-9.0,6.0,6.0,-9.0,6.0,6.0,True,x_center_y_minus,ALL -9 6 6,pc_scheduled_elapsed_ms,command_echo_no_encoder
2026-06-06_run02_reverse_grid_3x3_pm40_off_r02,41400,0.0,-40.0,-263.27731514697575,-9.0,6.0,6.0,-9.0,6.0,6.0,True,x_center_y_minus,ALL -9 6 6,pc_scheduled_elapsed_ms,command_echo_no_encoder
2026-06-06_run02_reverse_grid_3x3_pm40_off_r02,41500,0.0,-40.0,-263.27731514697575,-9.0,6.0,6.0,-9.0,6.0,6.0,True,x_center_y_minus,ALL -9 6 6,pc_scheduled_elapsed_ms,command_echo_no_encoder
2026-06-06_run02_reverse_grid_3x3_pm40_off_r02,41600,0.0,-40.0,-263.27731514697575,-9.0,6.0,6.0,-9.0,6.0,6.0,True,x_center_y_minus,ALL -9 6 6,pc_scheduled_elapsed_ms,command_echo_no_encoder
2026-06-06_run02_reverse_grid_3x3_pm40_off_r02,41700,0.0,-40.0,-263.27731514697575,-9.0,6.0,6.0,-9.0,6.0,6.0,True,x_center_y_minus,ALL -9 6 6,pc_scheduled_elapsed_ms,command_echo_no_encoder
2026-06-06_run02_reverse_grid_3x3_pm40_off_r02,41800,0.0,-40.0,-263.27731514697575,-9.0,6.0,6.0,-9.0,6.0,6.0,True,x_center_y_minus,ALL -9 6 6,pc_scheduled_elapsed_ms,command_echo_no_encoder
2026-06-06_run02_reverse_grid_3x3_pm40_off_r02,41900,0.0,-40.0,-263.27731514697575,-9.0,6.0,6.0,-9.0,6.0,6.0,True,x_center_y_minus,ALL -9 6 6,pc_scheduled_elapsed_ms,command_echo_no_encoder
2026-06-06_run02_reverse_grid_3x3_pm40_off_r02,42000,0.0,-40.0,-263.27731514697575,-9.0,6.0,6.0,-9.0,6.0,6.0,True,x_center_y_minus,ALL -9 6 6,pc_scheduled_elapsed_ms,command_echo_no_encoder
2026-06-06_run02_reverse_grid_3x3_pm40_off_r02,42100,0.0,-40.0,-263.27731514697575,-9.0,6.0,6.0,-9.0,6.0,6.0,True,x_center_y_minus,ALL -9 6 6,pc_scheduled_elapsed_ms,command_echo_no_encoder
2026-06-06_run02_reverse_grid_3x3_pm40_off_r02,42200,0.0,-40.0,-263.27731514697575,-9.0,6.0,6.0,-9.0,6.0,6.0,True,x_center_y_minus,ALL -9 6 6,pc_scheduled_elapsed_ms,command_echo_no_encoder
2026-06-06_run02_reverse_grid_3x3_pm40_off_r02,42300,0.0,-40.0,-263.27731514697575,-9.0,6.0,6.0,-9.0,6.0,6.0,True,x_center_y_minus,ALL -9 6 6,pc_scheduled_elapsed_ms,command_echo_no_encoder
2026-06-06_run02_reverse_grid_3x3_pm40_off_r02,42400,0.0,-40.0,-263.27731514697575,-9.0,6.0,6.0,-9.0,6.0,6.0,True,x_center_y_minus,ALL -9 6 6,pc_scheduled_elapsed_ms,command_echo_no_encoder
2026-06-06_run02_reverse_grid_3x3_pm40_off_r02,42500,0.0,-40.0,-263.27731514697575,-9.0,6.0,6.0,-9.0,6.0,6.0,True,x_center_y_minus,ALL -9 6 6,pc_scheduled_elapsed_ms,command_echo_no_encoder
2026-06-06_run02_reverse_grid_3x3_pm40_off_r02,42600,0.0,-40.0,-263.27731514697575,-9.0,6.0,6.0,-9.0,6.0,6.0,True,x_center_y_minus,ALL -9 6 6,pc_scheduled_elapsed_ms,command_echo_no_encoder
2026-06-06_run02_reverse_grid_3x3_pm40_off_r02,42700,0.0,-40.0,-263.27731514697575,-9.0,6.0,6.0,-9.0,6.0,6.0,True,x_center_y_minus,ALL -9 6 6,pc_scheduled_elapsed_ms,command_echo_no_encoder
2026-06-06_run02_reverse_grid_3x3_pm40_off_r02,42800,0.0,-40.0,-263.27731514697575,-9.0,6.0,6.0,-9.0,6.0,6.0,True,x_center_y_minus,ALL -9 6 6,pc_scheduled_elapsed_ms,command_echo_no_encoder
2026-06-06_run02_reverse_grid_3x3_pm40_off_r02,42900,0.0,-40.0,-263.27731514697575,-9.0,6.0,6.0,-9.0,6.0,6.0,True,x_center_y_minus,ALL -9 6 6,pc_scheduled_elapsed_ms,command_echo_no_encoder
2026-06-06_run02_reverse_grid_3x3_pm40_off_r02,43000,0.0,-40.0,-263.27731514697575,-9.0,6.0,6.0,-9.0,6.0,6.0,True,x_center_y_minus,ALL -9 6 6,pc_scheduled_elapsed_ms,command_echo_no_encoder
2026-06-06_run02_reverse_grid_3x3_pm40_off_r02,43100,0.0,-40.0,-263.27731514697575,-9.0,6.0,6.0,-9.0,6.0,6.0,True,x_center_y_minus,ALL -9 6 6,pc_scheduled_elapsed_ms,command_echo_no_encoder
2026-06-06_run02_reverse_grid_3x3_pm40_off_r02,43200,0.0,-40.0,-263.27731514697575,-9.0,6.0,6.0,-9.0,6.0,6.0,True,x_center_y_minus,ALL -9 6 6,pc_scheduled_elapsed_ms,command_echo_no_encoder
2026-06-06_run02_reverse_grid_3x3_pm40_off_r02,43300,0.0,-40.0,-263.27731514697575,-9.0,6.0,6.0,-9.0,6.0,6.0,True,x_center_y_minus,ALL -9 6 6,pc_scheduled_elapsed_ms,command_echo_no_encoder
2026-06-06_run02_reverse_grid_3x3_pm40_off_r02,43400,0.0,-40.0,-263.27731514697575,-9.0,6.0,6.0,-9.0,6.0,6.0,True,x_center_y_minus,ALL -9 6 6,pc_scheduled_elapsed_ms,command_echo_no_encoder
2026-06-06_run02_reverse_grid_3x3_pm40_off_r02,43500,0.0,-40.0,-263.27731514697575,-9.0,6.0,6.0,-9.0,6.0,6.0,True,x_center_y_minus,ALL -9 6 6,pc_scheduled_elapsed_ms,command_echo_no_encoder
2026-06-06_run02_reverse_grid_3x3_pm40_off_r02,43600,0.0,-40.0,-263.27731514697575,-9.0,6.0,6.0,-9.0,6.0,6.0,True,x_center_y_minus,ALL -9 6 6,pc_scheduled_elapsed_ms,command_echo_no_encoder
2026-06-06_run02_reverse_grid_3x3_pm40_off_r02,43700,0.0,-40.0,-263.27731514697575,-9.0,6.0,6.0,-9.0,6.0,6.0,True,x_center_y_minus,ALL -9 6 6,pc_scheduled_elapsed_ms,command_echo_no_encoder
2026-06-06_run02_reverse_grid_3x3_pm40_off_r02,43800,0.0,-40.0,-263.27731514697575,-9.0,6.0,6.0,-9.0,6.0,6.0,True,x_center_y_minus,ALL -9 6 6,pc_scheduled_elapsed_ms,command_echo_no_encoder
2026-06-06_run02_reverse_grid_3x3_pm40_off_r02,43900,0.0,-40.0,-263.27731514697575,-9.0,6.0,6.0,-9.0,6.0,6.0,True,x_center_y_minus,ALL -9 6 6,pc_scheduled_elapsed_ms,command_echo_no_encoder
2026-06-06_run02_reverse_grid_3x3_pm40_off_r02,44000,0.0,-40.0,-263.27731514697575,-9.0,6.0,6.0,-9.0,6.0,6.0,True,x_center_y_minus,ALL -9 6 6,pc_scheduled_elapsed_ms,command_echo_no_encoder
2026-06-06_run02_reverse_grid_3x3_pm40_off_r02,44100,0.0,-40.0,-263.27731514697575,-9.0,6.0,6.0,-9.0,6.0,6.0,True,x_center_y_minus,ALL -9 6 6,pc_scheduled_elapsed_ms,command_echo_no_encoder
2026-06-06_run02_reverse_grid_3x3_pm40_off_r02,44200,0.0,-40.0,-263.27731514697575,-9.0,6.0,6.0,-9.0,6.0,6.0,True,x_center_y_minus,ALL -9 6 6,pc_scheduled_elapsed_ms,command_echo_no_encoder
2026-06-06_run02_reverse_grid_3x3_pm40_off_r02,44300,0.0,-40.0,-263.27731514697575,-9.0,6.0,6.0,-9.0,6.0,6.0,True,x_center_y_minus,ALL -9 6 6,pc_scheduled_elapsed_ms,command_echo_no_encoder
2026-06-06_run02_reverse_grid_3x3_pm40_off_r02,44400,0.0,-40.0,-263.27731514697575,-9.0,6.0,6.0,-9.0,6.0,6.0,True,x_center_y_minus,ALL -9 6 6,pc_scheduled_elapsed_ms,command_echo_no_encoder
2026-06-06_run02_reverse_grid_3x3_pm40_off_r02,44500,0.0,-40.0,-263.27731514697575,-9.0,6.0,6.0,-9.0,6.0,6.0,True,x_center_y_minus,ALL -9 6 6,pc_scheduled_elapsed_ms,command_echo_no_encoder
2026-06-06_run02_reverse_grid_3x3_pm40_off_r02,44600,0.0,-40.0,-263.27731514697575,-9.0,6.0,6.0,-9.0,6.0,6.0,True,x_center_y_minus,ALL -9 6 6,pc_scheduled_elapsed_ms,command_echo_no_encoder
2026-06-06_run02_reverse_grid_3x3_pm40_off_r02,44700,0.0,-40.0,-263.27731514697575,-9.0,6.0,6.0,-9.0,6.0,6.0,True,x_center_y_minus,ALL -9 6 6,pc_scheduled_elapsed_ms,command_echo_no_encoder
2026-06-06_run02_reverse_grid_3x3_pm40_off_r02,44800,0.0,-40.0,-263.27731514697575,-9.0,6.0,6.0,-9.0,6.0,6.0,True,x_center_y_minus,ALL -9 6 6,pc_scheduled_elapsed_ms,command_echo_no_encoder
2026-06-06_run02_reverse_grid_3x3_pm40_off_r02,44900,0.0,-40.0,-263.27731514697575,-9.0,6.0,6.0,-9.0,6.0,6.0,True,x_center_y_minus,ALL -9 6 6,pc_scheduled_elapsed_ms,command_echo_no_encoder
2026-06-06_run02_reverse_grid_3x3_pm40_off_r02,45000,-40.0,-40.0,-263.27731514697575,-7.0,16.0,-1.0,-7.0,16.0,-1.0,True,x_minus_y_minus,ALL -7 16 -1,pc_scheduled_elapsed_ms,command_echo_no_encoder
2026-06-06_run02_reverse_grid_3x3_pm40_off_r02,45100,-40.0,-40.0,-263.27731514697575,-7.0,16.0,-1.0,-7.0,16.0,-1.0,True,x_minus_y_minus,ALL -7 16 -1,pc_scheduled_elapsed_ms,command_echo_no_encoder
2026-06-06_run02_reverse_grid_3x3_pm40_off_r02,45200,-40.0,-40.0,-263.27731514697575,-7.0,16.0,-1.0,-7.0,16.0,-1.0,True,x_minus_y_minus,ALL -7 16 -1,pc_scheduled_elapsed_ms,command_echo_no_encoder
2026-06-06_run02_reverse_grid_3x3_pm40_off_r02,45300,-40.0,-40.0,-263.27731514697575,-7.0,16.0,-1.0,-7.0,16.0,-1.0,True,x_minus_y_minus,ALL -7 16 -1,pc_scheduled_elapsed_ms,command_echo_no_encoder
2026-06-06_run02_reverse_grid_3x3_pm40_off_r02,45400,-40.0,-40.0,-263.27731514697575,-7.0,16.0,-1.0,-7.0,16.0,-1.0,True,x_minus_y_minus,ALL -7 16 -1,pc_scheduled_elapsed_ms,command_echo_no_encoder
2026-06-06_run02_reverse_grid_3x3_pm40_off_r02,45500,-40.0,-40.0,-263.27731514697575,-7.0,16.0,-1.0,-7.0,16.0,-1.0,True,x_minus_y_minus,ALL -7 16 -1,pc_scheduled_elapsed_ms,command_echo_no_encoder
2026-06-06_run02_reverse_grid_3x3_pm40_off_r02,45600,-40.0,-40.0,-263.27731514697575,-7.0,16.0,-1.0,-7.0,16.0,-1.0,True,x_minus_y_minus,ALL -7 16 -1,pc_scheduled_elapsed_ms,command_echo_no_encoder
2026-06-06_run02_reverse_grid_3x3_pm40_off_r02,45700,-40.0,-40.0,-263.27731514697575,-7.0,16.0,-1.0,-7.0,16.0,-1.0,True,x_minus_y_minus,ALL -7 16 -1,pc_scheduled_elapsed_ms,command_echo_no_encoder
2026-06-06_run02_reverse_grid_3x3_pm40_off_r02,45800,-40.0,-40.0,-263.27731514697575,-7.0,16.0,-1.0,-7.0,16.0,-1.0,True,x_minus_y_minus,ALL -7 16 -1,pc_scheduled_elapsed_ms,command_echo_no_encoder
2026-06-06_run02_reverse_grid_3x3_pm40_off_r02,45900,-40.0,-40.0,-263.27731514697575,-7.0,16.0,-1.0,-7.0,16.0,-1.0,True,x_minus_y_minus,ALL -7 16 -1,pc_scheduled_elapsed_ms,command_echo_no_encoder
2026-06-06_run02_reverse_grid_3x3_pm40_off_r02,46000,-40.0,-40.0,-263.27731514697575,-7.0,16.0,-1.0,-7.0,16.0,-1.0,True,x_minus_y_minus,ALL -7 16 -1,pc_scheduled_elapsed_ms,command_echo_no_encoder
2026-06-06_run02_reverse_grid_3x3_pm40_off_r02,46100,-40.0,-40.0,-263.27731514697575,-7.0,16.0,-1.0,-7.0,16.0,-1.0,True,x_minus_y_minus,ALL -7 16 -1,pc_scheduled_elapsed_ms,command_echo_no_encoder
2026-06-06_run02_reverse_grid_3x3_pm40_off_r02,46200,-40.0,-40.0,-263.27731514697575,-7.0,16.0,-1.0,-7.0,16.0,-1.0,True,x_minus_y_minus,ALL -7 16 -1,pc_scheduled_elapsed_ms,command_echo_no_encoder
2026-06-06_run02_reverse_grid_3x3_pm40_off_r02,46300,-40.0,-40.0,-263.27731514697575,-7.0,16.0,-1.0,-7.0,16.0,-1.0,True,x_minus_y_minus,ALL -7 16 -1,pc_scheduled_elapsed_ms,command_echo_no_encoder
2026-06-06_run02_reverse_grid_3x3_pm40_off_r02,46400,-40.0,-40.0,-263.27731514697575,-7.0,16.0,-1.0,-7.0,16.0,-1.0,True,x_minus_y_minus,ALL -7 16 -1,pc_scheduled_elapsed_ms,command_echo_no_encoder
2026-06-06_run02_reverse_grid_3x3_pm40_off_r02,46500,-40.0,-40.0,-263.27731514697575,-7.0,16.0,-1.0,-7.0,16.0,-1.0,True,x_minus_y_minus,ALL -7 16 -1,pc_scheduled_elapsed_ms,command_echo_no_encoder
2026-06-06_run02_reverse_grid_3x3_pm40_off_r02,46600,-40.0,-40.0,-263.27731514697575,-7.0,16.0,-1.0,-7.0,16.0,-1.0,True,x_minus_y_minus,ALL -7 16 -1,pc_scheduled_elapsed_ms,command_echo_no_encoder
2026-06-06_run02_reverse_grid_3x3_pm40_off_r02,46700,-40.0,-40.0,-263.27731514697575,-7.0,16.0,-1.0,-7.0,16.0,-1.0,True,x_minus_y_minus,ALL -7 16 -1,pc_scheduled_elapsed_ms,command_echo_no_encoder
2026-06-06_run02_reverse_grid_3x3_pm40_off_r02,46800,-40.0,-40.0,-263.27731514697575,-7.0,16.0,-1.0,-7.0,16.0,-1.0,True,x_minus_y_minus,ALL -7 16 -1,pc_scheduled_elapsed_ms,command_echo_no_encoder
2026-06-06_run02_reverse_grid_3x3_pm40_off_r02,46900,-40.0,-40.0,-263.27731514697575,-7.0,16.0,-1.0,-7.0,16.0,-1.0,True,x_minus_y_minus,ALL -7 16 -1,pc_scheduled_elapsed_ms,command_echo_no_encoder
2026-06-06_run02_reverse_grid_3x3_pm40_off_r02,47000,-40.0,-40.0,-263.27731514697575,-7.0,16.0,-1.0,-7.0,16.0,-1.0,True,x_minus_y_minus,ALL -7 16 -1,pc_scheduled_elapsed_ms,command_echo_no_encoder
2026-06-06_run02_reverse_grid_3x3_pm40_off_r02,47100,-40.0,-40.0,-263.27731514697575,-7.0,16.0,-1.0,-7.0,16.0,-1.0,True,x_minus_y_minus,ALL -7 16 -1,pc_scheduled_elapsed_ms,command_echo_no_encoder
2026-06-06_run02_reverse_grid_3x3_pm40_off_r02,47200,-40.0,-40.0,-263.27731514697575,-7.0,16.0,-1.0,-7.0,16.0,-1.0,True,x_minus_y_minus,ALL -7 16 -1,pc_scheduled_elapsed_ms,command_echo_no_encoder
2026-06-06_run02_reverse_grid_3x3_pm40_off_r02,47300,-40.0,-40.0,-263.27731514697575,-7.0,16.0,-1.0,-7.0,16.0,-1.0,True,x_minus_y_minus,ALL -7 16 -1,pc_scheduled_elapsed_ms,command_echo_no_encoder
2026-06-06_run02_reverse_grid_3x3_pm40_off_r02,47400,-40.0,-40.0,-263.27731514697575,-7.0,16.0,-1.0,-7.0,16.0,-1.0,True,x_minus_y_minus,ALL -7 16 -1,pc_scheduled_elapsed_ms,command_echo_no_encoder
2026-06-06_run02_reverse_grid_3x3_pm40_off_r02,47500,-40.0,-40.0,-263.27731514697575,-7.0,16.0,-1.0,-7.0,16.0,-1.0,True,x_minus_y_minus,ALL -7 16 -1,pc_scheduled_elapsed_ms,command_echo_no_encoder
2026-06-06_run02_reverse_grid_3x3_pm40_off_r02,47600,-40.0,-40.0,-263.27731514697575,-7.0,16.0,-1.0,-7.0,16.0,-1.0,True,x_minus_y_minus,ALL -7 16 -1,pc_scheduled_elapsed_ms,command_echo_no_encoder
2026-06-06_run02_reverse_grid_3x3_pm40_off_r02,47700,-40.0,-40.0,-263.27731514697575,-7.0,16.0,-1.0,-7.0,16.0,-1.0,True,x_minus_y_minus,ALL -7 16 -1,pc_scheduled_elapsed_ms,command_echo_no_encoder
2026-06-06_run02_reverse_grid_3x3_pm40_off_r02,47800,-40.0,-40.0,-263.27731514697575,-7.0,16.0,-1.0,-7.0,16.0,-1.0,True,x_minus_y_minus,ALL -7 16 -1,pc_scheduled_elapsed_ms,command_echo_no_encoder
2026-06-06_run02_reverse_grid_3x3_pm40_off_r02,47900,-40.0,-40.0,-263.27731514697575,-7.0,16.0,-1.0,-7.0,16.0,-1.0,True,x_minus_y_minus,ALL -7 16 -1,pc_scheduled_elapsed_ms,command_echo_no_encoder
2026-06-06_run02_reverse_grid_3x3_pm40_off_r02,48000,-40.0,-40.0,-263.27731514697575,-7.0,16.0,-1.0,-7.0,16.0,-1.0,True,x_minus_y_minus,ALL -7 16 -1,pc_scheduled_elapsed_ms,command_echo_no_encoder
2026-06-06_run02_reverse_grid_3x3_pm40_off_r02,48100,-40.0,-40.0,-263.27731514697575,-7.0,16.0,-1.0,-7.0,16.0,-1.0,True,x_minus_y_minus,ALL -7 16 -1,pc_scheduled_elapsed_ms,command_echo_no_encoder
2026-06-06_run02_reverse_grid_3x3_pm40_off_r02,48200,-40.0,-40.0,-263.27731514697575,-7.0,16.0,-1.0,-7.0,16.0,-1.0,True,x_minus_y_minus,ALL -7 16 -1,pc_scheduled_elapsed_ms,command_echo_no_encoder
2026-06-06_run02_reverse_grid_3x3_pm40_off_r02,48300,-40.0,-40.0,-263.27731514697575,-7.0,16.0,-1.0,-7.0,16.0,-1.0,True,x_minus_y_minus,ALL -7 16 -1,pc_scheduled_elapsed_ms,command_echo_no_encoder
2026-06-06_run02_reverse_grid_3x3_pm40_off_r02,48400,-40.0,-40.0,-263.27731514697575,-7.0,16.0,-1.0,-7.0,16.0,-1.0,True,x_minus_y_minus,ALL -7 16 -1,pc_scheduled_elapsed_ms,command_echo_no_encoder
2026-06-06_run02_reverse_grid_3x3_pm40_off_r02,48500,-40.0,-40.0,-263.27731514697575,-7.0,16.0,-1.0,-7.0,16.0,-1.0,True,x_minus_y_minus,ALL -7 16 -1,pc_scheduled_elapsed_ms,command_echo_no_encoder
2026-06-06_run02_reverse_grid_3x3_pm40_off_r02,48600,-40.0,-40.0,-263.27731514697575,-7.0,16.0,-1.0,-7.0,16.0,-1.0,True,x_minus_y_minus,ALL -7 16 -1,pc_scheduled_elapsed_ms,command_echo_no_encoder
2026-06-06_run02_reverse_grid_3x3_pm40_off_r02,48700,-40.0,-40.0,-263.27731514697575,-7.0,16.0,-1.0,-7.0,16.0,-1.0,True,x_minus_y_minus,ALL -7 16 -1,pc_scheduled_elapsed_ms,command_echo_no_encoder
2026-06-06_run02_reverse_grid_3x3_pm40_off_r02,48800,-40.0,-40.0,-263.27731514697575,-7.0,16.0,-1.0,-7.0,16.0,-1.0,True,x_minus_y_minus,ALL -7 16 -1,pc_scheduled_elapsed_ms,command_echo_no_encoder
2026-06-06_run02_reverse_grid_3x3_pm40_off_r02,48900,-40.0,-40.0,-263.27731514697575,-7.0,16.0,-1.0,-7.0,16.0,-1.0,True,x_minus_y_minus,ALL -7 16 -1,pc_scheduled_elapsed_ms,command_echo_no_encoder
2026-06-06_run02_reverse_grid_3x3_pm40_off_r02,49000,-40.0,-40.0,-263.27731514697575,-7.0,16.0,-1.0,-7.0,16.0,-1.0,True,x_minus_y_minus,ALL -7 16 -1,pc_scheduled_elapsed_ms,command_echo_no_encoder
2026-06-06_run02_reverse_grid_3x3_pm40_off_r02,49100,-40.0,-40.0,-263.27731514697575,-7.0,16.0,-1.0,-7.0,16.0,-1.0,True,x_minus_y_minus,ALL -7 16 -1,pc_scheduled_elapsed_ms,command_echo_no_encoder
2026-06-06_run02_reverse_grid_3x3_pm40_off_r02,49200,-40.0,-40.0,-263.27731514697575,-7.0,16.0,-1.0,-7.0,16.0,-1.0,True,x_minus_y_minus,ALL -7 16 -1,pc_scheduled_elapsed_ms,command_echo_no_encoder
2026-06-06_run02_reverse_grid_3x3_pm40_off_r02,49300,-40.0,-40.0,-263.27731514697575,-7.0,16.0,-1.0,-7.0,16.0,-1.0,True,x_minus_y_minus,ALL -7 16 -1,pc_scheduled_elapsed_ms,command_echo_no_encoder
2026-06-06_run02_reverse_grid_3x3_pm40_off_r02,49400,-40.0,-40.0,-263.27731514697575,-7.0,16.0,-1.0,-7.0,16.0,-1.0,True,x_minus_y_minus,ALL -7 16 -1,pc_scheduled_elapsed_ms,command_echo_no_encoder
2026-06-06_run02_reverse_grid_3x3_pm40_off_r02,49500,-40.0,-40.0,-263.27731514697575,-7.0,16.0,-1.0,-7.0,16.0,-1.0,True,x_minus_y_minus,ALL -7 16 -1,pc_scheduled_elapsed_ms,command_echo_no_encoder
2026-06-06_run02_reverse_grid_3x3_pm40_off_r02,49600,-40.0,-40.0,-263.27731514697575,-7.0,16.0,-1.0,-7.0,16.0,-1.0,True,x_minus_y_minus,ALL -7 16 -1,pc_scheduled_elapsed_ms,command_echo_no_encoder
2026-06-06_run02_reverse_grid_3x3_pm40_off_r02,49700,-40.0,-40.0,-263.27731514697575,-7.0,16.0,-1.0,-7.0,16.0,-1.0,True,x_minus_y_minus,ALL -7 16 -1,pc_scheduled_elapsed_ms,command_echo_no_encoder
2026-06-06_run02_reverse_grid_3x3_pm40_off_r02,49800,-40.0,-40.0,-263.27731514697575,-7.0,16.0,-1.0,-7.0,16.0,-1.0,True,x_minus_y_minus,ALL -7 16 -1,pc_scheduled_elapsed_ms,command_echo_no_encoder
2026-06-06_run02_reverse_grid_3x3_pm40_off_r02,49900,-40.0,-40.0,-263.27731514697575,-7.0,16.0,-1.0,-7.0,16.0,-1.0,True,x_minus_y_minus,ALL -7 16 -1,pc_scheduled_elapsed_ms,command_echo_no_encoder
2026-06-06_run02_reverse_grid_3x3_pm40_off_r02,50000,0.0,0.0,-263.27731514697575,0.0,0.0,0.0,0.0,0.0,0.0,True,home_2,ALL 0 0 0,pc_scheduled_elapsed_ms,command_echo_no_encoder
2026-06-06_run02_reverse_grid_3x3_pm40_off_r02,50100,0.0,0.0,-263.27731514697575,0.0,0.0,0.0,0.0,0.0,0.0,True,home_2,ALL 0 0 0,pc_scheduled_elapsed_ms,command_echo_no_encoder
2026-06-06_run02_reverse_grid_3x3_pm40_off_r02,50200,0.0,0.0,-263.27731514697575,0.0,0.0,0.0,0.0,0.0,0.0,True,home_2,ALL 0 0 0,pc_scheduled_elapsed_ms,command_echo_no_encoder
2026-06-06_run02_reverse_grid_3x3_pm40_off_r02,50300,0.0,0.0,-263.27731514697575,0.0,0.0,0.0,0.0,0.0,0.0,True,home_2,ALL 0 0 0,pc_scheduled_elapsed_ms,command_echo_no_encoder
2026-06-06_run02_reverse_grid_3x3_pm40_off_r02,50400,0.0,0.0,-263.27731514697575,0.0,0.0,0.0,0.0,0.0,0.0,True,home_2,ALL 0 0 0,pc_scheduled_elapsed_ms,command_echo_no_encoder
2026-06-06_run02_reverse_grid_3x3_pm40_off_r02,50500,0.0,0.0,-263.27731514697575,0.0,0.0,0.0,0.0,0.0,0.0,True,home_2,ALL 0 0 0,pc_scheduled_elapsed_ms,command_echo_no_encoder
2026-06-06_run02_reverse_grid_3x3_pm40_off_r02,50600,0.0,0.0,-263.27731514697575,0.0,0.0,0.0,0.0,0.0,0.0,True,home_2,ALL 0 0 0,pc_scheduled_elapsed_ms,command_echo_no_encoder
2026-06-06_run02_reverse_grid_3x3_pm40_off_r02,50700,0.0,0.0,-263.27731514697575,0.0,0.0,0.0,0.0,0.0,0.0,True,home_2,ALL 0 0 0,pc_scheduled_elapsed_ms,command_echo_no_encoder
2026-06-06_run02_reverse_grid_3x3_pm40_off_r02,50800,0.0,0.0,-263.27731514697575,0.0,0.0,0.0,0.0,0.0,0.0,True,home_2,ALL 0 0 0,pc_scheduled_elapsed_ms,command_echo_no_encoder
2026-06-06_run02_reverse_grid_3x3_pm40_off_r02,50900,0.0,0.0,-263.27731514697575,0.0,0.0,0.0,0.0,0.0,0.0,True,home_2,ALL 0 0 0,pc_scheduled_elapsed_ms,command_echo_no_encoder
2026-06-06_run02_reverse_grid_3x3_pm40_off_r02,51000,0.0,0.0,-263.27731514697575,0.0,0.0,0.0,0.0,0.0,0.0,True,home_2,ALL 0 0 0,pc_scheduled_elapsed_ms,command_echo_no_encoder
2026-06-06_run02_reverse_grid_3x3_pm40_off_r02,51100,0.0,0.0,-263.27731514697575,0.0,0.0,0.0,0.0,0.0,0.0,True,home_2,ALL 0 0 0,pc_scheduled_elapsed_ms,command_echo_no_encoder
2026-06-06_run02_reverse_grid_3x3_pm40_off_r02,51200,0.0,0.0,-263.27731514697575,0.0,0.0,0.0,0.0,0.0,0.0,True,home_2,ALL 0 0 0,pc_scheduled_elapsed_ms,command_echo_no_encoder
2026-06-06_run02_reverse_grid_3x3_pm40_off_r02,51300,0.0,0.0,-263.27731514697575,0.0,0.0,0.0,0.0,0.0,0.0,True,home_2,ALL 0 0 0,pc_scheduled_elapsed_ms,command_echo_no_encoder
2026-06-06_run02_reverse_grid_3x3_pm40_off_r02,51400,0.0,0.0,-263.27731514697575,0.0,0.0,0.0,0.0,0.0,0.0,True,home_2,ALL 0 0 0,pc_scheduled_elapsed_ms,command_echo_no_encoder
2026-06-06_run02_reverse_grid_3x3_pm40_off_r02,51500,0.0,0.0,-263.27731514697575,0.0,0.0,0.0,0.0,0.0,0.0,True,home_2,ALL 0 0 0,pc_scheduled_elapsed_ms,command_echo_no_encoder
2026-06-06_run02_reverse_grid_3x3_pm40_off_r02,51600,0.0,0.0,-263.27731514697575,0.0,0.0,0.0,0.0,0.0,0.0,True,home_2,ALL 0 0 0,pc_scheduled_elapsed_ms,command_echo_no_encoder
2026-06-06_run02_reverse_grid_3x3_pm40_off_r02,51700,0.0,0.0,-263.27731514697575,0.0,0.0,0.0,0.0,0.0,0.0,True,home_2,ALL 0 0 0,pc_scheduled_elapsed_ms,command_echo_no_encoder
2026-06-06_run02_reverse_grid_3x3_pm40_off_r02,51800,0.0,0.0,-263.27731514697575,0.0,0.0,0.0,0.0,0.0,0.0,True,home_2,ALL 0 0 0,pc_scheduled_elapsed_ms,command_echo_no_encoder
2026-06-06_run02_reverse_grid_3x3_pm40_off_r02,51900,0.0,0.0,-263.27731514697575,0.0,0.0,0.0,0.0,0.0,0.0,True,home_2,ALL 0 0 0,pc_scheduled_elapsed_ms,command_echo_no_encoder
2026-06-06_run02_reverse_grid_3x3_pm40_off_r02,52000,0.0,0.0,-263.27731514697575,0.0,0.0,0.0,0.0,0.0,0.0,True,home_2,ALL 0 0 0,pc_scheduled_elapsed_ms,command_echo_no_encoder
2026-06-06_run02_reverse_grid_3x3_pm40_off_r02,52100,0.0,0.0,-263.27731514697575,0.0,0.0,0.0,0.0,0.0,0.0,True,home_2,ALL 0 0 0,pc_scheduled_elapsed_ms,command_echo_no_encoder
2026-06-06_run02_reverse_grid_3x3_pm40_off_r02,52200,0.0,0.0,-263.27731514697575,0.0,0.0,0.0,0.0,0.0,0.0,True,home_2,ALL 0 0 0,pc_scheduled_elapsed_ms,command_echo_no_encoder
2026-06-06_run02_reverse_grid_3x3_pm40_off_r02,52300,0.0,0.0,-263.27731514697575,0.0,0.0,0.0,0.0,0.0,0.0,True,home_2,ALL 0 0 0,pc_scheduled_elapsed_ms,command_echo_no_encoder
2026-06-06_run02_reverse_grid_3x3_pm40_off_r02,52400,0.0,0.0,-263.27731514697575,0.0,0.0,0.0,0.0,0.0,0.0,True,home_2,ALL 0 0 0,pc_scheduled_elapsed_ms,command_echo_no_encoder
2026-06-06_run02_reverse_grid_3x3_pm40_off_r02,52500,0.0,0.0,-263.27731514697575,0.0,0.0,0.0,0.0,0.0,0.0,True,home_2,ALL 0 0 0,pc_scheduled_elapsed_ms,command_echo_no_encoder
2026-06-06_run02_reverse_grid_3x3_pm40_off_r02,52600,0.0,0.0,-263.27731514697575,0.0,0.0,0.0,0.0,0.0,0.0,True,home_2,ALL 0 0 0,pc_scheduled_elapsed_ms,command_echo_no_encoder
2026-06-06_run02_reverse_grid_3x3_pm40_off_r02,52700,0.0,0.0,-263.27731514697575,0.0,0.0,0.0,0.0,0.0,0.0,True,home_2,ALL 0 0 0,pc_scheduled_elapsed_ms,command_echo_no_encoder
2026-06-06_run02_reverse_grid_3x3_pm40_off_r02,52800,0.0,0.0,-263.27731514697575,0.0,0.0,0.0,0.0,0.0,0.0,True,home_2,ALL 0 0 0,pc_scheduled_elapsed_ms,command_echo_no_encoder
2026-06-06_run02_reverse_grid_3x3_pm40_off_r02,52900,0.0,0.0,-263.27731514697575,0.0,0.0,0.0,0.0,0.0,0.0,True,home_2,ALL 0 0 0,pc_scheduled_elapsed_ms,command_echo_no_encoder
2026-06-06_run02_reverse_grid_3x3_pm40_off_r02,53000,0.0,0.0,-263.27731514697575,0.0,0.0,0.0,0.0,0.0,0.0,True,home_2,ALL 0 0 0,pc_scheduled_elapsed_ms,command_echo_no_encoder
2026-06-06_run02_reverse_grid_3x3_pm40_off_r02,53100,0.0,0.0,-263.27731514697575,0.0,0.0,0.0,0.0,0.0,0.0,True,home_2,ALL 0 0 0,pc_scheduled_elapsed_ms,command_echo_no_encoder
2026-06-06_run02_reverse_grid_3x3_pm40_off_r02,53200,0.0,0.0,-263.27731514697575,0.0,0.0,0.0,0.0,0.0,0.0,True,home_2,ALL 0 0 0,pc_scheduled_elapsed_ms,command_echo_no_encoder
2026-06-06_run02_reverse_grid_3x3_pm40_off_r02,53300,0.0,0.0,-263.27731514697575,0.0,0.0,0.0,0.0,0.0,0.0,True,home_2,ALL 0 0 0,pc_scheduled_elapsed_ms,command_echo_no_encoder
2026-06-06_run02_reverse_grid_3x3_pm40_off_r02,53400,0.0,0.0,-263.27731514697575,0.0,0.0,0.0,0.0,0.0,0.0,True,home_2,ALL 0 0 0,pc_scheduled_elapsed_ms,command_echo_no_encoder
2026-06-06_run02_reverse_grid_3x3_pm40_off_r02,53500,0.0,0.0,-263.27731514697575,0.0,0.0,0.0,0.0,0.0,0.0,True,home_2,ALL 0 0 0,pc_scheduled_elapsed_ms,command_echo_no_encoder
2026-06-06_run02_reverse_grid_3x3_pm40_off_r02,53600,0.0,0.0,-263.27731514697575,0.0,0.0,0.0,0.0,0.0,0.0,True,home_2,ALL 0 0 0,pc_scheduled_elapsed_ms,command_echo_no_encoder
2026-06-06_run02_reverse_grid_3x3_pm40_off_r02,53700,0.0,0.0,-263.27731514697575,0.0,0.0,0.0,0.0,0.0,0.0,True,home_2,ALL 0 0 0,pc_scheduled_elapsed_ms,command_echo_no_encoder
2026-06-06_run02_reverse_grid_3x3_pm40_off_r02,53800,0.0,0.0,-263.27731514697575,0.0,0.0,0.0,0.0,0.0,0.0,True,home_2,ALL 0 0 0,pc_scheduled_elapsed_ms,command_echo_no_encoder
2026-06-06_run02_reverse_grid_3x3_pm40_off_r02,53900,0.0,0.0,-263.27731514697575,0.0,0.0,0.0,0.0,0.0,0.0,True,home_2,ALL 0 0 0,pc_scheduled_elapsed_ms,command_echo_no_encoder
2026-06-06_run02_reverse_grid_3x3_pm40_off_r02,54000,0.0,0.0,-263.27731514697575,0.0,0.0,0.0,0.0,0.0,0.0,True,home_2,ALL 0 0 0,pc_scheduled_elapsed_ms,command_echo_no_encoder
2026-06-06_run02_reverse_grid_3x3_pm40_off_r02,54100,0.0,0.0,-263.27731514697575,0.0,0.0,0.0,0.0,0.0,0.0,True,home_2,ALL 0 0 0,pc_scheduled_elapsed_ms,command_echo_no_encoder
2026-06-06_run02_reverse_grid_3x3_pm40_off_r02,54200,0.0,0.0,-263.27731514697575,0.0,0.0,0.0,0.0,0.0,0.0,True,home_2,ALL 0 0 0,pc_scheduled_elapsed_ms,command_echo_no_encoder
2026-06-06_run02_reverse_grid_3x3_pm40_off_r02,54300,0.0,0.0,-263.27731514697575,0.0,0.0,0.0,0.0,0.0,0.0,True,home_2,ALL 0 0 0,pc_scheduled_elapsed_ms,command_echo_no_encoder
2026-06-06_run02_reverse_grid_3x3_pm40_off_r02,54400,0.0,0.0,-263.27731514697575,0.0,0.0,0.0,0.0,0.0,0.0,True,home_2,ALL 0 0 0,pc_scheduled_elapsed_ms,command_echo_no_encoder
2026-06-06_run02_reverse_grid_3x3_pm40_off_r02,54500,0.0,0.0,-263.27731514697575,0.0,0.0,0.0,0.0,0.0,0.0,True,home_2,ALL 0 0 0,pc_scheduled_elapsed_ms,command_echo_no_encoder
2026-06-06_run02_reverse_grid_3x3_pm40_off_r02,54600,0.0,0.0,-263.27731514697575,0.0,0.0,0.0,0.0,0.0,0.0,True,home_2,ALL 0 0 0,pc_scheduled_elapsed_ms,command_echo_no_encoder
2026-06-06_run02_reverse_grid_3x3_pm40_off_r02,54700,0.0,0.0,-263.27731514697575,0.0,0.0,0.0,0.0,0.0,0.0,True,home_2,ALL 0 0 0,pc_scheduled_elapsed_ms,command_echo_no_encoder
2026-06-06_run02_reverse_grid_3x3_pm40_off_r02,54800,0.0,0.0,-263.27731514697575,0.0,0.0,0.0,0.0,0.0,0.0,True,home_2,ALL 0 0 0,pc_scheduled_elapsed_ms,command_echo_no_encoder
2026-06-06_run02_reverse_grid_3x3_pm40_off_r02,54900,0.0,0.0,-263.27731514697575,0.0,0.0,0.0,0.0,0.0,0.0,True,home_2,ALL 0 0 0,pc_scheduled_elapsed_ms,command_echo_no_encoder
