run_id,time,target_x,target_y,target_z,theta1_cmd,theta2_cmd,theta3_cmd,theta1_meas,theta2_meas,theta3_meas,valid,phase,command,time_source,theta_meas_source
2026-06-06_run02_reverse_grid_3x3_pm40_on_r03,0,0.0,0.0,-263.27731514697575,0.0,0.0,0.0,0.0,0.0,0.0,True,home_1,ALL 0 0 0,pc_scheduled_elapsed_ms,command_echo_no_encoder
2026-06-06_run02_reverse_grid_3x3_pm40_on_r03,100,0.0,0.0,-263.27731514697575,0.0,0.0,0.0,0.0,0.0,0.0,True,home_1,ALL 0 0 0,pc_scheduled_elapsed_ms,command_echo_no_encoder
2026-06-06_run02_reverse_grid_3x3_pm40_on_r03,200,0.0,0.0,-263.27731514697575,0.0,0.0,0.0,0.0,0.0,0.0,True,home_1,ALL 0 0 0,pc_scheduled_elapsed_ms,command_echo_no_encoder
2026-06-06_run02_reverse_grid_3x3_pm40_on_r03,300,0.0,0.0,-263.27731514697575,0.0,0.0,0.0,0.0,0.0,0.0,True,home_1,ALL 0 0 0,pc_scheduled_elapsed_ms,command_echo_no_encoder
2026-06-06_run02_reverse_grid_3x3_pm40_on_r03,400,0.0,0.0,-263.27731514697575,0.0,0.0,0.0,0.0,0.0,0.0,True,home_1,ALL 0 0 0,pc_scheduled_elapsed_ms,command_echo_no_encoder
2026-06-06_run02_reverse_grid_3x3_pm40_on_r03,500,0.0,0.0,-263.27731514697575,0.0,0.0,0.0,0.0,0.0,0.0,True,home_1,ALL 0 0 0,pc_scheduled_elapsed_ms,command_echo_no_encoder
2026-06-06_run02_reverse_grid_3x3_pm40_on_r03,600,0.0,0.0,-263.27731514697575,0.0,0.0,0.0,0.0,0.0,0.0,True,home_1,ALL 0 0 0,pc_scheduled_elapsed_ms,command_echo_no_encoder
2026-06-06_run02_reverse_grid_3x3_pm40_on_r03,700,0.0,0.0,-263.27731514697575,0.0,0.0,0.0,0.0,0.0,0.0,True,home_1,ALL 0 0 0,pc_scheduled_elapsed_ms,command_echo_no_encoder
2026-06-06_run02_reverse_grid_3x3_pm40_on_r03,800,0.0,0.0,-263.27731514697575,0.0,0.0,0.0,0.0,0.0,0.0,True,home_1,ALL 0 0 0,pc_scheduled_elapsed_ms,command_echo_no_encoder
2026-06-06_run02_reverse_grid_3x3_pm40_on_r03,900,0.0,0.0,-263.27731514697575,0.0,0.0,0.0,0.0,0.0,0.0,True,home_1,ALL 0 0 0,pc_scheduled_elapsed_ms,command_echo_no_encoder
2026-06-06_run02_reverse_grid_3x3_pm40_on_r03,1000,0.0,0.0,-263.27731514697575,0.0,0.0,0.0,0.0,0.0,0.0,True,home_1,ALL 0 0 0,pc_scheduled_elapsed_ms,command_echo_no_encoder
2026-06-06_run02_reverse_grid_3x3_pm40_on_r03,1100,0.0,0.0,-263.27731514697575,0.0,0.0,0.0,0.0,0.0,0.0,True,home_1,ALL 0 0 0,pc_scheduled_elapsed_ms,command_echo_no_encoder
2026-06-06_run02_reverse_grid_3x3_pm40_on_r03,1200,0.0,0.0,-263.27731514697575,0.0,0.0,0.0,0.0,0.0,0.0,True,home_1,ALL 0 0 0,pc_scheduled_elapsed_ms,command_echo_no_encoder
2026-06-06_run02_reverse_grid_3x3_pm40_on_r03,1300,0.0,0.0,-263.27731514697575,0.0,0.0,0.0,0.0,0.0,0.0,True,home_1,ALL 0 0 0,pc_scheduled_elapsed_ms,command_echo_no_encoder
2026-06-06_run02_reverse_grid_3x3_pm40_on_r03,1400,0.0,0.0,-263.27731514697575,0.0,0.0,0.0,0.0,0.0,0.0,True,home_1,ALL 0 0 0,pc_scheduled_elapsed_ms,command_echo_no_encoder
2026-06-06_run02_reverse_grid_3x3_pm40_on_r03,1500,0.0,0.0,-263.27731514697575,0.0,0.0,0.0,0.0,0.0,0.0,True,home_1,ALL 0 0 0,pc_scheduled_elapsed_ms,command_echo_no_encoder
2026-06-06_run02_reverse_grid_3x3_pm40_on_r03,1600,0.0,0.0,-263.27731514697575,0.0,0.0,0.0,0.0,0.0,0.0,True,home_1,ALL 0 0 0,pc_scheduled_elapsed_ms,command_echo_no_encoder
2026-06-06_run02_reverse_grid_3x3_pm40_on_r03,1700,0.0,0.0,-263.27731514697575,0.0,0.0,0.0,0.0,0.0,0.0,True,home_1,ALL 0 0 0,pc_scheduled_elapsed_ms,command_echo_no_encoder
2026-06-06_run02_reverse_grid_3x3_pm40_on_r03,1800,0.0,0.0,-263.27731514697575,0.0,0.0,0.0,0.0,0.0,0.0,True,home_1,ALL 0 0 0,pc_scheduled_elapsed_ms,command_echo_no_encoder
2026-06-06_run02_reverse_grid_3x3_pm40_on_r03,1900,0.0,0.0,-263.27731514697575,0.0,0.0,0.0,0.0,0.0,0.0,True,home_1,ALL 0 0 0,pc_scheduled_elapsed_ms,command_echo_no_encoder
2026-06-06_run02_reverse_grid_3x3_pm40_on_r03,2000,0.0,0.0,-263.27731514697575,0.0,0.0,0.0,0.0,0.0,0.0,True,home_1,ALL 0 0 0,pc_scheduled_elapsed_ms,command_echo_no_encoder
2026-06-06_run02_reverse_grid_3x3_pm40_on_r03,2100,0.0,0.0,-263.27731514697575,0.0,0.0,0.0,0.0,0.0,0.0,True,home_1,ALL 0 0 0,pc_scheduled_elapsed_ms,command_echo_no_encoder
2026-06-06_run02_reverse_grid_3x3_pm40_on_r03,2200,0.0,0.0,-263.27731514697575,0.0,0.0,0.0,0.0,0.0,0.0,True,home_1,ALL 0 0 0,pc_scheduled_elapsed_ms,command_echo_no_encoder
2026-06-06_run02_reverse_grid_3x3_pm40_on_r03,2300,0.0,0.0,-263.27731514697575,0.0,0.0,0.0,0.0,0.0,0.0,True,home_1,ALL 0 0 0,pc_scheduled_elapsed_ms,command_echo_no_encoder
2026-06-06_run02_reverse_grid_3x3_pm40_on_r03,2400,0.0,0.0,-263.27731514697575,0.0,0.0,0.0,0.0,0.0,0.0,True,home_1,ALL 0 0 0,pc_scheduled_elapsed_ms,command_echo_no_encoder
2026-06-06_run02_reverse_grid_3x3_pm40_on_r03,2500,0.0,0.0,-263.27731514697575,0.0,0.0,0.0,0.0,0.0,0.0,True,home_1,ALL 0 0 0,pc_scheduled_elapsed_ms,command_echo_no_encoder
2026-06-06_run02_reverse_grid_3x3_pm40_on_r03,2600,0.0,0.0,-263.27731514697575,0.0,0.0,0.0,0.0,0.0,0.0,True,home_1,ALL 0 0 0,pc_scheduled_elapsed_ms,command_echo_no_encoder
2026-06-06_run02_reverse_grid_3x3_pm40_on_r03,2700,0.0,0.0,-263.27731514697575,0.0,0.0,0.0,0.0,0.0,0.0,True,home_1,ALL 0 0 0,pc_scheduled_elapsed_ms,command_echo_no_encoder
2026-06-06_run02_reverse_grid_3x3_pm40_on_r03,2800,0.0,0.0,-263.27731514697575,0.0,0.0,0.0,0.0,0.0,0.0,True,home_1,ALL 0 0 0,pc_scheduled_elapsed_ms,command_echo_no_encoder
2026-06-06_run02_reverse_grid_3x3_pm40_on_r03,2900,0.0,0.0,-263.27731514697575,0.0,0.0,0.0,0.0,0.0,0.0,True,home_1,ALL 0 0 0,pc_scheduled_elapsed_ms,command_echo_no_encoder
2026-06-06_run02_reverse_grid_3x3_pm40_on_r03,3000,0.0,0.0,-263.27731514697575,0.0,0.0,0.0,0.0,0.0,0.0,True,home_1,ALL 0 0 0,pc_scheduled_elapsed_ms,command_echo_no_encoder
2026-06-06_run02_reverse_grid_3x3_pm40_on_r03,3100,0.0,0.0,-263.27731514697575,0.0,0.0,0.0,0.0,0.0,0.0,True,home_1,ALL 0 0 0,pc_scheduled_elapsed_ms,command_echo_no_encoder
2026-06-06_run02_reverse_grid_3x3_pm40_on_r03,3200,0.0,0.0,-263.27731514697575,0.0,0.0,0.0,0.0,0.0,0.0,True,home_1,ALL 0 0 0,pc_scheduled_elapsed_ms,command_echo_no_encoder
2026-06-06_run02_reverse_grid_3x3_pm40_on_r03,3300,0.0,0.0,-263.27731514697575,0.0,0.0,0.0,0.0,0.0,0.0,True,home_1,ALL 0 0 0,pc_scheduled_elapsed_ms,command_echo_no_encoder
2026-06-06_run02_reverse_grid_3x3_pm40_on_r03,3400,0.0,0.0,-263.27731514697575,0.0,0.0,0.0,0.0,0.0,0.0,True,home_1,ALL 0 0 0,pc_scheduled_elapsed_ms,command_echo_no_encoder
2026-06-06_run02_reverse_grid_3x3_pm40_on_r03,3500,0.0,0.0,-263.27731514697575,0.0,0.0,0.0,0.0,0.0,0.0,True,home_1,ALL 0 0 0,pc_scheduled_elapsed_ms,command_echo_no_encoder
2026-06-06_run02_reverse_grid_3x3_pm40_on_r03,3600,0.0,0.0,-263.27731514697575,0.0,0.0,0.0,0.0,0.0,0.0,True,home_1,ALL 0 0 0,pc_scheduled_elapsed_ms,command_echo_no_encoder
2026-06-06_run02_reverse_grid_3x3_pm40_on_r03,3700,0.0,0.0,-263.27731514697575,0.0,0.0,0.0,0.0,0.0,0.0,True,home_1,ALL 0 0 0,pc_scheduled_elapsed_ms,command_echo_no_encoder
2026-06-06_run02_reverse_grid_3x3_pm40_on_r03,3800,0.0,0.0,-263.27731514697575,0.0,0.0,0.0,0.0,0.0,0.0,True,home_1,ALL 0 0 0,pc_scheduled_elapsed_ms,command_echo_no_encoder
2026-06-06_run02_reverse_grid_3x3_pm40_on_r03,3900,0.0,0.0,-263.27731514697575,0.0,0.0,0.0,0.0,0.0,0.0,True,home_1,ALL 0 0 0,pc_scheduled_elapsed_ms,command_echo_no_encoder
2026-06-06_run02_reverse_grid_3x3_pm40_on_r03,4000,0.0,0.0,-263.27731514697575,0.0,0.0,0.0,0.0,0.0,0.0,True,home_1,ALL 0 0 0,pc_scheduled_elapsed_ms,command_echo_no_encoder
2026-06-06_run02_reverse_grid_3x3_pm40_on_r03,4100,0.0,0.0,-263.27731514697575,0.0,0.0,0.0,0.0,0.0,0.0,True,home_1,ALL 0 0 0,pc_scheduled_elapsed_ms,command_echo_no_encoder
2026-06-06_run02_reverse_grid_3x3_pm40_on_r03,4200,0.0,0.0,-263.27731514697575,0.0,0.0,0.0,0.0,0.0,0.0,True,home_1,ALL 0 0 0,pc_scheduled_elapsed_ms,command_echo_no_encoder
2026-06-06_run02_reverse_grid_3x3_pm40_on_r03,4300,0.0,0.0,-263.27731514697575,0.0,0.0,0.0,0.0,0.0,0.0,True,home_1,ALL 0 0 0,pc_scheduled_elapsed_ms,command_echo_no_encoder
2026-06-06_run02_reverse_grid_3x3_pm40_on_r03,4400,0.0,0.0,-263.27731514697575,0.0,0.0,0.0,0.0,0.0,0.0,True,home_1,ALL 0 0 0,pc_scheduled_elapsed_ms,command_echo_no_encoder
2026-06-06_run02_reverse_grid_3x3_pm40_on_r03,4500,0.0,0.0,-263.27731514697575,0.0,0.0,0.0,0.0,0.0,0.0,True,home_1,ALL 0 0 0,pc_scheduled_elapsed_ms,command_echo_no_encoder
2026-06-06_run02_reverse_grid_3x3_pm40_on_r03,4600,0.0,0.0,-263.27731514697575,0.0,0.0,0.0,0.0,0.0,0.0,True,home_1,ALL 0 0 0,pc_scheduled_elapsed_ms,command_echo_no_encoder
2026-06-06_run02_reverse_grid_3x3_pm40_on_r03,4700,0.0,0.0,-263.27731514697575,0.0,0.0,0.0,0.0,0.0,0.0,True,home_1,ALL 0 0 0,pc_scheduled_elapsed_ms,command_echo_no_encoder
2026-06-06_run02_reverse_grid_3x3_pm40_on_r03,4800,0.0,0.0,-263.27731514697575,0.0,0.0,0.0,0.0,0.0,0.0,True,home_1,ALL 0 0 0,pc_scheduled_elapsed_ms,command_echo_no_encoder
2026-06-06_run02_reverse_grid_3x3_pm40_on_r03,4900,0.0,0.0,-263.27731514697575,0.0,0.0,0.0,0.0,0.0,0.0,True,home_1,ALL 0 0 0,pc_scheduled_elapsed_ms,command_echo_no_encoder
2026-06-06_run02_reverse_grid_3x3_pm40_on_r03,5000,40.0,40.0,-263.27731514697575,13.0,-11.0,7.0,13.0,-11.0,7.0,True,x_plus_y_plus,ALL 13 -11 7,pc_scheduled_elapsed_ms,command_echo_no_encoder
2026-06-06_run02_reverse_grid_3x3_pm40_on_r03,5100,40.0,40.0,-263.27731514697575,13.0,-11.0,7.0,13.0,-11.0,7.0,True,x_plus_y_plus,ALL 13 -11 7,pc_scheduled_elapsed_ms,command_echo_no_encoder
2026-06-06_run02_reverse_grid_3x3_pm40_on_r03,5200,40.0,40.0,-263.27731514697575,13.0,-11.0,7.0,13.0,-11.0,7.0,True,x_plus_y_plus,ALL 13 -11 7,pc_scheduled_elapsed_ms,command_echo_no_encoder
2026-06-06_run02_reverse_grid_3x3_pm40_on_r03,5300,40.0,40.0,-263.27731514697575,13.0,-11.0,7.0,13.0,-11.0,7.0,True,x_plus_y_plus,ALL 13 -11 7,pc_scheduled_elapsed_ms,command_echo_no_encoder
2026-06-06_run02_reverse_grid_3x3_pm40_on_r03,5400,40.0,40.0,-263.27731514697575,13.0,-11.0,7.0,13.0,-11.0,7.0,True,x_plus_y_plus,ALL 13 -11 7,pc_scheduled_elapsed_ms,command_echo_no_encoder
2026-06-06_run02_reverse_grid_3x3_pm40_on_r03,5500,40.0,40.0,-263.27731514697575,13.0,-11.0,7.0,13.0,-11.0,7.0,True,x_plus_y_plus,ALL 13 -11 7,pc_scheduled_elapsed_ms,command_echo_no_encoder
2026-06-06_run02_reverse_grid_3x3_pm40_on_r03,5600,40.0,40.0,-263.27731514697575,13.0,-11.0,7.0,13.0,-11.0,7.0,True,x_plus_y_plus,ALL 13 -11 7,pc_scheduled_elapsed_ms,command_echo_no_encoder
2026-06-06_run02_reverse_grid_3x3_pm40_on_r03,5700,40.0,40.0,-263.27731514697575,13.0,-11.0,7.0,13.0,-11.0,7.0,True,x_plus_y_plus,ALL 13 -11 7,pc_scheduled_elapsed_ms,command_echo_no_encoder
2026-06-06_run02_reverse_grid_3x3_pm40_on_r03,5800,40.0,40.0,-263.27731514697575,13.0,-11.0,7.0,13.0,-11.0,7.0,True,x_plus_y_plus,ALL 13 -11 7,pc_scheduled_elapsed_ms,command_echo_no_encoder
2026-06-06_run02_reverse_grid_3x3_pm40_on_r03,5900,40.0,40.0,-263.27731514697575,13.0,-11.0,7.0,13.0,-11.0,7.0,True,x_plus_y_plus,ALL 13 -11 7,pc_scheduled_elapsed_ms,command_echo_no_encoder
2026-06-06_run02_reverse_grid_3x3_pm40_on_r03,6000,40.0,40.0,-263.27731514697575,13.0,-11.0,7.0,13.0,-11.0,7.0,True,x_plus_y_plus,ALL 13 -11 7,pc_scheduled_elapsed_ms,command_echo_no_encoder
2026-06-06_run02_reverse_grid_3x3_pm40_on_r03,6100,40.0,40.0,-263.27731514697575,13.0,-11.0,7.0,13.0,-11.0,7.0,True,x_plus_y_plus,ALL 13 -11 7,pc_scheduled_elapsed_ms,command_echo_no_encoder
2026-06-06_run02_reverse_grid_3x3_pm40_on_r03,6200,40.0,40.0,-263.27731514697575,13.0,-11.0,7.0,13.0,-11.0,7.0,True,x_plus_y_plus,ALL 13 -11 7,pc_scheduled_elapsed_ms,command_echo_no_encoder
2026-06-06_run02_reverse_grid_3x3_pm40_on_r03,6300,40.0,40.0,-263.27731514697575,13.0,-11.0,7.0,13.0,-11.0,7.0,True,x_plus_y_plus,ALL 13 -11 7,pc_scheduled_elapsed_ms,command_echo_no_encoder
2026-06-06_run02_reverse_grid_3x3_pm40_on_r03,6400,40.0,40.0,-263.27731514697575,13.0,-11.0,7.0,13.0,-11.0,7.0,True,x_plus_y_plus,ALL 13 -11 7,pc_scheduled_elapsed_ms,command_echo_no_encoder
2026-06-06_run02_reverse_grid_3x3_pm40_on_r03,6500,40.0,40.0,-263.27731514697575,13.0,-11.0,7.0,13.0,-11.0,7.0,True,x_plus_y_plus,ALL 13 -11 7,pc_scheduled_elapsed_ms,command_echo_no_encoder
2026-06-06_run02_reverse_grid_3x3_pm40_on_r03,6600,40.0,40.0,-263.27731514697575,13.0,-11.0,7.0,13.0,-11.0,7.0,True,x_plus_y_plus,ALL 13 -11 7,pc_scheduled_elapsed_ms,command_echo_no_encoder
2026-06-06_run02_reverse_grid_3x3_pm40_on_r03,6700,40.0,40.0,-263.27731514697575,13.0,-11.0,7.0,13.0,-11.0,7.0,True,x_plus_y_plus,ALL 13 -11 7,pc_scheduled_elapsed_ms,command_echo_no_encoder
2026-06-06_run02_reverse_grid_3x3_pm40_on_r03,6800,40.0,40.0,-263.27731514697575,13.0,-11.0,7.0,13.0,-11.0,7.0,True,x_plus_y_plus,ALL 13 -11 7,pc_scheduled_elapsed_ms,command_echo_no_encoder
2026-06-06_run02_reverse_grid_3x3_pm40_on_r03,6900,40.0,40.0,-263.27731514697575,13.0,-11.0,7.0,13.0,-11.0,7.0,True,x_plus_y_plus,ALL 13 -11 7,pc_scheduled_elapsed_ms,command_echo_no_encoder
2026-06-06_run02_reverse_grid_3x3_pm40_on_r03,7000,40.0,40.0,-263.27731514697575,13.0,-11.0,7.0,13.0,-11.0,7.0,True,x_plus_y_plus,ALL 13 -11 7,pc_scheduled_elapsed_ms,command_echo_no_encoder
2026-06-06_run02_reverse_grid_3x3_pm40_on_r03,7100,40.0,40.0,-263.27731514697575,13.0,-11.0,7.0,13.0,-11.0,7.0,True,x_plus_y_plus,ALL 13 -11 7,pc_scheduled_elapsed_ms,command_echo_no_encoder
2026-06-06_run02_reverse_grid_3x3_pm40_on_r03,7200,40.0,40.0,-263.27731514697575,13.0,-11.0,7.0,13.0,-11.0,7.0,True,x_plus_y_plus,ALL 13 -11 7,pc_scheduled_elapsed_ms,command_echo_no_encoder
2026-06-06_run02_reverse_grid_3x3_pm40_on_r03,7300,40.0,40.0,-263.27731514697575,13.0,-11.0,7.0,13.0,-11.0,7.0,True,x_plus_y_plus,ALL 13 -11 7,pc_scheduled_elapsed_ms,command_echo_no_encoder
2026-06-06_run02_reverse_grid_3x3_pm40_on_r03,7400,40.0,40.0,-263.27731514697575,13.0,-11.0,7.0,13.0,-11.0,7.0,True,x_plus_y_plus,ALL 13 -11 7,pc_scheduled_elapsed_ms,command_echo_no_encoder
2026-06-06_run02_reverse_grid_3x3_pm40_on_r03,7500,40.0,40.0,-263.27731514697575,13.0,-11.0,7.0,13.0,-11.0,7.0,True,x_plus_y_plus,ALL 13 -11 7,pc_scheduled_elapsed_ms,command_echo_no_encoder
2026-06-06_run02_reverse_grid_3x3_pm40_on_r03,7600,40.0,40.0,-263.27731514697575,13.0,-11.0,7.0,13.0,-11.0,7.0,True,x_plus_y_plus,ALL 13 -11 7,pc_scheduled_elapsed_ms,command_echo_no_encoder
2026-06-06_run02_reverse_grid_3x3_pm40_on_r03,7700,40.0,40.0,-263.27731514697575,13.0,-11.0,7.0,13.0,-11.0,7.0,True,x_plus_y_plus,ALL 13 -11 7,pc_scheduled_elapsed_ms,command_echo_no_encoder
2026-06-06_run02_reverse_grid_3x3_pm40_on_r03,7800,40.0,40.0,-263.27731514697575,13.0,-11.0,7.0,13.0,-11.0,7.0,True,x_plus_y_plus,ALL 13 -11 7,pc_scheduled_elapsed_ms,command_echo_no_encoder
2026-06-06_run02_reverse_grid_3x3_pm40_on_r03,7900,40.0,40.0,-263.27731514697575,13.0,-11.0,7.0,13.0,-11.0,7.0,True,x_plus_y_plus,ALL 13 -11 7,pc_scheduled_elapsed_ms,command_echo_no_encoder
2026-06-06_run02_reverse_grid_3x3_pm40_on_r03,8000,40.0,40.0,-263.27731514697575,13.0,-11.0,7.0,13.0,-11.0,7.0,True,x_plus_y_plus,ALL 13 -11 7,pc_scheduled_elapsed_ms,command_echo_no_encoder
2026-06-06_run02_reverse_grid_3x3_pm40_on_r03,8100,40.0,40.0,-263.27731514697575,13.0,-11.0,7.0,13.0,-11.0,7.0,True,x_plus_y_plus,ALL 13 -11 7,pc_scheduled_elapsed_ms,command_echo_no_encoder
2026-06-06_run02_reverse_grid_3x3_pm40_on_r03,8200,40.0,40.0,-263.27731514697575,13.0,-11.0,7.0,13.0,-11.0,7.0,True,x_plus_y_plus,ALL 13 -11 7,pc_scheduled_elapsed_ms,command_echo_no_encoder
2026-06-06_run02_reverse_grid_3x3_pm40_on_r03,8300,40.0,40.0,-263.27731514697575,13.0,-11.0,7.0,13.0,-11.0,7.0,True,x_plus_y_plus,ALL 13 -11 7,pc_scheduled_elapsed_ms,command_echo_no_encoder
2026-06-06_run02_reverse_grid_3x3_pm40_on_r03,8400,40.0,40.0,-263.27731514697575,13.0,-11.0,7.0,13.0,-11.0,7.0,True,x_plus_y_plus,ALL 13 -11 7,pc_scheduled_elapsed_ms,command_echo_no_encoder
2026-06-06_run02_reverse_grid_3x3_pm40_on_r03,8500,40.0,40.0,-263.27731514697575,13.0,-11.0,7.0,13.0,-11.0,7.0,True,x_plus_y_plus,ALL 13 -11 7,pc_scheduled_elapsed_ms,command_echo_no_encoder
2026-06-06_run02_reverse_grid_3x3_pm40_on_r03,8600,40.0,40.0,-263.27731514697575,13.0,-11.0,7.0,13.0,-11.0,7.0,True,x_plus_y_plus,ALL 13 -11 7,pc_scheduled_elapsed_ms,command_echo_no_encoder
2026-06-06_run02_reverse_grid_3x3_pm40_on_r03,8700,40.0,40.0,-263.27731514697575,13.0,-11.0,7.0,13.0,-11.0,7.0,True,x_plus_y_plus,ALL 13 -11 7,pc_scheduled_elapsed_ms,command_echo_no_encoder
2026-06-06_run02_reverse_grid_3x3_pm40_on_r03,8800,40.0,40.0,-263.27731514697575,13.0,-11.0,7.0,13.0,-11.0,7.0,True,x_plus_y_plus,ALL 13 -11 7,pc_scheduled_elapsed_ms,command_echo_no_encoder
2026-06-06_run02_reverse_grid_3x3_pm40_on_r03,8900,40.0,40.0,-263.27731514697575,13.0,-11.0,7.0,13.0,-11.0,7.0,True,x_plus_y_plus,ALL 13 -11 7,pc_scheduled_elapsed_ms,command_echo_no_encoder
2026-06-06_run02_reverse_grid_3x3_pm40_on_r03,9000,40.0,40.0,-263.27731514697575,13.0,-11.0,7.0,13.0,-11.0,7.0,True,x_plus_y_plus,ALL 13 -11 7,pc_scheduled_elapsed_ms,command_echo_no_encoder
2026-06-06_run02_reverse_grid_3x3_pm40_on_r03,9100,40.0,40.0,-263.27731514697575,13.0,-11.0,7.0,13.0,-11.0,7.0,True,x_plus_y_plus,ALL 13 -11 7,pc_scheduled_elapsed_ms,command_echo_no_encoder
2026-06-06_run02_reverse_grid_3x3_pm40_on_r03,9200,40.0,40.0,-263.27731514697575,13.0,-11.0,7.0,13.0,-11.0,7.0,True,x_plus_y_plus,ALL 13 -11 7,pc_scheduled_elapsed_ms,command_echo_no_encoder
2026-06-06_run02_reverse_grid_3x3_pm40_on_r03,9300,40.0,40.0,-263.27731514697575,13.0,-11.0,7.0,13.0,-11.0,7.0,True,x_plus_y_plus,ALL 13 -11 7,pc_scheduled_elapsed_ms,command_echo_no_encoder
2026-06-06_run02_reverse_grid_3x3_pm40_on_r03,9400,40.0,40.0,-263.27731514697575,13.0,-11.0,7.0,13.0,-11.0,7.0,True,x_plus_y_plus,ALL 13 -11 7,pc_scheduled_elapsed_ms,command_echo_no_encoder
2026-06-06_run02_reverse_grid_3x3_pm40_on_r03,9500,40.0,40.0,-263.27731514697575,13.0,-11.0,7.0,13.0,-11.0,7.0,True,x_plus_y_plus,ALL 13 -11 7,pc_scheduled_elapsed_ms,command_echo_no_encoder
2026-06-06_run02_reverse_grid_3x3_pm40_on_r03,9600,40.0,40.0,-263.27731514697575,13.0,-11.0,7.0,13.0,-11.0,7.0,True,x_plus_y_plus,ALL 13 -11 7,pc_scheduled_elapsed_ms,command_echo_no_encoder
2026-06-06_run02_reverse_grid_3x3_pm40_on_r03,9700,40.0,40.0,-263.27731514697575,13.0,-11.0,7.0,13.0,-11.0,7.0,True,x_plus_y_plus,ALL 13 -11 7,pc_scheduled_elapsed_ms,command_echo_no_encoder
2026-06-06_run02_reverse_grid_3x3_pm40_on_r03,9800,40.0,40.0,-263.27731514697575,13.0,-11.0,7.0,13.0,-11.0,7.0,True,x_plus_y_plus,ALL 13 -11 7,pc_scheduled_elapsed_ms,command_echo_no_encoder
2026-06-06_run02_reverse_grid_3x3_pm40_on_r03,9900,40.0,40.0,-263.27731514697575,13.0,-11.0,7.0,13.0,-11.0,7.0,True,x_plus_y_plus,ALL 13 -11 7,pc_scheduled_elapsed_ms,command_echo_no_encoder
2026-06-06_run02_reverse_grid_3x3_pm40_on_r03,10000,0.0,40.0,-263.27731514697575,11.0,-4.0,-3.0,11.0,-4.0,-3.0,True,x_center_y_plus,ALL 11 -4 -3,pc_scheduled_elapsed_ms,command_echo_no_encoder
2026-06-06_run02_reverse_grid_3x3_pm40_on_r03,10100,0.0,40.0,-263.27731514697575,11.0,-4.0,-3.0,11.0,-4.0,-3.0,True,x_center_y_plus,ALL 11 -4 -3,pc_scheduled_elapsed_ms,command_echo_no_encoder
2026-06-06_run02_reverse_grid_3x3_pm40_on_r03,10200,0.0,40.0,-263.27731514697575,11.0,-4.0,-3.0,11.0,-4.0,-3.0,True,x_center_y_plus,ALL 11 -4 -3,pc_scheduled_elapsed_ms,command_echo_no_encoder
2026-06-06_run02_reverse_grid_3x3_pm40_on_r03,10300,0.0,40.0,-263.27731514697575,11.0,-4.0,-3.0,11.0,-4.0,-3.0,True,x_center_y_plus,ALL 11 -4 -3,pc_scheduled_elapsed_ms,command_echo_no_encoder
2026-06-06_run02_reverse_grid_3x3_pm40_on_r03,10400,0.0,40.0,-263.27731514697575,11.0,-4.0,-3.0,11.0,-4.0,-3.0,True,x_center_y_plus,ALL 11 -4 -3,pc_scheduled_elapsed_ms,command_echo_no_encoder
2026-06-06_run02_reverse_grid_3x3_pm40_on_r03,10500,0.0,40.0,-263.27731514697575,11.0,-4.0,-3.0,11.0,-4.0,-3.0,True,x_center_y_plus,ALL 11 -4 -3,pc_scheduled_elapsed_ms,command_echo_no_encoder
2026-06-06_run02_reverse_grid_3x3_pm40_on_r03,10600,0.0,40.0,-263.27731514697575,11.0,-4.0,-3.0,11.0,-4.0,-3.0,True,x_center_y_plus,ALL 11 -4 -3,pc_scheduled_elapsed_ms,command_echo_no_encoder
2026-06-06_run02_reverse_grid_3x3_pm40_on_r03,10700,0.0,40.0,-263.27731514697575,11.0,-4.0,-3.0,11.0,-4.0,-3.0,True,x_center_y_plus,ALL 11 -4 -3,pc_scheduled_elapsed_ms,command_echo_no_encoder
2026-06-06_run02_reverse_grid_3x3_pm40_on_r03,10800,0.0,40.0,-263.27731514697575,11.0,-4.0,-3.0,11.0,-4.0,-3.0,True,x_center_y_plus,ALL 11 -4 -3,pc_scheduled_elapsed_ms,command_echo_no_encoder
2026-06-06_run02_reverse_grid_3x3_pm40_on_r03,10900,0.0,40.0,-263.27731514697575,11.0,-4.0,-3.0,11.0,-4.0,-3.0,True,x_center_y_plus,ALL 11 -4 -3,pc_scheduled_elapsed_ms,command_echo_no_encoder
2026-06-06_run02_reverse_grid_3x3_pm40_on_r03,11000,0.0,40.0,-263.27731514697575,11.0,-4.0,-3.0,11.0,-4.0,-3.0,True,x_center_y_plus,ALL 11 -4 -3,pc_scheduled_elapsed_ms,command_echo_no_encoder
2026-06-06_run02_reverse_grid_3x3_pm40_on_r03,11100,0.0,40.0,-263.27731514697575,11.0,-4.0,-3.0,11.0,-4.0,-3.0,True,x_center_y_plus,ALL 11 -4 -3,pc_scheduled_elapsed_ms,command_echo_no_encoder
2026-06-06_run02_reverse_grid_3x3_pm40_on_r03,11200,0.0,40.0,-263.27731514697575,11.0,-4.0,-3.0,11.0,-4.0,-3.0,True,x_center_y_plus,ALL 11 -4 -3,pc_scheduled_elapsed_ms,command_echo_no_encoder
2026-06-06_run02_reverse_grid_3x3_pm40_on_r03,11300,0.0,40.0,-263.27731514697575,11.0,-4.0,-3.0,11.0,-4.0,-3.0,True,x_center_y_plus,ALL 11 -4 -3,pc_scheduled_elapsed_ms,command_echo_no_encoder
2026-06-06_run02_reverse_grid_3x3_pm40_on_r03,11400,0.0,40.0,-263.27731514697575,11.0,-4.0,-3.0,11.0,-4.0,-3.0,True,x_center_y_plus,ALL 11 -4 -3,pc_scheduled_elapsed_ms,command_echo_no_encoder
2026-06-06_run02_reverse_grid_3x3_pm40_on_r03,11500,0.0,40.0,-263.27731514697575,11.0,-4.0,-3.0,11.0,-4.0,-3.0,True,x_center_y_plus,ALL 11 -4 -3,pc_scheduled_elapsed_ms,command_echo_no_encoder
2026-06-06_run02_reverse_grid_3x3_pm40_on_r03,11600,0.0,40.0,-263.27731514697575,11.0,-4.0,-3.0,11.0,-4.0,-3.0,True,x_center_y_plus,ALL 11 -4 -3,pc_scheduled_elapsed_ms,command_echo_no_encoder
2026-06-06_run02_reverse_grid_3x3_pm40_on_r03,11700,0.0,40.0,-263.27731514697575,11.0,-4.0,-3.0,11.0,-4.0,-3.0,True,x_center_y_plus,ALL 11 -4 -3,pc_scheduled_elapsed_ms,command_echo_no_encoder
2026-06-06_run02_reverse_grid_3x3_pm40_on_r03,11800,0.0,40.0,-263.27731514697575,11.0,-4.0,-3.0,11.0,-4.0,-3.0,True,x_center_y_plus,ALL 11 -4 -3,pc_scheduled_elapsed_ms,command_echo_no_encoder
2026-06-06_run02_reverse_grid_3x3_pm40_on_r03,11900,0.0,40.0,-263.27731514697575,11.0,-4.0,-3.0,11.0,-4.0,-3.0,True,x_center_y_plus,ALL 11 -4 -3,pc_scheduled_elapsed_ms,command_echo_no_encoder
2026-06-06_run02_reverse_grid_3x3_pm40_on_r03,12000,0.0,40.0,-263.27731514697575,11.0,-4.0,-3.0,11.0,-4.0,-3.0,True,x_center_y_plus,ALL 11 -4 -3,pc_scheduled_elapsed_ms,command_echo_no_encoder
2026-06-06_run02_reverse_grid_3x3_pm40_on_r03,12100,0.0,40.0,-263.27731514697575,11.0,-4.0,-3.0,11.0,-4.0,-3.0,True,x_center_y_plus,ALL 11 -4 -3,pc_scheduled_elapsed_ms,command_echo_no_encoder
2026-06-06_run02_reverse_grid_3x3_pm40_on_r03,12200,0.0,40.0,-263.27731514697575,11.0,-4.0,-3.0,11.0,-4.0,-3.0,True,x_center_y_plus,ALL 11 -4 -3,pc_scheduled_elapsed_ms,command_echo_no_encoder
2026-06-06_run02_reverse_grid_3x3_pm40_on_r03,12300,0.0,40.0,-263.27731514697575,11.0,-4.0,-3.0,11.0,-4.0,-3.0,True,x_center_y_plus,ALL 11 -4 -3,pc_scheduled_elapsed_ms,command_echo_no_encoder
2026-06-06_run02_reverse_grid_3x3_pm40_on_r03,12400,0.0,40.0,-263.27731514697575,11.0,-4.0,-3.0,11.0,-4.0,-3.0,True,x_center_y_plus,ALL 11 -4 -3,pc_scheduled_elapsed_ms,command_echo_no_encoder
2026-06-06_run02_reverse_grid_3x3_pm40_on_r03,12500,0.0,40.0,-263.27731514697575,11.0,-4.0,-3.0,11.0,-4.0,-3.0,True,x_center_y_plus,ALL 11 -4 -3,pc_scheduled_elapsed_ms,command_echo_no_encoder
2026-06-06_run02_reverse_grid_3x3_pm40_on_r03,12600,0.0,40.0,-263.27731514697575,11.0,-4.0,-3.0,11.0,-4.0,-3.0,True,x_center_y_plus,ALL 11 -4 -3,pc_scheduled_elapsed_ms,command_echo_no_encoder
2026-06-06_run02_reverse_grid_3x3_pm40_on_r03,12700,0.0,40.0,-263.27731514697575,11.0,-4.0,-3.0,11.0,-4.0,-3.0,True,x_center_y_plus,ALL 11 -4 -3,pc_scheduled_elapsed_ms,command_echo_no_encoder
2026-06-06_run02_reverse_grid_3x3_pm40_on_r03,12800,0.0,40.0,-263.27731514697575,11.0,-4.0,-3.0,11.0,-4.0,-3.0,True,x_center_y_plus,ALL 11 -4 -3,pc_scheduled_elapsed_ms,command_echo_no_encoder
2026-06-06_run02_reverse_grid_3x3_pm40_on_r03,12900,0.0,40.0,-263.27731514697575,11.0,-4.0,-3.0,11.0,-4.0,-3.0,True,x_center_y_plus,ALL 11 -4 -3,pc_scheduled_elapsed_ms,command_echo_no_encoder
2026-06-06_run02_reverse_grid_3x3_pm40_on_r03,13000,0.0,40.0,-263.27731514697575,11.0,-4.0,-3.0,11.0,-4.0,-3.0,True,x_center_y_plus,ALL 11 -4 -3,pc_scheduled_elapsed_ms,command_echo_no_encoder
2026-06-06_run02_reverse_grid_3x3_pm40_on_r03,13100,0.0,40.0,-263.27731514697575,11.0,-4.0,-3.0,11.0,-4.0,-3.0,True,x_center_y_plus,ALL 11 -4 -3,pc_scheduled_elapsed_ms,command_echo_no_encoder
2026-06-06_run02_reverse_grid_3x3_pm40_on_r03,13200,0.0,40.0,-263.27731514697575,11.0,-4.0,-3.0,11.0,-4.0,-3.0,True,x_center_y_plus,ALL 11 -4 -3,pc_scheduled_elapsed_ms,command_echo_no_encoder
2026-06-06_run02_reverse_grid_3x3_pm40_on_r03,13300,0.0,40.0,-263.27731514697575,11.0,-4.0,-3.0,11.0,-4.0,-3.0,True,x_center_y_plus,ALL 11 -4 -3,pc_scheduled_elapsed_ms,command_echo_no_encoder
2026-06-06_run02_reverse_grid_3x3_pm40_on_r03,13400,0.0,40.0,-263.27731514697575,11.0,-4.0,-3.0,11.0,-4.0,-3.0,True,x_center_y_plus,ALL 11 -4 -3,pc_scheduled_elapsed_ms,command_echo_no_encoder
2026-06-06_run02_reverse_grid_3x3_pm40_on_r03,13500,0.0,40.0,-263.27731514697575,11.0,-4.0,-3.0,11.0,-4.0,-3.0,True,x_center_y_plus,ALL 11 -4 -3,pc_scheduled_elapsed_ms,command_echo_no_encoder
2026-06-06_run02_reverse_grid_3x3_pm40_on_r03,13600,0.0,40.0,-263.27731514697575,11.0,-4.0,-3.0,11.0,-4.0,-3.0,True,x_center_y_plus,ALL 11 -4 -3,pc_scheduled_elapsed_ms,command_echo_no_encoder
2026-06-06_run02_reverse_grid_3x3_pm40_on_r03,13700,0.0,40.0,-263.27731514697575,11.0,-4.0,-3.0,11.0,-4.0,-3.0,True,x_center_y_plus,ALL 11 -4 -3,pc_scheduled_elapsed_ms,command_echo_no_encoder
2026-06-06_run02_reverse_grid_3x3_pm40_on_r03,13800,0.0,40.0,-263.27731514697575,11.0,-4.0,-3.0,11.0,-4.0,-3.0,True,x_center_y_plus,ALL 11 -4 -3,pc_scheduled_elapsed_ms,command_echo_no_encoder
2026-06-06_run02_reverse_grid_3x3_pm40_on_r03,13900,0.0,40.0,-263.27731514697575,11.0,-4.0,-3.0,11.0,-4.0,-3.0,True,x_center_y_plus,ALL 11 -4 -3,pc_scheduled_elapsed_ms,command_echo_no_encoder
2026-06-06_run02_reverse_grid_3x3_pm40_on_r03,14000,0.0,40.0,-263.27731514697575,11.0,-4.0,-3.0,11.0,-4.0,-3.0,True,x_center_y_plus,ALL 11 -4 -3,pc_scheduled_elapsed_ms,command_echo_no_encoder
2026-06-06_run02_reverse_grid_3x3_pm40_on_r03,14100,0.0,40.0,-263.27731514697575,11.0,-4.0,-3.0,11.0,-4.0,-3.0,True,x_center_y_plus,ALL 11 -4 -3,pc_scheduled_elapsed_ms,command_echo_no_encoder
2026-06-06_run02_reverse_grid_3x3_pm40_on_r03,14200,0.0,40.0,-263.27731514697575,11.0,-4.0,-3.0,11.0,-4.0,-3.0,True,x_center_y_plus,ALL 11 -4 -3,pc_scheduled_elapsed_ms,command_echo_no_encoder
2026-06-06_run02_reverse_grid_3x3_pm40_on_r03,14300,0.0,40.0,-263.27731514697575,11.0,-4.0,-3.0,11.0,-4.0,-3.0,True,x_center_y_plus,ALL 11 -4 -3,pc_scheduled_elapsed_ms,command_echo_no_encoder
2026-06-06_run02_reverse_grid_3x3_pm40_on_r03,14400,0.0,40.0,-263.27731514697575,11.0,-4.0,-3.0,11.0,-4.0,-3.0,True,x_center_y_plus,ALL 11 -4 -3,pc_scheduled_elapsed_ms,command_echo_no_encoder
2026-06-06_run02_reverse_grid_3x3_pm40_on_r03,14500,0.0,40.0,-263.27731514697575,11.0,-4.0,-3.0,11.0,-4.0,-3.0,True,x_center_y_plus,ALL 11 -4 -3,pc_scheduled_elapsed_ms,command_echo_no_encoder
2026-06-06_run02_reverse_grid_3x3_pm40_on_r03,14600,0.0,40.0,-263.27731514697575,11.0,-4.0,-3.0,11.0,-4.0,-3.0,True,x_center_y_plus,ALL 11 -4 -3,pc_scheduled_elapsed_ms,command_echo_no_encoder
2026-06-06_run02_reverse_grid_3x3_pm40_on_r03,14700,0.0,40.0,-263.27731514697575,11.0,-4.0,-3.0,11.0,-4.0,-3.0,True,x_center_y_plus,ALL 11 -4 -3,pc_scheduled_elapsed_ms,command_echo_no_encoder
2026-06-06_run02_reverse_grid_3x3_pm40_on_r03,14800,0.0,40.0,-263.27731514697575,11.0,-4.0,-3.0,11.0,-4.0,-3.0,True,x_center_y_plus,ALL 11 -4 -3,pc_scheduled_elapsed_ms,command_echo_no_encoder
2026-06-06_run02_reverse_grid_3x3_pm40_on_r03,14900,0.0,40.0,-263.27731514697575,11.0,-4.0,-3.0,11.0,-4.0,-3.0,True,x_center_y_plus,ALL 11 -4 -3,pc_scheduled_elapsed_ms,command_echo_no_encoder
2026-06-06_run02_reverse_grid_3x3_pm40_on_r03,15000,-40.0,40.0,-263.27731514697575,12.0,6.0,-11.0,12.0,6.0,-11.0,True,x_minus_y_plus,ALL 12 6 -11,pc_scheduled_elapsed_ms,command_echo_no_encoder
2026-06-06_run02_reverse_grid_3x3_pm40_on_r03,15100,-40.0,40.0,-263.27731514697575,12.0,6.0,-11.0,12.0,6.0,-11.0,True,x_minus_y_plus,ALL 12 6 -11,pc_scheduled_elapsed_ms,command_echo_no_encoder
2026-06-06_run02_reverse_grid_3x3_pm40_on_r03,15200,-40.0,40.0,-263.27731514697575,12.0,6.0,-11.0,12.0,6.0,-11.0,True,x_minus_y_plus,ALL 12 6 -11,pc_scheduled_elapsed_ms,command_echo_no_encoder
2026-06-06_run02_reverse_grid_3x3_pm40_on_r03,15300,-40.0,40.0,-263.27731514697575,12.0,6.0,-11.0,12.0,6.0,-11.0,True,x_minus_y_plus,ALL 12 6 -11,pc_scheduled_elapsed_ms,command_echo_no_encoder
2026-06-06_run02_reverse_grid_3x3_pm40_on_r03,15400,-40.0,40.0,-263.27731514697575,12.0,6.0,-11.0,12.0,6.0,-11.0,True,x_minus_y_plus,ALL 12 6 -11,pc_scheduled_elapsed_ms,command_echo_no_encoder
2026-06-06_run02_reverse_grid_3x3_pm40_on_r03,15500,-40.0,40.0,-263.27731514697575,12.0,6.0,-11.0,12.0,6.0,-11.0,True,x_minus_y_plus,ALL 12 6 -11,pc_scheduled_elapsed_ms,command_echo_no_encoder
2026-06-06_run02_reverse_grid_3x3_pm40_on_r03,15600,-40.0,40.0,-263.27731514697575,12.0,6.0,-11.0,12.0,6.0,-11.0,True,x_minus_y_plus,ALL 12 6 -11,pc_scheduled_elapsed_ms,command_echo_no_encoder
2026-06-06_run02_reverse_grid_3x3_pm40_on_r03,15700,-40.0,40.0,-263.27731514697575,12.0,6.0,-11.0,12.0,6.0,-11.0,True,x_minus_y_plus,ALL 12 6 -11,pc_scheduled_elapsed_ms,command_echo_no_encoder
2026-06-06_run02_reverse_grid_3x3_pm40_on_r03,15800,-40.0,40.0,-263.27731514697575,12.0,6.0,-11.0,12.0,6.0,-11.0,True,x_minus_y_plus,ALL 12 6 -11,pc_scheduled_elapsed_ms,command_echo_no_encoder
2026-06-06_run02_reverse_grid_3x3_pm40_on_r03,15900,-40.0,40.0,-263.27731514697575,12.0,6.0,-11.0,12.0,6.0,-11.0,True,x_minus_y_plus,ALL 12 6 -11,pc_scheduled_elapsed_ms,command_echo_no_encoder
2026-06-06_run02_reverse_grid_3x3_pm40_on_r03,16000,-40.0,40.0,-263.27731514697575,12.0,6.0,-11.0,12.0,6.0,-11.0,True,x_minus_y_plus,ALL 12 6 -11,pc_scheduled_elapsed_ms,command_echo_no_encoder
2026-06-06_run02_reverse_grid_3x3_pm40_on_r03,16100,-40.0,40.0,-263.27731514697575,12.0,6.0,-11.0,12.0,6.0,-11.0,True,x_minus_y_plus,ALL 12 6 -11,pc_scheduled_elapsed_ms,command_echo_no_encoder
2026-06-06_run02_reverse_grid_3x3_pm40_on_r03,16200,-40.0,40.0,-263.27731514697575,12.0,6.0,-11.0,12.0,6.0,-11.0,True,x_minus_y_plus,ALL 12 6 -11,pc_scheduled_elapsed_ms,command_echo_no_encoder
2026-06-06_run02_reverse_grid_3x3_pm40_on_r03,16300,-40.0,40.0,-263.27731514697575,12.0,6.0,-11.0,12.0,6.0,-11.0,True,x_minus_y_plus,ALL 12 6 -11,pc_scheduled_elapsed_ms,command_echo_no_encoder
2026-06-06_run02_reverse_grid_3x3_pm40_on_r03,16400,-40.0,40.0,-263.27731514697575,12.0,6.0,-11.0,12.0,6.0,-11.0,True,x_minus_y_plus,ALL 12 6 -11,pc_scheduled_elapsed_ms,command_echo_no_encoder
2026-06-06_run02_reverse_grid_3x3_pm40_on_r03,16500,-40.0,40.0,-263.27731514697575,12.0,6.0,-11.0,12.0,6.0,-11.0,True,x_minus_y_plus,ALL 12 6 -11,pc_scheduled_elapsed_ms,command_echo_no_encoder
2026-06-06_run02_reverse_grid_3x3_pm40_on_r03,16600,-40.0,40.0,-263.27731514697575,12.0,6.0,-11.0,12.0,6.0,-11.0,True,x_minus_y_plus,ALL 12 6 -11,pc_scheduled_elapsed_ms,command_echo_no_encoder
2026-06-06_run02_reverse_grid_3x3_pm40_on_r03,16700,-40.0,40.0,-263.27731514697575,12.0,6.0,-11.0,12.0,6.0,-11.0,True,x_minus_y_plus,ALL 12 6 -11,pc_scheduled_elapsed_ms,command_echo_no_encoder
2026-06-06_run02_reverse_grid_3x3_pm40_on_r03,16800,-40.0,40.0,-263.27731514697575,12.0,6.0,-11.0,12.0,6.0,-11.0,True,x_minus_y_plus,ALL 12 6 -11,pc_scheduled_elapsed_ms,command_echo_no_encoder
2026-06-06_run02_reverse_grid_3x3_pm40_on_r03,16900,-40.0,40.0,-263.27731514697575,12.0,6.0,-11.0,12.0,6.0,-11.0,True,x_minus_y_plus,ALL 12 6 -11,pc_scheduled_elapsed_ms,command_echo_no_encoder
2026-06-06_run02_reverse_grid_3x3_pm40_on_r03,17000,-40.0,40.0,-263.27731514697575,12.0,6.0,-11.0,12.0,6.0,-11.0,True,x_minus_y_plus,ALL 12 6 -11,pc_scheduled_elapsed_ms,command_echo_no_encoder
2026-06-06_run02_reverse_grid_3x3_pm40_on_r03,17100,-40.0,40.0,-263.27731514697575,12.0,6.0,-11.0,12.0,6.0,-11.0,True,x_minus_y_plus,ALL 12 6 -11,pc_scheduled_elapsed_ms,command_echo_no_encoder
2026-06-06_run02_reverse_grid_3x3_pm40_on_r03,17200,-40.0,40.0,-263.27731514697575,12.0,6.0,-11.0,12.0,6.0,-11.0,True,x_minus_y_plus,ALL 12 6 -11,pc_scheduled_elapsed_ms,command_echo_no_encoder
2026-06-06_run02_reverse_grid_3x3_pm40_on_r03,17300,-40.0,40.0,-263.27731514697575,12.0,6.0,-11.0,12.0,6.0,-11.0,True,x_minus_y_plus,ALL 12 6 -11,pc_scheduled_elapsed_ms,command_echo_no_encoder
2026-06-06_run02_reverse_grid_3x3_pm40_on_r03,17400,-40.0,40.0,-263.27731514697575,12.0,6.0,-11.0,12.0,6.0,-11.0,True,x_minus_y_plus,ALL 12 6 -11,pc_scheduled_elapsed_ms,command_echo_no_encoder
2026-06-06_run02_reverse_grid_3x3_pm40_on_r03,17500,-40.0,40.0,-263.27731514697575,12.0,6.0,-11.0,12.0,6.0,-11.0,True,x_minus_y_plus,ALL 12 6 -11,pc_scheduled_elapsed_ms,command_echo_no_encoder
2026-06-06_run02_reverse_grid_3x3_pm40_on_r03,17600,-40.0,40.0,-263.27731514697575,12.0,6.0,-11.0,12.0,6.0,-11.0,True,x_minus_y_plus,ALL 12 6 -11,pc_scheduled_elapsed_ms,command_echo_no_encoder
2026-06-06_run02_reverse_grid_3x3_pm40_on_r03,17700,-40.0,40.0,-263.27731514697575,12.0,6.0,-11.0,12.0,6.0,-11.0,True,x_minus_y_plus,ALL 12 6 -11,pc_scheduled_elapsed_ms,command_echo_no_encoder
2026-06-06_run02_reverse_grid_3x3_pm40_on_r03,17800,-40.0,40.0,-263.27731514697575,12.0,6.0,-11.0,12.0,6.0,-11.0,True,x_minus_y_plus,ALL 12 6 -11,pc_scheduled_elapsed_ms,command_echo_no_encoder
2026-06-06_run02_reverse_grid_3x3_pm40_on_r03,17900,-40.0,40.0,-263.27731514697575,12.0,6.0,-11.0,12.0,6.0,-11.0,True,x_minus_y_plus,ALL 12 6 -11,pc_scheduled_elapsed_ms,command_echo_no_encoder
2026-06-06_run02_reverse_grid_3x3_pm40_on_r03,18000,-40.0,40.0,-263.27731514697575,12.0,6.0,-11.0,12.0,6.0,-11.0,True,x_minus_y_plus,ALL 12 6 -11,pc_scheduled_elapsed_ms,command_echo_no_encoder
2026-06-06_run02_reverse_grid_3x3_pm40_on_r03,18100,-40.0,40.0,-263.27731514697575,12.0,6.0,-11.0,12.0,6.0,-11.0,True,x_minus_y_plus,ALL 12 6 -11,pc_scheduled_elapsed_ms,command_echo_no_encoder
2026-06-06_run02_reverse_grid_3x3_pm40_on_r03,18200,-40.0,40.0,-263.27731514697575,12.0,6.0,-11.0,12.0,6.0,-11.0,True,x_minus_y_plus,ALL 12 6 -11,pc_scheduled_elapsed_ms,command_echo_no_encoder
2026-06-06_run02_reverse_grid_3x3_pm40_on_r03,18300,-40.0,40.0,-263.27731514697575,12.0,6.0,-11.0,12.0,6.0,-11.0,True,x_minus_y_plus,ALL 12 6 -11,pc_scheduled_elapsed_ms,command_echo_no_encoder
2026-06-06_run02_reverse_grid_3x3_pm40_on_r03,18400,-40.0,40.0,-263.27731514697575,12.0,6.0,-11.0,12.0,6.0,-11.0,True,x_minus_y_plus,ALL 12 6 -11,pc_scheduled_elapsed_ms,command_echo_no_encoder
2026-06-06_run02_reverse_grid_3x3_pm40_on_r03,18500,-40.0,40.0,-263.27731514697575,12.0,6.0,-11.0,12.0,6.0,-11.0,True,x_minus_y_plus,ALL 12 6 -11,pc_scheduled_elapsed_ms,command_echo_no_encoder
2026-06-06_run02_reverse_grid_3x3_pm40_on_r03,18600,-40.0,40.0,-263.27731514697575,12.0,6.0,-11.0,12.0,6.0,-11.0,True,x_minus_y_plus,ALL 12 6 -11,pc_scheduled_elapsed_ms,command_echo_no_encoder
2026-06-06_run02_reverse_grid_3x3_pm40_on_r03,18700,-40.0,40.0,-263.27731514697575,12.0,6.0,-11.0,12.0,6.0,-11.0,True,x_minus_y_plus,ALL 12 6 -11,pc_scheduled_elapsed_ms,command_echo_no_encoder
2026-06-06_run02_reverse_grid_3x3_pm40_on_r03,18800,-40.0,40.0,-263.27731514697575,12.0,6.0,-11.0,12.0,6.0,-11.0,True,x_minus_y_plus,ALL 12 6 -11,pc_scheduled_elapsed_ms,command_echo_no_encoder
2026-06-06_run02_reverse_grid_3x3_pm40_on_r03,18900,-40.0,40.0,-263.27731514697575,12.0,6.0,-11.0,12.0,6.0,-11.0,True,x_minus_y_plus,ALL 12 6 -11,pc_scheduled_elapsed_ms,command_echo_no_encoder
2026-06-06_run02_reverse_grid_3x3_pm40_on_r03,19000,-40.0,40.0,-263.27731514697575,12.0,6.0,-11.0,12.0,6.0,-11.0,True,x_minus_y_plus,ALL 12 6 -11,pc_scheduled_elapsed_ms,command_echo_no_encoder
2026-06-06_run02_reverse_grid_3x3_pm40_on_r03,19100,-40.0,40.0,-263.27731514697575,12.0,6.0,-11.0,12.0,6.0,-11.0,True,x_minus_y_plus,ALL 12 6 -11,pc_scheduled_elapsed_ms,command_echo_no_encoder
2026-06-06_run02_reverse_grid_3x3_pm40_on_r03,19200,-40.0,40.0,-263.27731514697575,12.0,6.0,-11.0,12.0,6.0,-11.0,True,x_minus_y_plus,ALL 12 6 -11,pc_scheduled_elapsed_ms,command_echo_no_encoder
2026-06-06_run02_reverse_grid_3x3_pm40_on_r03,19300,-40.0,40.0,-263.27731514697575,12.0,6.0,-11.0,12.0,6.0,-11.0,True,x_minus_y_plus,ALL 12 6 -11,pc_scheduled_elapsed_ms,command_echo_no_encoder
2026-06-06_run02_reverse_grid_3x3_pm40_on_r03,19400,-40.0,40.0,-263.27731514697575,12.0,6.0,-11.0,12.0,6.0,-11.0,True,x_minus_y_plus,ALL 12 6 -11,pc_scheduled_elapsed_ms,command_echo_no_encoder
2026-06-06_run02_reverse_grid_3x3_pm40_on_r03,19500,-40.0,40.0,-263.27731514697575,12.0,6.0,-11.0,12.0,6.0,-11.0,True,x_minus_y_plus,ALL 12 6 -11,pc_scheduled_elapsed_ms,command_echo_no_encoder
2026-06-06_run02_reverse_grid_3x3_pm40_on_r03,19600,-40.0,40.0,-263.27731514697575,12.0,6.0,-11.0,12.0,6.0,-11.0,True,x_minus_y_plus,ALL 12 6 -11,pc_scheduled_elapsed_ms,command_echo_no_encoder
2026-06-06_run02_reverse_grid_3x3_pm40_on_r03,19700,-40.0,40.0,-263.27731514697575,12.0,6.0,-11.0,12.0,6.0,-11.0,True,x_minus_y_plus,ALL 12 6 -11,pc_scheduled_elapsed_ms,command_echo_no_encoder
2026-06-06_run02_reverse_grid_3x3_pm40_on_r03,19800,-40.0,40.0,-263.27731514697575,12.0,6.0,-11.0,12.0,6.0,-11.0,True,x_minus_y_plus,ALL 12 6 -11,pc_scheduled_elapsed_ms,command_echo_no_encoder
2026-06-06_run02_reverse_grid_3x3_pm40_on_r03,19900,-40.0,40.0,-263.27731514697575,12.0,6.0,-11.0,12.0,6.0,-11.0,True,x_minus_y_plus,ALL 12 6 -11,pc_scheduled_elapsed_ms,command_echo_no_encoder
2026-06-06_run02_reverse_grid_3x3_pm40_on_r03,20000,40.0,0.0,-263.27731514697575,2.0,-7.0,10.0,2.0,-7.0,10.0,True,x_plus_y_center,ALL 2 -7 10,pc_scheduled_elapsed_ms,command_echo_no_encoder
2026-06-06_run02_reverse_grid_3x3_pm40_on_r03,20100,40.0,0.0,-263.27731514697575,2.0,-7.0,10.0,2.0,-7.0,10.0,True,x_plus_y_center,ALL 2 -7 10,pc_scheduled_elapsed_ms,command_echo_no_encoder
2026-06-06_run02_reverse_grid_3x3_pm40_on_r03,20200,40.0,0.0,-263.27731514697575,2.0,-7.0,10.0,2.0,-7.0,10.0,True,x_plus_y_center,ALL 2 -7 10,pc_scheduled_elapsed_ms,command_echo_no_encoder
2026-06-06_run02_reverse_grid_3x3_pm40_on_r03,20300,40.0,0.0,-263.27731514697575,2.0,-7.0,10.0,2.0,-7.0,10.0,True,x_plus_y_center,ALL 2 -7 10,pc_scheduled_elapsed_ms,command_echo_no_encoder
2026-06-06_run02_reverse_grid_3x3_pm40_on_r03,20400,40.0,0.0,-263.27731514697575,2.0,-7.0,10.0,2.0,-7.0,10.0,True,x_plus_y_center,ALL 2 -7 10,pc_scheduled_elapsed_ms,command_echo_no_encoder
2026-06-06_run02_reverse_grid_3x3_pm40_on_r03,20500,40.0,0.0,-263.27731514697575,2.0,-7.0,10.0,2.0,-7.0,10.0,True,x_plus_y_center,ALL 2 -7 10,pc_scheduled_elapsed_ms,command_echo_no_encoder
2026-06-06_run02_reverse_grid_3x3_pm40_on_r03,20600,40.0,0.0,-263.27731514697575,2.0,-7.0,10.0,2.0,-7.0,10.0,True,x_plus_y_center,ALL 2 -7 10,pc_scheduled_elapsed_ms,command_echo_no_encoder
2026-06-06_run02_reverse_grid_3x3_pm40_on_r03,20700,40.0,0.0,-263.27731514697575,2.0,-7.0,10.0,2.0,-7.0,10.0,True,x_plus_y_center,ALL 2 -7 10,pc_scheduled_elapsed_ms,command_echo_no_encoder
2026-06-06_run02_reverse_grid_3x3_pm40_on_r03,20800,40.0,0.0,-263.27731514697575,2.0,-7.0,10.0,2.0,-7.0,10.0,True,x_plus_y_center,ALL 2 -7 10,pc_scheduled_elapsed_ms,command_echo_no_encoder
2026-06-06_run02_reverse_grid_3x3_pm40_on_r03,20900,40.0,0.0,-263.27731514697575,2.0,-7.0,10.0,2.0,-7.0,10.0,True,x_plus_y_center,ALL 2 -7 10,pc_scheduled_elapsed_ms,command_echo_no_encoder
2026-06-06_run02_reverse_grid_3x3_pm40_on_r03,21000,40.0,0.0,-263.27731514697575,2.0,-7.0,10.0,2.0,-7.0,10.0,True,x_plus_y_center,ALL 2 -7 10,pc_scheduled_elapsed_ms,command_echo_no_encoder
2026-06-06_run02_reverse_grid_3x3_pm40_on_r03,21100,40.0,0.0,-263.27731514697575,2.0,-7.0,10.0,2.0,-7.0,10.0,True,x_plus_y_center,ALL 2 -7 10,pc_scheduled_elapsed_ms,command_echo_no_encoder
2026-06-06_run02_reverse_grid_3x3_pm40_on_r03,21200,40.0,0.0,-263.27731514697575,2.0,-7.0,10.0,2.0,-7.0,10.0,True,x_plus_y_center,ALL 2 -7 10,pc_scheduled_elapsed_ms,command_echo_no_encoder
2026-06-06_run02_reverse_grid_3x3_pm40_on_r03,21300,40.0,0.0,-263.27731514697575,2.0,-7.0,10.0,2.0,-7.0,10.0,True,x_plus_y_center,ALL 2 -7 10,pc_scheduled_elapsed_ms,command_echo_no_encoder
2026-06-06_run02_reverse_grid_3x3_pm40_on_r03,21400,40.0,0.0,-263.27731514697575,2.0,-7.0,10.0,2.0,-7.0,10.0,True,x_plus_y_center,ALL 2 -7 10,pc_scheduled_elapsed_ms,command_echo_no_encoder
2026-06-06_run02_reverse_grid_3x3_pm40_on_r03,21500,40.0,0.0,-263.27731514697575,2.0,-7.0,10.0,2.0,-7.0,10.0,True,x_plus_y_center,ALL 2 -7 10,pc_scheduled_elapsed_ms,command_echo_no_encoder
2026-06-06_run02_reverse_grid_3x3_pm40_on_r03,21600,40.0,0.0,-263.27731514697575,2.0,-7.0,10.0,2.0,-7.0,10.0,True,x_plus_y_center,ALL 2 -7 10,pc_scheduled_elapsed_ms,command_echo_no_encoder
2026-06-06_run02_reverse_grid_3x3_pm40_on_r03,21700,40.0,0.0,-263.27731514697575,2.0,-7.0,10.0,2.0,-7.0,10.0,True,x_plus_y_center,ALL 2 -7 10,pc_scheduled_elapsed_ms,command_echo_no_encoder
2026-06-06_run02_reverse_grid_3x3_pm40_on_r03,21800,40.0,0.0,-263.27731514697575,2.0,-7.0,10.0,2.0,-7.0,10.0,True,x_plus_y_center,ALL 2 -7 10,pc_scheduled_elapsed_ms,command_echo_no_encoder
2026-06-06_run02_reverse_grid_3x3_pm40_on_r03,21900,40.0,0.0,-263.27731514697575,2.0,-7.0,10.0,2.0,-7.0,10.0,True,x_plus_y_center,ALL 2 -7 10,pc_scheduled_elapsed_ms,command_echo_no_encoder
2026-06-06_run02_reverse_grid_3x3_pm40_on_r03,22000,40.0,0.0,-263.27731514697575,2.0,-7.0,10.0,2.0,-7.0,10.0,True,x_plus_y_center,ALL 2 -7 10,pc_scheduled_elapsed_ms,command_echo_no_encoder
2026-06-06_run02_reverse_grid_3x3_pm40_on_r03,22100,40.0,0.0,-263.27731514697575,2.0,-7.0,10.0,2.0,-7.0,10.0,True,x_plus_y_center,ALL 2 -7 10,pc_scheduled_elapsed_ms,command_echo_no_encoder
2026-06-06_run02_reverse_grid_3x3_pm40_on_r03,22200,40.0,0.0,-263.27731514697575,2.0,-7.0,10.0,2.0,-7.0,10.0,True,x_plus_y_center,ALL 2 -7 10,pc_scheduled_elapsed_ms,command_echo_no_encoder
2026-06-06_run02_reverse_grid_3x3_pm40_on_r03,22300,40.0,0.0,-263.27731514697575,2.0,-7.0,10.0,2.0,-7.0,10.0,True,x_plus_y_center,ALL 2 -7 10,pc_scheduled_elapsed_ms,command_echo_no_encoder
2026-06-06_run02_reverse_grid_3x3_pm40_on_r03,22400,40.0,0.0,-263.27731514697575,2.0,-7.0,10.0,2.0,-7.0,10.0,True,x_plus_y_center,ALL 2 -7 10,pc_scheduled_elapsed_ms,command_echo_no_encoder
2026-06-06_run02_reverse_grid_3x3_pm40_on_r03,22500,40.0,0.0,-263.27731514697575,2.0,-7.0,10.0,2.0,-7.0,10.0,True,x_plus_y_center,ALL 2 -7 10,pc_scheduled_elapsed_ms,command_echo_no_encoder
2026-06-06_run02_reverse_grid_3x3_pm40_on_r03,22600,40.0,0.0,-263.27731514697575,2.0,-7.0,10.0,2.0,-7.0,10.0,True,x_plus_y_center,ALL 2 -7 10,pc_scheduled_elapsed_ms,command_echo_no_encoder
2026-06-06_run02_reverse_grid_3x3_pm40_on_r03,22700,40.0,0.0,-263.27731514697575,2.0,-7.0,10.0,2.0,-7.0,10.0,True,x_plus_y_center,ALL 2 -7 10,pc_scheduled_elapsed_ms,command_echo_no_encoder
2026-06-06_run02_reverse_grid_3x3_pm40_on_r03,22800,40.0,0.0,-263.27731514697575,2.0,-7.0,10.0,2.0,-7.0,10.0,True,x_plus_y_center,ALL 2 -7 10,pc_scheduled_elapsed_ms,command_echo_no_encoder
2026-06-06_run02_reverse_grid_3x3_pm40_on_r03,22900,40.0,0.0,-263.27731514697575,2.0,-7.0,10.0,2.0,-7.0,10.0,True,x_plus_y_center,ALL 2 -7 10,pc_scheduled_elapsed_ms,command_echo_no_encoder
2026-06-06_run02_reverse_grid_3x3_pm40_on_r03,23000,40.0,0.0,-263.27731514697575,2.0,-7.0,10.0,2.0,-7.0,10.0,True,x_plus_y_center,ALL 2 -7 10,pc_scheduled_elapsed_ms,command_echo_no_encoder
2026-06-06_run02_reverse_grid_3x3_pm40_on_r03,23100,40.0,0.0,-263.27731514697575,2.0,-7.0,10.0,2.0,-7.0,10.0,True,x_plus_y_center,ALL 2 -7 10,pc_scheduled_elapsed_ms,command_echo_no_encoder
2026-06-06_run02_reverse_grid_3x3_pm40_on_r03,23200,40.0,0.0,-263.27731514697575,2.0,-7.0,10.0,2.0,-7.0,10.0,True,x_plus_y_center,ALL 2 -7 10,pc_scheduled_elapsed_ms,command_echo_no_encoder
2026-06-06_run02_reverse_grid_3x3_pm40_on_r03,23300,40.0,0.0,-263.27731514697575,2.0,-7.0,10.0,2.0,-7.0,10.0,True,x_plus_y_center,ALL 2 -7 10,pc_scheduled_elapsed_ms,command_echo_no_encoder
2026-06-06_run02_reverse_grid_3x3_pm40_on_r03,23400,40.0,0.0,-263.27731514697575,2.0,-7.0,10.0,2.0,-7.0,10.0,True,x_plus_y_center,ALL 2 -7 10,pc_scheduled_elapsed_ms,command_echo_no_encoder
2026-06-06_run02_reverse_grid_3x3_pm40_on_r03,23500,40.0,0.0,-263.27731514697575,2.0,-7.0,10.0,2.0,-7.0,10.0,True,x_plus_y_center,ALL 2 -7 10,pc_scheduled_elapsed_ms,command_echo_no_encoder
2026-06-06_run02_reverse_grid_3x3_pm40_on_r03,23600,40.0,0.0,-263.27731514697575,2.0,-7.0,10.0,2.0,-7.0,10.0,True,x_plus_y_center,ALL 2 -7 10,pc_scheduled_elapsed_ms,command_echo_no_encoder
2026-06-06_run02_reverse_grid_3x3_pm40_on_r03,23700,40.0,0.0,-263.27731514697575,2.0,-7.0,10.0,2.0,-7.0,10.0,True,x_plus_y_center,ALL 2 -7 10,pc_scheduled_elapsed_ms,command_echo_no_encoder
2026-06-06_run02_reverse_grid_3x3_pm40_on_r03,23800,40.0,0.0,-263.27731514697575,2.0,-7.0,10.0,2.0,-7.0,10.0,True,x_plus_y_center,ALL 2 -7 10,pc_scheduled_elapsed_ms,command_echo_no_encoder
2026-06-06_run02_reverse_grid_3x3_pm40_on_r03,23900,40.0,0.0,-263.27731514697575,2.0,-7.0,10.0,2.0,-7.0,10.0,True,x_plus_y_center,ALL 2 -7 10,pc_scheduled_elapsed_ms,command_echo_no_encoder
2026-06-06_run02_reverse_grid_3x3_pm40_on_r03,24000,40.0,0.0,-263.27731514697575,2.0,-7.0,10.0,2.0,-7.0,10.0,True,x_plus_y_center,ALL 2 -7 10,pc_scheduled_elapsed_ms,command_echo_no_encoder
2026-06-06_run02_reverse_grid_3x3_pm40_on_r03,24100,40.0,0.0,-263.27731514697575,2.0,-7.0,10.0,2.0,-7.0,10.0,True,x_plus_y_center,ALL 2 -7 10,pc_scheduled_elapsed_ms,command_echo_no_encoder
2026-06-06_run02_reverse_grid_3x3_pm40_on_r03,24200,40.0,0.0,-263.27731514697575,2.0,-7.0,10.0,2.0,-7.0,10.0,True,x_plus_y_center,ALL 2 -7 10,pc_scheduled_elapsed_ms,command_echo_no_encoder
2026-06-06_run02_reverse_grid_3x3_pm40_on_r03,24300,40.0,0.0,-263.27731514697575,2.0,-7.0,10.0,2.0,-7.0,10.0,True,x_plus_y_center,ALL 2 -7 10,pc_scheduled_elapsed_ms,command_echo_no_encoder
2026-06-06_run02_reverse_grid_3x3_pm40_on_r03,24400,40.0,0.0,-263.27731514697575,2.0,-7.0,10.0,2.0,-7.0,10.0,True,x_plus_y_center,ALL 2 -7 10,pc_scheduled_elapsed_ms,command_echo_no_encoder
2026-06-06_run02_reverse_grid_3x3_pm40_on_r03,24500,40.0,0.0,-263.27731514697575,2.0,-7.0,10.0,2.0,-7.0,10.0,True,x_plus_y_center,ALL 2 -7 10,pc_scheduled_elapsed_ms,command_echo_no_encoder
2026-06-06_run02_reverse_grid_3x3_pm40_on_r03,24600,40.0,0.0,-263.27731514697575,2.0,-7.0,10.0,2.0,-7.0,10.0,True,x_plus_y_center,ALL 2 -7 10,pc_scheduled_elapsed_ms,command_echo_no_encoder
2026-06-06_run02_reverse_grid_3x3_pm40_on_r03,24700,40.0,0.0,-263.27731514697575,2.0,-7.0,10.0,2.0,-7.0,10.0,True,x_plus_y_center,ALL 2 -7 10,pc_scheduled_elapsed_ms,command_echo_no_encoder
2026-06-06_run02_reverse_grid_3x3_pm40_on_r03,24800,40.0,0.0,-263.27731514697575,2.0,-7.0,10.0,2.0,-7.0,10.0,True,x_plus_y_center,ALL 2 -7 10,pc_scheduled_elapsed_ms,command_echo_no_encoder
2026-06-06_run02_reverse_grid_3x3_pm40_on_r03,24900,40.0,0.0,-263.27731514697575,2.0,-7.0,10.0,2.0,-7.0,10.0,True,x_plus_y_center,ALL 2 -7 10,pc_scheduled_elapsed_ms,command_echo_no_encoder
2026-06-06_run02_reverse_grid_3x3_pm40_on_r03,25000,0.0,0.0,-263.27731514697575,0.0,0.0,0.0,0.0,0.0,0.0,True,center,ALL 0 0 0,pc_scheduled_elapsed_ms,command_echo_no_encoder
2026-06-06_run02_reverse_grid_3x3_pm40_on_r03,25100,0.0,0.0,-263.27731514697575,0.0,0.0,0.0,0.0,0.0,0.0,True,center,ALL 0 0 0,pc_scheduled_elapsed_ms,command_echo_no_encoder
2026-06-06_run02_reverse_grid_3x3_pm40_on_r03,25200,0.0,0.0,-263.27731514697575,0.0,0.0,0.0,0.0,0.0,0.0,True,center,ALL 0 0 0,pc_scheduled_elapsed_ms,command_echo_no_encoder
2026-06-06_run02_reverse_grid_3x3_pm40_on_r03,25300,0.0,0.0,-263.27731514697575,0.0,0.0,0.0,0.0,0.0,0.0,True,center,ALL 0 0 0,pc_scheduled_elapsed_ms,command_echo_no_encoder
2026-06-06_run02_reverse_grid_3x3_pm40_on_r03,25400,0.0,0.0,-263.27731514697575,0.0,0.0,0.0,0.0,0.0,0.0,True,center,ALL 0 0 0,pc_scheduled_elapsed_ms,command_echo_no_encoder
2026-06-06_run02_reverse_grid_3x3_pm40_on_r03,25500,0.0,0.0,-263.27731514697575,0.0,0.0,0.0,0.0,0.0,0.0,True,center,ALL 0 0 0,pc_scheduled_elapsed_ms,command_echo_no_encoder
2026-06-06_run02_reverse_grid_3x3_pm40_on_r03,25600,0.0,0.0,-263.27731514697575,0.0,0.0,0.0,0.0,0.0,0.0,True,center,ALL 0 0 0,pc_scheduled_elapsed_ms,command_echo_no_encoder
2026-06-06_run02_reverse_grid_3x3_pm40_on_r03,25700,0.0,0.0,-263.27731514697575,0.0,0.0,0.0,0.0,0.0,0.0,True,center,ALL 0 0 0,pc_scheduled_elapsed_ms,command_echo_no_encoder
2026-06-06_run02_reverse_grid_3x3_pm40_on_r03,25800,0.0,0.0,-263.27731514697575,0.0,0.0,0.0,0.0,0.0,0.0,True,center,ALL 0 0 0,pc_scheduled_elapsed_ms,command_echo_no_encoder
2026-06-06_run02_reverse_grid_3x3_pm40_on_r03,25900,0.0,0.0,-263.27731514697575,0.0,0.0,0.0,0.0,0.0,0.0,True,center,ALL 0 0 0,pc_scheduled_elapsed_ms,command_echo_no_encoder
2026-06-06_run02_reverse_grid_3x3_pm40_on_r03,26000,0.0,0.0,-263.27731514697575,0.0,0.0,0.0,0.0,0.0,0.0,True,center,ALL 0 0 0,pc_scheduled_elapsed_ms,command_echo_no_encoder
2026-06-06_run02_reverse_grid_3x3_pm40_on_r03,26100,0.0,0.0,-263.27731514697575,0.0,0.0,0.0,0.0,0.0,0.0,True,center,ALL 0 0 0,pc_scheduled_elapsed_ms,command_echo_no_encoder
2026-06-06_run02_reverse_grid_3x3_pm40_on_r03,26200,0.0,0.0,-263.27731514697575,0.0,0.0,0.0,0.0,0.0,0.0,True,center,ALL 0 0 0,pc_scheduled_elapsed_ms,command_echo_no_encoder
2026-06-06_run02_reverse_grid_3x3_pm40_on_r03,26300,0.0,0.0,-263.27731514697575,0.0,0.0,0.0,0.0,0.0,0.0,True,center,ALL 0 0 0,pc_scheduled_elapsed_ms,command_echo_no_encoder
2026-06-06_run02_reverse_grid_3x3_pm40_on_r03,26400,0.0,0.0,-263.27731514697575,0.0,0.0,0.0,0.0,0.0,0.0,True,center,ALL 0 0 0,pc_scheduled_elapsed_ms,command_echo_no_encoder
2026-06-06_run02_reverse_grid_3x3_pm40_on_r03,26500,0.0,0.0,-263.27731514697575,0.0,0.0,0.0,0.0,0.0,0.0,True,center,ALL 0 0 0,pc_scheduled_elapsed_ms,command_echo_no_encoder
2026-06-06_run02_reverse_grid_3x3_pm40_on_r03,26600,0.0,0.0,-263.27731514697575,0.0,0.0,0.0,0.0,0.0,0.0,True,center,ALL 0 0 0,pc_scheduled_elapsed_ms,command_echo_no_encoder
2026-06-06_run02_reverse_grid_3x3_pm40_on_r03,26700,0.0,0.0,-263.27731514697575,0.0,0.0,0.0,0.0,0.0,0.0,True,center,ALL 0 0 0,pc_scheduled_elapsed_ms,command_echo_no_encoder
2026-06-06_run02_reverse_grid_3x3_pm40_on_r03,26800,0.0,0.0,-263.27731514697575,0.0,0.0,0.0,0.0,0.0,0.0,True,center,ALL 0 0 0,pc_scheduled_elapsed_ms,command_echo_no_encoder
2026-06-06_run02_reverse_grid_3x3_pm40_on_r03,26900,0.0,0.0,-263.27731514697575,0.0,0.0,0.0,0.0,0.0,0.0,True,center,ALL 0 0 0,pc_scheduled_elapsed_ms,command_echo_no_encoder
2026-06-06_run02_reverse_grid_3x3_pm40_on_r03,27000,0.0,0.0,-263.27731514697575,0.0,0.0,0.0,0.0,0.0,0.0,True,center,ALL 0 0 0,pc_scheduled_elapsed_ms,command_echo_no_encoder
2026-06-06_run02_reverse_grid_3x3_pm40_on_r03,27100,0.0,0.0,-263.27731514697575,0.0,0.0,0.0,0.0,0.0,0.0,True,center,ALL 0 0 0,pc_scheduled_elapsed_ms,command_echo_no_encoder
2026-06-06_run02_reverse_grid_3x3_pm40_on_r03,27200,0.0,0.0,-263.27731514697575,0.0,0.0,0.0,0.0,0.0,0.0,True,center,ALL 0 0 0,pc_scheduled_elapsed_ms,command_echo_no_encoder
2026-06-06_run02_reverse_grid_3x3_pm40_on_r03,27300,0.0,0.0,-263.27731514697575,0.0,0.0,0.0,0.0,0.0,0.0,True,center,ALL 0 0 0,pc_scheduled_elapsed_ms,command_echo_no_encoder
2026-06-06_run02_reverse_grid_3x3_pm40_on_r03,27400,0.0,0.0,-263.27731514697575,0.0,0.0,0.0,0.0,0.0,0.0,True,center,ALL 0 0 0,pc_scheduled_elapsed_ms,command_echo_no_encoder
2026-06-06_run02_reverse_grid_3x3_pm40_on_r03,27500,0.0,0.0,-263.27731514697575,0.0,0.0,0.0,0.0,0.0,0.0,True,center,ALL 0 0 0,pc_scheduled_elapsed_ms,command_echo_no_encoder
2026-06-06_run02_reverse_grid_3x3_pm40_on_r03,27600,0.0,0.0,-263.27731514697575,0.0,0.0,0.0,0.0,0.0,0.0,True,center,ALL 0 0 0,pc_scheduled_elapsed_ms,command_echo_no_encoder
2026-06-06_run02_reverse_grid_3x3_pm40_on_r03,27700,0.0,0.0,-263.27731514697575,0.0,0.0,0.0,0.0,0.0,0.0,True,center,ALL 0 0 0,pc_scheduled_elapsed_ms,command_echo_no_encoder
2026-06-06_run02_reverse_grid_3x3_pm40_on_r03,27800,0.0,0.0,-263.27731514697575,0.0,0.0,0.0,0.0,0.0,0.0,True,center,ALL 0 0 0,pc_scheduled_elapsed_ms,command_echo_no_encoder
2026-06-06_run02_reverse_grid_3x3_pm40_on_r03,27900,0.0,0.0,-263.27731514697575,0.0,0.0,0.0,0.0,0.0,0.0,True,center,ALL 0 0 0,pc_scheduled_elapsed_ms,command_echo_no_encoder
2026-06-06_run02_reverse_grid_3x3_pm40_on_r03,28000,0.0,0.0,-263.27731514697575,0.0,0.0,0.0,0.0,0.0,0.0,True,center,ALL 0 0 0,pc_scheduled_elapsed_ms,command_echo_no_encoder
2026-06-06_run02_reverse_grid_3x3_pm40_on_r03,28100,0.0,0.0,-263.27731514697575,0.0,0.0,0.0,0.0,0.0,0.0,True,center,ALL 0 0 0,pc_scheduled_elapsed_ms,command_echo_no_encoder
2026-06-06_run02_reverse_grid_3x3_pm40_on_r03,28200,0.0,0.0,-263.27731514697575,0.0,0.0,0.0,0.0,0.0,0.0,True,center,ALL 0 0 0,pc_scheduled_elapsed_ms,command_echo_no_encoder
2026-06-06_run02_reverse_grid_3x3_pm40_on_r03,28300,0.0,0.0,-263.27731514697575,0.0,0.0,0.0,0.0,0.0,0.0,True,center,ALL 0 0 0,pc_scheduled_elapsed_ms,command_echo_no_encoder
2026-06-06_run02_reverse_grid_3x3_pm40_on_r03,28400,0.0,0.0,-263.27731514697575,0.0,0.0,0.0,0.0,0.0,0.0,True,center,ALL 0 0 0,pc_scheduled_elapsed_ms,command_echo_no_encoder
2026-06-06_run02_reverse_grid_3x3_pm40_on_r03,28500,0.0,0.0,-263.27731514697575,0.0,0.0,0.0,0.0,0.0,0.0,True,center,ALL 0 0 0,pc_scheduled_elapsed_ms,command_echo_no_encoder
2026-06-06_run02_reverse_grid_3x3_pm40_on_r03,28600,0.0,0.0,-263.27731514697575,0.0,0.0,0.0,0.0,0.0,0.0,True,center,ALL 0 0 0,pc_scheduled_elapsed_ms,command_echo_no_encoder
2026-06-06_run02_reverse_grid_3x3_pm40_on_r03,28700,0.0,0.0,-263.27731514697575,0.0,0.0,0.0,0.0,0.0,0.0,True,center,ALL 0 0 0,pc_scheduled_elapsed_ms,command_echo_no_encoder
2026-06-06_run02_reverse_grid_3x3_pm40_on_r03,28800,0.0,0.0,-263.27731514697575,0.0,0.0,0.0,0.0,0.0,0.0,True,center,ALL 0 0 0,pc_scheduled_elapsed_ms,command_echo_no_encoder
2026-06-06_run02_reverse_grid_3x3_pm40_on_r03,28900,0.0,0.0,-263.27731514697575,0.0,0.0,0.0,0.0,0.0,0.0,True,center,ALL 0 0 0,pc_scheduled_elapsed_ms,command_echo_no_encoder
2026-06-06_run02_reverse_grid_3x3_pm40_on_r03,29000,0.0,0.0,-263.27731514697575,0.0,0.0,0.0,0.0,0.0,0.0,True,center,ALL 0 0 0,pc_scheduled_elapsed_ms,command_echo_no_encoder
2026-06-06_run02_reverse_grid_3x3_pm40_on_r03,29100,0.0,0.0,-263.27731514697575,0.0,0.0,0.0,0.0,0.0,0.0,True,center,ALL 0 0 0,pc_scheduled_elapsed_ms,command_echo_no_encoder
2026-06-06_run02_reverse_grid_3x3_pm40_on_r03,29200,0.0,0.0,-263.27731514697575,0.0,0.0,0.0,0.0,0.0,0.0,True,center,ALL 0 0 0,pc_scheduled_elapsed_ms,command_echo_no_encoder
2026-06-06_run02_reverse_grid_3x3_pm40_on_r03,29300,0.0,0.0,-263.27731514697575,0.0,0.0,0.0,0.0,0.0,0.0,True,center,ALL 0 0 0,pc_scheduled_elapsed_ms,command_echo_no_encoder
2026-06-06_run02_reverse_grid_3x3_pm40_on_r03,29400,0.0,0.0,-263.27731514697575,0.0,0.0,0.0,0.0,0.0,0.0,True,center,ALL 0 0 0,pc_scheduled_elapsed_ms,command_echo_no_encoder
2026-06-06_run02_reverse_grid_3x3_pm40_on_r03,29500,0.0,0.0,-263.27731514697575,0.0,0.0,0.0,0.0,0.0,0.0,True,center,ALL 0 0 0,pc_scheduled_elapsed_ms,command_echo_no_encoder
2026-06-06_run02_reverse_grid_3x3_pm40_on_r03,29600,0.0,0.0,-263.27731514697575,0.0,0.0,0.0,0.0,0.0,0.0,True,center,ALL 0 0 0,pc_scheduled_elapsed_ms,command_echo_no_encoder
2026-06-06_run02_reverse_grid_3x3_pm40_on_r03,29700,0.0,0.0,-263.27731514697575,0.0,0.0,0.0,0.0,0.0,0.0,True,center,ALL 0 0 0,pc_scheduled_elapsed_ms,command_echo_no_encoder
2026-06-06_run02_reverse_grid_3x3_pm40_on_r03,29800,0.0,0.0,-263.27731514697575,0.0,0.0,0.0,0.0,0.0,0.0,True,center,ALL 0 0 0,pc_scheduled_elapsed_ms,command_echo_no_encoder
2026-06-06_run02_reverse_grid_3x3_pm40_on_r03,29900,0.0,0.0,-263.27731514697575,0.0,0.0,0.0,0.0,0.0,0.0,True,center,ALL 0 0 0,pc_scheduled_elapsed_ms,command_echo_no_encoder
2026-06-06_run02_reverse_grid_3x3_pm40_on_r03,30000,-40.0,0.0,-263.27731514697575,1.0,10.0,-7.0,1.0,10.0,-7.0,True,x_minus_y_center,ALL 1 10 -7,pc_scheduled_elapsed_ms,command_echo_no_encoder
2026-06-06_run02_reverse_grid_3x3_pm40_on_r03,30100,-40.0,0.0,-263.27731514697575,1.0,10.0,-7.0,1.0,10.0,-7.0,True,x_minus_y_center,ALL 1 10 -7,pc_scheduled_elapsed_ms,command_echo_no_encoder
2026-06-06_run02_reverse_grid_3x3_pm40_on_r03,30200,-40.0,0.0,-263.27731514697575,1.0,10.0,-7.0,1.0,10.0,-7.0,True,x_minus_y_center,ALL 1 10 -7,pc_scheduled_elapsed_ms,command_echo_no_encoder
2026-06-06_run02_reverse_grid_3x3_pm40_on_r03,30300,-40.0,0.0,-263.27731514697575,1.0,10.0,-7.0,1.0,10.0,-7.0,True,x_minus_y_center,ALL 1 10 -7,pc_scheduled_elapsed_ms,command_echo_no_encoder
2026-06-06_run02_reverse_grid_3x3_pm40_on_r03,30400,-40.0,0.0,-263.27731514697575,1.0,10.0,-7.0,1.0,10.0,-7.0,True,x_minus_y_center,ALL 1 10 -7,pc_scheduled_elapsed_ms,command_echo_no_encoder
2026-06-06_run02_reverse_grid_3x3_pm40_on_r03,30500,-40.0,0.0,-263.27731514697575,1.0,10.0,-7.0,1.0,10.0,-7.0,True,x_minus_y_center,ALL 1 10 -7,pc_scheduled_elapsed_ms,command_echo_no_encoder
2026-06-06_run02_reverse_grid_3x3_pm40_on_r03,30600,-40.0,0.0,-263.27731514697575,1.0,10.0,-7.0,1.0,10.0,-7.0,True,x_minus_y_center,ALL 1 10 -7,pc_scheduled_elapsed_ms,command_echo_no_encoder
2026-06-06_run02_reverse_grid_3x3_pm40_on_r03,30700,-40.0,0.0,-263.27731514697575,1.0,10.0,-7.0,1.0,10.0,-7.0,True,x_minus_y_center,ALL 1 10 -7,pc_scheduled_elapsed_ms,command_echo_no_encoder
2026-06-06_run02_reverse_grid_3x3_pm40_on_r03,30800,-40.0,0.0,-263.27731514697575,1.0,10.0,-7.0,1.0,10.0,-7.0,True,x_minus_y_center,ALL 1 10 -7,pc_scheduled_elapsed_ms,command_echo_no_encoder
2026-06-06_run02_reverse_grid_3x3_pm40_on_r03,30900,-40.0,0.0,-263.27731514697575,1.0,10.0,-7.0,1.0,10.0,-7.0,True,x_minus_y_center,ALL 1 10 -7,pc_scheduled_elapsed_ms,command_echo_no_encoder
2026-06-06_run02_reverse_grid_3x3_pm40_on_r03,31000,-40.0,0.0,-263.27731514697575,1.0,10.0,-7.0,1.0,10.0,-7.0,True,x_minus_y_center,ALL 1 10 -7,pc_scheduled_elapsed_ms,command_echo_no_encoder
2026-06-06_run02_reverse_grid_3x3_pm40_on_r03,31100,-40.0,0.0,-263.27731514697575,1.0,10.0,-7.0,1.0,10.0,-7.0,True,x_minus_y_center,ALL 1 10 -7,pc_scheduled_elapsed_ms,command_echo_no_encoder
2026-06-06_run02_reverse_grid_3x3_pm40_on_r03,31200,-40.0,0.0,-263.27731514697575,1.0,10.0,-7.0,1.0,10.0,-7.0,True,x_minus_y_center,ALL 1 10 -7,pc_scheduled_elapsed_ms,command_echo_no_encoder
2026-06-06_run02_reverse_grid_3x3_pm40_on_r03,31300,-40.0,0.0,-263.27731514697575,1.0,10.0,-7.0,1.0,10.0,-7.0,True,x_minus_y_center,ALL 1 10 -7,pc_scheduled_elapsed_ms,command_echo_no_encoder
2026-06-06_run02_reverse_grid_3x3_pm40_on_r03,31400,-40.0,0.0,-263.27731514697575,1.0,10.0,-7.0,1.0,10.0,-7.0,True,x_minus_y_center,ALL 1 10 -7,pc_scheduled_elapsed_ms,command_echo_no_encoder
2026-06-06_run02_reverse_grid_3x3_pm40_on_r03,31500,-40.0,0.0,-263.27731514697575,1.0,10.0,-7.0,1.0,10.0,-7.0,True,x_minus_y_center,ALL 1 10 -7,pc_scheduled_elapsed_ms,command_echo_no_encoder
2026-06-06_run02_reverse_grid_3x3_pm40_on_r03,31600,-40.0,0.0,-263.27731514697575,1.0,10.0,-7.0,1.0,10.0,-7.0,True,x_minus_y_center,ALL 1 10 -7,pc_scheduled_elapsed_ms,command_echo_no_encoder
2026-06-06_run02_reverse_grid_3x3_pm40_on_r03,31700,-40.0,0.0,-263.27731514697575,1.0,10.0,-7.0,1.0,10.0,-7.0,True,x_minus_y_center,ALL 1 10 -7,pc_scheduled_elapsed_ms,command_echo_no_encoder
2026-06-06_run02_reverse_grid_3x3_pm40_on_r03,31800,-40.0,0.0,-263.27731514697575,1.0,10.0,-7.0,1.0,10.0,-7.0,True,x_minus_y_center,ALL 1 10 -7,pc_scheduled_elapsed_ms,command_echo_no_encoder
2026-06-06_run02_reverse_grid_3x3_pm40_on_r03,31900,-40.0,0.0,-263.27731514697575,1.0,10.0,-7.0,1.0,10.0,-7.0,True,x_minus_y_center,ALL 1 10 -7,pc_scheduled_elapsed_ms,command_echo_no_encoder
2026-06-06_run02_reverse_grid_3x3_pm40_on_r03,32000,-40.0,0.0,-263.27731514697575,1.0,10.0,-7.0,1.0,10.0,-7.0,True,x_minus_y_center,ALL 1 10 -7,pc_scheduled_elapsed_ms,command_echo_no_encoder
2026-06-06_run02_reverse_grid_3x3_pm40_on_r03,32100,-40.0,0.0,-263.27731514697575,1.0,10.0,-7.0,1.0,10.0,-7.0,True,x_minus_y_center,ALL 1 10 -7,pc_scheduled_elapsed_ms,command_echo_no_encoder
2026-06-06_run02_reverse_grid_3x3_pm40_on_r03,32200,-40.0,0.0,-263.27731514697575,1.0,10.0,-7.0,1.0,10.0,-7.0,True,x_minus_y_center,ALL 1 10 -7,pc_scheduled_elapsed_ms,command_echo_no_encoder
2026-06-06_run02_reverse_grid_3x3_pm40_on_r03,32300,-40.0,0.0,-263.27731514697575,1.0,10.0,-7.0,1.0,10.0,-7.0,True,x_minus_y_center,ALL 1 10 -7,pc_scheduled_elapsed_ms,command_echo_no_encoder
2026-06-06_run02_reverse_grid_3x3_pm40_on_r03,32400,-40.0,0.0,-263.27731514697575,1.0,10.0,-7.0,1.0,10.0,-7.0,True,x_minus_y_center,ALL 1 10 -7,pc_scheduled_elapsed_ms,command_echo_no_encoder
2026-06-06_run02_reverse_grid_3x3_pm40_on_r03,32500,-40.0,0.0,-263.27731514697575,1.0,10.0,-7.0,1.0,10.0,-7.0,True,x_minus_y_center,ALL 1 10 -7,pc_scheduled_elapsed_ms,command_echo_no_encoder
2026-06-06_run02_reverse_grid_3x3_pm40_on_r03,32600,-40.0,0.0,-263.27731514697575,1.0,10.0,-7.0,1.0,10.0,-7.0,True,x_minus_y_center,ALL 1 10 -7,pc_scheduled_elapsed_ms,command_echo_no_encoder
2026-06-06_run02_reverse_grid_3x3_pm40_on_r03,32700,-40.0,0.0,-263.27731514697575,1.0,10.0,-7.0,1.0,10.0,-7.0,True,x_minus_y_center,ALL 1 10 -7,pc_scheduled_elapsed_ms,command_echo_no_encoder
2026-06-06_run02_reverse_grid_3x3_pm40_on_r03,32800,-40.0,0.0,-263.27731514697575,1.0,10.0,-7.0,1.0,10.0,-7.0,True,x_minus_y_center,ALL 1 10 -7,pc_scheduled_elapsed_ms,command_echo_no_encoder
2026-06-06_run02_reverse_grid_3x3_pm40_on_r03,32900,-40.0,0.0,-263.27731514697575,1.0,10.0,-7.0,1.0,10.0,-7.0,True,x_minus_y_center,ALL 1 10 -7,pc_scheduled_elapsed_ms,command_echo_no_encoder
2026-06-06_run02_reverse_grid_3x3_pm40_on_r03,33000,-40.0,0.0,-263.27731514697575,1.0,10.0,-7.0,1.0,10.0,-7.0,True,x_minus_y_center,ALL 1 10 -7,pc_scheduled_elapsed_ms,command_echo_no_encoder
2026-06-06_run02_reverse_grid_3x3_pm40_on_r03,33100,-40.0,0.0,-263.27731514697575,1.0,10.0,-7.0,1.0,10.0,-7.0,True,x_minus_y_center,ALL 1 10 -7,pc_scheduled_elapsed_ms,command_echo_no_encoder
2026-06-06_run02_reverse_grid_3x3_pm40_on_r03,33200,-40.0,0.0,-263.27731514697575,1.0,10.0,-7.0,1.0,10.0,-7.0,True,x_minus_y_center,ALL 1 10 -7,pc_scheduled_elapsed_ms,command_echo_no_encoder
2026-06-06_run02_reverse_grid_3x3_pm40_on_r03,33300,-40.0,0.0,-263.27731514697575,1.0,10.0,-7.0,1.0,10.0,-7.0,True,x_minus_y_center,ALL 1 10 -7,pc_scheduled_elapsed_ms,command_echo_no_encoder
2026-06-06_run02_reverse_grid_3x3_pm40_on_r03,33400,-40.0,0.0,-263.27731514697575,1.0,10.0,-7.0,1.0,10.0,-7.0,True,x_minus_y_center,ALL 1 10 -7,pc_scheduled_elapsed_ms,command_echo_no_encoder
2026-06-06_run02_reverse_grid_3x3_pm40_on_r03,33500,-40.0,0.0,-263.27731514697575,1.0,10.0,-7.0,1.0,10.0,-7.0,True,x_minus_y_center,ALL 1 10 -7,pc_scheduled_elapsed_ms,command_echo_no_encoder
2026-06-06_run02_reverse_grid_3x3_pm40_on_r03,33600,-40.0,0.0,-263.27731514697575,1.0,10.0,-7.0,1.0,10.0,-7.0,True,x_minus_y_center,ALL 1 10 -7,pc_scheduled_elapsed_ms,command_echo_no_encoder
2026-06-06_run02_reverse_grid_3x3_pm40_on_r03,33700,-40.0,0.0,-263.27731514697575,1.0,10.0,-7.0,1.0,10.0,-7.0,True,x_minus_y_center,ALL 1 10 -7,pc_scheduled_elapsed_ms,command_echo_no_encoder
2026-06-06_run02_reverse_grid_3x3_pm40_on_r03,33800,-40.0,0.0,-263.27731514697575,1.0,10.0,-7.0,1.0,10.0,-7.0,True,x_minus_y_center,ALL 1 10 -7,pc_scheduled_elapsed_ms,command_echo_no_encoder
2026-06-06_run02_reverse_grid_3x3_pm40_on_r03,33900,-40.0,0.0,-263.27731514697575,1.0,10.0,-7.0,1.0,10.0,-7.0,True,x_minus_y_center,ALL 1 10 -7,pc_scheduled_elapsed_ms,command_echo_no_encoder
2026-06-06_run02_reverse_grid_3x3_pm40_on_r03,34000,-40.0,0.0,-263.27731514697575,1.0,10.0,-7.0,1.0,10.0,-7.0,True,x_minus_y_center,ALL 1 10 -7,pc_scheduled_elapsed_ms,command_echo_no_encoder
2026-06-06_run02_reverse_grid_3x3_pm40_on_r03,34100,-40.0,0.0,-263.27731514697575,1.0,10.0,-7.0,1.0,10.0,-7.0,True,x_minus_y_center,ALL 1 10 -7,pc_scheduled_elapsed_ms,command_echo_no_encoder
2026-06-06_run02_reverse_grid_3x3_pm40_on_r03,34200,-40.0,0.0,-263.27731514697575,1.0,10.0,-7.0,1.0,10.0,-7.0,True,x_minus_y_center,ALL 1 10 -7,pc_scheduled_elapsed_ms,command_echo_no_encoder
2026-06-06_run02_reverse_grid_3x3_pm40_on_r03,34300,-40.0,0.0,-263.27731514697575,1.0,10.0,-7.0,1.0,10.0,-7.0,True,x_minus_y_center,ALL 1 10 -7,pc_scheduled_elapsed_ms,command_echo_no_encoder
2026-06-06_run02_reverse_grid_3x3_pm40_on_r03,34400,-40.0,0.0,-263.27731514697575,1.0,10.0,-7.0,1.0,10.0,-7.0,True,x_minus_y_center,ALL 1 10 -7,pc_scheduled_elapsed_ms,command_echo_no_encoder
2026-06-06_run02_reverse_grid_3x3_pm40_on_r03,34500,-40.0,0.0,-263.27731514697575,1.0,10.0,-7.0,1.0,10.0,-7.0,True,x_minus_y_center,ALL 1 10 -7,pc_scheduled_elapsed_ms,command_echo_no_encoder
2026-06-06_run02_reverse_grid_3x3_pm40_on_r03,34600,-40.0,0.0,-263.27731514697575,1.0,10.0,-7.0,1.0,10.0,-7.0,True,x_minus_y_center,ALL 1 10 -7,pc_scheduled_elapsed_ms,command_echo_no_encoder
2026-06-06_run02_reverse_grid_3x3_pm40_on_r03,34700,-40.0,0.0,-263.27731514697575,1.0,10.0,-7.0,1.0,10.0,-7.0,True,x_minus_y_center,ALL 1 10 -7,pc_scheduled_elapsed_ms,command_echo_no_encoder
2026-06-06_run02_reverse_grid_3x3_pm40_on_r03,34800,-40.0,0.0,-263.27731514697575,1.0,10.0,-7.0,1.0,10.0,-7.0,True,x_minus_y_center,ALL 1 10 -7,pc_scheduled_elapsed_ms,command_echo_no_encoder
2026-06-06_run02_reverse_grid_3x3_pm40_on_r03,34900,-40.0,0.0,-263.27731514697575,1.0,10.0,-7.0,1.0,10.0,-7.0,True,x_minus_y_center,ALL 1 10 -7,pc_scheduled_elapsed_ms,command_echo_no_encoder
2026-06-06_run02_reverse_grid_3x3_pm40_on_r03,35000,40.0,-40.0,-263.27731514697575,-7.0,-1.0,16.0,-7.0,-1.0,16.0,True,x_plus_y_minus,ALL -7 -1 16,pc_scheduled_elapsed_ms,command_echo_no_encoder
2026-06-06_run02_reverse_grid_3x3_pm40_on_r03,35100,40.0,-40.0,-263.27731514697575,-7.0,-1.0,16.0,-7.0,-1.0,16.0,True,x_plus_y_minus,ALL -7 -1 16,pc_scheduled_elapsed_ms,command_echo_no_encoder
2026-06-06_run02_reverse_grid_3x3_pm40_on_r03,35200,40.0,-40.0,-263.27731514697575,-7.0,-1.0,16.0,-7.0,-1.0,16.0,True,x_plus_y_minus,ALL -7 -1 16,pc_scheduled_elapsed_ms,command_echo_no_encoder
2026-06-06_run02_reverse_grid_3x3_pm40_on_r03,35300,40.0,-40.0,-263.27731514697575,-7.0,-1.0,16.0,-7.0,-1.0,16.0,True,x_plus_y_minus,ALL -7 -1 16,pc_scheduled_elapsed_ms,command_echo_no_encoder
2026-06-06_run02_reverse_grid_3x3_pm40_on_r03,35400,40.0,-40.0,-263.27731514697575,-7.0,-1.0,16.0,-7.0,-1.0,16.0,True,x_plus_y_minus,ALL -7 -1 16,pc_scheduled_elapsed_ms,command_echo_no_encoder
2026-06-06_run02_reverse_grid_3x3_pm40_on_r03,35500,40.0,-40.0,-263.27731514697575,-7.0,-1.0,16.0,-7.0,-1.0,16.0,True,x_plus_y_minus,ALL -7 -1 16,pc_scheduled_elapsed_ms,command_echo_no_encoder
2026-06-06_run02_reverse_grid_3x3_pm40_on_r03,35600,40.0,-40.0,-263.27731514697575,-7.0,-1.0,16.0,-7.0,-1.0,16.0,True,x_plus_y_minus,ALL -7 -1 16,pc_scheduled_elapsed_ms,command_echo_no_encoder
2026-06-06_run02_reverse_grid_3x3_pm40_on_r03,35700,40.0,-40.0,-263.27731514697575,-7.0,-1.0,16.0,-7.0,-1.0,16.0,True,x_plus_y_minus,ALL -7 -1 16,pc_scheduled_elapsed_ms,command_echo_no_encoder
2026-06-06_run02_reverse_grid_3x3_pm40_on_r03,35800,40.0,-40.0,-263.27731514697575,-7.0,-1.0,16.0,-7.0,-1.0,16.0,True,x_plus_y_minus,ALL -7 -1 16,pc_scheduled_elapsed_ms,command_echo_no_encoder
2026-06-06_run02_reverse_grid_3x3_pm40_on_r03,35900,40.0,-40.0,-263.27731514697575,-7.0,-1.0,16.0,-7.0,-1.0,16.0,True,x_plus_y_minus,ALL -7 -1 16,pc_scheduled_elapsed_ms,command_echo_no_encoder
2026-06-06_run02_reverse_grid_3x3_pm40_on_r03,36000,40.0,-40.0,-263.27731514697575,-7.0,-1.0,16.0,-7.0,-1.0,16.0,True,x_plus_y_minus,ALL -7 -1 16,pc_scheduled_elapsed_ms,command_echo_no_encoder
2026-06-06_run02_reverse_grid_3x3_pm40_on_r03,36100,40.0,-40.0,-263.27731514697575,-7.0,-1.0,16.0,-7.0,-1.0,16.0,True,x_plus_y_minus,ALL -7 -1 16,pc_scheduled_elapsed_ms,command_echo_no_encoder
2026-06-06_run02_reverse_grid_3x3_pm40_on_r03,36200,40.0,-40.0,-263.27731514697575,-7.0,-1.0,16.0,-7.0,-1.0,16.0,True,x_plus_y_minus,ALL -7 -1 16,pc_scheduled_elapsed_ms,command_echo_no_encoder
2026-06-06_run02_reverse_grid_3x3_pm40_on_r03,36300,40.0,-40.0,-263.27731514697575,-7.0,-1.0,16.0,-7.0,-1.0,16.0,True,x_plus_y_minus,ALL -7 -1 16,pc_scheduled_elapsed_ms,command_echo_no_encoder
2026-06-06_run02_reverse_grid_3x3_pm40_on_r03,36400,40.0,-40.0,-263.27731514697575,-7.0,-1.0,16.0,-7.0,-1.0,16.0,True,x_plus_y_minus,ALL -7 -1 16,pc_scheduled_elapsed_ms,command_echo_no_encoder
2026-06-06_run02_reverse_grid_3x3_pm40_on_r03,36500,40.0,-40.0,-263.27731514697575,-7.0,-1.0,16.0,-7.0,-1.0,16.0,True,x_plus_y_minus,ALL -7 -1 16,pc_scheduled_elapsed_ms,command_echo_no_encoder
2026-06-06_run02_reverse_grid_3x3_pm40_on_r03,36600,40.0,-40.0,-263.27731514697575,-7.0,-1.0,16.0,-7.0,-1.0,16.0,True,x_plus_y_minus,ALL -7 -1 16,pc_scheduled_elapsed_ms,command_echo_no_encoder
2026-06-06_run02_reverse_grid_3x3_pm40_on_r03,36700,40.0,-40.0,-263.27731514697575,-7.0,-1.0,16.0,-7.0,-1.0,16.0,True,x_plus_y_minus,ALL -7 -1 16,pc_scheduled_elapsed_ms,command_echo_no_encoder
2026-06-06_run02_reverse_grid_3x3_pm40_on_r03,36800,40.0,-40.0,-263.27731514697575,-7.0,-1.0,16.0,-7.0,-1.0,16.0,True,x_plus_y_minus,ALL -7 -1 16,pc_scheduled_elapsed_ms,command_echo_no_encoder
2026-06-06_run02_reverse_grid_3x3_pm40_on_r03,36900,40.0,-40.0,-263.27731514697575,-7.0,-1.0,16.0,-7.0,-1.0,16.0,True,x_plus_y_minus,ALL -7 -1 16,pc_scheduled_elapsed_ms,command_echo_no_encoder
2026-06-06_run02_reverse_grid_3x3_pm40_on_r03,37000,40.0,-40.0,-263.27731514697575,-7.0,-1.0,16.0,-7.0,-1.0,16.0,True,x_plus_y_minus,ALL -7 -1 16,pc_scheduled_elapsed_ms,command_echo_no_encoder
2026-06-06_run02_reverse_grid_3x3_pm40_on_r03,37100,40.0,-40.0,-263.27731514697575,-7.0,-1.0,16.0,-7.0,-1.0,16.0,True,x_plus_y_minus,ALL -7 -1 16,pc_scheduled_elapsed_ms,command_echo_no_encoder
2026-06-06_run02_reverse_grid_3x3_pm40_on_r03,37200,40.0,-40.0,-263.27731514697575,-7.0,-1.0,16.0,-7.0,-1.0,16.0,True,x_plus_y_minus,ALL -7 -1 16,pc_scheduled_elapsed_ms,command_echo_no_encoder
2026-06-06_run02_reverse_grid_3x3_pm40_on_r03,37300,40.0,-40.0,-263.27731514697575,-7.0,-1.0,16.0,-7.0,-1.0,16.0,True,x_plus_y_minus,ALL -7 -1 16,pc_scheduled_elapsed_ms,command_echo_no_encoder
2026-06-06_run02_reverse_grid_3x3_pm40_on_r03,37400,40.0,-40.0,-263.27731514697575,-7.0,-1.0,16.0,-7.0,-1.0,16.0,True,x_plus_y_minus,ALL -7 -1 16,pc_scheduled_elapsed_ms,command_echo_no_encoder
2026-06-06_run02_reverse_grid_3x3_pm40_on_r03,37500,40.0,-40.0,-263.27731514697575,-7.0,-1.0,16.0,-7.0,-1.0,16.0,True,x_plus_y_minus,ALL -7 -1 16,pc_scheduled_elapsed_ms,command_echo_no_encoder
2026-06-06_run02_reverse_grid_3x3_pm40_on_r03,37600,40.0,-40.0,-263.27731514697575,-7.0,-1.0,16.0,-7.0,-1.0,16.0,True,x_plus_y_minus,ALL -7 -1 16,pc_scheduled_elapsed_ms,command_echo_no_encoder
2026-06-06_run02_reverse_grid_3x3_pm40_on_r03,37700,40.0,-40.0,-263.27731514697575,-7.0,-1.0,16.0,-7.0,-1.0,16.0,True,x_plus_y_minus,ALL -7 -1 16,pc_scheduled_elapsed_ms,command_echo_no_encoder
2026-06-06_run02_reverse_grid_3x3_pm40_on_r03,37800,40.0,-40.0,-263.27731514697575,-7.0,-1.0,16.0,-7.0,-1.0,16.0,True,x_plus_y_minus,ALL -7 -1 16,pc_scheduled_elapsed_ms,command_echo_no_encoder
2026-06-06_run02_reverse_grid_3x3_pm40_on_r03,37900,40.0,-40.0,-263.27731514697575,-7.0,-1.0,16.0,-7.0,-1.0,16.0,True,x_plus_y_minus,ALL -7 -1 16,pc_scheduled_elapsed_ms,command_echo_no_encoder
2026-06-06_run02_reverse_grid_3x3_pm40_on_r03,38000,40.0,-40.0,-263.27731514697575,-7.0,-1.0,16.0,-7.0,-1.0,16.0,True,x_plus_y_minus,ALL -7 -1 16,pc_scheduled_elapsed_ms,command_echo_no_encoder
2026-06-06_run02_reverse_grid_3x3_pm40_on_r03,38100,40.0,-40.0,-263.27731514697575,-7.0,-1.0,16.0,-7.0,-1.0,16.0,True,x_plus_y_minus,ALL -7 -1 16,pc_scheduled_elapsed_ms,command_echo_no_encoder
2026-06-06_run02_reverse_grid_3x3_pm40_on_r03,38200,40.0,-40.0,-263.27731514697575,-7.0,-1.0,16.0,-7.0,-1.0,16.0,True,x_plus_y_minus,ALL -7 -1 16,pc_scheduled_elapsed_ms,command_echo_no_encoder
2026-06-06_run02_reverse_grid_3x3_pm40_on_r03,38300,40.0,-40.0,-263.27731514697575,-7.0,-1.0,16.0,-7.0,-1.0,16.0,True,x_plus_y_minus,ALL -7 -1 16,pc_scheduled_elapsed_ms,command_echo_no_encoder
2026-06-06_run02_reverse_grid_3x3_pm40_on_r03,38400,40.0,-40.0,-263.27731514697575,-7.0,-1.0,16.0,-7.0,-1.0,16.0,True,x_plus_y_minus,ALL -7 -1 16,pc_scheduled_elapsed_ms,command_echo_no_encoder
2026-06-06_run02_reverse_grid_3x3_pm40_on_r03,38500,40.0,-40.0,-263.27731514697575,-7.0,-1.0,16.0,-7.0,-1.0,16.0,True,x_plus_y_minus,ALL -7 -1 16,pc_scheduled_elapsed_ms,command_echo_no_encoder
2026-06-06_run02_reverse_grid_3x3_pm40_on_r03,38600,40.0,-40.0,-263.27731514697575,-7.0,-1.0,16.0,-7.0,-1.0,16.0,True,x_plus_y_minus,ALL -7 -1 16,pc_scheduled_elapsed_ms,command_echo_no_encoder
2026-06-06_run02_reverse_grid_3x3_pm40_on_r03,38700,40.0,-40.0,-263.27731514697575,-7.0,-1.0,16.0,-7.0,-1.0,16.0,True,x_plus_y_minus,ALL -7 -1 16,pc_scheduled_elapsed_ms,command_echo_no_encoder
2026-06-06_run02_reverse_grid_3x3_pm40_on_r03,38800,40.0,-40.0,-263.27731514697575,-7.0,-1.0,16.0,-7.0,-1.0,16.0,True,x_plus_y_minus,ALL -7 -1 16,pc_scheduled_elapsed_ms,command_echo_no_encoder
2026-06-06_run02_reverse_grid_3x3_pm40_on_r03,38900,40.0,-40.0,-263.27731514697575,-7.0,-1.0,16.0,-7.0,-1.0,16.0,True,x_plus_y_minus,ALL -7 -1 16,pc_scheduled_elapsed_ms,command_echo_no_encoder
2026-06-06_run02_reverse_grid_3x3_pm40_on_r03,39000,40.0,-40.0,-263.27731514697575,-7.0,-1.0,16.0,-7.0,-1.0,16.0,True,x_plus_y_minus,ALL -7 -1 16,pc_scheduled_elapsed_ms,command_echo_no_encoder
2026-06-06_run02_reverse_grid_3x3_pm40_on_r03,39100,40.0,-40.0,-263.27731514697575,-7.0,-1.0,16.0,-7.0,-1.0,16.0,True,x_plus_y_minus,ALL -7 -1 16,pc_scheduled_elapsed_ms,command_echo_no_encoder
2026-06-06_run02_reverse_grid_3x3_pm40_on_r03,39200,40.0,-40.0,-263.27731514697575,-7.0,-1.0,16.0,-7.0,-1.0,16.0,True,x_plus_y_minus,ALL -7 -1 16,pc_scheduled_elapsed_ms,command_echo_no_encoder
2026-06-06_run02_reverse_grid_3x3_pm40_on_r03,39300,40.0,-40.0,-263.27731514697575,-7.0,-1.0,16.0,-7.0,-1.0,16.0,True,x_plus_y_minus,ALL -7 -1 16,pc_scheduled_elapsed_ms,command_echo_no_encoder
2026-06-06_run02_reverse_grid_3x3_pm40_on_r03,39400,40.0,-40.0,-263.27731514697575,-7.0,-1.0,16.0,-7.0,-1.0,16.0,True,x_plus_y_minus,ALL -7 -1 16,pc_scheduled_elapsed_ms,command_echo_no_encoder
2026-06-06_run02_reverse_grid_3x3_pm40_on_r03,39500,40.0,-40.0,-263.27731514697575,-7.0,-1.0,16.0,-7.0,-1.0,16.0,True,x_plus_y_minus,ALL -7 -1 16,pc_scheduled_elapsed_ms,command_echo_no_encoder
2026-06-06_run02_reverse_grid_3x3_pm40_on_r03,39600,40.0,-40.0,-263.27731514697575,-7.0,-1.0,16.0,-7.0,-1.0,16.0,True,x_plus_y_minus,ALL -7 -1 16,pc_scheduled_elapsed_ms,command_echo_no_encoder
2026-06-06_run02_reverse_grid_3x3_pm40_on_r03,39700,40.0,-40.0,-263.27731514697575,-7.0,-1.0,16.0,-7.0,-1.0,16.0,True,x_plus_y_minus,ALL -7 -1 16,pc_scheduled_elapsed_ms,command_echo_no_encoder
2026-06-06_run02_reverse_grid_3x3_pm40_on_r03,39800,40.0,-40.0,-263.27731514697575,-7.0,-1.0,16.0,-7.0,-1.0,16.0,True,x_plus_y_minus,ALL -7 -1 16,pc_scheduled_elapsed_ms,command_echo_no_encoder
2026-06-06_run02_reverse_grid_3x3_pm40_on_r03,39900,40.0,-40.0,-263.27731514697575,-7.0,-1.0,16.0,-7.0,-1.0,16.0,True,x_plus_y_minus,ALL -7 -1 16,pc_scheduled_elapsed_ms,command_echo_no_encoder
2026-06-06_run02_reverse_grid_3x3_pm40_on_r03,40000,0.0,-40.0,-263.27731514697575,-9.0,6.0,7.0,-9.0,6.0,7.0,True,x_center_y_minus,ALL -9 6 7,pc_scheduled_elapsed_ms,command_echo_no_encoder
2026-06-06_run02_reverse_grid_3x3_pm40_on_r03,40100,0.0,-40.0,-263.27731514697575,-9.0,6.0,7.0,-9.0,6.0,7.0,True,x_center_y_minus,ALL -9 6 7,pc_scheduled_elapsed_ms,command_echo_no_encoder
2026-06-06_run02_reverse_grid_3x3_pm40_on_r03,40200,0.0,-40.0,-263.27731514697575,-9.0,6.0,7.0,-9.0,6.0,7.0,True,x_center_y_minus,ALL -9 6 7,pc_scheduled_elapsed_ms,command_echo_no_encoder
2026-06-06_run02_reverse_grid_3x3_pm40_on_r03,40300,0.0,-40.0,-263.27731514697575,-9.0,6.0,7.0,-9.0,6.0,7.0,True,x_center_y_minus,ALL -9 6 7,pc_scheduled_elapsed_ms,command_echo_no_encoder
2026-06-06_run02_reverse_grid_3x3_pm40_on_r03,40400,0.0,-40.0,-263.27731514697575,-9.0,6.0,7.0,-9.0,6.0,7.0,True,x_center_y_minus,ALL -9 6 7,pc_scheduled_elapsed_ms,command_echo_no_encoder
2026-06-06_run02_reverse_grid_3x3_pm40_on_r03,40500,0.0,-40.0,-263.27731514697575,-9.0,6.0,7.0,-9.0,6.0,7.0,True,x_center_y_minus,ALL -9 6 7,pc_scheduled_elapsed_ms,command_echo_no_encoder
2026-06-06_run02_reverse_grid_3x3_pm40_on_r03,40600,0.0,-40.0,-263.27731514697575,-9.0,6.0,7.0,-9.0,6.0,7.0,True,x_center_y_minus,ALL -9 6 7,pc_scheduled_elapsed_ms,command_echo_no_encoder
2026-06-06_run02_reverse_grid_3x3_pm40_on_r03,40700,0.0,-40.0,-263.27731514697575,-9.0,6.0,7.0,-9.0,6.0,7.0,True,x_center_y_minus,ALL -9 6 7,pc_scheduled_elapsed_ms,command_echo_no_encoder
2026-06-06_run02_reverse_grid_3x3_pm40_on_r03,40800,0.0,-40.0,-263.27731514697575,-9.0,6.0,7.0,-9.0,6.0,7.0,True,x_center_y_minus,ALL -9 6 7,pc_scheduled_elapsed_ms,command_echo_no_encoder
2026-06-06_run02_reverse_grid_3x3_pm40_on_r03,40900,0.0,-40.0,-263.27731514697575,-9.0,6.0,7.0,-9.0,6.0,7.0,True,x_center_y_minus,ALL -9 6 7,pc_scheduled_elapsed_ms,command_echo_no_encoder
2026-06-06_run02_reverse_grid_3x3_pm40_on_r03,41000,0.0,-40.0,-263.27731514697575,-9.0,6.0,7.0,-9.0,6.0,7.0,True,x_center_y_minus,ALL -9 6 7,pc_scheduled_elapsed_ms,command_echo_no_encoder
2026-06-06_run02_reverse_grid_3x3_pm40_on_r03,41100,0.0,-40.0,-263.27731514697575,-9.0,6.0,7.0,-9.0,6.0,7.0,True,x_center_y_minus,ALL -9 6 7,pc_scheduled_elapsed_ms,command_echo_no_encoder
2026-06-06_run02_reverse_grid_3x3_pm40_on_r03,41200,0.0,-40.0,-263.27731514697575,-9.0,6.0,7.0,-9.0,6.0,7.0,True,x_center_y_minus,ALL -9 6 7,pc_scheduled_elapsed_ms,command_echo_no_encoder
2026-06-06_run02_reverse_grid_3x3_pm40_on_r03,41300,0.0,-40.0,-263.27731514697575,-9.0,6.0,7.0,-9.0,6.0,7.0,True,x_center_y_minus,ALL -9 6 7,pc_scheduled_elapsed_ms,command_echo_no_encoder
2026-06-06_run02_reverse_grid_3x3_pm40_on_r03,41400,0.0,-40.0,-263.27731514697575,-9.0,6.0,7.0,-9.0,6.0,7.0,True,x_center_y_minus,ALL -9 6 7,pc_scheduled_elapsed_ms,command_echo_no_encoder
2026-06-06_run02_reverse_grid_3x3_pm40_on_r03,41500,0.0,-40.0,-263.27731514697575,-9.0,6.0,7.0,-9.0,6.0,7.0,True,x_center_y_minus,ALL -9 6 7,pc_scheduled_elapsed_ms,command_echo_no_encoder
2026-06-06_run02_reverse_grid_3x3_pm40_on_r03,41600,0.0,-40.0,-263.27731514697575,-9.0,6.0,7.0,-9.0,6.0,7.0,True,x_center_y_minus,ALL -9 6 7,pc_scheduled_elapsed_ms,command_echo_no_encoder
2026-06-06_run02_reverse_grid_3x3_pm40_on_r03,41700,0.0,-40.0,-263.27731514697575,-9.0,6.0,7.0,-9.0,6.0,7.0,True,x_center_y_minus,ALL -9 6 7,pc_scheduled_elapsed_ms,command_echo_no_encoder
2026-06-06_run02_reverse_grid_3x3_pm40_on_r03,41800,0.0,-40.0,-263.27731514697575,-9.0,6.0,7.0,-9.0,6.0,7.0,True,x_center_y_minus,ALL -9 6 7,pc_scheduled_elapsed_ms,command_echo_no_encoder
2026-06-06_run02_reverse_grid_3x3_pm40_on_r03,41900,0.0,-40.0,-263.27731514697575,-9.0,6.0,7.0,-9.0,6.0,7.0,True,x_center_y_minus,ALL -9 6 7,pc_scheduled_elapsed_ms,command_echo_no_encoder
2026-06-06_run02_reverse_grid_3x3_pm40_on_r03,42000,0.0,-40.0,-263.27731514697575,-9.0,6.0,7.0,-9.0,6.0,7.0,True,x_center_y_minus,ALL -9 6 7,pc_scheduled_elapsed_ms,command_echo_no_encoder
2026-06-06_run02_reverse_grid_3x3_pm40_on_r03,42100,0.0,-40.0,-263.27731514697575,-9.0,6.0,7.0,-9.0,6.0,7.0,True,x_center_y_minus,ALL -9 6 7,pc_scheduled_elapsed_ms,command_echo_no_encoder
2026-06-06_run02_reverse_grid_3x3_pm40_on_r03,42200,0.0,-40.0,-263.27731514697575,-9.0,6.0,7.0,-9.0,6.0,7.0,True,x_center_y_minus,ALL -9 6 7,pc_scheduled_elapsed_ms,command_echo_no_encoder
2026-06-06_run02_reverse_grid_3x3_pm40_on_r03,42300,0.0,-40.0,-263.27731514697575,-9.0,6.0,7.0,-9.0,6.0,7.0,True,x_center_y_minus,ALL -9 6 7,pc_scheduled_elapsed_ms,command_echo_no_encoder
2026-06-06_run02_reverse_grid_3x3_pm40_on_r03,42400,0.0,-40.0,-263.27731514697575,-9.0,6.0,7.0,-9.0,6.0,7.0,True,x_center_y_minus,ALL -9 6 7,pc_scheduled_elapsed_ms,command_echo_no_encoder
2026-06-06_run02_reverse_grid_3x3_pm40_on_r03,42500,0.0,-40.0,-263.27731514697575,-9.0,6.0,7.0,-9.0,6.0,7.0,True,x_center_y_minus,ALL -9 6 7,pc_scheduled_elapsed_ms,command_echo_no_encoder
2026-06-06_run02_reverse_grid_3x3_pm40_on_r03,42600,0.0,-40.0,-263.27731514697575,-9.0,6.0,7.0,-9.0,6.0,7.0,True,x_center_y_minus,ALL -9 6 7,pc_scheduled_elapsed_ms,command_echo_no_encoder
2026-06-06_run02_reverse_grid_3x3_pm40_on_r03,42700,0.0,-40.0,-263.27731514697575,-9.0,6.0,7.0,-9.0,6.0,7.0,True,x_center_y_minus,ALL -9 6 7,pc_scheduled_elapsed_ms,command_echo_no_encoder
2026-06-06_run02_reverse_grid_3x3_pm40_on_r03,42800,0.0,-40.0,-263.27731514697575,-9.0,6.0,7.0,-9.0,6.0,7.0,True,x_center_y_minus,ALL -9 6 7,pc_scheduled_elapsed_ms,command_echo_no_encoder
2026-06-06_run02_reverse_grid_3x3_pm40_on_r03,42900,0.0,-40.0,-263.27731514697575,-9.0,6.0,7.0,-9.0,6.0,7.0,True,x_center_y_minus,ALL -9 6 7,pc_scheduled_elapsed_ms,command_echo_no_encoder
2026-06-06_run02_reverse_grid_3x3_pm40_on_r03,43000,0.0,-40.0,-263.27731514697575,-9.0,6.0,7.0,-9.0,6.0,7.0,True,x_center_y_minus,ALL -9 6 7,pc_scheduled_elapsed_ms,command_echo_no_encoder
2026-06-06_run02_reverse_grid_3x3_pm40_on_r03,43100,0.0,-40.0,-263.27731514697575,-9.0,6.0,7.0,-9.0,6.0,7.0,True,x_center_y_minus,ALL -9 6 7,pc_scheduled_elapsed_ms,command_echo_no_encoder
2026-06-06_run02_reverse_grid_3x3_pm40_on_r03,43200,0.0,-40.0,-263.27731514697575,-9.0,6.0,7.0,-9.0,6.0,7.0,True,x_center_y_minus,ALL -9 6 7,pc_scheduled_elapsed_ms,command_echo_no_encoder
2026-06-06_run02_reverse_grid_3x3_pm40_on_r03,43300,0.0,-40.0,-263.27731514697575,-9.0,6.0,7.0,-9.0,6.0,7.0,True,x_center_y_minus,ALL -9 6 7,pc_scheduled_elapsed_ms,command_echo_no_encoder
2026-06-06_run02_reverse_grid_3x3_pm40_on_r03,43400,0.0,-40.0,-263.27731514697575,-9.0,6.0,7.0,-9.0,6.0,7.0,True,x_center_y_minus,ALL -9 6 7,pc_scheduled_elapsed_ms,command_echo_no_encoder
2026-06-06_run02_reverse_grid_3x3_pm40_on_r03,43500,0.0,-40.0,-263.27731514697575,-9.0,6.0,7.0,-9.0,6.0,7.0,True,x_center_y_minus,ALL -9 6 7,pc_scheduled_elapsed_ms,command_echo_no_encoder
2026-06-06_run02_reverse_grid_3x3_pm40_on_r03,43600,0.0,-40.0,-263.27731514697575,-9.0,6.0,7.0,-9.0,6.0,7.0,True,x_center_y_minus,ALL -9 6 7,pc_scheduled_elapsed_ms,command_echo_no_encoder
2026-06-06_run02_reverse_grid_3x3_pm40_on_r03,43700,0.0,-40.0,-263.27731514697575,-9.0,6.0,7.0,-9.0,6.0,7.0,True,x_center_y_minus,ALL -9 6 7,pc_scheduled_elapsed_ms,command_echo_no_encoder
2026-06-06_run02_reverse_grid_3x3_pm40_on_r03,43800,0.0,-40.0,-263.27731514697575,-9.0,6.0,7.0,-9.0,6.0,7.0,True,x_center_y_minus,ALL -9 6 7,pc_scheduled_elapsed_ms,command_echo_no_encoder
2026-06-06_run02_reverse_grid_3x3_pm40_on_r03,43900,0.0,-40.0,-263.27731514697575,-9.0,6.0,7.0,-9.0,6.0,7.0,True,x_center_y_minus,ALL -9 6 7,pc_scheduled_elapsed_ms,command_echo_no_encoder
2026-06-06_run02_reverse_grid_3x3_pm40_on_r03,44000,0.0,-40.0,-263.27731514697575,-9.0,6.0,7.0,-9.0,6.0,7.0,True,x_center_y_minus,ALL -9 6 7,pc_scheduled_elapsed_ms,command_echo_no_encoder
2026-06-06_run02_reverse_grid_3x3_pm40_on_r03,44100,0.0,-40.0,-263.27731514697575,-9.0,6.0,7.0,-9.0,6.0,7.0,True,x_center_y_minus,ALL -9 6 7,pc_scheduled_elapsed_ms,command_echo_no_encoder
2026-06-06_run02_reverse_grid_3x3_pm40_on_r03,44200,0.0,-40.0,-263.27731514697575,-9.0,6.0,7.0,-9.0,6.0,7.0,True,x_center_y_minus,ALL -9 6 7,pc_scheduled_elapsed_ms,command_echo_no_encoder
2026-06-06_run02_reverse_grid_3x3_pm40_on_r03,44300,0.0,-40.0,-263.27731514697575,-9.0,6.0,7.0,-9.0,6.0,7.0,True,x_center_y_minus,ALL -9 6 7,pc_scheduled_elapsed_ms,command_echo_no_encoder
2026-06-06_run02_reverse_grid_3x3_pm40_on_r03,44400,0.0,-40.0,-263.27731514697575,-9.0,6.0,7.0,-9.0,6.0,7.0,True,x_center_y_minus,ALL -9 6 7,pc_scheduled_elapsed_ms,command_echo_no_encoder
2026-06-06_run02_reverse_grid_3x3_pm40_on_r03,44500,0.0,-40.0,-263.27731514697575,-9.0,6.0,7.0,-9.0,6.0,7.0,True,x_center_y_minus,ALL -9 6 7,pc_scheduled_elapsed_ms,command_echo_no_encoder
2026-06-06_run02_reverse_grid_3x3_pm40_on_r03,44600,0.0,-40.0,-263.27731514697575,-9.0,6.0,7.0,-9.0,6.0,7.0,True,x_center_y_minus,ALL -9 6 7,pc_scheduled_elapsed_ms,command_echo_no_encoder
2026-06-06_run02_reverse_grid_3x3_pm40_on_r03,44700,0.0,-40.0,-263.27731514697575,-9.0,6.0,7.0,-9.0,6.0,7.0,True,x_center_y_minus,ALL -9 6 7,pc_scheduled_elapsed_ms,command_echo_no_encoder
2026-06-06_run02_reverse_grid_3x3_pm40_on_r03,44800,0.0,-40.0,-263.27731514697575,-9.0,6.0,7.0,-9.0,6.0,7.0,True,x_center_y_minus,ALL -9 6 7,pc_scheduled_elapsed_ms,command_echo_no_encoder
2026-06-06_run02_reverse_grid_3x3_pm40_on_r03,44900,0.0,-40.0,-263.27731514697575,-9.0,6.0,7.0,-9.0,6.0,7.0,True,x_center_y_minus,ALL -9 6 7,pc_scheduled_elapsed_ms,command_echo_no_encoder
2026-06-06_run02_reverse_grid_3x3_pm40_on_r03,45000,-40.0,-40.0,-263.27731514697575,-7.0,16.0,-1.0,-7.0,16.0,-1.0,True,x_minus_y_minus,ALL -7 16 -1,pc_scheduled_elapsed_ms,command_echo_no_encoder
2026-06-06_run02_reverse_grid_3x3_pm40_on_r03,45100,-40.0,-40.0,-263.27731514697575,-7.0,16.0,-1.0,-7.0,16.0,-1.0,True,x_minus_y_minus,ALL -7 16 -1,pc_scheduled_elapsed_ms,command_echo_no_encoder
2026-06-06_run02_reverse_grid_3x3_pm40_on_r03,45200,-40.0,-40.0,-263.27731514697575,-7.0,16.0,-1.0,-7.0,16.0,-1.0,True,x_minus_y_minus,ALL -7 16 -1,pc_scheduled_elapsed_ms,command_echo_no_encoder
2026-06-06_run02_reverse_grid_3x3_pm40_on_r03,45300,-40.0,-40.0,-263.27731514697575,-7.0,16.0,-1.0,-7.0,16.0,-1.0,True,x_minus_y_minus,ALL -7 16 -1,pc_scheduled_elapsed_ms,command_echo_no_encoder
2026-06-06_run02_reverse_grid_3x3_pm40_on_r03,45400,-40.0,-40.0,-263.27731514697575,-7.0,16.0,-1.0,-7.0,16.0,-1.0,True,x_minus_y_minus,ALL -7 16 -1,pc_scheduled_elapsed_ms,command_echo_no_encoder
2026-06-06_run02_reverse_grid_3x3_pm40_on_r03,45500,-40.0,-40.0,-263.27731514697575,-7.0,16.0,-1.0,-7.0,16.0,-1.0,True,x_minus_y_minus,ALL -7 16 -1,pc_scheduled_elapsed_ms,command_echo_no_encoder
2026-06-06_run02_reverse_grid_3x3_pm40_on_r03,45600,-40.0,-40.0,-263.27731514697575,-7.0,16.0,-1.0,-7.0,16.0,-1.0,True,x_minus_y_minus,ALL -7 16 -1,pc_scheduled_elapsed_ms,command_echo_no_encoder
2026-06-06_run02_reverse_grid_3x3_pm40_on_r03,45700,-40.0,-40.0,-263.27731514697575,-7.0,16.0,-1.0,-7.0,16.0,-1.0,True,x_minus_y_minus,ALL -7 16 -1,pc_scheduled_elapsed_ms,command_echo_no_encoder
2026-06-06_run02_reverse_grid_3x3_pm40_on_r03,45800,-40.0,-40.0,-263.27731514697575,-7.0,16.0,-1.0,-7.0,16.0,-1.0,True,x_minus_y_minus,ALL -7 16 -1,pc_scheduled_elapsed_ms,command_echo_no_encoder
2026-06-06_run02_reverse_grid_3x3_pm40_on_r03,45900,-40.0,-40.0,-263.27731514697575,-7.0,16.0,-1.0,-7.0,16.0,-1.0,True,x_minus_y_minus,ALL -7 16 -1,pc_scheduled_elapsed_ms,command_echo_no_encoder
2026-06-06_run02_reverse_grid_3x3_pm40_on_r03,46000,-40.0,-40.0,-263.27731514697575,-7.0,16.0,-1.0,-7.0,16.0,-1.0,True,x_minus_y_minus,ALL -7 16 -1,pc_scheduled_elapsed_ms,command_echo_no_encoder
2026-06-06_run02_reverse_grid_3x3_pm40_on_r03,46100,-40.0,-40.0,-263.27731514697575,-7.0,16.0,-1.0,-7.0,16.0,-1.0,True,x_minus_y_minus,ALL -7 16 -1,pc_scheduled_elapsed_ms,command_echo_no_encoder
2026-06-06_run02_reverse_grid_3x3_pm40_on_r03,46200,-40.0,-40.0,-263.27731514697575,-7.0,16.0,-1.0,-7.0,16.0,-1.0,True,x_minus_y_minus,ALL -7 16 -1,pc_scheduled_elapsed_ms,command_echo_no_encoder
2026-06-06_run02_reverse_grid_3x3_pm40_on_r03,46300,-40.0,-40.0,-263.27731514697575,-7.0,16.0,-1.0,-7.0,16.0,-1.0,True,x_minus_y_minus,ALL -7 16 -1,pc_scheduled_elapsed_ms,command_echo_no_encoder
2026-06-06_run02_reverse_grid_3x3_pm40_on_r03,46400,-40.0,-40.0,-263.27731514697575,-7.0,16.0,-1.0,-7.0,16.0,-1.0,True,x_minus_y_minus,ALL -7 16 -1,pc_scheduled_elapsed_ms,command_echo_no_encoder
2026-06-06_run02_reverse_grid_3x3_pm40_on_r03,46500,-40.0,-40.0,-263.27731514697575,-7.0,16.0,-1.0,-7.0,16.0,-1.0,True,x_minus_y_minus,ALL -7 16 -1,pc_scheduled_elapsed_ms,command_echo_no_encoder
2026-06-06_run02_reverse_grid_3x3_pm40_on_r03,46600,-40.0,-40.0,-263.27731514697575,-7.0,16.0,-1.0,-7.0,16.0,-1.0,True,x_minus_y_minus,ALL -7 16 -1,pc_scheduled_elapsed_ms,command_echo_no_encoder
2026-06-06_run02_reverse_grid_3x3_pm40_on_r03,46700,-40.0,-40.0,-263.27731514697575,-7.0,16.0,-1.0,-7.0,16.0,-1.0,True,x_minus_y_minus,ALL -7 16 -1,pc_scheduled_elapsed_ms,command_echo_no_encoder
2026-06-06_run02_reverse_grid_3x3_pm40_on_r03,46800,-40.0,-40.0,-263.27731514697575,-7.0,16.0,-1.0,-7.0,16.0,-1.0,True,x_minus_y_minus,ALL -7 16 -1,pc_scheduled_elapsed_ms,command_echo_no_encoder
2026-06-06_run02_reverse_grid_3x3_pm40_on_r03,46900,-40.0,-40.0,-263.27731514697575,-7.0,16.0,-1.0,-7.0,16.0,-1.0,True,x_minus_y_minus,ALL -7 16 -1,pc_scheduled_elapsed_ms,command_echo_no_encoder
2026-06-06_run02_reverse_grid_3x3_pm40_on_r03,47000,-40.0,-40.0,-263.27731514697575,-7.0,16.0,-1.0,-7.0,16.0,-1.0,True,x_minus_y_minus,ALL -7 16 -1,pc_scheduled_elapsed_ms,command_echo_no_encoder
2026-06-06_run02_reverse_grid_3x3_pm40_on_r03,47100,-40.0,-40.0,-263.27731514697575,-7.0,16.0,-1.0,-7.0,16.0,-1.0,True,x_minus_y_minus,ALL -7 16 -1,pc_scheduled_elapsed_ms,command_echo_no_encoder
2026-06-06_run02_reverse_grid_3x3_pm40_on_r03,47200,-40.0,-40.0,-263.27731514697575,-7.0,16.0,-1.0,-7.0,16.0,-1.0,True,x_minus_y_minus,ALL -7 16 -1,pc_scheduled_elapsed_ms,command_echo_no_encoder
2026-06-06_run02_reverse_grid_3x3_pm40_on_r03,47300,-40.0,-40.0,-263.27731514697575,-7.0,16.0,-1.0,-7.0,16.0,-1.0,True,x_minus_y_minus,ALL -7 16 -1,pc_scheduled_elapsed_ms,command_echo_no_encoder
2026-06-06_run02_reverse_grid_3x3_pm40_on_r03,47400,-40.0,-40.0,-263.27731514697575,-7.0,16.0,-1.0,-7.0,16.0,-1.0,True,x_minus_y_minus,ALL -7 16 -1,pc_scheduled_elapsed_ms,command_echo_no_encoder
2026-06-06_run02_reverse_grid_3x3_pm40_on_r03,47500,-40.0,-40.0,-263.27731514697575,-7.0,16.0,-1.0,-7.0,16.0,-1.0,True,x_minus_y_minus,ALL -7 16 -1,pc_scheduled_elapsed_ms,command_echo_no_encoder
2026-06-06_run02_reverse_grid_3x3_pm40_on_r03,47600,-40.0,-40.0,-263.27731514697575,-7.0,16.0,-1.0,-7.0,16.0,-1.0,True,x_minus_y_minus,ALL -7 16 -1,pc_scheduled_elapsed_ms,command_echo_no_encoder
2026-06-06_run02_reverse_grid_3x3_pm40_on_r03,47700,-40.0,-40.0,-263.27731514697575,-7.0,16.0,-1.0,-7.0,16.0,-1.0,True,x_minus_y_minus,ALL -7 16 -1,pc_scheduled_elapsed_ms,command_echo_no_encoder
2026-06-06_run02_reverse_grid_3x3_pm40_on_r03,47800,-40.0,-40.0,-263.27731514697575,-7.0,16.0,-1.0,-7.0,16.0,-1.0,True,x_minus_y_minus,ALL -7 16 -1,pc_scheduled_elapsed_ms,command_echo_no_encoder
2026-06-06_run02_reverse_grid_3x3_pm40_on_r03,47900,-40.0,-40.0,-263.27731514697575,-7.0,16.0,-1.0,-7.0,16.0,-1.0,True,x_minus_y_minus,ALL -7 16 -1,pc_scheduled_elapsed_ms,command_echo_no_encoder
2026-06-06_run02_reverse_grid_3x3_pm40_on_r03,48000,-40.0,-40.0,-263.27731514697575,-7.0,16.0,-1.0,-7.0,16.0,-1.0,True,x_minus_y_minus,ALL -7 16 -1,pc_scheduled_elapsed_ms,command_echo_no_encoder
2026-06-06_run02_reverse_grid_3x3_pm40_on_r03,48100,-40.0,-40.0,-263.27731514697575,-7.0,16.0,-1.0,-7.0,16.0,-1.0,True,x_minus_y_minus,ALL -7 16 -1,pc_scheduled_elapsed_ms,command_echo_no_encoder
2026-06-06_run02_reverse_grid_3x3_pm40_on_r03,48200,-40.0,-40.0,-263.27731514697575,-7.0,16.0,-1.0,-7.0,16.0,-1.0,True,x_minus_y_minus,ALL -7 16 -1,pc_scheduled_elapsed_ms,command_echo_no_encoder
2026-06-06_run02_reverse_grid_3x3_pm40_on_r03,48300,-40.0,-40.0,-263.27731514697575,-7.0,16.0,-1.0,-7.0,16.0,-1.0,True,x_minus_y_minus,ALL -7 16 -1,pc_scheduled_elapsed_ms,command_echo_no_encoder
2026-06-06_run02_reverse_grid_3x3_pm40_on_r03,48400,-40.0,-40.0,-263.27731514697575,-7.0,16.0,-1.0,-7.0,16.0,-1.0,True,x_minus_y_minus,ALL -7 16 -1,pc_scheduled_elapsed_ms,command_echo_no_encoder
2026-06-06_run02_reverse_grid_3x3_pm40_on_r03,48500,-40.0,-40.0,-263.27731514697575,-7.0,16.0,-1.0,-7.0,16.0,-1.0,True,x_minus_y_minus,ALL -7 16 -1,pc_scheduled_elapsed_ms,command_echo_no_encoder
2026-06-06_run02_reverse_grid_3x3_pm40_on_r03,48600,-40.0,-40.0,-263.27731514697575,-7.0,16.0,-1.0,-7.0,16.0,-1.0,True,x_minus_y_minus,ALL -7 16 -1,pc_scheduled_elapsed_ms,command_echo_no_encoder
2026-06-06_run02_reverse_grid_3x3_pm40_on_r03,48700,-40.0,-40.0,-263.27731514697575,-7.0,16.0,-1.0,-7.0,16.0,-1.0,True,x_minus_y_minus,ALL -7 16 -1,pc_scheduled_elapsed_ms,command_echo_no_encoder
2026-06-06_run02_reverse_grid_3x3_pm40_on_r03,48800,-40.0,-40.0,-263.27731514697575,-7.0,16.0,-1.0,-7.0,16.0,-1.0,True,x_minus_y_minus,ALL -7 16 -1,pc_scheduled_elapsed_ms,command_echo_no_encoder
2026-06-06_run02_reverse_grid_3x3_pm40_on_r03,48900,-40.0,-40.0,-263.27731514697575,-7.0,16.0,-1.0,-7.0,16.0,-1.0,True,x_minus_y_minus,ALL -7 16 -1,pc_scheduled_elapsed_ms,command_echo_no_encoder
2026-06-06_run02_reverse_grid_3x3_pm40_on_r03,49000,-40.0,-40.0,-263.27731514697575,-7.0,16.0,-1.0,-7.0,16.0,-1.0,True,x_minus_y_minus,ALL -7 16 -1,pc_scheduled_elapsed_ms,command_echo_no_encoder
2026-06-06_run02_reverse_grid_3x3_pm40_on_r03,49100,-40.0,-40.0,-263.27731514697575,-7.0,16.0,-1.0,-7.0,16.0,-1.0,True,x_minus_y_minus,ALL -7 16 -1,pc_scheduled_elapsed_ms,command_echo_no_encoder
2026-06-06_run02_reverse_grid_3x3_pm40_on_r03,49200,-40.0,-40.0,-263.27731514697575,-7.0,16.0,-1.0,-7.0,16.0,-1.0,True,x_minus_y_minus,ALL -7 16 -1,pc_scheduled_elapsed_ms,command_echo_no_encoder
2026-06-06_run02_reverse_grid_3x3_pm40_on_r03,49300,-40.0,-40.0,-263.27731514697575,-7.0,16.0,-1.0,-7.0,16.0,-1.0,True,x_minus_y_minus,ALL -7 16 -1,pc_scheduled_elapsed_ms,command_echo_no_encoder
2026-06-06_run02_reverse_grid_3x3_pm40_on_r03,49400,-40.0,-40.0,-263.27731514697575,-7.0,16.0,-1.0,-7.0,16.0,-1.0,True,x_minus_y_minus,ALL -7 16 -1,pc_scheduled_elapsed_ms,command_echo_no_encoder
2026-06-06_run02_reverse_grid_3x3_pm40_on_r03,49500,-40.0,-40.0,-263.27731514697575,-7.0,16.0,-1.0,-7.0,16.0,-1.0,True,x_minus_y_minus,ALL -7 16 -1,pc_scheduled_elapsed_ms,command_echo_no_encoder
2026-06-06_run02_reverse_grid_3x3_pm40_on_r03,49600,-40.0,-40.0,-263.27731514697575,-7.0,16.0,-1.0,-7.0,16.0,-1.0,True,x_minus_y_minus,ALL -7 16 -1,pc_scheduled_elapsed_ms,command_echo_no_encoder
2026-06-06_run02_reverse_grid_3x3_pm40_on_r03,49700,-40.0,-40.0,-263.27731514697575,-7.0,16.0,-1.0,-7.0,16.0,-1.0,True,x_minus_y_minus,ALL -7 16 -1,pc_scheduled_elapsed_ms,command_echo_no_encoder
2026-06-06_run02_reverse_grid_3x3_pm40_on_r03,49800,-40.0,-40.0,-263.27731514697575,-7.0,16.0,-1.0,-7.0,16.0,-1.0,True,x_minus_y_minus,ALL -7 16 -1,pc_scheduled_elapsed_ms,command_echo_no_encoder
2026-06-06_run02_reverse_grid_3x3_pm40_on_r03,49900,-40.0,-40.0,-263.27731514697575,-7.0,16.0,-1.0,-7.0,16.0,-1.0,True,x_minus_y_minus,ALL -7 16 -1,pc_scheduled_elapsed_ms,command_echo_no_encoder
2026-06-06_run02_reverse_grid_3x3_pm40_on_r03,50000,0.0,0.0,-263.27731514697575,0.0,0.0,0.0,0.0,0.0,0.0,True,home_2,ALL 0 0 0,pc_scheduled_elapsed_ms,command_echo_no_encoder
2026-06-06_run02_reverse_grid_3x3_pm40_on_r03,50100,0.0,0.0,-263.27731514697575,0.0,0.0,0.0,0.0,0.0,0.0,True,home_2,ALL 0 0 0,pc_scheduled_elapsed_ms,command_echo_no_encoder
2026-06-06_run02_reverse_grid_3x3_pm40_on_r03,50200,0.0,0.0,-263.27731514697575,0.0,0.0,0.0,0.0,0.0,0.0,True,home_2,ALL 0 0 0,pc_scheduled_elapsed_ms,command_echo_no_encoder
2026-06-06_run02_reverse_grid_3x3_pm40_on_r03,50300,0.0,0.0,-263.27731514697575,0.0,0.0,0.0,0.0,0.0,0.0,True,home_2,ALL 0 0 0,pc_scheduled_elapsed_ms,command_echo_no_encoder
2026-06-06_run02_reverse_grid_3x3_pm40_on_r03,50400,0.0,0.0,-263.27731514697575,0.0,0.0,0.0,0.0,0.0,0.0,True,home_2,ALL 0 0 0,pc_scheduled_elapsed_ms,command_echo_no_encoder
2026-06-06_run02_reverse_grid_3x3_pm40_on_r03,50500,0.0,0.0,-263.27731514697575,0.0,0.0,0.0,0.0,0.0,0.0,True,home_2,ALL 0 0 0,pc_scheduled_elapsed_ms,command_echo_no_encoder
2026-06-06_run02_reverse_grid_3x3_pm40_on_r03,50600,0.0,0.0,-263.27731514697575,0.0,0.0,0.0,0.0,0.0,0.0,True,home_2,ALL 0 0 0,pc_scheduled_elapsed_ms,command_echo_no_encoder
2026-06-06_run02_reverse_grid_3x3_pm40_on_r03,50700,0.0,0.0,-263.27731514697575,0.0,0.0,0.0,0.0,0.0,0.0,True,home_2,ALL 0 0 0,pc_scheduled_elapsed_ms,command_echo_no_encoder
2026-06-06_run02_reverse_grid_3x3_pm40_on_r03,50800,0.0,0.0,-263.27731514697575,0.0,0.0,0.0,0.0,0.0,0.0,True,home_2,ALL 0 0 0,pc_scheduled_elapsed_ms,command_echo_no_encoder
2026-06-06_run02_reverse_grid_3x3_pm40_on_r03,50900,0.0,0.0,-263.27731514697575,0.0,0.0,0.0,0.0,0.0,0.0,True,home_2,ALL 0 0 0,pc_scheduled_elapsed_ms,command_echo_no_encoder
2026-06-06_run02_reverse_grid_3x3_pm40_on_r03,51000,0.0,0.0,-263.27731514697575,0.0,0.0,0.0,0.0,0.0,0.0,True,home_2,ALL 0 0 0,pc_scheduled_elapsed_ms,command_echo_no_encoder
2026-06-06_run02_reverse_grid_3x3_pm40_on_r03,51100,0.0,0.0,-263.27731514697575,0.0,0.0,0.0,0.0,0.0,0.0,True,home_2,ALL 0 0 0,pc_scheduled_elapsed_ms,command_echo_no_encoder
2026-06-06_run02_reverse_grid_3x3_pm40_on_r03,51200,0.0,0.0,-263.27731514697575,0.0,0.0,0.0,0.0,0.0,0.0,True,home_2,ALL 0 0 0,pc_scheduled_elapsed_ms,command_echo_no_encoder
2026-06-06_run02_reverse_grid_3x3_pm40_on_r03,51300,0.0,0.0,-263.27731514697575,0.0,0.0,0.0,0.0,0.0,0.0,True,home_2,ALL 0 0 0,pc_scheduled_elapsed_ms,command_echo_no_encoder
2026-06-06_run02_reverse_grid_3x3_pm40_on_r03,51400,0.0,0.0,-263.27731514697575,0.0,0.0,0.0,0.0,0.0,0.0,True,home_2,ALL 0 0 0,pc_scheduled_elapsed_ms,command_echo_no_encoder
2026-06-06_run02_reverse_grid_3x3_pm40_on_r03,51500,0.0,0.0,-263.27731514697575,0.0,0.0,0.0,0.0,0.0,0.0,True,home_2,ALL 0 0 0,pc_scheduled_elapsed_ms,command_echo_no_encoder
2026-06-06_run02_reverse_grid_3x3_pm40_on_r03,51600,0.0,0.0,-263.27731514697575,0.0,0.0,0.0,0.0,0.0,0.0,True,home_2,ALL 0 0 0,pc_scheduled_elapsed_ms,command_echo_no_encoder
2026-06-06_run02_reverse_grid_3x3_pm40_on_r03,51700,0.0,0.0,-263.27731514697575,0.0,0.0,0.0,0.0,0.0,0.0,True,home_2,ALL 0 0 0,pc_scheduled_elapsed_ms,command_echo_no_encoder
2026-06-06_run02_reverse_grid_3x3_pm40_on_r03,51800,0.0,0.0,-263.27731514697575,0.0,0.0,0.0,0.0,0.0,0.0,True,home_2,ALL 0 0 0,pc_scheduled_elapsed_ms,command_echo_no_encoder
2026-06-06_run02_reverse_grid_3x3_pm40_on_r03,51900,0.0,0.0,-263.27731514697575,0.0,0.0,0.0,0.0,0.0,0.0,True,home_2,ALL 0 0 0,pc_scheduled_elapsed_ms,command_echo_no_encoder
2026-06-06_run02_reverse_grid_3x3_pm40_on_r03,52000,0.0,0.0,-263.27731514697575,0.0,0.0,0.0,0.0,0.0,0.0,True,home_2,ALL 0 0 0,pc_scheduled_elapsed_ms,command_echo_no_encoder
2026-06-06_run02_reverse_grid_3x3_pm40_on_r03,52100,0.0,0.0,-263.27731514697575,0.0,0.0,0.0,0.0,0.0,0.0,True,home_2,ALL 0 0 0,pc_scheduled_elapsed_ms,command_echo_no_encoder
2026-06-06_run02_reverse_grid_3x3_pm40_on_r03,52200,0.0,0.0,-263.27731514697575,0.0,0.0,0.0,0.0,0.0,0.0,True,home_2,ALL 0 0 0,pc_scheduled_elapsed_ms,command_echo_no_encoder
2026-06-06_run02_reverse_grid_3x3_pm40_on_r03,52300,0.0,0.0,-263.27731514697575,0.0,0.0,0.0,0.0,0.0,0.0,True,home_2,ALL 0 0 0,pc_scheduled_elapsed_ms,command_echo_no_encoder
2026-06-06_run02_reverse_grid_3x3_pm40_on_r03,52400,0.0,0.0,-263.27731514697575,0.0,0.0,0.0,0.0,0.0,0.0,True,home_2,ALL 0 0 0,pc_scheduled_elapsed_ms,command_echo_no_encoder
2026-06-06_run02_reverse_grid_3x3_pm40_on_r03,52500,0.0,0.0,-263.27731514697575,0.0,0.0,0.0,0.0,0.0,0.0,True,home_2,ALL 0 0 0,pc_scheduled_elapsed_ms,command_echo_no_encoder
2026-06-06_run02_reverse_grid_3x3_pm40_on_r03,52600,0.0,0.0,-263.27731514697575,0.0,0.0,0.0,0.0,0.0,0.0,True,home_2,ALL 0 0 0,pc_scheduled_elapsed_ms,command_echo_no_encoder
2026-06-06_run02_reverse_grid_3x3_pm40_on_r03,52700,0.0,0.0,-263.27731514697575,0.0,0.0,0.0,0.0,0.0,0.0,True,home_2,ALL 0 0 0,pc_scheduled_elapsed_ms,command_echo_no_encoder
2026-06-06_run02_reverse_grid_3x3_pm40_on_r03,52800,0.0,0.0,-263.27731514697575,0.0,0.0,0.0,0.0,0.0,0.0,True,home_2,ALL 0 0 0,pc_scheduled_elapsed_ms,command_echo_no_encoder
2026-06-06_run02_reverse_grid_3x3_pm40_on_r03,52900,0.0,0.0,-263.27731514697575,0.0,0.0,0.0,0.0,0.0,0.0,True,home_2,ALL 0 0 0,pc_scheduled_elapsed_ms,command_echo_no_encoder
2026-06-06_run02_reverse_grid_3x3_pm40_on_r03,53000,0.0,0.0,-263.27731514697575,0.0,0.0,0.0,0.0,0.0,0.0,True,home_2,ALL 0 0 0,pc_scheduled_elapsed_ms,command_echo_no_encoder
2026-06-06_run02_reverse_grid_3x3_pm40_on_r03,53100,0.0,0.0,-263.27731514697575,0.0,0.0,0.0,0.0,0.0,0.0,True,home_2,ALL 0 0 0,pc_scheduled_elapsed_ms,command_echo_no_encoder
2026-06-06_run02_reverse_grid_3x3_pm40_on_r03,53200,0.0,0.0,-263.27731514697575,0.0,0.0,0.0,0.0,0.0,0.0,True,home_2,ALL 0 0 0,pc_scheduled_elapsed_ms,command_echo_no_encoder
2026-06-06_run02_reverse_grid_3x3_pm40_on_r03,53300,0.0,0.0,-263.27731514697575,0.0,0.0,0.0,0.0,0.0,0.0,True,home_2,ALL 0 0 0,pc_scheduled_elapsed_ms,command_echo_no_encoder
2026-06-06_run02_reverse_grid_3x3_pm40_on_r03,53400,0.0,0.0,-263.27731514697575,0.0,0.0,0.0,0.0,0.0,0.0,True,home_2,ALL 0 0 0,pc_scheduled_elapsed_ms,command_echo_no_encoder
2026-06-06_run02_reverse_grid_3x3_pm40_on_r03,53500,0.0,0.0,-263.27731514697575,0.0,0.0,0.0,0.0,0.0,0.0,True,home_2,ALL 0 0 0,pc_scheduled_elapsed_ms,command_echo_no_encoder
2026-06-06_run02_reverse_grid_3x3_pm40_on_r03,53600,0.0,0.0,-263.27731514697575,0.0,0.0,0.0,0.0,0.0,0.0,True,home_2,ALL 0 0 0,pc_scheduled_elapsed_ms,command_echo_no_encoder
2026-06-06_run02_reverse_grid_3x3_pm40_on_r03,53700,0.0,0.0,-263.27731514697575,0.0,0.0,0.0,0.0,0.0,0.0,True,home_2,ALL 0 0 0,pc_scheduled_elapsed_ms,command_echo_no_encoder
2026-06-06_run02_reverse_grid_3x3_pm40_on_r03,53800,0.0,0.0,-263.27731514697575,0.0,0.0,0.0,0.0,0.0,0.0,True,home_2,ALL 0 0 0,pc_scheduled_elapsed_ms,command_echo_no_encoder
2026-06-06_run02_reverse_grid_3x3_pm40_on_r03,53900,0.0,0.0,-263.27731514697575,0.0,0.0,0.0,0.0,0.0,0.0,True,home_2,ALL 0 0 0,pc_scheduled_elapsed_ms,command_echo_no_encoder
2026-06-06_run02_reverse_grid_3x3_pm40_on_r03,54000,0.0,0.0,-263.27731514697575,0.0,0.0,0.0,0.0,0.0,0.0,True,home_2,ALL 0 0 0,pc_scheduled_elapsed_ms,command_echo_no_encoder
2026-06-06_run02_reverse_grid_3x3_pm40_on_r03,54100,0.0,0.0,-263.27731514697575,0.0,0.0,0.0,0.0,0.0,0.0,True,home_2,ALL 0 0 0,pc_scheduled_elapsed_ms,command_echo_no_encoder
2026-06-06_run02_reverse_grid_3x3_pm40_on_r03,54200,0.0,0.0,-263.27731514697575,0.0,0.0,0.0,0.0,0.0,0.0,True,home_2,ALL 0 0 0,pc_scheduled_elapsed_ms,command_echo_no_encoder
2026-06-06_run02_reverse_grid_3x3_pm40_on_r03,54300,0.0,0.0,-263.27731514697575,0.0,0.0,0.0,0.0,0.0,0.0,True,home_2,ALL 0 0 0,pc_scheduled_elapsed_ms,command_echo_no_encoder
2026-06-06_run02_reverse_grid_3x3_pm40_on_r03,54400,0.0,0.0,-263.27731514697575,0.0,0.0,0.0,0.0,0.0,0.0,True,home_2,ALL 0 0 0,pc_scheduled_elapsed_ms,command_echo_no_encoder
2026-06-06_run02_reverse_grid_3x3_pm40_on_r03,54500,0.0,0.0,-263.27731514697575,0.0,0.0,0.0,0.0,0.0,0.0,True,home_2,ALL 0 0 0,pc_scheduled_elapsed_ms,command_echo_no_encoder
2026-06-06_run02_reverse_grid_3x3_pm40_on_r03,54600,0.0,0.0,-263.27731514697575,0.0,0.0,0.0,0.0,0.0,0.0,True,home_2,ALL 0 0 0,pc_scheduled_elapsed_ms,command_echo_no_encoder
2026-06-06_run02_reverse_grid_3x3_pm40_on_r03,54700,0.0,0.0,-263.27731514697575,0.0,0.0,0.0,0.0,0.0,0.0,True,home_2,ALL 0 0 0,pc_scheduled_elapsed_ms,command_echo_no_encoder
2026-06-06_run02_reverse_grid_3x3_pm40_on_r03,54800,0.0,0.0,-263.27731514697575,0.0,0.0,0.0,0.0,0.0,0.0,True,home_2,ALL 0 0 0,pc_scheduled_elapsed_ms,command_echo_no_encoder
2026-06-06_run02_reverse_grid_3x3_pm40_on_r03,54900,0.0,0.0,-263.27731514697575,0.0,0.0,0.0,0.0,0.0,0.0,True,home_2,ALL 0 0 0,pc_scheduled_elapsed_ms,command_echo_no_encoder
