run_id,time,target_x,target_y,target_z,theta1_cmd,theta2_cmd,theta3_cmd,theta1_meas,theta2_meas,theta3_meas,valid,phase,command,time_source,theta_meas_source
2026-06-06_run02_reverse_grid_3x3_pm40_off_r01,0,0.0,0.0,-263.27731514697575,0.0,0.0,0.0,0.0,0.0,0.0,True,home_1,ALL 0 0 0,pc_scheduled_elapsed_ms,command_echo_no_encoder
2026-06-06_run02_reverse_grid_3x3_pm40_off_r01,100,0.0,0.0,-263.27731514697575,0.0,0.0,0.0,0.0,0.0,0.0,True,home_1,ALL 0 0 0,pc_scheduled_elapsed_ms,command_echo_no_encoder
2026-06-06_run02_reverse_grid_3x3_pm40_off_r01,200,0.0,0.0,-263.27731514697575,0.0,0.0,0.0,0.0,0.0,0.0,True,home_1,ALL 0 0 0,pc_scheduled_elapsed_ms,command_echo_no_encoder
2026-06-06_run02_reverse_grid_3x3_pm40_off_r01,300,0.0,0.0,-263.27731514697575,0.0,0.0,0.0,0.0,0.0,0.0,True,home_1,ALL 0 0 0,pc_scheduled_elapsed_ms,command_echo_no_encoder
2026-06-06_run02_reverse_grid_3x3_pm40_off_r01,400,0.0,0.0,-263.27731514697575,0.0,0.0,0.0,0.0,0.0,0.0,True,home_1,ALL 0 0 0,pc_scheduled_elapsed_ms,command_echo_no_encoder
2026-06-06_run02_reverse_grid_3x3_pm40_off_r01,500,0.0,0.0,-263.27731514697575,0.0,0.0,0.0,0.0,0.0,0.0,True,home_1,ALL 0 0 0,pc_scheduled_elapsed_ms,command_echo_no_encoder
2026-06-06_run02_reverse_grid_3x3_pm40_off_r01,600,0.0,0.0,-263.27731514697575,0.0,0.0,0.0,0.0,0.0,0.0,True,home_1,ALL 0 0 0,pc_scheduled_elapsed_ms,command_echo_no_encoder
2026-06-06_run02_reverse_grid_3x3_pm40_off_r01,700,0.0,0.0,-263.27731514697575,0.0,0.0,0.0,0.0,0.0,0.0,True,home_1,ALL 0 0 0,pc_scheduled_elapsed_ms,command_echo_no_encoder
2026-06-06_run02_reverse_grid_3x3_pm40_off_r01,800,0.0,0.0,-263.27731514697575,0.0,0.0,0.0,0.0,0.0,0.0,True,home_1,ALL 0 0 0,pc_scheduled_elapsed_ms,command_echo_no_encoder
2026-06-06_run02_reverse_grid_3x3_pm40_off_r01,900,0.0,0.0,-263.27731514697575,0.0,0.0,0.0,0.0,0.0,0.0,True,home_1,ALL 0 0 0,pc_scheduled_elapsed_ms,command_echo_no_encoder
2026-06-06_run02_reverse_grid_3x3_pm40_off_r01,1000,0.0,0.0,-263.27731514697575,0.0,0.0,0.0,0.0,0.0,0.0,True,home_1,ALL 0 0 0,pc_scheduled_elapsed_ms,command_echo_no_encoder
2026-06-06_run02_reverse_grid_3x3_pm40_off_r01,1100,0.0,0.0,-263.27731514697575,0.0,0.0,0.0,0.0,0.0,0.0,True,home_1,ALL 0 0 0,pc_scheduled_elapsed_ms,command_echo_no_encoder
2026-06-06_run02_reverse_grid_3x3_pm40_off_r01,1200,0.0,0.0,-263.27731514697575,0.0,0.0,0.0,0.0,0.0,0.0,True,home_1,ALL 0 0 0,pc_scheduled_elapsed_ms,command_echo_no_encoder
2026-06-06_run02_reverse_grid_3x3_pm40_off_r01,1300,0.0,0.0,-263.27731514697575,0.0,0.0,0.0,0.0,0.0,0.0,True,home_1,ALL 0 0 0,pc_scheduled_elapsed_ms,command_echo_no_encoder
2026-06-06_run02_reverse_grid_3x3_pm40_off_r01,1400,0.0,0.0,-263.27731514697575,0.0,0.0,0.0,0.0,0.0,0.0,True,home_1,ALL 0 0 0,pc_scheduled_elapsed_ms,command_echo_no_encoder
2026-06-06_run02_reverse_grid_3x3_pm40_off_r01,1500,0.0,0.0,-263.27731514697575,0.0,0.0,0.0,0.0,0.0,0.0,True,home_1,ALL 0 0 0,pc_scheduled_elapsed_ms,command_echo_no_encoder
2026-06-06_run02_reverse_grid_3x3_pm40_off_r01,1600,0.0,0.0,-263.27731514697575,0.0,0.0,0.0,0.0,0.0,0.0,True,home_1,ALL 0 0 0,pc_scheduled_elapsed_ms,command_echo_no_encoder
2026-06-06_run02_reverse_grid_3x3_pm40_off_r01,1700,0.0,0.0,-263.27731514697575,0.0,0.0,0.0,0.0,0.0,0.0,True,home_1,ALL 0 0 0,pc_scheduled_elapsed_ms,command_echo_no_encoder
2026-06-06_run02_reverse_grid_3x3_pm40_off_r01,1800,0.0,0.0,-263.27731514697575,0.0,0.0,0.0,0.0,0.0,0.0,True,home_1,ALL 0 0 0,pc_scheduled_elapsed_ms,command_echo_no_encoder
2026-06-06_run02_reverse_grid_3x3_pm40_off_r01,1900,0.0,0.0,-263.27731514697575,0.0,0.0,0.0,0.0,0.0,0.0,True,home_1,ALL 0 0 0,pc_scheduled_elapsed_ms,command_echo_no_encoder
2026-06-06_run02_reverse_grid_3x3_pm40_off_r01,2000,0.0,0.0,-263.27731514697575,0.0,0.0,0.0,0.0,0.0,0.0,True,home_1,ALL 0 0 0,pc_scheduled_elapsed_ms,command_echo_no_encoder
2026-06-06_run02_reverse_grid_3x3_pm40_off_r01,2100,0.0,0.0,-263.27731514697575,0.0,0.0,0.0,0.0,0.0,0.0,True,home_1,ALL 0 0 0,pc_scheduled_elapsed_ms,command_echo_no_encoder
2026-06-06_run02_reverse_grid_3x3_pm40_off_r01,2200,0.0,0.0,-263.27731514697575,0.0,0.0,0.0,0.0,0.0,0.0,True,home_1,ALL 0 0 0,pc_scheduled_elapsed_ms,command_echo_no_encoder
2026-06-06_run02_reverse_grid_3x3_pm40_off_r01,2300,0.0,0.0,-263.27731514697575,0.0,0.0,0.0,0.0,0.0,0.0,True,home_1,ALL 0 0 0,pc_scheduled_elapsed_ms,command_echo_no_encoder
2026-06-06_run02_reverse_grid_3x3_pm40_off_r01,2400,0.0,0.0,-263.27731514697575,0.0,0.0,0.0,0.0,0.0,0.0,True,home_1,ALL 0 0 0,pc_scheduled_elapsed_ms,command_echo_no_encoder
2026-06-06_run02_reverse_grid_3x3_pm40_off_r01,2500,0.0,0.0,-263.27731514697575,0.0,0.0,0.0,0.0,0.0,0.0,True,home_1,ALL 0 0 0,pc_scheduled_elapsed_ms,command_echo_no_encoder
2026-06-06_run02_reverse_grid_3x3_pm40_off_r01,2600,0.0,0.0,-263.27731514697575,0.0,0.0,0.0,0.0,0.0,0.0,True,home_1,ALL 0 0 0,pc_scheduled_elapsed_ms,command_echo_no_encoder
2026-06-06_run02_reverse_grid_3x3_pm40_off_r01,2700,0.0,0.0,-263.27731514697575,0.0,0.0,0.0,0.0,0.0,0.0,True,home_1,ALL 0 0 0,pc_scheduled_elapsed_ms,command_echo_no_encoder
2026-06-06_run02_reverse_grid_3x3_pm40_off_r01,2800,0.0,0.0,-263.27731514697575,0.0,0.0,0.0,0.0,0.0,0.0,True,home_1,ALL 0 0 0,pc_scheduled_elapsed_ms,command_echo_no_encoder
2026-06-06_run02_reverse_grid_3x3_pm40_off_r01,2900,0.0,0.0,-263.27731514697575,0.0,0.0,0.0,0.0,0.0,0.0,True,home_1,ALL 0 0 0,pc_scheduled_elapsed_ms,command_echo_no_encoder
2026-06-06_run02_reverse_grid_3x3_pm40_off_r01,3000,0.0,0.0,-263.27731514697575,0.0,0.0,0.0,0.0,0.0,0.0,True,home_1,ALL 0 0 0,pc_scheduled_elapsed_ms,command_echo_no_encoder
2026-06-06_run02_reverse_grid_3x3_pm40_off_r01,3100,0.0,0.0,-263.27731514697575,0.0,0.0,0.0,0.0,0.0,0.0,True,home_1,ALL 0 0 0,pc_scheduled_elapsed_ms,command_echo_no_encoder
2026-06-06_run02_reverse_grid_3x3_pm40_off_r01,3200,0.0,0.0,-263.27731514697575,0.0,0.0,0.0,0.0,0.0,0.0,True,home_1,ALL 0 0 0,pc_scheduled_elapsed_ms,command_echo_no_encoder
2026-06-06_run02_reverse_grid_3x3_pm40_off_r01,3300,0.0,0.0,-263.27731514697575,0.0,0.0,0.0,0.0,0.0,0.0,True,home_1,ALL 0 0 0,pc_scheduled_elapsed_ms,command_echo_no_encoder
2026-06-06_run02_reverse_grid_3x3_pm40_off_r01,3400,0.0,0.0,-263.27731514697575,0.0,0.0,0.0,0.0,0.0,0.0,True,home_1,ALL 0 0 0,pc_scheduled_elapsed_ms,command_echo_no_encoder
2026-06-06_run02_reverse_grid_3x3_pm40_off_r01,3500,0.0,0.0,-263.27731514697575,0.0,0.0,0.0,0.0,0.0,0.0,True,home_1,ALL 0 0 0,pc_scheduled_elapsed_ms,command_echo_no_encoder
2026-06-06_run02_reverse_grid_3x3_pm40_off_r01,3600,0.0,0.0,-263.27731514697575,0.0,0.0,0.0,0.0,0.0,0.0,True,home_1,ALL 0 0 0,pc_scheduled_elapsed_ms,command_echo_no_encoder
2026-06-06_run02_reverse_grid_3x3_pm40_off_r01,3700,0.0,0.0,-263.27731514697575,0.0,0.0,0.0,0.0,0.0,0.0,True,home_1,ALL 0 0 0,pc_scheduled_elapsed_ms,command_echo_no_encoder
2026-06-06_run02_reverse_grid_3x3_pm40_off_r01,3800,0.0,0.0,-263.27731514697575,0.0,0.0,0.0,0.0,0.0,0.0,True,home_1,ALL 0 0 0,pc_scheduled_elapsed_ms,command_echo_no_encoder
2026-06-06_run02_reverse_grid_3x3_pm40_off_r01,3900,0.0,0.0,-263.27731514697575,0.0,0.0,0.0,0.0,0.0,0.0,True,home_1,ALL 0 0 0,pc_scheduled_elapsed_ms,command_echo_no_encoder
2026-06-06_run02_reverse_grid_3x3_pm40_off_r01,4000,0.0,0.0,-263.27731514697575,0.0,0.0,0.0,0.0,0.0,0.0,True,home_1,ALL 0 0 0,pc_scheduled_elapsed_ms,command_echo_no_encoder
2026-06-06_run02_reverse_grid_3x3_pm40_off_r01,4100,0.0,0.0,-263.27731514697575,0.0,0.0,0.0,0.0,0.0,0.0,True,home_1,ALL 0 0 0,pc_scheduled_elapsed_ms,command_echo_no_encoder
2026-06-06_run02_reverse_grid_3x3_pm40_off_r01,4200,0.0,0.0,-263.27731514697575,0.0,0.0,0.0,0.0,0.0,0.0,True,home_1,ALL 0 0 0,pc_scheduled_elapsed_ms,command_echo_no_encoder
2026-06-06_run02_reverse_grid_3x3_pm40_off_r01,4300,0.0,0.0,-263.27731514697575,0.0,0.0,0.0,0.0,0.0,0.0,True,home_1,ALL 0 0 0,pc_scheduled_elapsed_ms,command_echo_no_encoder
2026-06-06_run02_reverse_grid_3x3_pm40_off_r01,4400,0.0,0.0,-263.27731514697575,0.0,0.0,0.0,0.0,0.0,0.0,True,home_1,ALL 0 0 0,pc_scheduled_elapsed_ms,command_echo_no_encoder
2026-06-06_run02_reverse_grid_3x3_pm40_off_r01,4500,0.0,0.0,-263.27731514697575,0.0,0.0,0.0,0.0,0.0,0.0,True,home_1,ALL 0 0 0,pc_scheduled_elapsed_ms,command_echo_no_encoder
2026-06-06_run02_reverse_grid_3x3_pm40_off_r01,4600,0.0,0.0,-263.27731514697575,0.0,0.0,0.0,0.0,0.0,0.0,True,home_1,ALL 0 0 0,pc_scheduled_elapsed_ms,command_echo_no_encoder
2026-06-06_run02_reverse_grid_3x3_pm40_off_r01,4700,0.0,0.0,-263.27731514697575,0.0,0.0,0.0,0.0,0.0,0.0,True,home_1,ALL 0 0 0,pc_scheduled_elapsed_ms,command_echo_no_encoder
2026-06-06_run02_reverse_grid_3x3_pm40_off_r01,4800,0.0,0.0,-263.27731514697575,0.0,0.0,0.0,0.0,0.0,0.0,True,home_1,ALL 0 0 0,pc_scheduled_elapsed_ms,command_echo_no_encoder
2026-06-06_run02_reverse_grid_3x3_pm40_off_r01,4900,0.0,0.0,-263.27731514697575,0.0,0.0,0.0,0.0,0.0,0.0,True,home_1,ALL 0 0 0,pc_scheduled_elapsed_ms,command_echo_no_encoder
2026-06-06_run02_reverse_grid_3x3_pm40_off_r01,5000,40.0,40.0,-263.27731514697575,13.0,-11.0,6.0,13.0,-11.0,6.0,True,x_plus_y_plus,ALL 13 -11 6,pc_scheduled_elapsed_ms,command_echo_no_encoder
2026-06-06_run02_reverse_grid_3x3_pm40_off_r01,5100,40.0,40.0,-263.27731514697575,13.0,-11.0,6.0,13.0,-11.0,6.0,True,x_plus_y_plus,ALL 13 -11 6,pc_scheduled_elapsed_ms,command_echo_no_encoder
2026-06-06_run02_reverse_grid_3x3_pm40_off_r01,5200,40.0,40.0,-263.27731514697575,13.0,-11.0,6.0,13.0,-11.0,6.0,True,x_plus_y_plus,ALL 13 -11 6,pc_scheduled_elapsed_ms,command_echo_no_encoder
2026-06-06_run02_reverse_grid_3x3_pm40_off_r01,5300,40.0,40.0,-263.27731514697575,13.0,-11.0,6.0,13.0,-11.0,6.0,True,x_plus_y_plus,ALL 13 -11 6,pc_scheduled_elapsed_ms,command_echo_no_encoder
2026-06-06_run02_reverse_grid_3x3_pm40_off_r01,5400,40.0,40.0,-263.27731514697575,13.0,-11.0,6.0,13.0,-11.0,6.0,True,x_plus_y_plus,ALL 13 -11 6,pc_scheduled_elapsed_ms,command_echo_no_encoder
2026-06-06_run02_reverse_grid_3x3_pm40_off_r01,5500,40.0,40.0,-263.27731514697575,13.0,-11.0,6.0,13.0,-11.0,6.0,True,x_plus_y_plus,ALL 13 -11 6,pc_scheduled_elapsed_ms,command_echo_no_encoder
2026-06-06_run02_reverse_grid_3x3_pm40_off_r01,5600,40.0,40.0,-263.27731514697575,13.0,-11.0,6.0,13.0,-11.0,6.0,True,x_plus_y_plus,ALL 13 -11 6,pc_scheduled_elapsed_ms,command_echo_no_encoder
2026-06-06_run02_reverse_grid_3x3_pm40_off_r01,5700,40.0,40.0,-263.27731514697575,13.0,-11.0,6.0,13.0,-11.0,6.0,True,x_plus_y_plus,ALL 13 -11 6,pc_scheduled_elapsed_ms,command_echo_no_encoder
2026-06-06_run02_reverse_grid_3x3_pm40_off_r01,5800,40.0,40.0,-263.27731514697575,13.0,-11.0,6.0,13.0,-11.0,6.0,True,x_plus_y_plus,ALL 13 -11 6,pc_scheduled_elapsed_ms,command_echo_no_encoder
2026-06-06_run02_reverse_grid_3x3_pm40_off_r01,5900,40.0,40.0,-263.27731514697575,13.0,-11.0,6.0,13.0,-11.0,6.0,True,x_plus_y_plus,ALL 13 -11 6,pc_scheduled_elapsed_ms,command_echo_no_encoder
2026-06-06_run02_reverse_grid_3x3_pm40_off_r01,6000,40.0,40.0,-263.27731514697575,13.0,-11.0,6.0,13.0,-11.0,6.0,True,x_plus_y_plus,ALL 13 -11 6,pc_scheduled_elapsed_ms,command_echo_no_encoder
2026-06-06_run02_reverse_grid_3x3_pm40_off_r01,6100,40.0,40.0,-263.27731514697575,13.0,-11.0,6.0,13.0,-11.0,6.0,True,x_plus_y_plus,ALL 13 -11 6,pc_scheduled_elapsed_ms,command_echo_no_encoder
2026-06-06_run02_reverse_grid_3x3_pm40_off_r01,6200,40.0,40.0,-263.27731514697575,13.0,-11.0,6.0,13.0,-11.0,6.0,True,x_plus_y_plus,ALL 13 -11 6,pc_scheduled_elapsed_ms,command_echo_no_encoder
2026-06-06_run02_reverse_grid_3x3_pm40_off_r01,6300,40.0,40.0,-263.27731514697575,13.0,-11.0,6.0,13.0,-11.0,6.0,True,x_plus_y_plus,ALL 13 -11 6,pc_scheduled_elapsed_ms,command_echo_no_encoder
2026-06-06_run02_reverse_grid_3x3_pm40_off_r01,6400,40.0,40.0,-263.27731514697575,13.0,-11.0,6.0,13.0,-11.0,6.0,True,x_plus_y_plus,ALL 13 -11 6,pc_scheduled_elapsed_ms,command_echo_no_encoder
2026-06-06_run02_reverse_grid_3x3_pm40_off_r01,6500,40.0,40.0,-263.27731514697575,13.0,-11.0,6.0,13.0,-11.0,6.0,True,x_plus_y_plus,ALL 13 -11 6,pc_scheduled_elapsed_ms,command_echo_no_encoder
2026-06-06_run02_reverse_grid_3x3_pm40_off_r01,6600,40.0,40.0,-263.27731514697575,13.0,-11.0,6.0,13.0,-11.0,6.0,True,x_plus_y_plus,ALL 13 -11 6,pc_scheduled_elapsed_ms,command_echo_no_encoder
2026-06-06_run02_reverse_grid_3x3_pm40_off_r01,6700,40.0,40.0,-263.27731514697575,13.0,-11.0,6.0,13.0,-11.0,6.0,True,x_plus_y_plus,ALL 13 -11 6,pc_scheduled_elapsed_ms,command_echo_no_encoder
2026-06-06_run02_reverse_grid_3x3_pm40_off_r01,6800,40.0,40.0,-263.27731514697575,13.0,-11.0,6.0,13.0,-11.0,6.0,True,x_plus_y_plus,ALL 13 -11 6,pc_scheduled_elapsed_ms,command_echo_no_encoder
2026-06-06_run02_reverse_grid_3x3_pm40_off_r01,6900,40.0,40.0,-263.27731514697575,13.0,-11.0,6.0,13.0,-11.0,6.0,True,x_plus_y_plus,ALL 13 -11 6,pc_scheduled_elapsed_ms,command_echo_no_encoder
2026-06-06_run02_reverse_grid_3x3_pm40_off_r01,7000,40.0,40.0,-263.27731514697575,13.0,-11.0,6.0,13.0,-11.0,6.0,True,x_plus_y_plus,ALL 13 -11 6,pc_scheduled_elapsed_ms,command_echo_no_encoder
2026-06-06_run02_reverse_grid_3x3_pm40_off_r01,7100,40.0,40.0,-263.27731514697575,13.0,-11.0,6.0,13.0,-11.0,6.0,True,x_plus_y_plus,ALL 13 -11 6,pc_scheduled_elapsed_ms,command_echo_no_encoder
2026-06-06_run02_reverse_grid_3x3_pm40_off_r01,7200,40.0,40.0,-263.27731514697575,13.0,-11.0,6.0,13.0,-11.0,6.0,True,x_plus_y_plus,ALL 13 -11 6,pc_scheduled_elapsed_ms,command_echo_no_encoder
2026-06-06_run02_reverse_grid_3x3_pm40_off_r01,7300,40.0,40.0,-263.27731514697575,13.0,-11.0,6.0,13.0,-11.0,6.0,True,x_plus_y_plus,ALL 13 -11 6,pc_scheduled_elapsed_ms,command_echo_no_encoder
2026-06-06_run02_reverse_grid_3x3_pm40_off_r01,7400,40.0,40.0,-263.27731514697575,13.0,-11.0,6.0,13.0,-11.0,6.0,True,x_plus_y_plus,ALL 13 -11 6,pc_scheduled_elapsed_ms,command_echo_no_encoder
2026-06-06_run02_reverse_grid_3x3_pm40_off_r01,7500,40.0,40.0,-263.27731514697575,13.0,-11.0,6.0,13.0,-11.0,6.0,True,x_plus_y_plus,ALL 13 -11 6,pc_scheduled_elapsed_ms,command_echo_no_encoder
2026-06-06_run02_reverse_grid_3x3_pm40_off_r01,7600,40.0,40.0,-263.27731514697575,13.0,-11.0,6.0,13.0,-11.0,6.0,True,x_plus_y_plus,ALL 13 -11 6,pc_scheduled_elapsed_ms,command_echo_no_encoder
2026-06-06_run02_reverse_grid_3x3_pm40_off_r01,7700,40.0,40.0,-263.27731514697575,13.0,-11.0,6.0,13.0,-11.0,6.0,True,x_plus_y_plus,ALL 13 -11 6,pc_scheduled_elapsed_ms,command_echo_no_encoder
2026-06-06_run02_reverse_grid_3x3_pm40_off_r01,7800,40.0,40.0,-263.27731514697575,13.0,-11.0,6.0,13.0,-11.0,6.0,True,x_plus_y_plus,ALL 13 -11 6,pc_scheduled_elapsed_ms,command_echo_no_encoder
2026-06-06_run02_reverse_grid_3x3_pm40_off_r01,7900,40.0,40.0,-263.27731514697575,13.0,-11.0,6.0,13.0,-11.0,6.0,True,x_plus_y_plus,ALL 13 -11 6,pc_scheduled_elapsed_ms,command_echo_no_encoder
2026-06-06_run02_reverse_grid_3x3_pm40_off_r01,8000,40.0,40.0,-263.27731514697575,13.0,-11.0,6.0,13.0,-11.0,6.0,True,x_plus_y_plus,ALL 13 -11 6,pc_scheduled_elapsed_ms,command_echo_no_encoder
2026-06-06_run02_reverse_grid_3x3_pm40_off_r01,8100,40.0,40.0,-263.27731514697575,13.0,-11.0,6.0,13.0,-11.0,6.0,True,x_plus_y_plus,ALL 13 -11 6,pc_scheduled_elapsed_ms,command_echo_no_encoder
2026-06-06_run02_reverse_grid_3x3_pm40_off_r01,8200,40.0,40.0,-263.27731514697575,13.0,-11.0,6.0,13.0,-11.0,6.0,True,x_plus_y_plus,ALL 13 -11 6,pc_scheduled_elapsed_ms,command_echo_no_encoder
2026-06-06_run02_reverse_grid_3x3_pm40_off_r01,8300,40.0,40.0,-263.27731514697575,13.0,-11.0,6.0,13.0,-11.0,6.0,True,x_plus_y_plus,ALL 13 -11 6,pc_scheduled_elapsed_ms,command_echo_no_encoder
2026-06-06_run02_reverse_grid_3x3_pm40_off_r01,8400,40.0,40.0,-263.27731514697575,13.0,-11.0,6.0,13.0,-11.0,6.0,True,x_plus_y_plus,ALL 13 -11 6,pc_scheduled_elapsed_ms,command_echo_no_encoder
2026-06-06_run02_reverse_grid_3x3_pm40_off_r01,8500,40.0,40.0,-263.27731514697575,13.0,-11.0,6.0,13.0,-11.0,6.0,True,x_plus_y_plus,ALL 13 -11 6,pc_scheduled_elapsed_ms,command_echo_no_encoder
2026-06-06_run02_reverse_grid_3x3_pm40_off_r01,8600,40.0,40.0,-263.27731514697575,13.0,-11.0,6.0,13.0,-11.0,6.0,True,x_plus_y_plus,ALL 13 -11 6,pc_scheduled_elapsed_ms,command_echo_no_encoder
2026-06-06_run02_reverse_grid_3x3_pm40_off_r01,8700,40.0,40.0,-263.27731514697575,13.0,-11.0,6.0,13.0,-11.0,6.0,True,x_plus_y_plus,ALL 13 -11 6,pc_scheduled_elapsed_ms,command_echo_no_encoder
2026-06-06_run02_reverse_grid_3x3_pm40_off_r01,8800,40.0,40.0,-263.27731514697575,13.0,-11.0,6.0,13.0,-11.0,6.0,True,x_plus_y_plus,ALL 13 -11 6,pc_scheduled_elapsed_ms,command_echo_no_encoder
2026-06-06_run02_reverse_grid_3x3_pm40_off_r01,8900,40.0,40.0,-263.27731514697575,13.0,-11.0,6.0,13.0,-11.0,6.0,True,x_plus_y_plus,ALL 13 -11 6,pc_scheduled_elapsed_ms,command_echo_no_encoder
2026-06-06_run02_reverse_grid_3x3_pm40_off_r01,9000,40.0,40.0,-263.27731514697575,13.0,-11.0,6.0,13.0,-11.0,6.0,True,x_plus_y_plus,ALL 13 -11 6,pc_scheduled_elapsed_ms,command_echo_no_encoder
2026-06-06_run02_reverse_grid_3x3_pm40_off_r01,9100,40.0,40.0,-263.27731514697575,13.0,-11.0,6.0,13.0,-11.0,6.0,True,x_plus_y_plus,ALL 13 -11 6,pc_scheduled_elapsed_ms,command_echo_no_encoder
2026-06-06_run02_reverse_grid_3x3_pm40_off_r01,9200,40.0,40.0,-263.27731514697575,13.0,-11.0,6.0,13.0,-11.0,6.0,True,x_plus_y_plus,ALL 13 -11 6,pc_scheduled_elapsed_ms,command_echo_no_encoder
2026-06-06_run02_reverse_grid_3x3_pm40_off_r01,9300,40.0,40.0,-263.27731514697575,13.0,-11.0,6.0,13.0,-11.0,6.0,True,x_plus_y_plus,ALL 13 -11 6,pc_scheduled_elapsed_ms,command_echo_no_encoder
2026-06-06_run02_reverse_grid_3x3_pm40_off_r01,9400,40.0,40.0,-263.27731514697575,13.0,-11.0,6.0,13.0,-11.0,6.0,True,x_plus_y_plus,ALL 13 -11 6,pc_scheduled_elapsed_ms,command_echo_no_encoder
2026-06-06_run02_reverse_grid_3x3_pm40_off_r01,9500,40.0,40.0,-263.27731514697575,13.0,-11.0,6.0,13.0,-11.0,6.0,True,x_plus_y_plus,ALL 13 -11 6,pc_scheduled_elapsed_ms,command_echo_no_encoder
2026-06-06_run02_reverse_grid_3x3_pm40_off_r01,9600,40.0,40.0,-263.27731514697575,13.0,-11.0,6.0,13.0,-11.0,6.0,True,x_plus_y_plus,ALL 13 -11 6,pc_scheduled_elapsed_ms,command_echo_no_encoder
2026-06-06_run02_reverse_grid_3x3_pm40_off_r01,9700,40.0,40.0,-263.27731514697575,13.0,-11.0,6.0,13.0,-11.0,6.0,True,x_plus_y_plus,ALL 13 -11 6,pc_scheduled_elapsed_ms,command_echo_no_encoder
2026-06-06_run02_reverse_grid_3x3_pm40_off_r01,9800,40.0,40.0,-263.27731514697575,13.0,-11.0,6.0,13.0,-11.0,6.0,True,x_plus_y_plus,ALL 13 -11 6,pc_scheduled_elapsed_ms,command_echo_no_encoder
2026-06-06_run02_reverse_grid_3x3_pm40_off_r01,9900,40.0,40.0,-263.27731514697575,13.0,-11.0,6.0,13.0,-11.0,6.0,True,x_plus_y_plus,ALL 13 -11 6,pc_scheduled_elapsed_ms,command_echo_no_encoder
2026-06-06_run02_reverse_grid_3x3_pm40_off_r01,10000,0.0,40.0,-263.27731514697575,11.0,-4.0,-4.0,11.0,-4.0,-4.0,True,x_center_y_plus,ALL 11 -4 -4,pc_scheduled_elapsed_ms,command_echo_no_encoder
2026-06-06_run02_reverse_grid_3x3_pm40_off_r01,10100,0.0,40.0,-263.27731514697575,11.0,-4.0,-4.0,11.0,-4.0,-4.0,True,x_center_y_plus,ALL 11 -4 -4,pc_scheduled_elapsed_ms,command_echo_no_encoder
2026-06-06_run02_reverse_grid_3x3_pm40_off_r01,10200,0.0,40.0,-263.27731514697575,11.0,-4.0,-4.0,11.0,-4.0,-4.0,True,x_center_y_plus,ALL 11 -4 -4,pc_scheduled_elapsed_ms,command_echo_no_encoder
2026-06-06_run02_reverse_grid_3x3_pm40_off_r01,10300,0.0,40.0,-263.27731514697575,11.0,-4.0,-4.0,11.0,-4.0,-4.0,True,x_center_y_plus,ALL 11 -4 -4,pc_scheduled_elapsed_ms,command_echo_no_encoder
2026-06-06_run02_reverse_grid_3x3_pm40_off_r01,10400,0.0,40.0,-263.27731514697575,11.0,-4.0,-4.0,11.0,-4.0,-4.0,True,x_center_y_plus,ALL 11 -4 -4,pc_scheduled_elapsed_ms,command_echo_no_encoder
2026-06-06_run02_reverse_grid_3x3_pm40_off_r01,10500,0.0,40.0,-263.27731514697575,11.0,-4.0,-4.0,11.0,-4.0,-4.0,True,x_center_y_plus,ALL 11 -4 -4,pc_scheduled_elapsed_ms,command_echo_no_encoder
2026-06-06_run02_reverse_grid_3x3_pm40_off_r01,10600,0.0,40.0,-263.27731514697575,11.0,-4.0,-4.0,11.0,-4.0,-4.0,True,x_center_y_plus,ALL 11 -4 -4,pc_scheduled_elapsed_ms,command_echo_no_encoder
2026-06-06_run02_reverse_grid_3x3_pm40_off_r01,10700,0.0,40.0,-263.27731514697575,11.0,-4.0,-4.0,11.0,-4.0,-4.0,True,x_center_y_plus,ALL 11 -4 -4,pc_scheduled_elapsed_ms,command_echo_no_encoder
2026-06-06_run02_reverse_grid_3x3_pm40_off_r01,10800,0.0,40.0,-263.27731514697575,11.0,-4.0,-4.0,11.0,-4.0,-4.0,True,x_center_y_plus,ALL 11 -4 -4,pc_scheduled_elapsed_ms,command_echo_no_encoder
2026-06-06_run02_reverse_grid_3x3_pm40_off_r01,10900,0.0,40.0,-263.27731514697575,11.0,-4.0,-4.0,11.0,-4.0,-4.0,True,x_center_y_plus,ALL 11 -4 -4,pc_scheduled_elapsed_ms,command_echo_no_encoder
2026-06-06_run02_reverse_grid_3x3_pm40_off_r01,11000,0.0,40.0,-263.27731514697575,11.0,-4.0,-4.0,11.0,-4.0,-4.0,True,x_center_y_plus,ALL 11 -4 -4,pc_scheduled_elapsed_ms,command_echo_no_encoder
2026-06-06_run02_reverse_grid_3x3_pm40_off_r01,11100,0.0,40.0,-263.27731514697575,11.0,-4.0,-4.0,11.0,-4.0,-4.0,True,x_center_y_plus,ALL 11 -4 -4,pc_scheduled_elapsed_ms,command_echo_no_encoder
2026-06-06_run02_reverse_grid_3x3_pm40_off_r01,11200,0.0,40.0,-263.27731514697575,11.0,-4.0,-4.0,11.0,-4.0,-4.0,True,x_center_y_plus,ALL 11 -4 -4,pc_scheduled_elapsed_ms,command_echo_no_encoder
2026-06-06_run02_reverse_grid_3x3_pm40_off_r01,11300,0.0,40.0,-263.27731514697575,11.0,-4.0,-4.0,11.0,-4.0,-4.0,True,x_center_y_plus,ALL 11 -4 -4,pc_scheduled_elapsed_ms,command_echo_no_encoder
2026-06-06_run02_reverse_grid_3x3_pm40_off_r01,11400,0.0,40.0,-263.27731514697575,11.0,-4.0,-4.0,11.0,-4.0,-4.0,True,x_center_y_plus,ALL 11 -4 -4,pc_scheduled_elapsed_ms,command_echo_no_encoder
2026-06-06_run02_reverse_grid_3x3_pm40_off_r01,11500,0.0,40.0,-263.27731514697575,11.0,-4.0,-4.0,11.0,-4.0,-4.0,True,x_center_y_plus,ALL 11 -4 -4,pc_scheduled_elapsed_ms,command_echo_no_encoder
2026-06-06_run02_reverse_grid_3x3_pm40_off_r01,11600,0.0,40.0,-263.27731514697575,11.0,-4.0,-4.0,11.0,-4.0,-4.0,True,x_center_y_plus,ALL 11 -4 -4,pc_scheduled_elapsed_ms,command_echo_no_encoder
2026-06-06_run02_reverse_grid_3x3_pm40_off_r01,11700,0.0,40.0,-263.27731514697575,11.0,-4.0,-4.0,11.0,-4.0,-4.0,True,x_center_y_plus,ALL 11 -4 -4,pc_scheduled_elapsed_ms,command_echo_no_encoder
2026-06-06_run02_reverse_grid_3x3_pm40_off_r01,11800,0.0,40.0,-263.27731514697575,11.0,-4.0,-4.0,11.0,-4.0,-4.0,True,x_center_y_plus,ALL 11 -4 -4,pc_scheduled_elapsed_ms,command_echo_no_encoder
2026-06-06_run02_reverse_grid_3x3_pm40_off_r01,11900,0.0,40.0,-263.27731514697575,11.0,-4.0,-4.0,11.0,-4.0,-4.0,True,x_center_y_plus,ALL 11 -4 -4,pc_scheduled_elapsed_ms,command_echo_no_encoder
2026-06-06_run02_reverse_grid_3x3_pm40_off_r01,12000,0.0,40.0,-263.27731514697575,11.0,-4.0,-4.0,11.0,-4.0,-4.0,True,x_center_y_plus,ALL 11 -4 -4,pc_scheduled_elapsed_ms,command_echo_no_encoder
2026-06-06_run02_reverse_grid_3x3_pm40_off_r01,12100,0.0,40.0,-263.27731514697575,11.0,-4.0,-4.0,11.0,-4.0,-4.0,True,x_center_y_plus,ALL 11 -4 -4,pc_scheduled_elapsed_ms,command_echo_no_encoder
2026-06-06_run02_reverse_grid_3x3_pm40_off_r01,12200,0.0,40.0,-263.27731514697575,11.0,-4.0,-4.0,11.0,-4.0,-4.0,True,x_center_y_plus,ALL 11 -4 -4,pc_scheduled_elapsed_ms,command_echo_no_encoder
2026-06-06_run02_reverse_grid_3x3_pm40_off_r01,12300,0.0,40.0,-263.27731514697575,11.0,-4.0,-4.0,11.0,-4.0,-4.0,True,x_center_y_plus,ALL 11 -4 -4,pc_scheduled_elapsed_ms,command_echo_no_encoder
2026-06-06_run02_reverse_grid_3x3_pm40_off_r01,12400,0.0,40.0,-263.27731514697575,11.0,-4.0,-4.0,11.0,-4.0,-4.0,True,x_center_y_plus,ALL 11 -4 -4,pc_scheduled_elapsed_ms,command_echo_no_encoder
2026-06-06_run02_reverse_grid_3x3_pm40_off_r01,12500,0.0,40.0,-263.27731514697575,11.0,-4.0,-4.0,11.0,-4.0,-4.0,True,x_center_y_plus,ALL 11 -4 -4,pc_scheduled_elapsed_ms,command_echo_no_encoder
2026-06-06_run02_reverse_grid_3x3_pm40_off_r01,12600,0.0,40.0,-263.27731514697575,11.0,-4.0,-4.0,11.0,-4.0,-4.0,True,x_center_y_plus,ALL 11 -4 -4,pc_scheduled_elapsed_ms,command_echo_no_encoder
2026-06-06_run02_reverse_grid_3x3_pm40_off_r01,12700,0.0,40.0,-263.27731514697575,11.0,-4.0,-4.0,11.0,-4.0,-4.0,True,x_center_y_plus,ALL 11 -4 -4,pc_scheduled_elapsed_ms,command_echo_no_encoder
2026-06-06_run02_reverse_grid_3x3_pm40_off_r01,12800,0.0,40.0,-263.27731514697575,11.0,-4.0,-4.0,11.0,-4.0,-4.0,True,x_center_y_plus,ALL 11 -4 -4,pc_scheduled_elapsed_ms,command_echo_no_encoder
2026-06-06_run02_reverse_grid_3x3_pm40_off_r01,12900,0.0,40.0,-263.27731514697575,11.0,-4.0,-4.0,11.0,-4.0,-4.0,True,x_center_y_plus,ALL 11 -4 -4,pc_scheduled_elapsed_ms,command_echo_no_encoder
2026-06-06_run02_reverse_grid_3x3_pm40_off_r01,13000,0.0,40.0,-263.27731514697575,11.0,-4.0,-4.0,11.0,-4.0,-4.0,True,x_center_y_plus,ALL 11 -4 -4,pc_scheduled_elapsed_ms,command_echo_no_encoder
2026-06-06_run02_reverse_grid_3x3_pm40_off_r01,13100,0.0,40.0,-263.27731514697575,11.0,-4.0,-4.0,11.0,-4.0,-4.0,True,x_center_y_plus,ALL 11 -4 -4,pc_scheduled_elapsed_ms,command_echo_no_encoder
2026-06-06_run02_reverse_grid_3x3_pm40_off_r01,13200,0.0,40.0,-263.27731514697575,11.0,-4.0,-4.0,11.0,-4.0,-4.0,True,x_center_y_plus,ALL 11 -4 -4,pc_scheduled_elapsed_ms,command_echo_no_encoder
2026-06-06_run02_reverse_grid_3x3_pm40_off_r01,13300,0.0,40.0,-263.27731514697575,11.0,-4.0,-4.0,11.0,-4.0,-4.0,True,x_center_y_plus,ALL 11 -4 -4,pc_scheduled_elapsed_ms,command_echo_no_encoder
2026-06-06_run02_reverse_grid_3x3_pm40_off_r01,13400,0.0,40.0,-263.27731514697575,11.0,-4.0,-4.0,11.0,-4.0,-4.0,True,x_center_y_plus,ALL 11 -4 -4,pc_scheduled_elapsed_ms,command_echo_no_encoder
2026-06-06_run02_reverse_grid_3x3_pm40_off_r01,13500,0.0,40.0,-263.27731514697575,11.0,-4.0,-4.0,11.0,-4.0,-4.0,True,x_center_y_plus,ALL 11 -4 -4,pc_scheduled_elapsed_ms,command_echo_no_encoder
2026-06-06_run02_reverse_grid_3x3_pm40_off_r01,13600,0.0,40.0,-263.27731514697575,11.0,-4.0,-4.0,11.0,-4.0,-4.0,True,x_center_y_plus,ALL 11 -4 -4,pc_scheduled_elapsed_ms,command_echo_no_encoder
2026-06-06_run02_reverse_grid_3x3_pm40_off_r01,13700,0.0,40.0,-263.27731514697575,11.0,-4.0,-4.0,11.0,-4.0,-4.0,True,x_center_y_plus,ALL 11 -4 -4,pc_scheduled_elapsed_ms,command_echo_no_encoder
2026-06-06_run02_reverse_grid_3x3_pm40_off_r01,13800,0.0,40.0,-263.27731514697575,11.0,-4.0,-4.0,11.0,-4.0,-4.0,True,x_center_y_plus,ALL 11 -4 -4,pc_scheduled_elapsed_ms,command_echo_no_encoder
2026-06-06_run02_reverse_grid_3x3_pm40_off_r01,13900,0.0,40.0,-263.27731514697575,11.0,-4.0,-4.0,11.0,-4.0,-4.0,True,x_center_y_plus,ALL 11 -4 -4,pc_scheduled_elapsed_ms,command_echo_no_encoder
2026-06-06_run02_reverse_grid_3x3_pm40_off_r01,14000,0.0,40.0,-263.27731514697575,11.0,-4.0,-4.0,11.0,-4.0,-4.0,True,x_center_y_plus,ALL 11 -4 -4,pc_scheduled_elapsed_ms,command_echo_no_encoder
2026-06-06_run02_reverse_grid_3x3_pm40_off_r01,14100,0.0,40.0,-263.27731514697575,11.0,-4.0,-4.0,11.0,-4.0,-4.0,True,x_center_y_plus,ALL 11 -4 -4,pc_scheduled_elapsed_ms,command_echo_no_encoder
2026-06-06_run02_reverse_grid_3x3_pm40_off_r01,14200,0.0,40.0,-263.27731514697575,11.0,-4.0,-4.0,11.0,-4.0,-4.0,True,x_center_y_plus,ALL 11 -4 -4,pc_scheduled_elapsed_ms,command_echo_no_encoder
2026-06-06_run02_reverse_grid_3x3_pm40_off_r01,14300,0.0,40.0,-263.27731514697575,11.0,-4.0,-4.0,11.0,-4.0,-4.0,True,x_center_y_plus,ALL 11 -4 -4,pc_scheduled_elapsed_ms,command_echo_no_encoder
2026-06-06_run02_reverse_grid_3x3_pm40_off_r01,14400,0.0,40.0,-263.27731514697575,11.0,-4.0,-4.0,11.0,-4.0,-4.0,True,x_center_y_plus,ALL 11 -4 -4,pc_scheduled_elapsed_ms,command_echo_no_encoder
2026-06-06_run02_reverse_grid_3x3_pm40_off_r01,14500,0.0,40.0,-263.27731514697575,11.0,-4.0,-4.0,11.0,-4.0,-4.0,True,x_center_y_plus,ALL 11 -4 -4,pc_scheduled_elapsed_ms,command_echo_no_encoder
2026-06-06_run02_reverse_grid_3x3_pm40_off_r01,14600,0.0,40.0,-263.27731514697575,11.0,-4.0,-4.0,11.0,-4.0,-4.0,True,x_center_y_plus,ALL 11 -4 -4,pc_scheduled_elapsed_ms,command_echo_no_encoder
2026-06-06_run02_reverse_grid_3x3_pm40_off_r01,14700,0.0,40.0,-263.27731514697575,11.0,-4.0,-4.0,11.0,-4.0,-4.0,True,x_center_y_plus,ALL 11 -4 -4,pc_scheduled_elapsed_ms,command_echo_no_encoder
2026-06-06_run02_reverse_grid_3x3_pm40_off_r01,14800,0.0,40.0,-263.27731514697575,11.0,-4.0,-4.0,11.0,-4.0,-4.0,True,x_center_y_plus,ALL 11 -4 -4,pc_scheduled_elapsed_ms,command_echo_no_encoder
2026-06-06_run02_reverse_grid_3x3_pm40_off_r01,14900,0.0,40.0,-263.27731514697575,11.0,-4.0,-4.0,11.0,-4.0,-4.0,True,x_center_y_plus,ALL 11 -4 -4,pc_scheduled_elapsed_ms,command_echo_no_encoder
2026-06-06_run02_reverse_grid_3x3_pm40_off_r01,15000,-40.0,40.0,-263.27731514697575,13.0,6.0,-11.0,13.0,6.0,-11.0,True,x_minus_y_plus,ALL 13 6 -11,pc_scheduled_elapsed_ms,command_echo_no_encoder
2026-06-06_run02_reverse_grid_3x3_pm40_off_r01,15100,-40.0,40.0,-263.27731514697575,13.0,6.0,-11.0,13.0,6.0,-11.0,True,x_minus_y_plus,ALL 13 6 -11,pc_scheduled_elapsed_ms,command_echo_no_encoder
2026-06-06_run02_reverse_grid_3x3_pm40_off_r01,15200,-40.0,40.0,-263.27731514697575,13.0,6.0,-11.0,13.0,6.0,-11.0,True,x_minus_y_plus,ALL 13 6 -11,pc_scheduled_elapsed_ms,command_echo_no_encoder
2026-06-06_run02_reverse_grid_3x3_pm40_off_r01,15300,-40.0,40.0,-263.27731514697575,13.0,6.0,-11.0,13.0,6.0,-11.0,True,x_minus_y_plus,ALL 13 6 -11,pc_scheduled_elapsed_ms,command_echo_no_encoder
2026-06-06_run02_reverse_grid_3x3_pm40_off_r01,15400,-40.0,40.0,-263.27731514697575,13.0,6.0,-11.0,13.0,6.0,-11.0,True,x_minus_y_plus,ALL 13 6 -11,pc_scheduled_elapsed_ms,command_echo_no_encoder
2026-06-06_run02_reverse_grid_3x3_pm40_off_r01,15500,-40.0,40.0,-263.27731514697575,13.0,6.0,-11.0,13.0,6.0,-11.0,True,x_minus_y_plus,ALL 13 6 -11,pc_scheduled_elapsed_ms,command_echo_no_encoder
2026-06-06_run02_reverse_grid_3x3_pm40_off_r01,15600,-40.0,40.0,-263.27731514697575,13.0,6.0,-11.0,13.0,6.0,-11.0,True,x_minus_y_plus,ALL 13 6 -11,pc_scheduled_elapsed_ms,command_echo_no_encoder
2026-06-06_run02_reverse_grid_3x3_pm40_off_r01,15700,-40.0,40.0,-263.27731514697575,13.0,6.0,-11.0,13.0,6.0,-11.0,True,x_minus_y_plus,ALL 13 6 -11,pc_scheduled_elapsed_ms,command_echo_no_encoder
2026-06-06_run02_reverse_grid_3x3_pm40_off_r01,15800,-40.0,40.0,-263.27731514697575,13.0,6.0,-11.0,13.0,6.0,-11.0,True,x_minus_y_plus,ALL 13 6 -11,pc_scheduled_elapsed_ms,command_echo_no_encoder
2026-06-06_run02_reverse_grid_3x3_pm40_off_r01,15900,-40.0,40.0,-263.27731514697575,13.0,6.0,-11.0,13.0,6.0,-11.0,True,x_minus_y_plus,ALL 13 6 -11,pc_scheduled_elapsed_ms,command_echo_no_encoder
2026-06-06_run02_reverse_grid_3x3_pm40_off_r01,16000,-40.0,40.0,-263.27731514697575,13.0,6.0,-11.0,13.0,6.0,-11.0,True,x_minus_y_plus,ALL 13 6 -11,pc_scheduled_elapsed_ms,command_echo_no_encoder
2026-06-06_run02_reverse_grid_3x3_pm40_off_r01,16100,-40.0,40.0,-263.27731514697575,13.0,6.0,-11.0,13.0,6.0,-11.0,True,x_minus_y_plus,ALL 13 6 -11,pc_scheduled_elapsed_ms,command_echo_no_encoder
2026-06-06_run02_reverse_grid_3x3_pm40_off_r01,16200,-40.0,40.0,-263.27731514697575,13.0,6.0,-11.0,13.0,6.0,-11.0,True,x_minus_y_plus,ALL 13 6 -11,pc_scheduled_elapsed_ms,command_echo_no_encoder
2026-06-06_run02_reverse_grid_3x3_pm40_off_r01,16300,-40.0,40.0,-263.27731514697575,13.0,6.0,-11.0,13.0,6.0,-11.0,True,x_minus_y_plus,ALL 13 6 -11,pc_scheduled_elapsed_ms,command_echo_no_encoder
2026-06-06_run02_reverse_grid_3x3_pm40_off_r01,16400,-40.0,40.0,-263.27731514697575,13.0,6.0,-11.0,13.0,6.0,-11.0,True,x_minus_y_plus,ALL 13 6 -11,pc_scheduled_elapsed_ms,command_echo_no_encoder
2026-06-06_run02_reverse_grid_3x3_pm40_off_r01,16500,-40.0,40.0,-263.27731514697575,13.0,6.0,-11.0,13.0,6.0,-11.0,True,x_minus_y_plus,ALL 13 6 -11,pc_scheduled_elapsed_ms,command_echo_no_encoder
2026-06-06_run02_reverse_grid_3x3_pm40_off_r01,16600,-40.0,40.0,-263.27731514697575,13.0,6.0,-11.0,13.0,6.0,-11.0,True,x_minus_y_plus,ALL 13 6 -11,pc_scheduled_elapsed_ms,command_echo_no_encoder
2026-06-06_run02_reverse_grid_3x3_pm40_off_r01,16700,-40.0,40.0,-263.27731514697575,13.0,6.0,-11.0,13.0,6.0,-11.0,True,x_minus_y_plus,ALL 13 6 -11,pc_scheduled_elapsed_ms,command_echo_no_encoder
2026-06-06_run02_reverse_grid_3x3_pm40_off_r01,16800,-40.0,40.0,-263.27731514697575,13.0,6.0,-11.0,13.0,6.0,-11.0,True,x_minus_y_plus,ALL 13 6 -11,pc_scheduled_elapsed_ms,command_echo_no_encoder
2026-06-06_run02_reverse_grid_3x3_pm40_off_r01,16900,-40.0,40.0,-263.27731514697575,13.0,6.0,-11.0,13.0,6.0,-11.0,True,x_minus_y_plus,ALL 13 6 -11,pc_scheduled_elapsed_ms,command_echo_no_encoder
2026-06-06_run02_reverse_grid_3x3_pm40_off_r01,17000,-40.0,40.0,-263.27731514697575,13.0,6.0,-11.0,13.0,6.0,-11.0,True,x_minus_y_plus,ALL 13 6 -11,pc_scheduled_elapsed_ms,command_echo_no_encoder
2026-06-06_run02_reverse_grid_3x3_pm40_off_r01,17100,-40.0,40.0,-263.27731514697575,13.0,6.0,-11.0,13.0,6.0,-11.0,True,x_minus_y_plus,ALL 13 6 -11,pc_scheduled_elapsed_ms,command_echo_no_encoder
2026-06-06_run02_reverse_grid_3x3_pm40_off_r01,17200,-40.0,40.0,-263.27731514697575,13.0,6.0,-11.0,13.0,6.0,-11.0,True,x_minus_y_plus,ALL 13 6 -11,pc_scheduled_elapsed_ms,command_echo_no_encoder
2026-06-06_run02_reverse_grid_3x3_pm40_off_r01,17300,-40.0,40.0,-263.27731514697575,13.0,6.0,-11.0,13.0,6.0,-11.0,True,x_minus_y_plus,ALL 13 6 -11,pc_scheduled_elapsed_ms,command_echo_no_encoder
2026-06-06_run02_reverse_grid_3x3_pm40_off_r01,17400,-40.0,40.0,-263.27731514697575,13.0,6.0,-11.0,13.0,6.0,-11.0,True,x_minus_y_plus,ALL 13 6 -11,pc_scheduled_elapsed_ms,command_echo_no_encoder
2026-06-06_run02_reverse_grid_3x3_pm40_off_r01,17500,-40.0,40.0,-263.27731514697575,13.0,6.0,-11.0,13.0,6.0,-11.0,True,x_minus_y_plus,ALL 13 6 -11,pc_scheduled_elapsed_ms,command_echo_no_encoder
2026-06-06_run02_reverse_grid_3x3_pm40_off_r01,17600,-40.0,40.0,-263.27731514697575,13.0,6.0,-11.0,13.0,6.0,-11.0,True,x_minus_y_plus,ALL 13 6 -11,pc_scheduled_elapsed_ms,command_echo_no_encoder
2026-06-06_run02_reverse_grid_3x3_pm40_off_r01,17700,-40.0,40.0,-263.27731514697575,13.0,6.0,-11.0,13.0,6.0,-11.0,True,x_minus_y_plus,ALL 13 6 -11,pc_scheduled_elapsed_ms,command_echo_no_encoder
2026-06-06_run02_reverse_grid_3x3_pm40_off_r01,17800,-40.0,40.0,-263.27731514697575,13.0,6.0,-11.0,13.0,6.0,-11.0,True,x_minus_y_plus,ALL 13 6 -11,pc_scheduled_elapsed_ms,command_echo_no_encoder
2026-06-06_run02_reverse_grid_3x3_pm40_off_r01,17900,-40.0,40.0,-263.27731514697575,13.0,6.0,-11.0,13.0,6.0,-11.0,True,x_minus_y_plus,ALL 13 6 -11,pc_scheduled_elapsed_ms,command_echo_no_encoder
2026-06-06_run02_reverse_grid_3x3_pm40_off_r01,18000,-40.0,40.0,-263.27731514697575,13.0,6.0,-11.0,13.0,6.0,-11.0,True,x_minus_y_plus,ALL 13 6 -11,pc_scheduled_elapsed_ms,command_echo_no_encoder
2026-06-06_run02_reverse_grid_3x3_pm40_off_r01,18100,-40.0,40.0,-263.27731514697575,13.0,6.0,-11.0,13.0,6.0,-11.0,True,x_minus_y_plus,ALL 13 6 -11,pc_scheduled_elapsed_ms,command_echo_no_encoder
2026-06-06_run02_reverse_grid_3x3_pm40_off_r01,18200,-40.0,40.0,-263.27731514697575,13.0,6.0,-11.0,13.0,6.0,-11.0,True,x_minus_y_plus,ALL 13 6 -11,pc_scheduled_elapsed_ms,command_echo_no_encoder
2026-06-06_run02_reverse_grid_3x3_pm40_off_r01,18300,-40.0,40.0,-263.27731514697575,13.0,6.0,-11.0,13.0,6.0,-11.0,True,x_minus_y_plus,ALL 13 6 -11,pc_scheduled_elapsed_ms,command_echo_no_encoder
2026-06-06_run02_reverse_grid_3x3_pm40_off_r01,18400,-40.0,40.0,-263.27731514697575,13.0,6.0,-11.0,13.0,6.0,-11.0,True,x_minus_y_plus,ALL 13 6 -11,pc_scheduled_elapsed_ms,command_echo_no_encoder
2026-06-06_run02_reverse_grid_3x3_pm40_off_r01,18500,-40.0,40.0,-263.27731514697575,13.0,6.0,-11.0,13.0,6.0,-11.0,True,x_minus_y_plus,ALL 13 6 -11,pc_scheduled_elapsed_ms,command_echo_no_encoder
2026-06-06_run02_reverse_grid_3x3_pm40_off_r01,18600,-40.0,40.0,-263.27731514697575,13.0,6.0,-11.0,13.0,6.0,-11.0,True,x_minus_y_plus,ALL 13 6 -11,pc_scheduled_elapsed_ms,command_echo_no_encoder
2026-06-06_run02_reverse_grid_3x3_pm40_off_r01,18700,-40.0,40.0,-263.27731514697575,13.0,6.0,-11.0,13.0,6.0,-11.0,True,x_minus_y_plus,ALL 13 6 -11,pc_scheduled_elapsed_ms,command_echo_no_encoder
2026-06-06_run02_reverse_grid_3x3_pm40_off_r01,18800,-40.0,40.0,-263.27731514697575,13.0,6.0,-11.0,13.0,6.0,-11.0,True,x_minus_y_plus,ALL 13 6 -11,pc_scheduled_elapsed_ms,command_echo_no_encoder
2026-06-06_run02_reverse_grid_3x3_pm40_off_r01,18900,-40.0,40.0,-263.27731514697575,13.0,6.0,-11.0,13.0,6.0,-11.0,True,x_minus_y_plus,ALL 13 6 -11,pc_scheduled_elapsed_ms,command_echo_no_encoder
2026-06-06_run02_reverse_grid_3x3_pm40_off_r01,19000,-40.0,40.0,-263.27731514697575,13.0,6.0,-11.0,13.0,6.0,-11.0,True,x_minus_y_plus,ALL 13 6 -11,pc_scheduled_elapsed_ms,command_echo_no_encoder
2026-06-06_run02_reverse_grid_3x3_pm40_off_r01,19100,-40.0,40.0,-263.27731514697575,13.0,6.0,-11.0,13.0,6.0,-11.0,True,x_minus_y_plus,ALL 13 6 -11,pc_scheduled_elapsed_ms,command_echo_no_encoder
2026-06-06_run02_reverse_grid_3x3_pm40_off_r01,19200,-40.0,40.0,-263.27731514697575,13.0,6.0,-11.0,13.0,6.0,-11.0,True,x_minus_y_plus,ALL 13 6 -11,pc_scheduled_elapsed_ms,command_echo_no_encoder
2026-06-06_run02_reverse_grid_3x3_pm40_off_r01,19300,-40.0,40.0,-263.27731514697575,13.0,6.0,-11.0,13.0,6.0,-11.0,True,x_minus_y_plus,ALL 13 6 -11,pc_scheduled_elapsed_ms,command_echo_no_encoder
2026-06-06_run02_reverse_grid_3x3_pm40_off_r01,19400,-40.0,40.0,-263.27731514697575,13.0,6.0,-11.0,13.0,6.0,-11.0,True,x_minus_y_plus,ALL 13 6 -11,pc_scheduled_elapsed_ms,command_echo_no_encoder
2026-06-06_run02_reverse_grid_3x3_pm40_off_r01,19500,-40.0,40.0,-263.27731514697575,13.0,6.0,-11.0,13.0,6.0,-11.0,True,x_minus_y_plus,ALL 13 6 -11,pc_scheduled_elapsed_ms,command_echo_no_encoder
2026-06-06_run02_reverse_grid_3x3_pm40_off_r01,19600,-40.0,40.0,-263.27731514697575,13.0,6.0,-11.0,13.0,6.0,-11.0,True,x_minus_y_plus,ALL 13 6 -11,pc_scheduled_elapsed_ms,command_echo_no_encoder
2026-06-06_run02_reverse_grid_3x3_pm40_off_r01,19700,-40.0,40.0,-263.27731514697575,13.0,6.0,-11.0,13.0,6.0,-11.0,True,x_minus_y_plus,ALL 13 6 -11,pc_scheduled_elapsed_ms,command_echo_no_encoder
2026-06-06_run02_reverse_grid_3x3_pm40_off_r01,19800,-40.0,40.0,-263.27731514697575,13.0,6.0,-11.0,13.0,6.0,-11.0,True,x_minus_y_plus,ALL 13 6 -11,pc_scheduled_elapsed_ms,command_echo_no_encoder
2026-06-06_run02_reverse_grid_3x3_pm40_off_r01,19900,-40.0,40.0,-263.27731514697575,13.0,6.0,-11.0,13.0,6.0,-11.0,True,x_minus_y_plus,ALL 13 6 -11,pc_scheduled_elapsed_ms,command_echo_no_encoder
2026-06-06_run02_reverse_grid_3x3_pm40_off_r01,20000,40.0,0.0,-263.27731514697575,1.0,-7.0,10.0,1.0,-7.0,10.0,True,x_plus_y_center,ALL 1 -7 10,pc_scheduled_elapsed_ms,command_echo_no_encoder
2026-06-06_run02_reverse_grid_3x3_pm40_off_r01,20100,40.0,0.0,-263.27731514697575,1.0,-7.0,10.0,1.0,-7.0,10.0,True,x_plus_y_center,ALL 1 -7 10,pc_scheduled_elapsed_ms,command_echo_no_encoder
2026-06-06_run02_reverse_grid_3x3_pm40_off_r01,20200,40.0,0.0,-263.27731514697575,1.0,-7.0,10.0,1.0,-7.0,10.0,True,x_plus_y_center,ALL 1 -7 10,pc_scheduled_elapsed_ms,command_echo_no_encoder
2026-06-06_run02_reverse_grid_3x3_pm40_off_r01,20300,40.0,0.0,-263.27731514697575,1.0,-7.0,10.0,1.0,-7.0,10.0,True,x_plus_y_center,ALL 1 -7 10,pc_scheduled_elapsed_ms,command_echo_no_encoder
2026-06-06_run02_reverse_grid_3x3_pm40_off_r01,20400,40.0,0.0,-263.27731514697575,1.0,-7.0,10.0,1.0,-7.0,10.0,True,x_plus_y_center,ALL 1 -7 10,pc_scheduled_elapsed_ms,command_echo_no_encoder
2026-06-06_run02_reverse_grid_3x3_pm40_off_r01,20500,40.0,0.0,-263.27731514697575,1.0,-7.0,10.0,1.0,-7.0,10.0,True,x_plus_y_center,ALL 1 -7 10,pc_scheduled_elapsed_ms,command_echo_no_encoder
2026-06-06_run02_reverse_grid_3x3_pm40_off_r01,20600,40.0,0.0,-263.27731514697575,1.0,-7.0,10.0,1.0,-7.0,10.0,True,x_plus_y_center,ALL 1 -7 10,pc_scheduled_elapsed_ms,command_echo_no_encoder
2026-06-06_run02_reverse_grid_3x3_pm40_off_r01,20700,40.0,0.0,-263.27731514697575,1.0,-7.0,10.0,1.0,-7.0,10.0,True,x_plus_y_center,ALL 1 -7 10,pc_scheduled_elapsed_ms,command_echo_no_encoder
2026-06-06_run02_reverse_grid_3x3_pm40_off_r01,20800,40.0,0.0,-263.27731514697575,1.0,-7.0,10.0,1.0,-7.0,10.0,True,x_plus_y_center,ALL 1 -7 10,pc_scheduled_elapsed_ms,command_echo_no_encoder
2026-06-06_run02_reverse_grid_3x3_pm40_off_r01,20900,40.0,0.0,-263.27731514697575,1.0,-7.0,10.0,1.0,-7.0,10.0,True,x_plus_y_center,ALL 1 -7 10,pc_scheduled_elapsed_ms,command_echo_no_encoder
2026-06-06_run02_reverse_grid_3x3_pm40_off_r01,21000,40.0,0.0,-263.27731514697575,1.0,-7.0,10.0,1.0,-7.0,10.0,True,x_plus_y_center,ALL 1 -7 10,pc_scheduled_elapsed_ms,command_echo_no_encoder
2026-06-06_run02_reverse_grid_3x3_pm40_off_r01,21100,40.0,0.0,-263.27731514697575,1.0,-7.0,10.0,1.0,-7.0,10.0,True,x_plus_y_center,ALL 1 -7 10,pc_scheduled_elapsed_ms,command_echo_no_encoder
2026-06-06_run02_reverse_grid_3x3_pm40_off_r01,21200,40.0,0.0,-263.27731514697575,1.0,-7.0,10.0,1.0,-7.0,10.0,True,x_plus_y_center,ALL 1 -7 10,pc_scheduled_elapsed_ms,command_echo_no_encoder
2026-06-06_run02_reverse_grid_3x3_pm40_off_r01,21300,40.0,0.0,-263.27731514697575,1.0,-7.0,10.0,1.0,-7.0,10.0,True,x_plus_y_center,ALL 1 -7 10,pc_scheduled_elapsed_ms,command_echo_no_encoder
2026-06-06_run02_reverse_grid_3x3_pm40_off_r01,21400,40.0,0.0,-263.27731514697575,1.0,-7.0,10.0,1.0,-7.0,10.0,True,x_plus_y_center,ALL 1 -7 10,pc_scheduled_elapsed_ms,command_echo_no_encoder
2026-06-06_run02_reverse_grid_3x3_pm40_off_r01,21500,40.0,0.0,-263.27731514697575,1.0,-7.0,10.0,1.0,-7.0,10.0,True,x_plus_y_center,ALL 1 -7 10,pc_scheduled_elapsed_ms,command_echo_no_encoder
2026-06-06_run02_reverse_grid_3x3_pm40_off_r01,21600,40.0,0.0,-263.27731514697575,1.0,-7.0,10.0,1.0,-7.0,10.0,True,x_plus_y_center,ALL 1 -7 10,pc_scheduled_elapsed_ms,command_echo_no_encoder
2026-06-06_run02_reverse_grid_3x3_pm40_off_r01,21700,40.0,0.0,-263.27731514697575,1.0,-7.0,10.0,1.0,-7.0,10.0,True,x_plus_y_center,ALL 1 -7 10,pc_scheduled_elapsed_ms,command_echo_no_encoder
2026-06-06_run02_reverse_grid_3x3_pm40_off_r01,21800,40.0,0.0,-263.27731514697575,1.0,-7.0,10.0,1.0,-7.0,10.0,True,x_plus_y_center,ALL 1 -7 10,pc_scheduled_elapsed_ms,command_echo_no_encoder
2026-06-06_run02_reverse_grid_3x3_pm40_off_r01,21900,40.0,0.0,-263.27731514697575,1.0,-7.0,10.0,1.0,-7.0,10.0,True,x_plus_y_center,ALL 1 -7 10,pc_scheduled_elapsed_ms,command_echo_no_encoder
2026-06-06_run02_reverse_grid_3x3_pm40_off_r01,22000,40.0,0.0,-263.27731514697575,1.0,-7.0,10.0,1.0,-7.0,10.0,True,x_plus_y_center,ALL 1 -7 10,pc_scheduled_elapsed_ms,command_echo_no_encoder
2026-06-06_run02_reverse_grid_3x3_pm40_off_r01,22100,40.0,0.0,-263.27731514697575,1.0,-7.0,10.0,1.0,-7.0,10.0,True,x_plus_y_center,ALL 1 -7 10,pc_scheduled_elapsed_ms,command_echo_no_encoder
2026-06-06_run02_reverse_grid_3x3_pm40_off_r01,22200,40.0,0.0,-263.27731514697575,1.0,-7.0,10.0,1.0,-7.0,10.0,True,x_plus_y_center,ALL 1 -7 10,pc_scheduled_elapsed_ms,command_echo_no_encoder
2026-06-06_run02_reverse_grid_3x3_pm40_off_r01,22300,40.0,0.0,-263.27731514697575,1.0,-7.0,10.0,1.0,-7.0,10.0,True,x_plus_y_center,ALL 1 -7 10,pc_scheduled_elapsed_ms,command_echo_no_encoder
2026-06-06_run02_reverse_grid_3x3_pm40_off_r01,22400,40.0,0.0,-263.27731514697575,1.0,-7.0,10.0,1.0,-7.0,10.0,True,x_plus_y_center,ALL 1 -7 10,pc_scheduled_elapsed_ms,command_echo_no_encoder
2026-06-06_run02_reverse_grid_3x3_pm40_off_r01,22500,40.0,0.0,-263.27731514697575,1.0,-7.0,10.0,1.0,-7.0,10.0,True,x_plus_y_center,ALL 1 -7 10,pc_scheduled_elapsed_ms,command_echo_no_encoder
2026-06-06_run02_reverse_grid_3x3_pm40_off_r01,22600,40.0,0.0,-263.27731514697575,1.0,-7.0,10.0,1.0,-7.0,10.0,True,x_plus_y_center,ALL 1 -7 10,pc_scheduled_elapsed_ms,command_echo_no_encoder
2026-06-06_run02_reverse_grid_3x3_pm40_off_r01,22700,40.0,0.0,-263.27731514697575,1.0,-7.0,10.0,1.0,-7.0,10.0,True,x_plus_y_center,ALL 1 -7 10,pc_scheduled_elapsed_ms,command_echo_no_encoder
2026-06-06_run02_reverse_grid_3x3_pm40_off_r01,22800,40.0,0.0,-263.27731514697575,1.0,-7.0,10.0,1.0,-7.0,10.0,True,x_plus_y_center,ALL 1 -7 10,pc_scheduled_elapsed_ms,command_echo_no_encoder
2026-06-06_run02_reverse_grid_3x3_pm40_off_r01,22900,40.0,0.0,-263.27731514697575,1.0,-7.0,10.0,1.0,-7.0,10.0,True,x_plus_y_center,ALL 1 -7 10,pc_scheduled_elapsed_ms,command_echo_no_encoder
2026-06-06_run02_reverse_grid_3x3_pm40_off_r01,23000,40.0,0.0,-263.27731514697575,1.0,-7.0,10.0,1.0,-7.0,10.0,True,x_plus_y_center,ALL 1 -7 10,pc_scheduled_elapsed_ms,command_echo_no_encoder
2026-06-06_run02_reverse_grid_3x3_pm40_off_r01,23100,40.0,0.0,-263.27731514697575,1.0,-7.0,10.0,1.0,-7.0,10.0,True,x_plus_y_center,ALL 1 -7 10,pc_scheduled_elapsed_ms,command_echo_no_encoder
2026-06-06_run02_reverse_grid_3x3_pm40_off_r01,23200,40.0,0.0,-263.27731514697575,1.0,-7.0,10.0,1.0,-7.0,10.0,True,x_plus_y_center,ALL 1 -7 10,pc_scheduled_elapsed_ms,command_echo_no_encoder
2026-06-06_run02_reverse_grid_3x3_pm40_off_r01,23300,40.0,0.0,-263.27731514697575,1.0,-7.0,10.0,1.0,-7.0,10.0,True,x_plus_y_center,ALL 1 -7 10,pc_scheduled_elapsed_ms,command_echo_no_encoder
2026-06-06_run02_reverse_grid_3x3_pm40_off_r01,23400,40.0,0.0,-263.27731514697575,1.0,-7.0,10.0,1.0,-7.0,10.0,True,x_plus_y_center,ALL 1 -7 10,pc_scheduled_elapsed_ms,command_echo_no_encoder
2026-06-06_run02_reverse_grid_3x3_pm40_off_r01,23500,40.0,0.0,-263.27731514697575,1.0,-7.0,10.0,1.0,-7.0,10.0,True,x_plus_y_center,ALL 1 -7 10,pc_scheduled_elapsed_ms,command_echo_no_encoder
2026-06-06_run02_reverse_grid_3x3_pm40_off_r01,23600,40.0,0.0,-263.27731514697575,1.0,-7.0,10.0,1.0,-7.0,10.0,True,x_plus_y_center,ALL 1 -7 10,pc_scheduled_elapsed_ms,command_echo_no_encoder
2026-06-06_run02_reverse_grid_3x3_pm40_off_r01,23700,40.0,0.0,-263.27731514697575,1.0,-7.0,10.0,1.0,-7.0,10.0,True,x_plus_y_center,ALL 1 -7 10,pc_scheduled_elapsed_ms,command_echo_no_encoder
2026-06-06_run02_reverse_grid_3x3_pm40_off_r01,23800,40.0,0.0,-263.27731514697575,1.0,-7.0,10.0,1.0,-7.0,10.0,True,x_plus_y_center,ALL 1 -7 10,pc_scheduled_elapsed_ms,command_echo_no_encoder
2026-06-06_run02_reverse_grid_3x3_pm40_off_r01,23900,40.0,0.0,-263.27731514697575,1.0,-7.0,10.0,1.0,-7.0,10.0,True,x_plus_y_center,ALL 1 -7 10,pc_scheduled_elapsed_ms,command_echo_no_encoder
2026-06-06_run02_reverse_grid_3x3_pm40_off_r01,24000,40.0,0.0,-263.27731514697575,1.0,-7.0,10.0,1.0,-7.0,10.0,True,x_plus_y_center,ALL 1 -7 10,pc_scheduled_elapsed_ms,command_echo_no_encoder
2026-06-06_run02_reverse_grid_3x3_pm40_off_r01,24100,40.0,0.0,-263.27731514697575,1.0,-7.0,10.0,1.0,-7.0,10.0,True,x_plus_y_center,ALL 1 -7 10,pc_scheduled_elapsed_ms,command_echo_no_encoder
2026-06-06_run02_reverse_grid_3x3_pm40_off_r01,24200,40.0,0.0,-263.27731514697575,1.0,-7.0,10.0,1.0,-7.0,10.0,True,x_plus_y_center,ALL 1 -7 10,pc_scheduled_elapsed_ms,command_echo_no_encoder
2026-06-06_run02_reverse_grid_3x3_pm40_off_r01,24300,40.0,0.0,-263.27731514697575,1.0,-7.0,10.0,1.0,-7.0,10.0,True,x_plus_y_center,ALL 1 -7 10,pc_scheduled_elapsed_ms,command_echo_no_encoder
2026-06-06_run02_reverse_grid_3x3_pm40_off_r01,24400,40.0,0.0,-263.27731514697575,1.0,-7.0,10.0,1.0,-7.0,10.0,True,x_plus_y_center,ALL 1 -7 10,pc_scheduled_elapsed_ms,command_echo_no_encoder
2026-06-06_run02_reverse_grid_3x3_pm40_off_r01,24500,40.0,0.0,-263.27731514697575,1.0,-7.0,10.0,1.0,-7.0,10.0,True,x_plus_y_center,ALL 1 -7 10,pc_scheduled_elapsed_ms,command_echo_no_encoder
2026-06-06_run02_reverse_grid_3x3_pm40_off_r01,24600,40.0,0.0,-263.27731514697575,1.0,-7.0,10.0,1.0,-7.0,10.0,True,x_plus_y_center,ALL 1 -7 10,pc_scheduled_elapsed_ms,command_echo_no_encoder
2026-06-06_run02_reverse_grid_3x3_pm40_off_r01,24700,40.0,0.0,-263.27731514697575,1.0,-7.0,10.0,1.0,-7.0,10.0,True,x_plus_y_center,ALL 1 -7 10,pc_scheduled_elapsed_ms,command_echo_no_encoder
2026-06-06_run02_reverse_grid_3x3_pm40_off_r01,24800,40.0,0.0,-263.27731514697575,1.0,-7.0,10.0,1.0,-7.0,10.0,True,x_plus_y_center,ALL 1 -7 10,pc_scheduled_elapsed_ms,command_echo_no_encoder
2026-06-06_run02_reverse_grid_3x3_pm40_off_r01,24900,40.0,0.0,-263.27731514697575,1.0,-7.0,10.0,1.0,-7.0,10.0,True,x_plus_y_center,ALL 1 -7 10,pc_scheduled_elapsed_ms,command_echo_no_encoder
2026-06-06_run02_reverse_grid_3x3_pm40_off_r01,25000,0.0,0.0,-263.27731514697575,0.0,0.0,0.0,0.0,0.0,0.0,True,center,ALL 0 0 0,pc_scheduled_elapsed_ms,command_echo_no_encoder
2026-06-06_run02_reverse_grid_3x3_pm40_off_r01,25100,0.0,0.0,-263.27731514697575,0.0,0.0,0.0,0.0,0.0,0.0,True,center,ALL 0 0 0,pc_scheduled_elapsed_ms,command_echo_no_encoder
2026-06-06_run02_reverse_grid_3x3_pm40_off_r01,25200,0.0,0.0,-263.27731514697575,0.0,0.0,0.0,0.0,0.0,0.0,True,center,ALL 0 0 0,pc_scheduled_elapsed_ms,command_echo_no_encoder
2026-06-06_run02_reverse_grid_3x3_pm40_off_r01,25300,0.0,0.0,-263.27731514697575,0.0,0.0,0.0,0.0,0.0,0.0,True,center,ALL 0 0 0,pc_scheduled_elapsed_ms,command_echo_no_encoder
2026-06-06_run02_reverse_grid_3x3_pm40_off_r01,25400,0.0,0.0,-263.27731514697575,0.0,0.0,0.0,0.0,0.0,0.0,True,center,ALL 0 0 0,pc_scheduled_elapsed_ms,command_echo_no_encoder
2026-06-06_run02_reverse_grid_3x3_pm40_off_r01,25500,0.0,0.0,-263.27731514697575,0.0,0.0,0.0,0.0,0.0,0.0,True,center,ALL 0 0 0,pc_scheduled_elapsed_ms,command_echo_no_encoder
2026-06-06_run02_reverse_grid_3x3_pm40_off_r01,25600,0.0,0.0,-263.27731514697575,0.0,0.0,0.0,0.0,0.0,0.0,True,center,ALL 0 0 0,pc_scheduled_elapsed_ms,command_echo_no_encoder
2026-06-06_run02_reverse_grid_3x3_pm40_off_r01,25700,0.0,0.0,-263.27731514697575,0.0,0.0,0.0,0.0,0.0,0.0,True,center,ALL 0 0 0,pc_scheduled_elapsed_ms,command_echo_no_encoder
2026-06-06_run02_reverse_grid_3x3_pm40_off_r01,25800,0.0,0.0,-263.27731514697575,0.0,0.0,0.0,0.0,0.0,0.0,True,center,ALL 0 0 0,pc_scheduled_elapsed_ms,command_echo_no_encoder
2026-06-06_run02_reverse_grid_3x3_pm40_off_r01,25900,0.0,0.0,-263.27731514697575,0.0,0.0,0.0,0.0,0.0,0.0,True,center,ALL 0 0 0,pc_scheduled_elapsed_ms,command_echo_no_encoder
2026-06-06_run02_reverse_grid_3x3_pm40_off_r01,26000,0.0,0.0,-263.27731514697575,0.0,0.0,0.0,0.0,0.0,0.0,True,center,ALL 0 0 0,pc_scheduled_elapsed_ms,command_echo_no_encoder
2026-06-06_run02_reverse_grid_3x3_pm40_off_r01,26100,0.0,0.0,-263.27731514697575,0.0,0.0,0.0,0.0,0.0,0.0,True,center,ALL 0 0 0,pc_scheduled_elapsed_ms,command_echo_no_encoder
2026-06-06_run02_reverse_grid_3x3_pm40_off_r01,26200,0.0,0.0,-263.27731514697575,0.0,0.0,0.0,0.0,0.0,0.0,True,center,ALL 0 0 0,pc_scheduled_elapsed_ms,command_echo_no_encoder
2026-06-06_run02_reverse_grid_3x3_pm40_off_r01,26300,0.0,0.0,-263.27731514697575,0.0,0.0,0.0,0.0,0.0,0.0,True,center,ALL 0 0 0,pc_scheduled_elapsed_ms,command_echo_no_encoder
2026-06-06_run02_reverse_grid_3x3_pm40_off_r01,26400,0.0,0.0,-263.27731514697575,0.0,0.0,0.0,0.0,0.0,0.0,True,center,ALL 0 0 0,pc_scheduled_elapsed_ms,command_echo_no_encoder
2026-06-06_run02_reverse_grid_3x3_pm40_off_r01,26500,0.0,0.0,-263.27731514697575,0.0,0.0,0.0,0.0,0.0,0.0,True,center,ALL 0 0 0,pc_scheduled_elapsed_ms,command_echo_no_encoder
2026-06-06_run02_reverse_grid_3x3_pm40_off_r01,26600,0.0,0.0,-263.27731514697575,0.0,0.0,0.0,0.0,0.0,0.0,True,center,ALL 0 0 0,pc_scheduled_elapsed_ms,command_echo_no_encoder
2026-06-06_run02_reverse_grid_3x3_pm40_off_r01,26700,0.0,0.0,-263.27731514697575,0.0,0.0,0.0,0.0,0.0,0.0,True,center,ALL 0 0 0,pc_scheduled_elapsed_ms,command_echo_no_encoder
2026-06-06_run02_reverse_grid_3x3_pm40_off_r01,26800,0.0,0.0,-263.27731514697575,0.0,0.0,0.0,0.0,0.0,0.0,True,center,ALL 0 0 0,pc_scheduled_elapsed_ms,command_echo_no_encoder
2026-06-06_run02_reverse_grid_3x3_pm40_off_r01,26900,0.0,0.0,-263.27731514697575,0.0,0.0,0.0,0.0,0.0,0.0,True,center,ALL 0 0 0,pc_scheduled_elapsed_ms,command_echo_no_encoder
2026-06-06_run02_reverse_grid_3x3_pm40_off_r01,27000,0.0,0.0,-263.27731514697575,0.0,0.0,0.0,0.0,0.0,0.0,True,center,ALL 0 0 0,pc_scheduled_elapsed_ms,command_echo_no_encoder
2026-06-06_run02_reverse_grid_3x3_pm40_off_r01,27100,0.0,0.0,-263.27731514697575,0.0,0.0,0.0,0.0,0.0,0.0,True,center,ALL 0 0 0,pc_scheduled_elapsed_ms,command_echo_no_encoder
2026-06-06_run02_reverse_grid_3x3_pm40_off_r01,27200,0.0,0.0,-263.27731514697575,0.0,0.0,0.0,0.0,0.0,0.0,True,center,ALL 0 0 0,pc_scheduled_elapsed_ms,command_echo_no_encoder
2026-06-06_run02_reverse_grid_3x3_pm40_off_r01,27300,0.0,0.0,-263.27731514697575,0.0,0.0,0.0,0.0,0.0,0.0,True,center,ALL 0 0 0,pc_scheduled_elapsed_ms,command_echo_no_encoder
2026-06-06_run02_reverse_grid_3x3_pm40_off_r01,27400,0.0,0.0,-263.27731514697575,0.0,0.0,0.0,0.0,0.0,0.0,True,center,ALL 0 0 0,pc_scheduled_elapsed_ms,command_echo_no_encoder
2026-06-06_run02_reverse_grid_3x3_pm40_off_r01,27500,0.0,0.0,-263.27731514697575,0.0,0.0,0.0,0.0,0.0,0.0,True,center,ALL 0 0 0,pc_scheduled_elapsed_ms,command_echo_no_encoder
2026-06-06_run02_reverse_grid_3x3_pm40_off_r01,27600,0.0,0.0,-263.27731514697575,0.0,0.0,0.0,0.0,0.0,0.0,True,center,ALL 0 0 0,pc_scheduled_elapsed_ms,command_echo_no_encoder
2026-06-06_run02_reverse_grid_3x3_pm40_off_r01,27700,0.0,0.0,-263.27731514697575,0.0,0.0,0.0,0.0,0.0,0.0,True,center,ALL 0 0 0,pc_scheduled_elapsed_ms,command_echo_no_encoder
2026-06-06_run02_reverse_grid_3x3_pm40_off_r01,27800,0.0,0.0,-263.27731514697575,0.0,0.0,0.0,0.0,0.0,0.0,True,center,ALL 0 0 0,pc_scheduled_elapsed_ms,command_echo_no_encoder
2026-06-06_run02_reverse_grid_3x3_pm40_off_r01,27900,0.0,0.0,-263.27731514697575,0.0,0.0,0.0,0.0,0.0,0.0,True,center,ALL 0 0 0,pc_scheduled_elapsed_ms,command_echo_no_encoder
2026-06-06_run02_reverse_grid_3x3_pm40_off_r01,28000,0.0,0.0,-263.27731514697575,0.0,0.0,0.0,0.0,0.0,0.0,True,center,ALL 0 0 0,pc_scheduled_elapsed_ms,command_echo_no_encoder
2026-06-06_run02_reverse_grid_3x3_pm40_off_r01,28100,0.0,0.0,-263.27731514697575,0.0,0.0,0.0,0.0,0.0,0.0,True,center,ALL 0 0 0,pc_scheduled_elapsed_ms,command_echo_no_encoder
2026-06-06_run02_reverse_grid_3x3_pm40_off_r01,28200,0.0,0.0,-263.27731514697575,0.0,0.0,0.0,0.0,0.0,0.0,True,center,ALL 0 0 0,pc_scheduled_elapsed_ms,command_echo_no_encoder
2026-06-06_run02_reverse_grid_3x3_pm40_off_r01,28300,0.0,0.0,-263.27731514697575,0.0,0.0,0.0,0.0,0.0,0.0,True,center,ALL 0 0 0,pc_scheduled_elapsed_ms,command_echo_no_encoder
2026-06-06_run02_reverse_grid_3x3_pm40_off_r01,28400,0.0,0.0,-263.27731514697575,0.0,0.0,0.0,0.0,0.0,0.0,True,center,ALL 0 0 0,pc_scheduled_elapsed_ms,command_echo_no_encoder
2026-06-06_run02_reverse_grid_3x3_pm40_off_r01,28500,0.0,0.0,-263.27731514697575,0.0,0.0,0.0,0.0,0.0,0.0,True,center,ALL 0 0 0,pc_scheduled_elapsed_ms,command_echo_no_encoder
2026-06-06_run02_reverse_grid_3x3_pm40_off_r01,28600,0.0,0.0,-263.27731514697575,0.0,0.0,0.0,0.0,0.0,0.0,True,center,ALL 0 0 0,pc_scheduled_elapsed_ms,command_echo_no_encoder
2026-06-06_run02_reverse_grid_3x3_pm40_off_r01,28700,0.0,0.0,-263.27731514697575,0.0,0.0,0.0,0.0,0.0,0.0,True,center,ALL 0 0 0,pc_scheduled_elapsed_ms,command_echo_no_encoder
2026-06-06_run02_reverse_grid_3x3_pm40_off_r01,28800,0.0,0.0,-263.27731514697575,0.0,0.0,0.0,0.0,0.0,0.0,True,center,ALL 0 0 0,pc_scheduled_elapsed_ms,command_echo_no_encoder
2026-06-06_run02_reverse_grid_3x3_pm40_off_r01,28900,0.0,0.0,-263.27731514697575,0.0,0.0,0.0,0.0,0.0,0.0,True,center,ALL 0 0 0,pc_scheduled_elapsed_ms,command_echo_no_encoder
2026-06-06_run02_reverse_grid_3x3_pm40_off_r01,29000,0.0,0.0,-263.27731514697575,0.0,0.0,0.0,0.0,0.0,0.0,True,center,ALL 0 0 0,pc_scheduled_elapsed_ms,command_echo_no_encoder
2026-06-06_run02_reverse_grid_3x3_pm40_off_r01,29100,0.0,0.0,-263.27731514697575,0.0,0.0,0.0,0.0,0.0,0.0,True,center,ALL 0 0 0,pc_scheduled_elapsed_ms,command_echo_no_encoder
2026-06-06_run02_reverse_grid_3x3_pm40_off_r01,29200,0.0,0.0,-263.27731514697575,0.0,0.0,0.0,0.0,0.0,0.0,True,center,ALL 0 0 0,pc_scheduled_elapsed_ms,command_echo_no_encoder
2026-06-06_run02_reverse_grid_3x3_pm40_off_r01,29300,0.0,0.0,-263.27731514697575,0.0,0.0,0.0,0.0,0.0,0.0,True,center,ALL 0 0 0,pc_scheduled_elapsed_ms,command_echo_no_encoder
2026-06-06_run02_reverse_grid_3x3_pm40_off_r01,29400,0.0,0.0,-263.27731514697575,0.0,0.0,0.0,0.0,0.0,0.0,True,center,ALL 0 0 0,pc_scheduled_elapsed_ms,command_echo_no_encoder
2026-06-06_run02_reverse_grid_3x3_pm40_off_r01,29500,0.0,0.0,-263.27731514697575,0.0,0.0,0.0,0.0,0.0,0.0,True,center,ALL 0 0 0,pc_scheduled_elapsed_ms,command_echo_no_encoder
2026-06-06_run02_reverse_grid_3x3_pm40_off_r01,29600,0.0,0.0,-263.27731514697575,0.0,0.0,0.0,0.0,0.0,0.0,True,center,ALL 0 0 0,pc_scheduled_elapsed_ms,command_echo_no_encoder
2026-06-06_run02_reverse_grid_3x3_pm40_off_r01,29700,0.0,0.0,-263.27731514697575,0.0,0.0,0.0,0.0,0.0,0.0,True,center,ALL 0 0 0,pc_scheduled_elapsed_ms,command_echo_no_encoder
2026-06-06_run02_reverse_grid_3x3_pm40_off_r01,29800,0.0,0.0,-263.27731514697575,0.0,0.0,0.0,0.0,0.0,0.0,True,center,ALL 0 0 0,pc_scheduled_elapsed_ms,command_echo_no_encoder
2026-06-06_run02_reverse_grid_3x3_pm40_off_r01,29900,0.0,0.0,-263.27731514697575,0.0,0.0,0.0,0.0,0.0,0.0,True,center,ALL 0 0 0,pc_scheduled_elapsed_ms,command_echo_no_encoder
2026-06-06_run02_reverse_grid_3x3_pm40_off_r01,30000,-40.0,0.0,-263.27731514697575,1.0,10.0,-7.0,1.0,10.0,-7.0,True,x_minus_y_center,ALL 1 10 -7,pc_scheduled_elapsed_ms,command_echo_no_encoder
2026-06-06_run02_reverse_grid_3x3_pm40_off_r01,30100,-40.0,0.0,-263.27731514697575,1.0,10.0,-7.0,1.0,10.0,-7.0,True,x_minus_y_center,ALL 1 10 -7,pc_scheduled_elapsed_ms,command_echo_no_encoder
2026-06-06_run02_reverse_grid_3x3_pm40_off_r01,30200,-40.0,0.0,-263.27731514697575,1.0,10.0,-7.0,1.0,10.0,-7.0,True,x_minus_y_center,ALL 1 10 -7,pc_scheduled_elapsed_ms,command_echo_no_encoder
2026-06-06_run02_reverse_grid_3x3_pm40_off_r01,30300,-40.0,0.0,-263.27731514697575,1.0,10.0,-7.0,1.0,10.0,-7.0,True,x_minus_y_center,ALL 1 10 -7,pc_scheduled_elapsed_ms,command_echo_no_encoder
2026-06-06_run02_reverse_grid_3x3_pm40_off_r01,30400,-40.0,0.0,-263.27731514697575,1.0,10.0,-7.0,1.0,10.0,-7.0,True,x_minus_y_center,ALL 1 10 -7,pc_scheduled_elapsed_ms,command_echo_no_encoder
2026-06-06_run02_reverse_grid_3x3_pm40_off_r01,30500,-40.0,0.0,-263.27731514697575,1.0,10.0,-7.0,1.0,10.0,-7.0,True,x_minus_y_center,ALL 1 10 -7,pc_scheduled_elapsed_ms,command_echo_no_encoder
2026-06-06_run02_reverse_grid_3x3_pm40_off_r01,30600,-40.0,0.0,-263.27731514697575,1.0,10.0,-7.0,1.0,10.0,-7.0,True,x_minus_y_center,ALL 1 10 -7,pc_scheduled_elapsed_ms,command_echo_no_encoder
2026-06-06_run02_reverse_grid_3x3_pm40_off_r01,30700,-40.0,0.0,-263.27731514697575,1.0,10.0,-7.0,1.0,10.0,-7.0,True,x_minus_y_center,ALL 1 10 -7,pc_scheduled_elapsed_ms,command_echo_no_encoder
2026-06-06_run02_reverse_grid_3x3_pm40_off_r01,30800,-40.0,0.0,-263.27731514697575,1.0,10.0,-7.0,1.0,10.0,-7.0,True,x_minus_y_center,ALL 1 10 -7,pc_scheduled_elapsed_ms,command_echo_no_encoder
2026-06-06_run02_reverse_grid_3x3_pm40_off_r01,30900,-40.0,0.0,-263.27731514697575,1.0,10.0,-7.0,1.0,10.0,-7.0,True,x_minus_y_center,ALL 1 10 -7,pc_scheduled_elapsed_ms,command_echo_no_encoder
2026-06-06_run02_reverse_grid_3x3_pm40_off_r01,31000,-40.0,0.0,-263.27731514697575,1.0,10.0,-7.0,1.0,10.0,-7.0,True,x_minus_y_center,ALL 1 10 -7,pc_scheduled_elapsed_ms,command_echo_no_encoder
2026-06-06_run02_reverse_grid_3x3_pm40_off_r01,31100,-40.0,0.0,-263.27731514697575,1.0,10.0,-7.0,1.0,10.0,-7.0,True,x_minus_y_center,ALL 1 10 -7,pc_scheduled_elapsed_ms,command_echo_no_encoder
2026-06-06_run02_reverse_grid_3x3_pm40_off_r01,31200,-40.0,0.0,-263.27731514697575,1.0,10.0,-7.0,1.0,10.0,-7.0,True,x_minus_y_center,ALL 1 10 -7,pc_scheduled_elapsed_ms,command_echo_no_encoder
2026-06-06_run02_reverse_grid_3x3_pm40_off_r01,31300,-40.0,0.0,-263.27731514697575,1.0,10.0,-7.0,1.0,10.0,-7.0,True,x_minus_y_center,ALL 1 10 -7,pc_scheduled_elapsed_ms,command_echo_no_encoder
2026-06-06_run02_reverse_grid_3x3_pm40_off_r01,31400,-40.0,0.0,-263.27731514697575,1.0,10.0,-7.0,1.0,10.0,-7.0,True,x_minus_y_center,ALL 1 10 -7,pc_scheduled_elapsed_ms,command_echo_no_encoder
2026-06-06_run02_reverse_grid_3x3_pm40_off_r01,31500,-40.0,0.0,-263.27731514697575,1.0,10.0,-7.0,1.0,10.0,-7.0,True,x_minus_y_center,ALL 1 10 -7,pc_scheduled_elapsed_ms,command_echo_no_encoder
2026-06-06_run02_reverse_grid_3x3_pm40_off_r01,31600,-40.0,0.0,-263.27731514697575,1.0,10.0,-7.0,1.0,10.0,-7.0,True,x_minus_y_center,ALL 1 10 -7,pc_scheduled_elapsed_ms,command_echo_no_encoder
2026-06-06_run02_reverse_grid_3x3_pm40_off_r01,31700,-40.0,0.0,-263.27731514697575,1.0,10.0,-7.0,1.0,10.0,-7.0,True,x_minus_y_center,ALL 1 10 -7,pc_scheduled_elapsed_ms,command_echo_no_encoder
2026-06-06_run02_reverse_grid_3x3_pm40_off_r01,31800,-40.0,0.0,-263.27731514697575,1.0,10.0,-7.0,1.0,10.0,-7.0,True,x_minus_y_center,ALL 1 10 -7,pc_scheduled_elapsed_ms,command_echo_no_encoder
2026-06-06_run02_reverse_grid_3x3_pm40_off_r01,31900,-40.0,0.0,-263.27731514697575,1.0,10.0,-7.0,1.0,10.0,-7.0,True,x_minus_y_center,ALL 1 10 -7,pc_scheduled_elapsed_ms,command_echo_no_encoder
2026-06-06_run02_reverse_grid_3x3_pm40_off_r01,32000,-40.0,0.0,-263.27731514697575,1.0,10.0,-7.0,1.0,10.0,-7.0,True,x_minus_y_center,ALL 1 10 -7,pc_scheduled_elapsed_ms,command_echo_no_encoder
2026-06-06_run02_reverse_grid_3x3_pm40_off_r01,32100,-40.0,0.0,-263.27731514697575,1.0,10.0,-7.0,1.0,10.0,-7.0,True,x_minus_y_center,ALL 1 10 -7,pc_scheduled_elapsed_ms,command_echo_no_encoder
2026-06-06_run02_reverse_grid_3x3_pm40_off_r01,32200,-40.0,0.0,-263.27731514697575,1.0,10.0,-7.0,1.0,10.0,-7.0,True,x_minus_y_center,ALL 1 10 -7,pc_scheduled_elapsed_ms,command_echo_no_encoder
2026-06-06_run02_reverse_grid_3x3_pm40_off_r01,32300,-40.0,0.0,-263.27731514697575,1.0,10.0,-7.0,1.0,10.0,-7.0,True,x_minus_y_center,ALL 1 10 -7,pc_scheduled_elapsed_ms,command_echo_no_encoder
2026-06-06_run02_reverse_grid_3x3_pm40_off_r01,32400,-40.0,0.0,-263.27731514697575,1.0,10.0,-7.0,1.0,10.0,-7.0,True,x_minus_y_center,ALL 1 10 -7,pc_scheduled_elapsed_ms,command_echo_no_encoder
2026-06-06_run02_reverse_grid_3x3_pm40_off_r01,32500,-40.0,0.0,-263.27731514697575,1.0,10.0,-7.0,1.0,10.0,-7.0,True,x_minus_y_center,ALL 1 10 -7,pc_scheduled_elapsed_ms,command_echo_no_encoder
2026-06-06_run02_reverse_grid_3x3_pm40_off_r01,32600,-40.0,0.0,-263.27731514697575,1.0,10.0,-7.0,1.0,10.0,-7.0,True,x_minus_y_center,ALL 1 10 -7,pc_scheduled_elapsed_ms,command_echo_no_encoder
2026-06-06_run02_reverse_grid_3x3_pm40_off_r01,32700,-40.0,0.0,-263.27731514697575,1.0,10.0,-7.0,1.0,10.0,-7.0,True,x_minus_y_center,ALL 1 10 -7,pc_scheduled_elapsed_ms,command_echo_no_encoder
2026-06-06_run02_reverse_grid_3x3_pm40_off_r01,32800,-40.0,0.0,-263.27731514697575,1.0,10.0,-7.0,1.0,10.0,-7.0,True,x_minus_y_center,ALL 1 10 -7,pc_scheduled_elapsed_ms,command_echo_no_encoder
2026-06-06_run02_reverse_grid_3x3_pm40_off_r01,32900,-40.0,0.0,-263.27731514697575,1.0,10.0,-7.0,1.0,10.0,-7.0,True,x_minus_y_center,ALL 1 10 -7,pc_scheduled_elapsed_ms,command_echo_no_encoder
2026-06-06_run02_reverse_grid_3x3_pm40_off_r01,33000,-40.0,0.0,-263.27731514697575,1.0,10.0,-7.0,1.0,10.0,-7.0,True,x_minus_y_center,ALL 1 10 -7,pc_scheduled_elapsed_ms,command_echo_no_encoder
2026-06-06_run02_reverse_grid_3x3_pm40_off_r01,33100,-40.0,0.0,-263.27731514697575,1.0,10.0,-7.0,1.0,10.0,-7.0,True,x_minus_y_center,ALL 1 10 -7,pc_scheduled_elapsed_ms,command_echo_no_encoder
2026-06-06_run02_reverse_grid_3x3_pm40_off_r01,33200,-40.0,0.0,-263.27731514697575,1.0,10.0,-7.0,1.0,10.0,-7.0,True,x_minus_y_center,ALL 1 10 -7,pc_scheduled_elapsed_ms,command_echo_no_encoder
2026-06-06_run02_reverse_grid_3x3_pm40_off_r01,33300,-40.0,0.0,-263.27731514697575,1.0,10.0,-7.0,1.0,10.0,-7.0,True,x_minus_y_center,ALL 1 10 -7,pc_scheduled_elapsed_ms,command_echo_no_encoder
2026-06-06_run02_reverse_grid_3x3_pm40_off_r01,33400,-40.0,0.0,-263.27731514697575,1.0,10.0,-7.0,1.0,10.0,-7.0,True,x_minus_y_center,ALL 1 10 -7,pc_scheduled_elapsed_ms,command_echo_no_encoder
2026-06-06_run02_reverse_grid_3x3_pm40_off_r01,33500,-40.0,0.0,-263.27731514697575,1.0,10.0,-7.0,1.0,10.0,-7.0,True,x_minus_y_center,ALL 1 10 -7,pc_scheduled_elapsed_ms,command_echo_no_encoder
2026-06-06_run02_reverse_grid_3x3_pm40_off_r01,33600,-40.0,0.0,-263.27731514697575,1.0,10.0,-7.0,1.0,10.0,-7.0,True,x_minus_y_center,ALL 1 10 -7,pc_scheduled_elapsed_ms,command_echo_no_encoder
2026-06-06_run02_reverse_grid_3x3_pm40_off_r01,33700,-40.0,0.0,-263.27731514697575,1.0,10.0,-7.0,1.0,10.0,-7.0,True,x_minus_y_center,ALL 1 10 -7,pc_scheduled_elapsed_ms,command_echo_no_encoder
2026-06-06_run02_reverse_grid_3x3_pm40_off_r01,33800,-40.0,0.0,-263.27731514697575,1.0,10.0,-7.0,1.0,10.0,-7.0,True,x_minus_y_center,ALL 1 10 -7,pc_scheduled_elapsed_ms,command_echo_no_encoder
2026-06-06_run02_reverse_grid_3x3_pm40_off_r01,33900,-40.0,0.0,-263.27731514697575,1.0,10.0,-7.0,1.0,10.0,-7.0,True,x_minus_y_center,ALL 1 10 -7,pc_scheduled_elapsed_ms,command_echo_no_encoder
2026-06-06_run02_reverse_grid_3x3_pm40_off_r01,34000,-40.0,0.0,-263.27731514697575,1.0,10.0,-7.0,1.0,10.0,-7.0,True,x_minus_y_center,ALL 1 10 -7,pc_scheduled_elapsed_ms,command_echo_no_encoder
2026-06-06_run02_reverse_grid_3x3_pm40_off_r01,34100,-40.0,0.0,-263.27731514697575,1.0,10.0,-7.0,1.0,10.0,-7.0,True,x_minus_y_center,ALL 1 10 -7,pc_scheduled_elapsed_ms,command_echo_no_encoder
2026-06-06_run02_reverse_grid_3x3_pm40_off_r01,34200,-40.0,0.0,-263.27731514697575,1.0,10.0,-7.0,1.0,10.0,-7.0,True,x_minus_y_center,ALL 1 10 -7,pc_scheduled_elapsed_ms,command_echo_no_encoder
2026-06-06_run02_reverse_grid_3x3_pm40_off_r01,34300,-40.0,0.0,-263.27731514697575,1.0,10.0,-7.0,1.0,10.0,-7.0,True,x_minus_y_center,ALL 1 10 -7,pc_scheduled_elapsed_ms,command_echo_no_encoder
2026-06-06_run02_reverse_grid_3x3_pm40_off_r01,34400,-40.0,0.0,-263.27731514697575,1.0,10.0,-7.0,1.0,10.0,-7.0,True,x_minus_y_center,ALL 1 10 -7,pc_scheduled_elapsed_ms,command_echo_no_encoder
2026-06-06_run02_reverse_grid_3x3_pm40_off_r01,34500,-40.0,0.0,-263.27731514697575,1.0,10.0,-7.0,1.0,10.0,-7.0,True,x_minus_y_center,ALL 1 10 -7,pc_scheduled_elapsed_ms,command_echo_no_encoder
2026-06-06_run02_reverse_grid_3x3_pm40_off_r01,34600,-40.0,0.0,-263.27731514697575,1.0,10.0,-7.0,1.0,10.0,-7.0,True,x_minus_y_center,ALL 1 10 -7,pc_scheduled_elapsed_ms,command_echo_no_encoder
2026-06-06_run02_reverse_grid_3x3_pm40_off_r01,34700,-40.0,0.0,-263.27731514697575,1.0,10.0,-7.0,1.0,10.0,-7.0,True,x_minus_y_center,ALL 1 10 -7,pc_scheduled_elapsed_ms,command_echo_no_encoder
2026-06-06_run02_reverse_grid_3x3_pm40_off_r01,34800,-40.0,0.0,-263.27731514697575,1.0,10.0,-7.0,1.0,10.0,-7.0,True,x_minus_y_center,ALL 1 10 -7,pc_scheduled_elapsed_ms,command_echo_no_encoder
2026-06-06_run02_reverse_grid_3x3_pm40_off_r01,34900,-40.0,0.0,-263.27731514697575,1.0,10.0,-7.0,1.0,10.0,-7.0,True,x_minus_y_center,ALL 1 10 -7,pc_scheduled_elapsed_ms,command_echo_no_encoder
2026-06-06_run02_reverse_grid_3x3_pm40_off_r01,35000,40.0,-40.0,-263.27731514697575,-7.0,-1.0,16.0,-7.0,-1.0,16.0,True,x_plus_y_minus,ALL -7 -1 16,pc_scheduled_elapsed_ms,command_echo_no_encoder
2026-06-06_run02_reverse_grid_3x3_pm40_off_r01,35100,40.0,-40.0,-263.27731514697575,-7.0,-1.0,16.0,-7.0,-1.0,16.0,True,x_plus_y_minus,ALL -7 -1 16,pc_scheduled_elapsed_ms,command_echo_no_encoder
2026-06-06_run02_reverse_grid_3x3_pm40_off_r01,35200,40.0,-40.0,-263.27731514697575,-7.0,-1.0,16.0,-7.0,-1.0,16.0,True,x_plus_y_minus,ALL -7 -1 16,pc_scheduled_elapsed_ms,command_echo_no_encoder
2026-06-06_run02_reverse_grid_3x3_pm40_off_r01,35300,40.0,-40.0,-263.27731514697575,-7.0,-1.0,16.0,-7.0,-1.0,16.0,True,x_plus_y_minus,ALL -7 -1 16,pc_scheduled_elapsed_ms,command_echo_no_encoder
2026-06-06_run02_reverse_grid_3x3_pm40_off_r01,35400,40.0,-40.0,-263.27731514697575,-7.0,-1.0,16.0,-7.0,-1.0,16.0,True,x_plus_y_minus,ALL -7 -1 16,pc_scheduled_elapsed_ms,command_echo_no_encoder
2026-06-06_run02_reverse_grid_3x3_pm40_off_r01,35500,40.0,-40.0,-263.27731514697575,-7.0,-1.0,16.0,-7.0,-1.0,16.0,True,x_plus_y_minus,ALL -7 -1 16,pc_scheduled_elapsed_ms,command_echo_no_encoder
2026-06-06_run02_reverse_grid_3x3_pm40_off_r01,35600,40.0,-40.0,-263.27731514697575,-7.0,-1.0,16.0,-7.0,-1.0,16.0,True,x_plus_y_minus,ALL -7 -1 16,pc_scheduled_elapsed_ms,command_echo_no_encoder
2026-06-06_run02_reverse_grid_3x3_pm40_off_r01,35700,40.0,-40.0,-263.27731514697575,-7.0,-1.0,16.0,-7.0,-1.0,16.0,True,x_plus_y_minus,ALL -7 -1 16,pc_scheduled_elapsed_ms,command_echo_no_encoder
2026-06-06_run02_reverse_grid_3x3_pm40_off_r01,35800,40.0,-40.0,-263.27731514697575,-7.0,-1.0,16.0,-7.0,-1.0,16.0,True,x_plus_y_minus,ALL -7 -1 16,pc_scheduled_elapsed_ms,command_echo_no_encoder
2026-06-06_run02_reverse_grid_3x3_pm40_off_r01,35900,40.0,-40.0,-263.27731514697575,-7.0,-1.0,16.0,-7.0,-1.0,16.0,True,x_plus_y_minus,ALL -7 -1 16,pc_scheduled_elapsed_ms,command_echo_no_encoder
2026-06-06_run02_reverse_grid_3x3_pm40_off_r01,36000,40.0,-40.0,-263.27731514697575,-7.0,-1.0,16.0,-7.0,-1.0,16.0,True,x_plus_y_minus,ALL -7 -1 16,pc_scheduled_elapsed_ms,command_echo_no_encoder
2026-06-06_run02_reverse_grid_3x3_pm40_off_r01,36100,40.0,-40.0,-263.27731514697575,-7.0,-1.0,16.0,-7.0,-1.0,16.0,True,x_plus_y_minus,ALL -7 -1 16,pc_scheduled_elapsed_ms,command_echo_no_encoder
2026-06-06_run02_reverse_grid_3x3_pm40_off_r01,36200,40.0,-40.0,-263.27731514697575,-7.0,-1.0,16.0,-7.0,-1.0,16.0,True,x_plus_y_minus,ALL -7 -1 16,pc_scheduled_elapsed_ms,command_echo_no_encoder
2026-06-06_run02_reverse_grid_3x3_pm40_off_r01,36300,40.0,-40.0,-263.27731514697575,-7.0,-1.0,16.0,-7.0,-1.0,16.0,True,x_plus_y_minus,ALL -7 -1 16,pc_scheduled_elapsed_ms,command_echo_no_encoder
2026-06-06_run02_reverse_grid_3x3_pm40_off_r01,36400,40.0,-40.0,-263.27731514697575,-7.0,-1.0,16.0,-7.0,-1.0,16.0,True,x_plus_y_minus,ALL -7 -1 16,pc_scheduled_elapsed_ms,command_echo_no_encoder
2026-06-06_run02_reverse_grid_3x3_pm40_off_r01,36500,40.0,-40.0,-263.27731514697575,-7.0,-1.0,16.0,-7.0,-1.0,16.0,True,x_plus_y_minus,ALL -7 -1 16,pc_scheduled_elapsed_ms,command_echo_no_encoder
2026-06-06_run02_reverse_grid_3x3_pm40_off_r01,36600,40.0,-40.0,-263.27731514697575,-7.0,-1.0,16.0,-7.0,-1.0,16.0,True,x_plus_y_minus,ALL -7 -1 16,pc_scheduled_elapsed_ms,command_echo_no_encoder
2026-06-06_run02_reverse_grid_3x3_pm40_off_r01,36700,40.0,-40.0,-263.27731514697575,-7.0,-1.0,16.0,-7.0,-1.0,16.0,True,x_plus_y_minus,ALL -7 -1 16,pc_scheduled_elapsed_ms,command_echo_no_encoder
2026-06-06_run02_reverse_grid_3x3_pm40_off_r01,36800,40.0,-40.0,-263.27731514697575,-7.0,-1.0,16.0,-7.0,-1.0,16.0,True,x_plus_y_minus,ALL -7 -1 16,pc_scheduled_elapsed_ms,command_echo_no_encoder
2026-06-06_run02_reverse_grid_3x3_pm40_off_r01,36900,40.0,-40.0,-263.27731514697575,-7.0,-1.0,16.0,-7.0,-1.0,16.0,True,x_plus_y_minus,ALL -7 -1 16,pc_scheduled_elapsed_ms,command_echo_no_encoder
2026-06-06_run02_reverse_grid_3x3_pm40_off_r01,37000,40.0,-40.0,-263.27731514697575,-7.0,-1.0,16.0,-7.0,-1.0,16.0,True,x_plus_y_minus,ALL -7 -1 16,pc_scheduled_elapsed_ms,command_echo_no_encoder
2026-06-06_run02_reverse_grid_3x3_pm40_off_r01,37100,40.0,-40.0,-263.27731514697575,-7.0,-1.0,16.0,-7.0,-1.0,16.0,True,x_plus_y_minus,ALL -7 -1 16,pc_scheduled_elapsed_ms,command_echo_no_encoder
2026-06-06_run02_reverse_grid_3x3_pm40_off_r01,37200,40.0,-40.0,-263.27731514697575,-7.0,-1.0,16.0,-7.0,-1.0,16.0,True,x_plus_y_minus,ALL -7 -1 16,pc_scheduled_elapsed_ms,command_echo_no_encoder
2026-06-06_run02_reverse_grid_3x3_pm40_off_r01,37300,40.0,-40.0,-263.27731514697575,-7.0,-1.0,16.0,-7.0,-1.0,16.0,True,x_plus_y_minus,ALL -7 -1 16,pc_scheduled_elapsed_ms,command_echo_no_encoder
2026-06-06_run02_reverse_grid_3x3_pm40_off_r01,37400,40.0,-40.0,-263.27731514697575,-7.0,-1.0,16.0,-7.0,-1.0,16.0,True,x_plus_y_minus,ALL -7 -1 16,pc_scheduled_elapsed_ms,command_echo_no_encoder
2026-06-06_run02_reverse_grid_3x3_pm40_off_r01,37500,40.0,-40.0,-263.27731514697575,-7.0,-1.0,16.0,-7.0,-1.0,16.0,True,x_plus_y_minus,ALL -7 -1 16,pc_scheduled_elapsed_ms,command_echo_no_encoder
2026-06-06_run02_reverse_grid_3x3_pm40_off_r01,37600,40.0,-40.0,-263.27731514697575,-7.0,-1.0,16.0,-7.0,-1.0,16.0,True,x_plus_y_minus,ALL -7 -1 16,pc_scheduled_elapsed_ms,command_echo_no_encoder
2026-06-06_run02_reverse_grid_3x3_pm40_off_r01,37700,40.0,-40.0,-263.27731514697575,-7.0,-1.0,16.0,-7.0,-1.0,16.0,True,x_plus_y_minus,ALL -7 -1 16,pc_scheduled_elapsed_ms,command_echo_no_encoder
2026-06-06_run02_reverse_grid_3x3_pm40_off_r01,37800,40.0,-40.0,-263.27731514697575,-7.0,-1.0,16.0,-7.0,-1.0,16.0,True,x_plus_y_minus,ALL -7 -1 16,pc_scheduled_elapsed_ms,command_echo_no_encoder
2026-06-06_run02_reverse_grid_3x3_pm40_off_r01,37900,40.0,-40.0,-263.27731514697575,-7.0,-1.0,16.0,-7.0,-1.0,16.0,True,x_plus_y_minus,ALL -7 -1 16,pc_scheduled_elapsed_ms,command_echo_no_encoder
2026-06-06_run02_reverse_grid_3x3_pm40_off_r01,38000,40.0,-40.0,-263.27731514697575,-7.0,-1.0,16.0,-7.0,-1.0,16.0,True,x_plus_y_minus,ALL -7 -1 16,pc_scheduled_elapsed_ms,command_echo_no_encoder
2026-06-06_run02_reverse_grid_3x3_pm40_off_r01,38100,40.0,-40.0,-263.27731514697575,-7.0,-1.0,16.0,-7.0,-1.0,16.0,True,x_plus_y_minus,ALL -7 -1 16,pc_scheduled_elapsed_ms,command_echo_no_encoder
2026-06-06_run02_reverse_grid_3x3_pm40_off_r01,38200,40.0,-40.0,-263.27731514697575,-7.0,-1.0,16.0,-7.0,-1.0,16.0,True,x_plus_y_minus,ALL -7 -1 16,pc_scheduled_elapsed_ms,command_echo_no_encoder
2026-06-06_run02_reverse_grid_3x3_pm40_off_r01,38300,40.0,-40.0,-263.27731514697575,-7.0,-1.0,16.0,-7.0,-1.0,16.0,True,x_plus_y_minus,ALL -7 -1 16,pc_scheduled_elapsed_ms,command_echo_no_encoder
2026-06-06_run02_reverse_grid_3x3_pm40_off_r01,38400,40.0,-40.0,-263.27731514697575,-7.0,-1.0,16.0,-7.0,-1.0,16.0,True,x_plus_y_minus,ALL -7 -1 16,pc_scheduled_elapsed_ms,command_echo_no_encoder
2026-06-06_run02_reverse_grid_3x3_pm40_off_r01,38500,40.0,-40.0,-263.27731514697575,-7.0,-1.0,16.0,-7.0,-1.0,16.0,True,x_plus_y_minus,ALL -7 -1 16,pc_scheduled_elapsed_ms,command_echo_no_encoder
2026-06-06_run02_reverse_grid_3x3_pm40_off_r01,38600,40.0,-40.0,-263.27731514697575,-7.0,-1.0,16.0,-7.0,-1.0,16.0,True,x_plus_y_minus,ALL -7 -1 16,pc_scheduled_elapsed_ms,command_echo_no_encoder
2026-06-06_run02_reverse_grid_3x3_pm40_off_r01,38700,40.0,-40.0,-263.27731514697575,-7.0,-1.0,16.0,-7.0,-1.0,16.0,True,x_plus_y_minus,ALL -7 -1 16,pc_scheduled_elapsed_ms,command_echo_no_encoder
2026-06-06_run02_reverse_grid_3x3_pm40_off_r01,38800,40.0,-40.0,-263.27731514697575,-7.0,-1.0,16.0,-7.0,-1.0,16.0,True,x_plus_y_minus,ALL -7 -1 16,pc_scheduled_elapsed_ms,command_echo_no_encoder
2026-06-06_run02_reverse_grid_3x3_pm40_off_r01,38900,40.0,-40.0,-263.27731514697575,-7.0,-1.0,16.0,-7.0,-1.0,16.0,True,x_plus_y_minus,ALL -7 -1 16,pc_scheduled_elapsed_ms,command_echo_no_encoder
2026-06-06_run02_reverse_grid_3x3_pm40_off_r01,39000,40.0,-40.0,-263.27731514697575,-7.0,-1.0,16.0,-7.0,-1.0,16.0,True,x_plus_y_minus,ALL -7 -1 16,pc_scheduled_elapsed_ms,command_echo_no_encoder
2026-06-06_run02_reverse_grid_3x3_pm40_off_r01,39100,40.0,-40.0,-263.27731514697575,-7.0,-1.0,16.0,-7.0,-1.0,16.0,True,x_plus_y_minus,ALL -7 -1 16,pc_scheduled_elapsed_ms,command_echo_no_encoder
2026-06-06_run02_reverse_grid_3x3_pm40_off_r01,39200,40.0,-40.0,-263.27731514697575,-7.0,-1.0,16.0,-7.0,-1.0,16.0,True,x_plus_y_minus,ALL -7 -1 16,pc_scheduled_elapsed_ms,command_echo_no_encoder
2026-06-06_run02_reverse_grid_3x3_pm40_off_r01,39300,40.0,-40.0,-263.27731514697575,-7.0,-1.0,16.0,-7.0,-1.0,16.0,True,x_plus_y_minus,ALL -7 -1 16,pc_scheduled_elapsed_ms,command_echo_no_encoder
2026-06-06_run02_reverse_grid_3x3_pm40_off_r01,39400,40.0,-40.0,-263.27731514697575,-7.0,-1.0,16.0,-7.0,-1.0,16.0,True,x_plus_y_minus,ALL -7 -1 16,pc_scheduled_elapsed_ms,command_echo_no_encoder
2026-06-06_run02_reverse_grid_3x3_pm40_off_r01,39500,40.0,-40.0,-263.27731514697575,-7.0,-1.0,16.0,-7.0,-1.0,16.0,True,x_plus_y_minus,ALL -7 -1 16,pc_scheduled_elapsed_ms,command_echo_no_encoder
2026-06-06_run02_reverse_grid_3x3_pm40_off_r01,39600,40.0,-40.0,-263.27731514697575,-7.0,-1.0,16.0,-7.0,-1.0,16.0,True,x_plus_y_minus,ALL -7 -1 16,pc_scheduled_elapsed_ms,command_echo_no_encoder
2026-06-06_run02_reverse_grid_3x3_pm40_off_r01,39700,40.0,-40.0,-263.27731514697575,-7.0,-1.0,16.0,-7.0,-1.0,16.0,True,x_plus_y_minus,ALL -7 -1 16,pc_scheduled_elapsed_ms,command_echo_no_encoder
2026-06-06_run02_reverse_grid_3x3_pm40_off_r01,39800,40.0,-40.0,-263.27731514697575,-7.0,-1.0,16.0,-7.0,-1.0,16.0,True,x_plus_y_minus,ALL -7 -1 16,pc_scheduled_elapsed_ms,command_echo_no_encoder
2026-06-06_run02_reverse_grid_3x3_pm40_off_r01,39900,40.0,-40.0,-263.27731514697575,-7.0,-1.0,16.0,-7.0,-1.0,16.0,True,x_plus_y_minus,ALL -7 -1 16,pc_scheduled_elapsed_ms,command_echo_no_encoder
2026-06-06_run02_reverse_grid_3x3_pm40_off_r01,40000,0.0,-40.0,-263.27731514697575,-9.0,6.0,6.0,-9.0,6.0,6.0,True,x_center_y_minus,ALL -9 6 6,pc_scheduled_elapsed_ms,command_echo_no_encoder
2026-06-06_run02_reverse_grid_3x3_pm40_off_r01,40100,0.0,-40.0,-263.27731514697575,-9.0,6.0,6.0,-9.0,6.0,6.0,True,x_center_y_minus,ALL -9 6 6,pc_scheduled_elapsed_ms,command_echo_no_encoder
2026-06-06_run02_reverse_grid_3x3_pm40_off_r01,40200,0.0,-40.0,-263.27731514697575,-9.0,6.0,6.0,-9.0,6.0,6.0,True,x_center_y_minus,ALL -9 6 6,pc_scheduled_elapsed_ms,command_echo_no_encoder
2026-06-06_run02_reverse_grid_3x3_pm40_off_r01,40300,0.0,-40.0,-263.27731514697575,-9.0,6.0,6.0,-9.0,6.0,6.0,True,x_center_y_minus,ALL -9 6 6,pc_scheduled_elapsed_ms,command_echo_no_encoder
2026-06-06_run02_reverse_grid_3x3_pm40_off_r01,40400,0.0,-40.0,-263.27731514697575,-9.0,6.0,6.0,-9.0,6.0,6.0,True,x_center_y_minus,ALL -9 6 6,pc_scheduled_elapsed_ms,command_echo_no_encoder
2026-06-06_run02_reverse_grid_3x3_pm40_off_r01,40500,0.0,-40.0,-263.27731514697575,-9.0,6.0,6.0,-9.0,6.0,6.0,True,x_center_y_minus,ALL -9 6 6,pc_scheduled_elapsed_ms,command_echo_no_encoder
2026-06-06_run02_reverse_grid_3x3_pm40_off_r01,40600,0.0,-40.0,-263.27731514697575,-9.0,6.0,6.0,-9.0,6.0,6.0,True,x_center_y_minus,ALL -9 6 6,pc_scheduled_elapsed_ms,command_echo_no_encoder
2026-06-06_run02_reverse_grid_3x3_pm40_off_r01,40700,0.0,-40.0,-263.27731514697575,-9.0,6.0,6.0,-9.0,6.0,6.0,True,x_center_y_minus,ALL -9 6 6,pc_scheduled_elapsed_ms,command_echo_no_encoder
2026-06-06_run02_reverse_grid_3x3_pm40_off_r01,40800,0.0,-40.0,-263.27731514697575,-9.0,6.0,6.0,-9.0,6.0,6.0,True,x_center_y_minus,ALL -9 6 6,pc_scheduled_elapsed_ms,command_echo_no_encoder
2026-06-06_run02_reverse_grid_3x3_pm40_off_r01,40900,0.0,-40.0,-263.27731514697575,-9.0,6.0,6.0,-9.0,6.0,6.0,True,x_center_y_minus,ALL -9 6 6,pc_scheduled_elapsed_ms,command_echo_no_encoder
2026-06-06_run02_reverse_grid_3x3_pm40_off_r01,41000,0.0,-40.0,-263.27731514697575,-9.0,6.0,6.0,-9.0,6.0,6.0,True,x_center_y_minus,ALL -9 6 6,pc_scheduled_elapsed_ms,command_echo_no_encoder
2026-06-06_run02_reverse_grid_3x3_pm40_off_r01,41100,0.0,-40.0,-263.27731514697575,-9.0,6.0,6.0,-9.0,6.0,6.0,True,x_center_y_minus,ALL -9 6 6,pc_scheduled_elapsed_ms,command_echo_no_encoder
2026-06-06_run02_reverse_grid_3x3_pm40_off_r01,41200,0.0,-40.0,-263.27731514697575,-9.0,6.0,6.0,-9.0,6.0,6.0,True,x_center_y_minus,ALL -9 6 6,pc_scheduled_elapsed_ms,command_echo_no_encoder
2026-06-06_run02_reverse_grid_3x3_pm40_off_r01,41300,0.0,-40.0,-263.27731514697575,-9.0,6.0,6.0,-9.0,6.0,6.0,True,x_center_y_minus,ALL -9 6 6,pc_scheduled_elapsed_ms,command_echo_no_encoder
2026-06-06_run02_reverse_grid_3x3_pm40_off_r01,41400,0.0,-40.0,-263.27731514697575,-9.0,6.0,6.0,-9.0,6.0,6.0,True,x_center_y_minus,ALL -9 6 6,pc_scheduled_elapsed_ms,command_echo_no_encoder
2026-06-06_run02_reverse_grid_3x3_pm40_off_r01,41500,0.0,-40.0,-263.27731514697575,-9.0,6.0,6.0,-9.0,6.0,6.0,True,x_center_y_minus,ALL -9 6 6,pc_scheduled_elapsed_ms,command_echo_no_encoder
2026-06-06_run02_reverse_grid_3x3_pm40_off_r01,41600,0.0,-40.0,-263.27731514697575,-9.0,6.0,6.0,-9.0,6.0,6.0,True,x_center_y_minus,ALL -9 6 6,pc_scheduled_elapsed_ms,command_echo_no_encoder
2026-06-06_run02_reverse_grid_3x3_pm40_off_r01,41700,0.0,-40.0,-263.27731514697575,-9.0,6.0,6.0,-9.0,6.0,6.0,True,x_center_y_minus,ALL -9 6 6,pc_scheduled_elapsed_ms,command_echo_no_encoder
2026-06-06_run02_reverse_grid_3x3_pm40_off_r01,41800,0.0,-40.0,-263.27731514697575,-9.0,6.0,6.0,-9.0,6.0,6.0,True,x_center_y_minus,ALL -9 6 6,pc_scheduled_elapsed_ms,command_echo_no_encoder
2026-06-06_run02_reverse_grid_3x3_pm40_off_r01,41900,0.0,-40.0,-263.27731514697575,-9.0,6.0,6.0,-9.0,6.0,6.0,True,x_center_y_minus,ALL -9 6 6,pc_scheduled_elapsed_ms,command_echo_no_encoder
2026-06-06_run02_reverse_grid_3x3_pm40_off_r01,42000,0.0,-40.0,-263.27731514697575,-9.0,6.0,6.0,-9.0,6.0,6.0,True,x_center_y_minus,ALL -9 6 6,pc_scheduled_elapsed_ms,command_echo_no_encoder
2026-06-06_run02_reverse_grid_3x3_pm40_off_r01,42100,0.0,-40.0,-263.27731514697575,-9.0,6.0,6.0,-9.0,6.0,6.0,True,x_center_y_minus,ALL -9 6 6,pc_scheduled_elapsed_ms,command_echo_no_encoder
2026-06-06_run02_reverse_grid_3x3_pm40_off_r01,42200,0.0,-40.0,-263.27731514697575,-9.0,6.0,6.0,-9.0,6.0,6.0,True,x_center_y_minus,ALL -9 6 6,pc_scheduled_elapsed_ms,command_echo_no_encoder
2026-06-06_run02_reverse_grid_3x3_pm40_off_r01,42300,0.0,-40.0,-263.27731514697575,-9.0,6.0,6.0,-9.0,6.0,6.0,True,x_center_y_minus,ALL -9 6 6,pc_scheduled_elapsed_ms,command_echo_no_encoder
2026-06-06_run02_reverse_grid_3x3_pm40_off_r01,42400,0.0,-40.0,-263.27731514697575,-9.0,6.0,6.0,-9.0,6.0,6.0,True,x_center_y_minus,ALL -9 6 6,pc_scheduled_elapsed_ms,command_echo_no_encoder
2026-06-06_run02_reverse_grid_3x3_pm40_off_r01,42500,0.0,-40.0,-263.27731514697575,-9.0,6.0,6.0,-9.0,6.0,6.0,True,x_center_y_minus,ALL -9 6 6,pc_scheduled_elapsed_ms,command_echo_no_encoder
2026-06-06_run02_reverse_grid_3x3_pm40_off_r01,42600,0.0,-40.0,-263.27731514697575,-9.0,6.0,6.0,-9.0,6.0,6.0,True,x_center_y_minus,ALL -9 6 6,pc_scheduled_elapsed_ms,command_echo_no_encoder
2026-06-06_run02_reverse_grid_3x3_pm40_off_r01,42700,0.0,-40.0,-263.27731514697575,-9.0,6.0,6.0,-9.0,6.0,6.0,True,x_center_y_minus,ALL -9 6 6,pc_scheduled_elapsed_ms,command_echo_no_encoder
2026-06-06_run02_reverse_grid_3x3_pm40_off_r01,42800,0.0,-40.0,-263.27731514697575,-9.0,6.0,6.0,-9.0,6.0,6.0,True,x_center_y_minus,ALL -9 6 6,pc_scheduled_elapsed_ms,command_echo_no_encoder
2026-06-06_run02_reverse_grid_3x3_pm40_off_r01,42900,0.0,-40.0,-263.27731514697575,-9.0,6.0,6.0,-9.0,6.0,6.0,True,x_center_y_minus,ALL -9 6 6,pc_scheduled_elapsed_ms,command_echo_no_encoder
2026-06-06_run02_reverse_grid_3x3_pm40_off_r01,43000,0.0,-40.0,-263.27731514697575,-9.0,6.0,6.0,-9.0,6.0,6.0,True,x_center_y_minus,ALL -9 6 6,pc_scheduled_elapsed_ms,command_echo_no_encoder
2026-06-06_run02_reverse_grid_3x3_pm40_off_r01,43100,0.0,-40.0,-263.27731514697575,-9.0,6.0,6.0,-9.0,6.0,6.0,True,x_center_y_minus,ALL -9 6 6,pc_scheduled_elapsed_ms,command_echo_no_encoder
2026-06-06_run02_reverse_grid_3x3_pm40_off_r01,43200,0.0,-40.0,-263.27731514697575,-9.0,6.0,6.0,-9.0,6.0,6.0,True,x_center_y_minus,ALL -9 6 6,pc_scheduled_elapsed_ms,command_echo_no_encoder
2026-06-06_run02_reverse_grid_3x3_pm40_off_r01,43300,0.0,-40.0,-263.27731514697575,-9.0,6.0,6.0,-9.0,6.0,6.0,True,x_center_y_minus,ALL -9 6 6,pc_scheduled_elapsed_ms,command_echo_no_encoder
2026-06-06_run02_reverse_grid_3x3_pm40_off_r01,43400,0.0,-40.0,-263.27731514697575,-9.0,6.0,6.0,-9.0,6.0,6.0,True,x_center_y_minus,ALL -9 6 6,pc_scheduled_elapsed_ms,command_echo_no_encoder
2026-06-06_run02_reverse_grid_3x3_pm40_off_r01,43500,0.0,-40.0,-263.27731514697575,-9.0,6.0,6.0,-9.0,6.0,6.0,True,x_center_y_minus,ALL -9 6 6,pc_scheduled_elapsed_ms,command_echo_no_encoder
2026-06-06_run02_reverse_grid_3x3_pm40_off_r01,43600,0.0,-40.0,-263.27731514697575,-9.0,6.0,6.0,-9.0,6.0,6.0,True,x_center_y_minus,ALL -9 6 6,pc_scheduled_elapsed_ms,command_echo_no_encoder
2026-06-06_run02_reverse_grid_3x3_pm40_off_r01,43700,0.0,-40.0,-263.27731514697575,-9.0,6.0,6.0,-9.0,6.0,6.0,True,x_center_y_minus,ALL -9 6 6,pc_scheduled_elapsed_ms,command_echo_no_encoder
2026-06-06_run02_reverse_grid_3x3_pm40_off_r01,43800,0.0,-40.0,-263.27731514697575,-9.0,6.0,6.0,-9.0,6.0,6.0,True,x_center_y_minus,ALL -9 6 6,pc_scheduled_elapsed_ms,command_echo_no_encoder
2026-06-06_run02_reverse_grid_3x3_pm40_off_r01,43900,0.0,-40.0,-263.27731514697575,-9.0,6.0,6.0,-9.0,6.0,6.0,True,x_center_y_minus,ALL -9 6 6,pc_scheduled_elapsed_ms,command_echo_no_encoder
2026-06-06_run02_reverse_grid_3x3_pm40_off_r01,44000,0.0,-40.0,-263.27731514697575,-9.0,6.0,6.0,-9.0,6.0,6.0,True,x_center_y_minus,ALL -9 6 6,pc_scheduled_elapsed_ms,command_echo_no_encoder
2026-06-06_run02_reverse_grid_3x3_pm40_off_r01,44100,0.0,-40.0,-263.27731514697575,-9.0,6.0,6.0,-9.0,6.0,6.0,True,x_center_y_minus,ALL -9 6 6,pc_scheduled_elapsed_ms,command_echo_no_encoder
2026-06-06_run02_reverse_grid_3x3_pm40_off_r01,44200,0.0,-40.0,-263.27731514697575,-9.0,6.0,6.0,-9.0,6.0,6.0,True,x_center_y_minus,ALL -9 6 6,pc_scheduled_elapsed_ms,command_echo_no_encoder
2026-06-06_run02_reverse_grid_3x3_pm40_off_r01,44300,0.0,-40.0,-263.27731514697575,-9.0,6.0,6.0,-9.0,6.0,6.0,True,x_center_y_minus,ALL -9 6 6,pc_scheduled_elapsed_ms,command_echo_no_encoder
2026-06-06_run02_reverse_grid_3x3_pm40_off_r01,44400,0.0,-40.0,-263.27731514697575,-9.0,6.0,6.0,-9.0,6.0,6.0,True,x_center_y_minus,ALL -9 6 6,pc_scheduled_elapsed_ms,command_echo_no_encoder
2026-06-06_run02_reverse_grid_3x3_pm40_off_r01,44500,0.0,-40.0,-263.27731514697575,-9.0,6.0,6.0,-9.0,6.0,6.0,True,x_center_y_minus,ALL -9 6 6,pc_scheduled_elapsed_ms,command_echo_no_encoder
2026-06-06_run02_reverse_grid_3x3_pm40_off_r01,44600,0.0,-40.0,-263.27731514697575,-9.0,6.0,6.0,-9.0,6.0,6.0,True,x_center_y_minus,ALL -9 6 6,pc_scheduled_elapsed_ms,command_echo_no_encoder
2026-06-06_run02_reverse_grid_3x3_pm40_off_r01,44700,0.0,-40.0,-263.27731514697575,-9.0,6.0,6.0,-9.0,6.0,6.0,True,x_center_y_minus,ALL -9 6 6,pc_scheduled_elapsed_ms,command_echo_no_encoder
2026-06-06_run02_reverse_grid_3x3_pm40_off_r01,44800,0.0,-40.0,-263.27731514697575,-9.0,6.0,6.0,-9.0,6.0,6.0,True,x_center_y_minus,ALL -9 6 6,pc_scheduled_elapsed_ms,command_echo_no_encoder
2026-06-06_run02_reverse_grid_3x3_pm40_off_r01,44900,0.0,-40.0,-263.27731514697575,-9.0,6.0,6.0,-9.0,6.0,6.0,True,x_center_y_minus,ALL -9 6 6,pc_scheduled_elapsed_ms,command_echo_no_encoder
2026-06-06_run02_reverse_grid_3x3_pm40_off_r01,45000,-40.0,-40.0,-263.27731514697575,-7.0,16.0,-1.0,-7.0,16.0,-1.0,True,x_minus_y_minus,ALL -7 16 -1,pc_scheduled_elapsed_ms,command_echo_no_encoder
2026-06-06_run02_reverse_grid_3x3_pm40_off_r01,45100,-40.0,-40.0,-263.27731514697575,-7.0,16.0,-1.0,-7.0,16.0,-1.0,True,x_minus_y_minus,ALL -7 16 -1,pc_scheduled_elapsed_ms,command_echo_no_encoder
2026-06-06_run02_reverse_grid_3x3_pm40_off_r01,45200,-40.0,-40.0,-263.27731514697575,-7.0,16.0,-1.0,-7.0,16.0,-1.0,True,x_minus_y_minus,ALL -7 16 -1,pc_scheduled_elapsed_ms,command_echo_no_encoder
2026-06-06_run02_reverse_grid_3x3_pm40_off_r01,45300,-40.0,-40.0,-263.27731514697575,-7.0,16.0,-1.0,-7.0,16.0,-1.0,True,x_minus_y_minus,ALL -7 16 -1,pc_scheduled_elapsed_ms,command_echo_no_encoder
2026-06-06_run02_reverse_grid_3x3_pm40_off_r01,45400,-40.0,-40.0,-263.27731514697575,-7.0,16.0,-1.0,-7.0,16.0,-1.0,True,x_minus_y_minus,ALL -7 16 -1,pc_scheduled_elapsed_ms,command_echo_no_encoder
2026-06-06_run02_reverse_grid_3x3_pm40_off_r01,45500,-40.0,-40.0,-263.27731514697575,-7.0,16.0,-1.0,-7.0,16.0,-1.0,True,x_minus_y_minus,ALL -7 16 -1,pc_scheduled_elapsed_ms,command_echo_no_encoder
2026-06-06_run02_reverse_grid_3x3_pm40_off_r01,45600,-40.0,-40.0,-263.27731514697575,-7.0,16.0,-1.0,-7.0,16.0,-1.0,True,x_minus_y_minus,ALL -7 16 -1,pc_scheduled_elapsed_ms,command_echo_no_encoder
2026-06-06_run02_reverse_grid_3x3_pm40_off_r01,45700,-40.0,-40.0,-263.27731514697575,-7.0,16.0,-1.0,-7.0,16.0,-1.0,True,x_minus_y_minus,ALL -7 16 -1,pc_scheduled_elapsed_ms,command_echo_no_encoder
2026-06-06_run02_reverse_grid_3x3_pm40_off_r01,45800,-40.0,-40.0,-263.27731514697575,-7.0,16.0,-1.0,-7.0,16.0,-1.0,True,x_minus_y_minus,ALL -7 16 -1,pc_scheduled_elapsed_ms,command_echo_no_encoder
2026-06-06_run02_reverse_grid_3x3_pm40_off_r01,45900,-40.0,-40.0,-263.27731514697575,-7.0,16.0,-1.0,-7.0,16.0,-1.0,True,x_minus_y_minus,ALL -7 16 -1,pc_scheduled_elapsed_ms,command_echo_no_encoder
2026-06-06_run02_reverse_grid_3x3_pm40_off_r01,46000,-40.0,-40.0,-263.27731514697575,-7.0,16.0,-1.0,-7.0,16.0,-1.0,True,x_minus_y_minus,ALL -7 16 -1,pc_scheduled_elapsed_ms,command_echo_no_encoder
2026-06-06_run02_reverse_grid_3x3_pm40_off_r01,46100,-40.0,-40.0,-263.27731514697575,-7.0,16.0,-1.0,-7.0,16.0,-1.0,True,x_minus_y_minus,ALL -7 16 -1,pc_scheduled_elapsed_ms,command_echo_no_encoder
2026-06-06_run02_reverse_grid_3x3_pm40_off_r01,46200,-40.0,-40.0,-263.27731514697575,-7.0,16.0,-1.0,-7.0,16.0,-1.0,True,x_minus_y_minus,ALL -7 16 -1,pc_scheduled_elapsed_ms,command_echo_no_encoder
2026-06-06_run02_reverse_grid_3x3_pm40_off_r01,46300,-40.0,-40.0,-263.27731514697575,-7.0,16.0,-1.0,-7.0,16.0,-1.0,True,x_minus_y_minus,ALL -7 16 -1,pc_scheduled_elapsed_ms,command_echo_no_encoder
2026-06-06_run02_reverse_grid_3x3_pm40_off_r01,46400,-40.0,-40.0,-263.27731514697575,-7.0,16.0,-1.0,-7.0,16.0,-1.0,True,x_minus_y_minus,ALL -7 16 -1,pc_scheduled_elapsed_ms,command_echo_no_encoder
2026-06-06_run02_reverse_grid_3x3_pm40_off_r01,46500,-40.0,-40.0,-263.27731514697575,-7.0,16.0,-1.0,-7.0,16.0,-1.0,True,x_minus_y_minus,ALL -7 16 -1,pc_scheduled_elapsed_ms,command_echo_no_encoder
2026-06-06_run02_reverse_grid_3x3_pm40_off_r01,46600,-40.0,-40.0,-263.27731514697575,-7.0,16.0,-1.0,-7.0,16.0,-1.0,True,x_minus_y_minus,ALL -7 16 -1,pc_scheduled_elapsed_ms,command_echo_no_encoder
2026-06-06_run02_reverse_grid_3x3_pm40_off_r01,46700,-40.0,-40.0,-263.27731514697575,-7.0,16.0,-1.0,-7.0,16.0,-1.0,True,x_minus_y_minus,ALL -7 16 -1,pc_scheduled_elapsed_ms,command_echo_no_encoder
2026-06-06_run02_reverse_grid_3x3_pm40_off_r01,46800,-40.0,-40.0,-263.27731514697575,-7.0,16.0,-1.0,-7.0,16.0,-1.0,True,x_minus_y_minus,ALL -7 16 -1,pc_scheduled_elapsed_ms,command_echo_no_encoder
2026-06-06_run02_reverse_grid_3x3_pm40_off_r01,46900,-40.0,-40.0,-263.27731514697575,-7.0,16.0,-1.0,-7.0,16.0,-1.0,True,x_minus_y_minus,ALL -7 16 -1,pc_scheduled_elapsed_ms,command_echo_no_encoder
2026-06-06_run02_reverse_grid_3x3_pm40_off_r01,47000,-40.0,-40.0,-263.27731514697575,-7.0,16.0,-1.0,-7.0,16.0,-1.0,True,x_minus_y_minus,ALL -7 16 -1,pc_scheduled_elapsed_ms,command_echo_no_encoder
2026-06-06_run02_reverse_grid_3x3_pm40_off_r01,47100,-40.0,-40.0,-263.27731514697575,-7.0,16.0,-1.0,-7.0,16.0,-1.0,True,x_minus_y_minus,ALL -7 16 -1,pc_scheduled_elapsed_ms,command_echo_no_encoder
2026-06-06_run02_reverse_grid_3x3_pm40_off_r01,47200,-40.0,-40.0,-263.27731514697575,-7.0,16.0,-1.0,-7.0,16.0,-1.0,True,x_minus_y_minus,ALL -7 16 -1,pc_scheduled_elapsed_ms,command_echo_no_encoder
2026-06-06_run02_reverse_grid_3x3_pm40_off_r01,47300,-40.0,-40.0,-263.27731514697575,-7.0,16.0,-1.0,-7.0,16.0,-1.0,True,x_minus_y_minus,ALL -7 16 -1,pc_scheduled_elapsed_ms,command_echo_no_encoder
2026-06-06_run02_reverse_grid_3x3_pm40_off_r01,47400,-40.0,-40.0,-263.27731514697575,-7.0,16.0,-1.0,-7.0,16.0,-1.0,True,x_minus_y_minus,ALL -7 16 -1,pc_scheduled_elapsed_ms,command_echo_no_encoder
2026-06-06_run02_reverse_grid_3x3_pm40_off_r01,47500,-40.0,-40.0,-263.27731514697575,-7.0,16.0,-1.0,-7.0,16.0,-1.0,True,x_minus_y_minus,ALL -7 16 -1,pc_scheduled_elapsed_ms,command_echo_no_encoder
2026-06-06_run02_reverse_grid_3x3_pm40_off_r01,47600,-40.0,-40.0,-263.27731514697575,-7.0,16.0,-1.0,-7.0,16.0,-1.0,True,x_minus_y_minus,ALL -7 16 -1,pc_scheduled_elapsed_ms,command_echo_no_encoder
2026-06-06_run02_reverse_grid_3x3_pm40_off_r01,47700,-40.0,-40.0,-263.27731514697575,-7.0,16.0,-1.0,-7.0,16.0,-1.0,True,x_minus_y_minus,ALL -7 16 -1,pc_scheduled_elapsed_ms,command_echo_no_encoder
2026-06-06_run02_reverse_grid_3x3_pm40_off_r01,47800,-40.0,-40.0,-263.27731514697575,-7.0,16.0,-1.0,-7.0,16.0,-1.0,True,x_minus_y_minus,ALL -7 16 -1,pc_scheduled_elapsed_ms,command_echo_no_encoder
2026-06-06_run02_reverse_grid_3x3_pm40_off_r01,47900,-40.0,-40.0,-263.27731514697575,-7.0,16.0,-1.0,-7.0,16.0,-1.0,True,x_minus_y_minus,ALL -7 16 -1,pc_scheduled_elapsed_ms,command_echo_no_encoder
2026-06-06_run02_reverse_grid_3x3_pm40_off_r01,48000,-40.0,-40.0,-263.27731514697575,-7.0,16.0,-1.0,-7.0,16.0,-1.0,True,x_minus_y_minus,ALL -7 16 -1,pc_scheduled_elapsed_ms,command_echo_no_encoder
2026-06-06_run02_reverse_grid_3x3_pm40_off_r01,48100,-40.0,-40.0,-263.27731514697575,-7.0,16.0,-1.0,-7.0,16.0,-1.0,True,x_minus_y_minus,ALL -7 16 -1,pc_scheduled_elapsed_ms,command_echo_no_encoder
2026-06-06_run02_reverse_grid_3x3_pm40_off_r01,48200,-40.0,-40.0,-263.27731514697575,-7.0,16.0,-1.0,-7.0,16.0,-1.0,True,x_minus_y_minus,ALL -7 16 -1,pc_scheduled_elapsed_ms,command_echo_no_encoder
2026-06-06_run02_reverse_grid_3x3_pm40_off_r01,48300,-40.0,-40.0,-263.27731514697575,-7.0,16.0,-1.0,-7.0,16.0,-1.0,True,x_minus_y_minus,ALL -7 16 -1,pc_scheduled_elapsed_ms,command_echo_no_encoder
2026-06-06_run02_reverse_grid_3x3_pm40_off_r01,48400,-40.0,-40.0,-263.27731514697575,-7.0,16.0,-1.0,-7.0,16.0,-1.0,True,x_minus_y_minus,ALL -7 16 -1,pc_scheduled_elapsed_ms,command_echo_no_encoder
2026-06-06_run02_reverse_grid_3x3_pm40_off_r01,48500,-40.0,-40.0,-263.27731514697575,-7.0,16.0,-1.0,-7.0,16.0,-1.0,True,x_minus_y_minus,ALL -7 16 -1,pc_scheduled_elapsed_ms,command_echo_no_encoder
2026-06-06_run02_reverse_grid_3x3_pm40_off_r01,48600,-40.0,-40.0,-263.27731514697575,-7.0,16.0,-1.0,-7.0,16.0,-1.0,True,x_minus_y_minus,ALL -7 16 -1,pc_scheduled_elapsed_ms,command_echo_no_encoder
2026-06-06_run02_reverse_grid_3x3_pm40_off_r01,48700,-40.0,-40.0,-263.27731514697575,-7.0,16.0,-1.0,-7.0,16.0,-1.0,True,x_minus_y_minus,ALL -7 16 -1,pc_scheduled_elapsed_ms,command_echo_no_encoder
2026-06-06_run02_reverse_grid_3x3_pm40_off_r01,48800,-40.0,-40.0,-263.27731514697575,-7.0,16.0,-1.0,-7.0,16.0,-1.0,True,x_minus_y_minus,ALL -7 16 -1,pc_scheduled_elapsed_ms,command_echo_no_encoder
2026-06-06_run02_reverse_grid_3x3_pm40_off_r01,48900,-40.0,-40.0,-263.27731514697575,-7.0,16.0,-1.0,-7.0,16.0,-1.0,True,x_minus_y_minus,ALL -7 16 -1,pc_scheduled_elapsed_ms,command_echo_no_encoder
2026-06-06_run02_reverse_grid_3x3_pm40_off_r01,49000,-40.0,-40.0,-263.27731514697575,-7.0,16.0,-1.0,-7.0,16.0,-1.0,True,x_minus_y_minus,ALL -7 16 -1,pc_scheduled_elapsed_ms,command_echo_no_encoder
2026-06-06_run02_reverse_grid_3x3_pm40_off_r01,49100,-40.0,-40.0,-263.27731514697575,-7.0,16.0,-1.0,-7.0,16.0,-1.0,True,x_minus_y_minus,ALL -7 16 -1,pc_scheduled_elapsed_ms,command_echo_no_encoder
2026-06-06_run02_reverse_grid_3x3_pm40_off_r01,49200,-40.0,-40.0,-263.27731514697575,-7.0,16.0,-1.0,-7.0,16.0,-1.0,True,x_minus_y_minus,ALL -7 16 -1,pc_scheduled_elapsed_ms,command_echo_no_encoder
2026-06-06_run02_reverse_grid_3x3_pm40_off_r01,49300,-40.0,-40.0,-263.27731514697575,-7.0,16.0,-1.0,-7.0,16.0,-1.0,True,x_minus_y_minus,ALL -7 16 -1,pc_scheduled_elapsed_ms,command_echo_no_encoder
2026-06-06_run02_reverse_grid_3x3_pm40_off_r01,49400,-40.0,-40.0,-263.27731514697575,-7.0,16.0,-1.0,-7.0,16.0,-1.0,True,x_minus_y_minus,ALL -7 16 -1,pc_scheduled_elapsed_ms,command_echo_no_encoder
2026-06-06_run02_reverse_grid_3x3_pm40_off_r01,49500,-40.0,-40.0,-263.27731514697575,-7.0,16.0,-1.0,-7.0,16.0,-1.0,True,x_minus_y_minus,ALL -7 16 -1,pc_scheduled_elapsed_ms,command_echo_no_encoder
2026-06-06_run02_reverse_grid_3x3_pm40_off_r01,49600,-40.0,-40.0,-263.27731514697575,-7.0,16.0,-1.0,-7.0,16.0,-1.0,True,x_minus_y_minus,ALL -7 16 -1,pc_scheduled_elapsed_ms,command_echo_no_encoder
2026-06-06_run02_reverse_grid_3x3_pm40_off_r01,49700,-40.0,-40.0,-263.27731514697575,-7.0,16.0,-1.0,-7.0,16.0,-1.0,True,x_minus_y_minus,ALL -7 16 -1,pc_scheduled_elapsed_ms,command_echo_no_encoder
2026-06-06_run02_reverse_grid_3x3_pm40_off_r01,49800,-40.0,-40.0,-263.27731514697575,-7.0,16.0,-1.0,-7.0,16.0,-1.0,True,x_minus_y_minus,ALL -7 16 -1,pc_scheduled_elapsed_ms,command_echo_no_encoder
2026-06-06_run02_reverse_grid_3x3_pm40_off_r01,49900,-40.0,-40.0,-263.27731514697575,-7.0,16.0,-1.0,-7.0,16.0,-1.0,True,x_minus_y_minus,ALL -7 16 -1,pc_scheduled_elapsed_ms,command_echo_no_encoder
2026-06-06_run02_reverse_grid_3x3_pm40_off_r01,50000,0.0,0.0,-263.27731514697575,0.0,0.0,0.0,0.0,0.0,0.0,True,home_2,ALL 0 0 0,pc_scheduled_elapsed_ms,command_echo_no_encoder
2026-06-06_run02_reverse_grid_3x3_pm40_off_r01,50100,0.0,0.0,-263.27731514697575,0.0,0.0,0.0,0.0,0.0,0.0,True,home_2,ALL 0 0 0,pc_scheduled_elapsed_ms,command_echo_no_encoder
2026-06-06_run02_reverse_grid_3x3_pm40_off_r01,50200,0.0,0.0,-263.27731514697575,0.0,0.0,0.0,0.0,0.0,0.0,True,home_2,ALL 0 0 0,pc_scheduled_elapsed_ms,command_echo_no_encoder
2026-06-06_run02_reverse_grid_3x3_pm40_off_r01,50300,0.0,0.0,-263.27731514697575,0.0,0.0,0.0,0.0,0.0,0.0,True,home_2,ALL 0 0 0,pc_scheduled_elapsed_ms,command_echo_no_encoder
2026-06-06_run02_reverse_grid_3x3_pm40_off_r01,50400,0.0,0.0,-263.27731514697575,0.0,0.0,0.0,0.0,0.0,0.0,True,home_2,ALL 0 0 0,pc_scheduled_elapsed_ms,command_echo_no_encoder
2026-06-06_run02_reverse_grid_3x3_pm40_off_r01,50500,0.0,0.0,-263.27731514697575,0.0,0.0,0.0,0.0,0.0,0.0,True,home_2,ALL 0 0 0,pc_scheduled_elapsed_ms,command_echo_no_encoder
2026-06-06_run02_reverse_grid_3x3_pm40_off_r01,50600,0.0,0.0,-263.27731514697575,0.0,0.0,0.0,0.0,0.0,0.0,True,home_2,ALL 0 0 0,pc_scheduled_elapsed_ms,command_echo_no_encoder
2026-06-06_run02_reverse_grid_3x3_pm40_off_r01,50700,0.0,0.0,-263.27731514697575,0.0,0.0,0.0,0.0,0.0,0.0,True,home_2,ALL 0 0 0,pc_scheduled_elapsed_ms,command_echo_no_encoder
2026-06-06_run02_reverse_grid_3x3_pm40_off_r01,50800,0.0,0.0,-263.27731514697575,0.0,0.0,0.0,0.0,0.0,0.0,True,home_2,ALL 0 0 0,pc_scheduled_elapsed_ms,command_echo_no_encoder
2026-06-06_run02_reverse_grid_3x3_pm40_off_r01,50900,0.0,0.0,-263.27731514697575,0.0,0.0,0.0,0.0,0.0,0.0,True,home_2,ALL 0 0 0,pc_scheduled_elapsed_ms,command_echo_no_encoder
2026-06-06_run02_reverse_grid_3x3_pm40_off_r01,51000,0.0,0.0,-263.27731514697575,0.0,0.0,0.0,0.0,0.0,0.0,True,home_2,ALL 0 0 0,pc_scheduled_elapsed_ms,command_echo_no_encoder
2026-06-06_run02_reverse_grid_3x3_pm40_off_r01,51100,0.0,0.0,-263.27731514697575,0.0,0.0,0.0,0.0,0.0,0.0,True,home_2,ALL 0 0 0,pc_scheduled_elapsed_ms,command_echo_no_encoder
2026-06-06_run02_reverse_grid_3x3_pm40_off_r01,51200,0.0,0.0,-263.27731514697575,0.0,0.0,0.0,0.0,0.0,0.0,True,home_2,ALL 0 0 0,pc_scheduled_elapsed_ms,command_echo_no_encoder
2026-06-06_run02_reverse_grid_3x3_pm40_off_r01,51300,0.0,0.0,-263.27731514697575,0.0,0.0,0.0,0.0,0.0,0.0,True,home_2,ALL 0 0 0,pc_scheduled_elapsed_ms,command_echo_no_encoder
2026-06-06_run02_reverse_grid_3x3_pm40_off_r01,51400,0.0,0.0,-263.27731514697575,0.0,0.0,0.0,0.0,0.0,0.0,True,home_2,ALL 0 0 0,pc_scheduled_elapsed_ms,command_echo_no_encoder
2026-06-06_run02_reverse_grid_3x3_pm40_off_r01,51500,0.0,0.0,-263.27731514697575,0.0,0.0,0.0,0.0,0.0,0.0,True,home_2,ALL 0 0 0,pc_scheduled_elapsed_ms,command_echo_no_encoder
2026-06-06_run02_reverse_grid_3x3_pm40_off_r01,51600,0.0,0.0,-263.27731514697575,0.0,0.0,0.0,0.0,0.0,0.0,True,home_2,ALL 0 0 0,pc_scheduled_elapsed_ms,command_echo_no_encoder
2026-06-06_run02_reverse_grid_3x3_pm40_off_r01,51700,0.0,0.0,-263.27731514697575,0.0,0.0,0.0,0.0,0.0,0.0,True,home_2,ALL 0 0 0,pc_scheduled_elapsed_ms,command_echo_no_encoder
2026-06-06_run02_reverse_grid_3x3_pm40_off_r01,51800,0.0,0.0,-263.27731514697575,0.0,0.0,0.0,0.0,0.0,0.0,True,home_2,ALL 0 0 0,pc_scheduled_elapsed_ms,command_echo_no_encoder
2026-06-06_run02_reverse_grid_3x3_pm40_off_r01,51900,0.0,0.0,-263.27731514697575,0.0,0.0,0.0,0.0,0.0,0.0,True,home_2,ALL 0 0 0,pc_scheduled_elapsed_ms,command_echo_no_encoder
2026-06-06_run02_reverse_grid_3x3_pm40_off_r01,52000,0.0,0.0,-263.27731514697575,0.0,0.0,0.0,0.0,0.0,0.0,True,home_2,ALL 0 0 0,pc_scheduled_elapsed_ms,command_echo_no_encoder
2026-06-06_run02_reverse_grid_3x3_pm40_off_r01,52100,0.0,0.0,-263.27731514697575,0.0,0.0,0.0,0.0,0.0,0.0,True,home_2,ALL 0 0 0,pc_scheduled_elapsed_ms,command_echo_no_encoder
2026-06-06_run02_reverse_grid_3x3_pm40_off_r01,52200,0.0,0.0,-263.27731514697575,0.0,0.0,0.0,0.0,0.0,0.0,True,home_2,ALL 0 0 0,pc_scheduled_elapsed_ms,command_echo_no_encoder
2026-06-06_run02_reverse_grid_3x3_pm40_off_r01,52300,0.0,0.0,-263.27731514697575,0.0,0.0,0.0,0.0,0.0,0.0,True,home_2,ALL 0 0 0,pc_scheduled_elapsed_ms,command_echo_no_encoder
2026-06-06_run02_reverse_grid_3x3_pm40_off_r01,52400,0.0,0.0,-263.27731514697575,0.0,0.0,0.0,0.0,0.0,0.0,True,home_2,ALL 0 0 0,pc_scheduled_elapsed_ms,command_echo_no_encoder
2026-06-06_run02_reverse_grid_3x3_pm40_off_r01,52500,0.0,0.0,-263.27731514697575,0.0,0.0,0.0,0.0,0.0,0.0,True,home_2,ALL 0 0 0,pc_scheduled_elapsed_ms,command_echo_no_encoder
2026-06-06_run02_reverse_grid_3x3_pm40_off_r01,52600,0.0,0.0,-263.27731514697575,0.0,0.0,0.0,0.0,0.0,0.0,True,home_2,ALL 0 0 0,pc_scheduled_elapsed_ms,command_echo_no_encoder
2026-06-06_run02_reverse_grid_3x3_pm40_off_r01,52700,0.0,0.0,-263.27731514697575,0.0,0.0,0.0,0.0,0.0,0.0,True,home_2,ALL 0 0 0,pc_scheduled_elapsed_ms,command_echo_no_encoder
2026-06-06_run02_reverse_grid_3x3_pm40_off_r01,52800,0.0,0.0,-263.27731514697575,0.0,0.0,0.0,0.0,0.0,0.0,True,home_2,ALL 0 0 0,pc_scheduled_elapsed_ms,command_echo_no_encoder
2026-06-06_run02_reverse_grid_3x3_pm40_off_r01,52900,0.0,0.0,-263.27731514697575,0.0,0.0,0.0,0.0,0.0,0.0,True,home_2,ALL 0 0 0,pc_scheduled_elapsed_ms,command_echo_no_encoder
2026-06-06_run02_reverse_grid_3x3_pm40_off_r01,53000,0.0,0.0,-263.27731514697575,0.0,0.0,0.0,0.0,0.0,0.0,True,home_2,ALL 0 0 0,pc_scheduled_elapsed_ms,command_echo_no_encoder
2026-06-06_run02_reverse_grid_3x3_pm40_off_r01,53100,0.0,0.0,-263.27731514697575,0.0,0.0,0.0,0.0,0.0,0.0,True,home_2,ALL 0 0 0,pc_scheduled_elapsed_ms,command_echo_no_encoder
2026-06-06_run02_reverse_grid_3x3_pm40_off_r01,53200,0.0,0.0,-263.27731514697575,0.0,0.0,0.0,0.0,0.0,0.0,True,home_2,ALL 0 0 0,pc_scheduled_elapsed_ms,command_echo_no_encoder
2026-06-06_run02_reverse_grid_3x3_pm40_off_r01,53300,0.0,0.0,-263.27731514697575,0.0,0.0,0.0,0.0,0.0,0.0,True,home_2,ALL 0 0 0,pc_scheduled_elapsed_ms,command_echo_no_encoder
2026-06-06_run02_reverse_grid_3x3_pm40_off_r01,53400,0.0,0.0,-263.27731514697575,0.0,0.0,0.0,0.0,0.0,0.0,True,home_2,ALL 0 0 0,pc_scheduled_elapsed_ms,command_echo_no_encoder
2026-06-06_run02_reverse_grid_3x3_pm40_off_r01,53500,0.0,0.0,-263.27731514697575,0.0,0.0,0.0,0.0,0.0,0.0,True,home_2,ALL 0 0 0,pc_scheduled_elapsed_ms,command_echo_no_encoder
2026-06-06_run02_reverse_grid_3x3_pm40_off_r01,53600,0.0,0.0,-263.27731514697575,0.0,0.0,0.0,0.0,0.0,0.0,True,home_2,ALL 0 0 0,pc_scheduled_elapsed_ms,command_echo_no_encoder
2026-06-06_run02_reverse_grid_3x3_pm40_off_r01,53700,0.0,0.0,-263.27731514697575,0.0,0.0,0.0,0.0,0.0,0.0,True,home_2,ALL 0 0 0,pc_scheduled_elapsed_ms,command_echo_no_encoder
2026-06-06_run02_reverse_grid_3x3_pm40_off_r01,53800,0.0,0.0,-263.27731514697575,0.0,0.0,0.0,0.0,0.0,0.0,True,home_2,ALL 0 0 0,pc_scheduled_elapsed_ms,command_echo_no_encoder
2026-06-06_run02_reverse_grid_3x3_pm40_off_r01,53900,0.0,0.0,-263.27731514697575,0.0,0.0,0.0,0.0,0.0,0.0,True,home_2,ALL 0 0 0,pc_scheduled_elapsed_ms,command_echo_no_encoder
2026-06-06_run02_reverse_grid_3x3_pm40_off_r01,54000,0.0,0.0,-263.27731514697575,0.0,0.0,0.0,0.0,0.0,0.0,True,home_2,ALL 0 0 0,pc_scheduled_elapsed_ms,command_echo_no_encoder
2026-06-06_run02_reverse_grid_3x3_pm40_off_r01,54100,0.0,0.0,-263.27731514697575,0.0,0.0,0.0,0.0,0.0,0.0,True,home_2,ALL 0 0 0,pc_scheduled_elapsed_ms,command_echo_no_encoder
2026-06-06_run02_reverse_grid_3x3_pm40_off_r01,54200,0.0,0.0,-263.27731514697575,0.0,0.0,0.0,0.0,0.0,0.0,True,home_2,ALL 0 0 0,pc_scheduled_elapsed_ms,command_echo_no_encoder
2026-06-06_run02_reverse_grid_3x3_pm40_off_r01,54300,0.0,0.0,-263.27731514697575,0.0,0.0,0.0,0.0,0.0,0.0,True,home_2,ALL 0 0 0,pc_scheduled_elapsed_ms,command_echo_no_encoder
2026-06-06_run02_reverse_grid_3x3_pm40_off_r01,54400,0.0,0.0,-263.27731514697575,0.0,0.0,0.0,0.0,0.0,0.0,True,home_2,ALL 0 0 0,pc_scheduled_elapsed_ms,command_echo_no_encoder
2026-06-06_run02_reverse_grid_3x3_pm40_off_r01,54500,0.0,0.0,-263.27731514697575,0.0,0.0,0.0,0.0,0.0,0.0,True,home_2,ALL 0 0 0,pc_scheduled_elapsed_ms,command_echo_no_encoder
2026-06-06_run02_reverse_grid_3x3_pm40_off_r01,54600,0.0,0.0,-263.27731514697575,0.0,0.0,0.0,0.0,0.0,0.0,True,home_2,ALL 0 0 0,pc_scheduled_elapsed_ms,command_echo_no_encoder
2026-06-06_run02_reverse_grid_3x3_pm40_off_r01,54700,0.0,0.0,-263.27731514697575,0.0,0.0,0.0,0.0,0.0,0.0,True,home_2,ALL 0 0 0,pc_scheduled_elapsed_ms,command_echo_no_encoder
2026-06-06_run02_reverse_grid_3x3_pm40_off_r01,54800,0.0,0.0,-263.27731514697575,0.0,0.0,0.0,0.0,0.0,0.0,True,home_2,ALL 0 0 0,pc_scheduled_elapsed_ms,command_echo_no_encoder
2026-06-06_run02_reverse_grid_3x3_pm40_off_r01,54900,0.0,0.0,-263.27731514697575,0.0,0.0,0.0,0.0,0.0,0.0,True,home_2,ALL 0 0 0,pc_scheduled_elapsed_ms,command_echo_no_encoder
